2025-06-17 16:34:43,835 - __main__ - INFO - Noise ratio: 0.2
2025-06-17 16:34:43,836 - __main__ - INFO - Namespace(dataset='INRIA-Websearch', seed=0, alpha=0.1, lamda=1, margin=0.9, lambd=5, barycenter_number=1, top_k=10, warm_up_epoch=0, MAX_EPOCH=100, batch_size=256, output_dim=512, lr=0.0001, noisy_ratio=0.2, noise_mode='sym', GPU=1, hard_weight=True, noisy_train=True, logging='INRIA-Websearch_findMAP')
2025-06-17 16:50:33,344 - __main__ - INFO - ...Image to Text MAP = 0.5228716328830069
2025-06-17 16:50:53,690 - __main__ - INFO - ...Text to Image MAP = 0.5255043359106113
2025-06-17 16:50:53,690 - __main__ - INFO - ...Average MAP = 0.5241879843968091
2025-06-17 16:51:03,279 - __main__ - INFO - Noise ratio: 0.4
2025-06-17 16:51:03,281 - __main__ - INFO - Namespace(dataset='INRIA-Websearch', seed=0, alpha=0.1, lamda=1, margin=0.9, lambd=5, barycenter_number=1, top_k=10, warm_up_epoch=0, MAX_EPOCH=100, batch_size=256, output_dim=512, lr=0.0001, noisy_ratio=0.4, noise_mode='sym', GPU=1, hard_weight=True, noisy_train=True, logging='INRIA-Websearch_findMAP')
2025-06-17 17:09:07,047 - __main__ - INFO - ...Image to Text MAP = 0.4893991191479345
2025-06-17 17:09:21,141 - __main__ - INFO - ...Text to Image MAP = 0.4909396349378082
2025-06-17 17:09:21,141 - __main__ - INFO - ...Average MAP = 0.49016937704287133
2025-06-17 17:09:37,219 - __main__ - INFO - Noise ratio: 0.6
2025-06-17 17:09:37,222 - __main__ - INFO - Namespace(dataset='INRIA-Websearch', seed=0, alpha=0.1, lamda=1, margin=0.9, lambd=5, barycenter_number=1, top_k=10, warm_up_epoch=0, MAX_EPOCH=100, batch_size=256, output_dim=512, lr=0.0001, noisy_ratio=0.6, noise_mode='sym', GPU=1, hard_weight=True, noisy_train=True, logging='INRIA-Websearch_findMAP')
2025-06-17 17:27:36,035 - __main__ - INFO - ...Image to Text MAP = 0.41210928803085156
2025-06-17 17:27:49,839 - __main__ - INFO - ...Text to Image MAP = 0.4209845200755931
2025-06-17 17:27:49,843 - __main__ - INFO - ...Average MAP = 0.41654690405322237
2025-06-17 17:35:54,649 - __main__ - INFO - Noise ratio: 0.8
2025-06-17 17:35:54,651 - __main__ - INFO - Namespace(dataset='INRIA-Websearch', seed=0, alpha=0.1, lamda=1, margin=0.9, lambd=5, barycenter_number=1, top_k=10, warm_up_epoch=0, MAX_EPOCH=100, batch_size=256, output_dim=512, lr=0.0001, noisy_ratio=0.8, noise_mode='sym', GPU=1, hard_weight=True, noisy_train=True, logging='INRIA-Websearch_findMAP')
2025-06-17 17:54:19,103 - __main__ - INFO - ...Image to Text MAP = 0.35944238088253333
2025-06-17 17:54:30,056 - __main__ - INFO - ...Text to Image MAP = 0.3666257897719361
2025-06-17 17:54:30,192 - __main__ - INFO - ...Average MAP = 0.3630340853272347
2025-06-17 17:58:34,562 - __main__ - INFO - Noise ratio: 0.2
2025-06-17 17:58:34,564 - __main__ - INFO - Namespace(dataset='INRIA-Websearch', seed=0, alpha=0.2, lamda=1, margin=0.9, lambd=5, barycenter_number=1, top_k=10, warm_up_epoch=0, MAX_EPOCH=100, batch_size=256, output_dim=512, lr=0.0001, noisy_ratio=0.2, noise_mode='sym', GPU=1, hard_weight=True, noisy_train=True, logging='INRIA-Websearch_findMAP')
2025-06-17 18:20:24,789 - __main__ - INFO - ...Image to Text MAP = 0.526460681737699
2025-06-17 18:20:48,740 - __main__ - INFO - ...Text to Image MAP = 0.5337134741727801
2025-06-17 18:20:48,744 - __main__ - INFO - ...Average MAP = 0.5300870779552396
2025-06-17 18:21:00,857 - __main__ - INFO - Noise ratio: 0.4
2025-06-17 18:21:00,859 - __main__ - INFO - Namespace(dataset='INRIA-Websearch', seed=0, alpha=0.2, lamda=1, margin=0.9, lambd=5, barycenter_number=1, top_k=10, warm_up_epoch=0, MAX_EPOCH=100, batch_size=256, output_dim=512, lr=0.0001, noisy_ratio=0.4, noise_mode='sym', GPU=1, hard_weight=True, noisy_train=True, logging='INRIA-Websearch_findMAP')
2025-06-17 18:43:51,423 - __main__ - INFO - ...Image to Text MAP = 0.5068210826941829
2025-06-17 18:44:13,609 - __main__ - INFO - ...Text to Image MAP = 0.5118443158823738
2025-06-17 18:44:13,609 - __main__ - INFO - ...Average MAP = 0.5093326992882783
2025-06-17 18:44:24,784 - __main__ - INFO - Noise ratio: 0.6
2025-06-17 18:44:24,785 - __main__ - INFO - Namespace(dataset='INRIA-Websearch', seed=0, alpha=0.2, lamda=1, margin=0.9, lambd=5, barycenter_number=1, top_k=10, warm_up_epoch=0, MAX_EPOCH=100, batch_size=256, output_dim=512, lr=0.0001, noisy_ratio=0.6, noise_mode='sym', GPU=1, hard_weight=True, noisy_train=True, logging='INRIA-Websearch_findMAP')
2025-06-17 19:06:01,638 - __main__ - INFO - ...Image to Text MAP = 0.48003447829285273
2025-06-17 19:06:21,613 - __main__ - INFO - ...Text to Image MAP = 0.4878491247294602
2025-06-17 19:06:21,619 - __main__ - INFO - ...Average MAP = 0.48394180151115646
2025-06-17 19:06:35,619 - __main__ - INFO - Noise ratio: 0.8
2025-06-17 19:06:35,621 - __main__ - INFO - Namespace(dataset='INRIA-Websearch', seed=0, alpha=0.2, lamda=1, margin=0.9, lambd=5, barycenter_number=1, top_k=10, warm_up_epoch=0, MAX_EPOCH=100, batch_size=256, output_dim=512, lr=0.0001, noisy_ratio=0.8, noise_mode='sym', GPU=1, hard_weight=True, noisy_train=True, logging='INRIA-Websearch_findMAP')
2025-06-17 19:30:01,426 - __main__ - INFO - ...Image to Text MAP = 0.45202408784859527
2025-06-17 19:30:27,648 - __main__ - INFO - ...Text to Image MAP = 0.45294159388535715
2025-06-17 19:30:27,654 - __main__ - INFO - ...Average MAP = 0.4524828408669762
2025-06-17 19:30:41,012 - __main__ - INFO - Noise ratio: 0.2
2025-06-17 19:30:41,013 - __main__ - INFO - Namespace(dataset='INRIA-Websearch', seed=0, alpha=0.3, lamda=1, margin=0.9, lambd=5, barycenter_number=1, top_k=10, warm_up_epoch=0, MAX_EPOCH=100, batch_size=256, output_dim=512, lr=0.0001, noisy_ratio=0.2, noise_mode='sym', GPU=1, hard_weight=True, noisy_train=True, logging='INRIA-Websearch_findMAP')
2025-06-17 19:54:31,710 - __main__ - INFO - ...Image to Text MAP = 0.5325910934197586
2025-06-17 19:54:54,840 - __main__ - INFO - ...Text to Image MAP = 0.5332647618113435
2025-06-17 19:54:54,842 - __main__ - INFO - ...Average MAP = 0.5329279276155511
2025-06-17 19:55:06,755 - __main__ - INFO - Noise ratio: 0.4
2025-06-17 19:55:06,757 - __main__ - INFO - Namespace(dataset='INRIA-Websearch', seed=0, alpha=0.3, lamda=1, margin=0.9, lambd=5, barycenter_number=1, top_k=10, warm_up_epoch=0, MAX_EPOCH=100, batch_size=256, output_dim=512, lr=0.0001, noisy_ratio=0.4, noise_mode='sym', GPU=1, hard_weight=True, noisy_train=True, logging='INRIA-Websearch_findMAP')
2025-06-17 20:19:03,114 - __main__ - INFO - ...Image to Text MAP = 0.514629816918556
2025-06-17 20:19:24,244 - __main__ - INFO - ...Text to Image MAP = 0.522109191840625
2025-06-17 20:19:24,245 - __main__ - INFO - ...Average MAP = 0.5183695043795905
2025-06-17 20:19:36,399 - __main__ - INFO - Noise ratio: 0.6
2025-06-17 20:19:36,403 - __main__ - INFO - Namespace(dataset='INRIA-Websearch', seed=0, alpha=0.3, lamda=1, margin=0.9, lambd=5, barycenter_number=1, top_k=10, warm_up_epoch=0, MAX_EPOCH=100, batch_size=256, output_dim=512, lr=0.0001, noisy_ratio=0.6, noise_mode='sym', GPU=1, hard_weight=True, noisy_train=True, logging='INRIA-Websearch_findMAP')
2025-06-17 20:42:04,851 - __main__ - INFO - ...Image to Text MAP = 0.5043848141920052
2025-06-17 20:42:26,704 - __main__ - INFO - ...Text to Image MAP = 0.5104914933900373
2025-06-17 20:42:26,706 - __main__ - INFO - ...Average MAP = 0.5074381537910213
2025-06-17 20:42:38,722 - __main__ - INFO - Noise ratio: 0.8
2025-06-17 20:42:38,724 - __main__ - INFO - Namespace(dataset='INRIA-Websearch', seed=0, alpha=0.3, lamda=1, margin=0.9, lambd=5, barycenter_number=1, top_k=10, warm_up_epoch=0, MAX_EPOCH=100, batch_size=256, output_dim=512, lr=0.0001, noisy_ratio=0.8, noise_mode='sym', GPU=1, hard_weight=True, noisy_train=True, logging='INRIA-Websearch_findMAP')
2025-06-17 21:07:16,843 - __main__ - INFO - ...Image to Text MAP = 0.483992228430495
2025-06-17 21:07:41,240 - __main__ - INFO - ...Text to Image MAP = 0.48915479747819507
2025-06-17 21:07:41,247 - __main__ - INFO - ...Average MAP = 0.48657351295434503
2025-06-17 21:07:52,959 - __main__ - INFO - Noise ratio: 0.2
2025-06-17 21:07:52,962 - __main__ - INFO - Namespace(dataset='INRIA-Websearch', seed=0, alpha=0.4, lamda=1, margin=0.9, lambd=5, barycenter_number=1, top_k=10, warm_up_epoch=0, MAX_EPOCH=100, batch_size=256, output_dim=512, lr=0.0001, noisy_ratio=0.2, noise_mode='sym', GPU=1, hard_weight=True, noisy_train=True, logging='INRIA-Websearch_findMAP')
2025-06-17 21:31:14,927 - __main__ - INFO - ...Image to Text MAP = 0.5294222300781618
2025-06-17 21:31:42,738 - __main__ - INFO - ...Text to Image MAP = 0.5315142229915608
2025-06-17 21:31:42,740 - __main__ - INFO - ...Average MAP = 0.5304682265348613
2025-06-17 21:31:54,377 - __main__ - INFO - Noise ratio: 0.4
2025-06-17 21:31:54,379 - __main__ - INFO - Namespace(dataset='INRIA-Websearch', seed=0, alpha=0.4, lamda=1, margin=0.9, lambd=5, barycenter_number=1, top_k=10, warm_up_epoch=0, MAX_EPOCH=100, batch_size=256, output_dim=512, lr=0.0001, noisy_ratio=0.4, noise_mode='sym', GPU=1, hard_weight=True, noisy_train=True, logging='INRIA-Websearch_findMAP')
2025-06-17 21:56:20,680 - __main__ - INFO - ...Image to Text MAP = 0.5126737089845858
2025-06-17 21:56:44,752 - __main__ - INFO - ...Text to Image MAP = 0.5230701588001234
2025-06-17 21:56:44,753 - __main__ - INFO - ...Average MAP = 0.5178719338923545
2025-06-17 21:56:57,188 - __main__ - INFO - Noise ratio: 0.6
2025-06-17 21:56:57,189 - __main__ - INFO - Namespace(dataset='INRIA-Websearch', seed=0, alpha=0.4, lamda=1, margin=0.9, lambd=5, barycenter_number=1, top_k=10, warm_up_epoch=0, MAX_EPOCH=100, batch_size=256, output_dim=512, lr=0.0001, noisy_ratio=0.6, noise_mode='sym', GPU=1, hard_weight=True, noisy_train=True, logging='INRIA-Websearch_findMAP')
2025-06-17 22:22:59,111 - __main__ - INFO - ...Image to Text MAP = 0.5170135282409749
2025-06-17 22:23:24,092 - __main__ - INFO - ...Text to Image MAP = 0.5260687926500051
2025-06-17 22:23:24,101 - __main__ - INFO - ...Average MAP = 0.52154116044549
2025-06-17 22:23:35,029 - __main__ - INFO - Noise ratio: 0.8
2025-06-17 22:23:35,034 - __main__ - INFO - Namespace(dataset='INRIA-Websearch', seed=0, alpha=0.4, lamda=1, margin=0.9, lambd=5, barycenter_number=1, top_k=10, warm_up_epoch=0, MAX_EPOCH=100, batch_size=256, output_dim=512, lr=0.0001, noisy_ratio=0.8, noise_mode='sym', GPU=1, hard_weight=True, noisy_train=True, logging='INRIA-Websearch_findMAP')
2025-06-17 22:47:59,019 - __main__ - INFO - ...Image to Text MAP = 0.49801127721150773
2025-06-17 22:48:22,661 - __main__ - INFO - ...Text to Image MAP = 0.503233146195186
2025-06-17 22:48:22,670 - __main__ - INFO - ...Average MAP = 0.5006222117033469
2025-06-17 22:48:34,602 - __main__ - INFO - Noise ratio: 0.2
2025-06-17 22:48:34,605 - __main__ - INFO - Namespace(dataset='INRIA-Websearch', seed=0, alpha=0.5, lamda=1, margin=0.9, lambd=5, barycenter_number=1, top_k=10, warm_up_epoch=0, MAX_EPOCH=100, batch_size=256, output_dim=512, lr=0.0001, noisy_ratio=0.2, noise_mode='sym', GPU=1, hard_weight=True, noisy_train=True, logging='INRIA-Websearch_findMAP')
2025-06-17 23:12:40,599 - __main__ - INFO - ...Image to Text MAP = 0.5275905445201369
2025-06-17 23:12:58,690 - __main__ - INFO - ...Text to Image MAP = 0.5315413328156305
2025-06-17 23:12:58,691 - __main__ - INFO - ...Average MAP = 0.5295659386678837
2025-06-17 23:13:10,913 - __main__ - INFO - Noise ratio: 0.4
2025-06-17 23:13:10,915 - __main__ - INFO - Namespace(dataset='INRIA-Websearch', seed=0, alpha=0.5, lamda=1, margin=0.9, lambd=5, barycenter_number=1, top_k=10, warm_up_epoch=0, MAX_EPOCH=100, batch_size=256, output_dim=512, lr=0.0001, noisy_ratio=0.4, noise_mode='sym', GPU=1, hard_weight=True, noisy_train=True, logging='INRIA-Websearch_findMAP')
2025-06-17 23:36:37,427 - __main__ - INFO - ...Image to Text MAP = 0.522993454848811
2025-06-17 23:36:59,688 - __main__ - INFO - ...Text to Image MAP = 0.532287750814733
2025-06-17 23:36:59,691 - __main__ - INFO - ...Average MAP = 0.5276406028317719
2025-06-17 23:37:11,454 - __main__ - INFO - Noise ratio: 0.6
2025-06-17 23:37:11,458 - __main__ - INFO - Namespace(dataset='INRIA-Websearch', seed=0, alpha=0.5, lamda=1, margin=0.9, lambd=5, barycenter_number=1, top_k=10, warm_up_epoch=0, MAX_EPOCH=100, batch_size=256, output_dim=512, lr=0.0001, noisy_ratio=0.6, noise_mode='sym', GPU=1, hard_weight=True, noisy_train=True, logging='INRIA-Websearch_findMAP')
2025-06-18 00:01:02,760 - __main__ - INFO - ...Image to Text MAP = 0.5200491025577246
2025-06-18 00:01:27,220 - __main__ - INFO - ...Text to Image MAP = 0.52758022790051
2025-06-18 00:01:27,231 - __main__ - INFO - ...Average MAP = 0.5238146652291173
2025-06-18 00:01:39,248 - __main__ - INFO - Noise ratio: 0.8
2025-06-18 00:01:39,252 - __main__ - INFO - Namespace(dataset='INRIA-Websearch', seed=0, alpha=0.5, lamda=1, margin=0.9, lambd=5, barycenter_number=1, top_k=10, warm_up_epoch=0, MAX_EPOCH=100, batch_size=256, output_dim=512, lr=0.0001, noisy_ratio=0.8, noise_mode='sym', GPU=1, hard_weight=True, noisy_train=True, logging='INRIA-Websearch_findMAP')
2025-06-18 00:23:16,757 - __main__ - INFO - ...Image to Text MAP = 0.5019493695252842
2025-06-18 00:23:38,725 - __main__ - INFO - ...Text to Image MAP = 0.5135968615104545
2025-06-18 00:23:38,726 - __main__ - INFO - ...Average MAP = 0.5077731155178693
2025-06-18 00:23:50,520 - __main__ - INFO - Noise ratio: 0.2
2025-06-18 00:23:50,529 - __main__ - INFO - Namespace(dataset='INRIA-Websearch', seed=0, alpha=0.6, lamda=1, margin=0.9, lambd=5, barycenter_number=1, top_k=10, warm_up_epoch=0, MAX_EPOCH=100, batch_size=256, output_dim=512, lr=0.0001, noisy_ratio=0.2, noise_mode='sym', GPU=1, hard_weight=True, noisy_train=True, logging='INRIA-Websearch_findMAP')
2025-06-18 00:45:05,388 - __main__ - INFO - ...Image to Text MAP = 0.5292028150898243
2025-06-18 00:45:27,477 - __main__ - INFO - ...Text to Image MAP = 0.5315349898674893
2025-06-18 00:45:27,477 - __main__ - INFO - ...Average MAP = 0.5303689024786568
2025-06-18 00:45:36,681 - __main__ - INFO - Noise ratio: 0.4
2025-06-18 00:45:36,683 - __main__ - INFO - Namespace(dataset='INRIA-Websearch', seed=0, alpha=0.6, lamda=1, margin=0.9, lambd=5, barycenter_number=1, top_k=10, warm_up_epoch=0, MAX_EPOCH=100, batch_size=256, output_dim=512, lr=0.0001, noisy_ratio=0.4, noise_mode='sym', GPU=1, hard_weight=True, noisy_train=True, logging='INRIA-Websearch_findMAP')
2025-06-18 01:07:45,326 - __main__ - INFO - ...Image to Text MAP = 0.5298592648954992
2025-06-18 01:08:06,984 - __main__ - INFO - ...Text to Image MAP = 0.5372358429763462
2025-06-18 01:08:06,990 - __main__ - INFO - ...Average MAP = 0.5335475539359227
2025-06-18 01:08:18,611 - __main__ - INFO - Noise ratio: 0.6
2025-06-18 01:08:18,614 - __main__ - INFO - Namespace(dataset='INRIA-Websearch', seed=0, alpha=0.6, lamda=1, margin=0.9, lambd=5, barycenter_number=1, top_k=10, warm_up_epoch=0, MAX_EPOCH=100, batch_size=256, output_dim=512, lr=0.0001, noisy_ratio=0.6, noise_mode='sym', GPU=1, hard_weight=True, noisy_train=True, logging='INRIA-Websearch_findMAP')
2025-06-18 01:29:49,403 - __main__ - INFO - ...Image to Text MAP = 0.5267491997257566
2025-06-18 01:30:12,560 - __main__ - INFO - ...Text to Image MAP = 0.5372806551655821
2025-06-18 01:30:12,562 - __main__ - INFO - ...Average MAP = 0.5320149274456694
2025-06-18 01:30:25,276 - __main__ - INFO - Noise ratio: 0.8
2025-06-18 01:30:25,278 - __main__ - INFO - Namespace(dataset='INRIA-Websearch', seed=0, alpha=0.6, lamda=1, margin=0.9, lambd=5, barycenter_number=1, top_k=10, warm_up_epoch=0, MAX_EPOCH=100, batch_size=256, output_dim=512, lr=0.0001, noisy_ratio=0.8, noise_mode='sym', GPU=1, hard_weight=True, noisy_train=True, logging='INRIA-Websearch_findMAP')
2025-06-18 01:53:18,551 - __main__ - INFO - ...Image to Text MAP = 0.5089081120516713
2025-06-18 01:53:41,968 - __main__ - INFO - ...Text to Image MAP = 0.5191399167309008
2025-06-18 01:53:41,970 - __main__ - INFO - ...Average MAP = 0.514024014391286
2025-06-18 01:53:53,243 - __main__ - INFO - Noise ratio: 0.2
2025-06-18 01:53:53,248 - __main__ - INFO - Namespace(dataset='INRIA-Websearch', seed=0, alpha=0.7, lamda=1, margin=0.9, lambd=5, barycenter_number=1, top_k=10, warm_up_epoch=0, MAX_EPOCH=100, batch_size=256, output_dim=512, lr=0.0001, noisy_ratio=0.2, noise_mode='sym', GPU=1, hard_weight=True, noisy_train=True, logging='INRIA-Websearch_findMAP')
2025-06-18 02:15:07,067 - __main__ - INFO - ...Image to Text MAP = 0.5254054798824552
2025-06-18 02:15:29,502 - __main__ - INFO - ...Text to Image MAP = 0.52856648242328
2025-06-18 02:15:29,503 - __main__ - INFO - ...Average MAP = 0.5269859811528677
2025-06-18 02:15:42,088 - __main__ - INFO - Noise ratio: 0.4
2025-06-18 02:15:42,089 - __main__ - INFO - Namespace(dataset='INRIA-Websearch', seed=0, alpha=0.7, lamda=1, margin=0.9, lambd=5, barycenter_number=1, top_k=10, warm_up_epoch=0, MAX_EPOCH=100, batch_size=256, output_dim=512, lr=0.0001, noisy_ratio=0.4, noise_mode='sym', GPU=1, hard_weight=True, noisy_train=True, logging='INRIA-Websearch_findMAP')
2025-06-18 02:37:43,704 - __main__ - INFO - ...Image to Text MAP = 0.5249284530351203
2025-06-18 02:38:02,777 - __main__ - INFO - ...Text to Image MAP = 0.5336335801524524
2025-06-18 02:38:02,780 - __main__ - INFO - ...Average MAP = 0.5292810165937863
2025-06-18 02:38:13,001 - __main__ - INFO - Noise ratio: 0.6
2025-06-18 02:38:13,007 - __main__ - INFO - Namespace(dataset='INRIA-Websearch', seed=0, alpha=0.7, lamda=1, margin=0.9, lambd=5, barycenter_number=1, top_k=10, warm_up_epoch=0, MAX_EPOCH=100, batch_size=256, output_dim=512, lr=0.0001, noisy_ratio=0.6, noise_mode='sym', GPU=1, hard_weight=True, noisy_train=True, logging='INRIA-Websearch_findMAP')
2025-06-18 02:58:59,448 - __main__ - INFO - ...Image to Text MAP = 0.5290093494027285
2025-06-18 02:59:22,346 - __main__ - INFO - ...Text to Image MAP = 0.5407317993485526
2025-06-18 02:59:22,348 - __main__ - INFO - ...Average MAP = 0.5348705743756406
2025-06-18 02:59:32,735 - __main__ - INFO - Noise ratio: 0.8
2025-06-18 02:59:32,737 - __main__ - INFO - Namespace(dataset='INRIA-Websearch', seed=0, alpha=0.7, lamda=1, margin=0.9, lambd=5, barycenter_number=1, top_k=10, warm_up_epoch=0, MAX_EPOCH=100, batch_size=256, output_dim=512, lr=0.0001, noisy_ratio=0.8, noise_mode='sym', GPU=1, hard_weight=True, noisy_train=True, logging='INRIA-Websearch_findMAP')
2025-06-18 03:21:52,240 - __main__ - INFO - ...Image to Text MAP = 0.5097121248616332
2025-06-18 03:22:15,229 - __main__ - INFO - ...Text to Image MAP = 0.5219864265833041
2025-06-18 03:22:15,231 - __main__ - INFO - ...Average MAP = 0.5158492757224686
2025-06-18 03:22:27,449 - __main__ - INFO - Noise ratio: 0.2
2025-06-18 03:22:27,452 - __main__ - INFO - Namespace(dataset='INRIA-Websearch', seed=0, alpha=0.8, lamda=1, margin=0.9, lambd=5, barycenter_number=1, top_k=10, warm_up_epoch=0, MAX_EPOCH=100, batch_size=256, output_dim=512, lr=0.0001, noisy_ratio=0.2, noise_mode='sym', GPU=1, hard_weight=True, noisy_train=True, logging='INRIA-Websearch_findMAP')
2025-06-18 03:44:03,344 - __main__ - INFO - ...Image to Text MAP = 0.5235745136031008
2025-06-18 03:44:26,075 - __main__ - INFO - ...Text to Image MAP = 0.5287618937457667
2025-06-18 03:44:26,076 - __main__ - INFO - ...Average MAP = 0.5261682036744337
2025-06-18 03:44:38,088 - __main__ - INFO - Noise ratio: 0.4
2025-06-18 03:44:38,093 - __main__ - INFO - Namespace(dataset='INRIA-Websearch', seed=0, alpha=0.8, lamda=1, margin=0.9, lambd=5, barycenter_number=1, top_k=10, warm_up_epoch=0, MAX_EPOCH=100, batch_size=256, output_dim=512, lr=0.0001, noisy_ratio=0.4, noise_mode='sym', GPU=1, hard_weight=True, noisy_train=True, logging='INRIA-Websearch_findMAP')
2025-06-18 04:06:36,969 - __main__ - INFO - ...Image to Text MAP = 0.5288500893911581
2025-06-18 04:07:05,335 - __main__ - INFO - ...Text to Image MAP = 0.5379657130182578
2025-06-18 04:07:05,336 - __main__ - INFO - ...Average MAP = 0.5334079012047079
2025-06-18 04:07:15,466 - __main__ - INFO - Noise ratio: 0.6
2025-06-18 04:07:15,469 - __main__ - INFO - Namespace(dataset='INRIA-Websearch', seed=0, alpha=0.8, lamda=1, margin=0.9, lambd=5, barycenter_number=1, top_k=10, warm_up_epoch=0, MAX_EPOCH=100, batch_size=256, output_dim=512, lr=0.0001, noisy_ratio=0.6, noise_mode='sym', GPU=1, hard_weight=True, noisy_train=True, logging='INRIA-Websearch_findMAP')
2025-06-18 04:30:35,029 - __main__ - INFO - ...Image to Text MAP = 0.5269761922040171
2025-06-18 04:30:53,875 - __main__ - INFO - ...Text to Image MAP = 0.5361278970120728
2025-06-18 04:30:53,875 - __main__ - INFO - ...Average MAP = 0.531552044608045
2025-06-18 04:31:05,081 - __main__ - INFO - Noise ratio: 0.8
2025-06-18 04:31:05,083 - __main__ - INFO - Namespace(dataset='INRIA-Websearch', seed=0, alpha=0.8, lamda=1, margin=0.9, lambd=5, barycenter_number=1, top_k=10, warm_up_epoch=0, MAX_EPOCH=100, batch_size=256, output_dim=512, lr=0.0001, noisy_ratio=0.8, noise_mode='sym', GPU=1, hard_weight=True, noisy_train=True, logging='INRIA-Websearch_findMAP')
2025-06-18 04:54:37,982 - __main__ - INFO - ...Image to Text MAP = 0.5077092990369834
2025-06-18 04:55:02,077 - __main__ - INFO - ...Text to Image MAP = 0.5202407959003932
2025-06-18 04:55:02,079 - __main__ - INFO - ...Average MAP = 0.5139750474686883
2025-06-18 04:55:13,762 - __main__ - INFO - Noise ratio: 0.2
2025-06-18 04:55:13,765 - __main__ - INFO - Namespace(dataset='INRIA-Websearch', seed=0, alpha=0.9, lamda=1, margin=0.9, lambd=5, barycenter_number=1, top_k=10, warm_up_epoch=0, MAX_EPOCH=100, batch_size=256, output_dim=512, lr=0.0001, noisy_ratio=0.2, noise_mode='sym', GPU=1, hard_weight=True, noisy_train=True, logging='INRIA-Websearch_findMAP')
2025-06-18 05:17:28,724 - __main__ - INFO - ...Image to Text MAP = 0.5264165985413
2025-06-18 05:17:49,847 - __main__ - INFO - ...Text to Image MAP = 0.5288176117593919
2025-06-18 05:17:49,848 - __main__ - INFO - ...Average MAP = 0.527617105150346
2025-06-18 05:18:01,783 - __main__ - INFO - Noise ratio: 0.4
2025-06-18 05:18:01,786 - __main__ - INFO - Namespace(dataset='INRIA-Websearch', seed=0, alpha=0.9, lamda=1, margin=0.9, lambd=5, barycenter_number=1, top_k=10, warm_up_epoch=0, MAX_EPOCH=100, batch_size=256, output_dim=512, lr=0.0001, noisy_ratio=0.4, noise_mode='sym', GPU=1, hard_weight=True, noisy_train=True, logging='INRIA-Websearch_findMAP')
2025-06-18 05:40:31,415 - __main__ - INFO - ...Image to Text MAP = 0.5298461952914684
2025-06-18 05:40:52,708 - __main__ - INFO - ...Text to Image MAP = 0.5357998375064402
2025-06-18 05:40:52,708 - __main__ - INFO - ...Average MAP = 0.5328230163989542
2025-06-18 05:41:06,291 - __main__ - INFO - Noise ratio: 0.6
2025-06-18 05:41:06,300 - __main__ - INFO - Namespace(dataset='INRIA-Websearch', seed=0, alpha=0.9, lamda=1, margin=0.9, lambd=5, barycenter_number=1, top_k=10, warm_up_epoch=0, MAX_EPOCH=100, batch_size=256, output_dim=512, lr=0.0001, noisy_ratio=0.6, noise_mode='sym', GPU=1, hard_weight=True, noisy_train=True, logging='INRIA-Websearch_findMAP')
2025-06-18 06:03:04,665 - __main__ - INFO - ...Image to Text MAP = 0.5291195142827688
2025-06-18 06:03:22,838 - __main__ - INFO - ...Text to Image MAP = 0.5391499762773929
2025-06-18 06:03:22,841 - __main__ - INFO - ...Average MAP = 0.5341347452800809
2025-06-18 06:03:34,607 - __main__ - INFO - Noise ratio: 0.8
2025-06-18 06:03:34,608 - __main__ - INFO - Namespace(dataset='INRIA-Websearch', seed=0, alpha=0.9, lamda=1, margin=0.9, lambd=5, barycenter_number=1, top_k=10, warm_up_epoch=0, MAX_EPOCH=100, batch_size=256, output_dim=512, lr=0.0001, noisy_ratio=0.8, noise_mode='sym', GPU=1, hard_weight=True, noisy_train=True, logging='INRIA-Websearch_findMAP')
2025-06-18 06:26:13,127 - __main__ - INFO - ...Image to Text MAP = 0.5104723216059885
2025-06-18 06:26:39,675 - __main__ - INFO - ...Text to Image MAP = 0.522629520393546
2025-06-18 06:26:39,678 - __main__ - INFO - ...Average MAP = 0.5165509209997673
2025-06-18 06:26:51,513 - __main__ - INFO - Noise ratio: 0.2
2025-06-18 06:26:51,517 - __main__ - INFO - Namespace(dataset='INRIA-Websearch', seed=0, alpha=1.0, lamda=1, margin=0.9, lambd=5, barycenter_number=1, top_k=10, warm_up_epoch=0, MAX_EPOCH=100, batch_size=256, output_dim=512, lr=0.0001, noisy_ratio=0.2, noise_mode='sym', GPU=1, hard_weight=True, noisy_train=True, logging='INRIA-Websearch_findMAP')
2025-06-18 06:49:41,127 - __main__ - INFO - ...Image to Text MAP = 0.5206527016975945
2025-06-18 06:50:04,162 - __main__ - INFO - ...Text to Image MAP = 0.5265996193742709
2025-06-18 06:50:04,163 - __main__ - INFO - ...Average MAP = 0.5236261605359327
2025-06-18 06:50:14,962 - __main__ - INFO - Noise ratio: 0.4
2025-06-18 06:50:14,963 - __main__ - INFO - Namespace(dataset='INRIA-Websearch', seed=0, alpha=1.0, lamda=1, margin=0.9, lambd=5, barycenter_number=1, top_k=10, warm_up_epoch=0, MAX_EPOCH=100, batch_size=256, output_dim=512, lr=0.0001, noisy_ratio=0.4, noise_mode='sym', GPU=1, hard_weight=True, noisy_train=True, logging='INRIA-Websearch_findMAP')
2025-06-18 07:12:44,632 - __main__ - INFO - ...Image to Text MAP = 0.5302351104710489
2025-06-18 07:13:04,600 - __main__ - INFO - ...Text to Image MAP = 0.5317299670091803
2025-06-18 07:13:04,601 - __main__ - INFO - ...Average MAP = 0.5309825387401146
2025-06-18 07:13:17,604 - __main__ - INFO - Noise ratio: 0.6
2025-06-18 07:13:17,609 - __main__ - INFO - Namespace(dataset='INRIA-Websearch', seed=0, alpha=1.0, lamda=1, margin=0.9, lambd=5, barycenter_number=1, top_k=10, warm_up_epoch=0, MAX_EPOCH=100, batch_size=256, output_dim=512, lr=0.0001, noisy_ratio=0.6, noise_mode='sym', GPU=1, hard_weight=True, noisy_train=True, logging='INRIA-Websearch_findMAP')
2025-06-18 07:36:23,748 - __main__ - INFO - ...Image to Text MAP = 0.5323135696763357
2025-06-18 07:36:45,030 - __main__ - INFO - ...Text to Image MAP = 0.5447674847207182
2025-06-18 07:36:45,030 - __main__ - INFO - ...Average MAP = 0.538540527198527
2025-06-18 07:36:56,146 - __main__ - INFO - Noise ratio: 0.8
2025-06-18 07:36:56,147 - __main__ - INFO - Namespace(dataset='INRIA-Websearch', seed=0, alpha=1.0, lamda=1, margin=0.9, lambd=5, barycenter_number=1, top_k=10, warm_up_epoch=0, MAX_EPOCH=100, batch_size=256, output_dim=512, lr=0.0001, noisy_ratio=0.8, noise_mode='sym', GPU=1, hard_weight=True, noisy_train=True, logging='INRIA-Websearch_findMAP')
2025-06-18 07:54:50,766 - __main__ - INFO - ...Image to Text MAP = 0.5104483527193937
2025-06-18 07:54:59,561 - __main__ - INFO - ...Text to Image MAP = 0.5254982420459394
2025-06-18 07:54:59,571 - __main__ - INFO - ...Average MAP = 0.5179732973826665
2025-06-18 07:59:21,736 - __main__ - INFO - Noise ratio: 0.2
2025-06-18 07:59:21,745 - __main__ - INFO - Namespace(dataset='INRIA-Websearch', seed=1, alpha=0.1, lamda=1, margin=0.9, lambd=5, barycenter_number=1, top_k=10, warm_up_epoch=0, MAX_EPOCH=100, batch_size=256, output_dim=512, lr=0.0001, noisy_ratio=0.2, noise_mode='sym', GPU=1, hard_weight=True, noisy_train=True, logging='INRIA-Websearch_findMAP')
2025-06-18 08:16:08,340 - __main__ - INFO - ...Image to Text MAP = 0.5206274549683355
2025-06-18 08:16:19,235 - __main__ - INFO - ...Text to Image MAP = 0.52296385424292
2025-06-18 08:16:19,241 - __main__ - INFO - ...Average MAP = 0.5217956546056277
2025-06-18 08:20:35,762 - __main__ - INFO - Noise ratio: 0.4
2025-06-18 08:20:35,766 - __main__ - INFO - Namespace(dataset='INRIA-Websearch', seed=1, alpha=0.1, lamda=1, margin=0.9, lambd=5, barycenter_number=1, top_k=10, warm_up_epoch=0, MAX_EPOCH=100, batch_size=256, output_dim=512, lr=0.0001, noisy_ratio=0.4, noise_mode='sym', GPU=1, hard_weight=True, noisy_train=True, logging='INRIA-Websearch_findMAP')
2025-06-18 08:38:00,063 - __main__ - INFO - ...Image to Text MAP = 0.4891750712196108
2025-06-18 08:38:16,800 - __main__ - INFO - ...Text to Image MAP = 0.4912501591192578
2025-06-18 08:38:16,805 - __main__ - INFO - ...Average MAP = 0.49021261516943426
2025-06-18 08:39:18,731 - __main__ - INFO - Noise ratio: 0.6
2025-06-18 08:39:18,738 - __main__ - INFO - Namespace(dataset='INRIA-Websearch', seed=1, alpha=0.1, lamda=1, margin=0.9, lambd=5, barycenter_number=1, top_k=10, warm_up_epoch=0, MAX_EPOCH=100, batch_size=256, output_dim=512, lr=0.0001, noisy_ratio=0.6, noise_mode='sym', GPU=1, hard_weight=True, noisy_train=True, logging='INRIA-Websearch_findMAP')
2025-06-18 08:59:01,455 - __main__ - INFO - ...Image to Text MAP = 0.3969174717451164
2025-06-18 08:59:20,518 - __main__ - INFO - ...Text to Image MAP = 0.40422235852114835
2025-06-18 08:59:20,530 - __main__ - INFO - ...Average MAP = 0.40056991513313234
2025-06-18 09:01:43,300 - __main__ - INFO - Noise ratio: 0.8
2025-06-18 09:01:43,319 - __main__ - INFO - Namespace(dataset='INRIA-Websearch', seed=1, alpha=0.1, lamda=1, margin=0.9, lambd=5, barycenter_number=1, top_k=10, warm_up_epoch=0, MAX_EPOCH=100, batch_size=256, output_dim=512, lr=0.0001, noisy_ratio=0.8, noise_mode='sym', GPU=1, hard_weight=True, noisy_train=True, logging='INRIA-Websearch_findMAP')
2025-06-18 09:17:16,881 - __main__ - INFO - ...Image to Text MAP = 0.33946259539037277
2025-06-18 09:17:28,667 - __main__ - INFO - ...Text to Image MAP = 0.34486521990027413
2025-06-18 09:17:28,667 - __main__ - INFO - ...Average MAP = 0.34216390764532345
2025-06-18 09:17:44,761 - __main__ - INFO - Noise ratio: 0.2
2025-06-18 09:17:44,763 - __main__ - INFO - Namespace(dataset='INRIA-Websearch', seed=1, alpha=0.2, lamda=1, margin=0.9, lambd=5, barycenter_number=1, top_k=10, warm_up_epoch=0, MAX_EPOCH=100, batch_size=256, output_dim=512, lr=0.0001, noisy_ratio=0.2, noise_mode='sym', GPU=1, hard_weight=True, noisy_train=True, logging='INRIA-Websearch_findMAP')
2025-06-18 09:33:21,649 - __main__ - INFO - ...Image to Text MAP = 0.5278672854849906
2025-06-18 09:33:38,345 - __main__ - INFO - ...Text to Image MAP = 0.5324271763654619
2025-06-18 09:33:38,426 - __main__ - INFO - ...Average MAP = 0.5301472309252262
2025-06-18 09:34:36,844 - __main__ - INFO - Noise ratio: 0.4
2025-06-18 09:34:36,847 - __main__ - INFO - Namespace(dataset='INRIA-Websearch', seed=1, alpha=0.2, lamda=1, margin=0.9, lambd=5, barycenter_number=1, top_k=10, warm_up_epoch=0, MAX_EPOCH=100, batch_size=256, output_dim=512, lr=0.0001, noisy_ratio=0.4, noise_mode='sym', GPU=1, hard_weight=True, noisy_train=True, logging='INRIA-Websearch_findMAP')
2025-06-18 09:57:29,462 - __main__ - INFO - ...Image to Text MAP = 0.4995883761459015
2025-06-18 09:57:44,134 - __main__ - INFO - ...Text to Image MAP = 0.5049965618080513
2025-06-18 09:57:44,153 - __main__ - INFO - ...Average MAP = 0.5022924689769764
2025-06-18 09:57:55,193 - __main__ - INFO - Noise ratio: 0.6
2025-06-18 09:57:55,197 - __main__ - INFO - Namespace(dataset='INRIA-Websearch', seed=1, alpha=0.2, lamda=1, margin=0.9, lambd=5, barycenter_number=1, top_k=10, warm_up_epoch=0, MAX_EPOCH=100, batch_size=256, output_dim=512, lr=0.0001, noisy_ratio=0.6, noise_mode='sym', GPU=1, hard_weight=True, noisy_train=True, logging='INRIA-Websearch_findMAP')
2025-06-18 10:19:21,747 - __main__ - INFO - ...Image to Text MAP = 0.4731431021977805
2025-06-18 10:19:42,433 - __main__ - INFO - ...Text to Image MAP = 0.47698151869909744
2025-06-18 10:19:42,435 - __main__ - INFO - ...Average MAP = 0.47506231044843894
2025-06-18 10:19:54,959 - __main__ - INFO - Noise ratio: 0.8
2025-06-18 10:19:54,969 - __main__ - INFO - Namespace(dataset='INRIA-Websearch', seed=1, alpha=0.2, lamda=1, margin=0.9, lambd=5, barycenter_number=1, top_k=10, warm_up_epoch=0, MAX_EPOCH=100, batch_size=256, output_dim=512, lr=0.0001, noisy_ratio=0.8, noise_mode='sym', GPU=1, hard_weight=True, noisy_train=True, logging='INRIA-Websearch_findMAP')
2025-06-18 10:41:00,380 - __main__ - INFO - ...Image to Text MAP = 0.4423732934379483
2025-06-18 10:41:18,524 - __main__ - INFO - ...Text to Image MAP = 0.445164027788311
2025-06-18 10:41:18,525 - __main__ - INFO - ...Average MAP = 0.44376866061312964
2025-06-18 10:41:29,530 - __main__ - INFO - Noise ratio: 0.2
2025-06-18 10:41:29,533 - __main__ - INFO - Namespace(dataset='INRIA-Websearch', seed=1, alpha=0.3, lamda=1, margin=0.9, lambd=5, barycenter_number=1, top_k=10, warm_up_epoch=0, MAX_EPOCH=100, batch_size=256, output_dim=512, lr=0.0001, noisy_ratio=0.2, noise_mode='sym', GPU=1, hard_weight=True, noisy_train=True, logging='INRIA-Websearch_findMAP')
2025-06-18 11:00:32,535 - __main__ - INFO - ...Image to Text MAP = 0.5237111712548272
2025-06-18 11:00:53,659 - __main__ - INFO - ...Text to Image MAP = 0.5275206523661248
2025-06-18 11:00:53,662 - __main__ - INFO - ...Average MAP = 0.525615911810476
2025-06-18 11:01:04,247 - __main__ - INFO - Noise ratio: 0.4
2025-06-18 11:01:04,249 - __main__ - INFO - Namespace(dataset='INRIA-Websearch', seed=1, alpha=0.3, lamda=1, margin=0.9, lambd=5, barycenter_number=1, top_k=10, warm_up_epoch=0, MAX_EPOCH=100, batch_size=256, output_dim=512, lr=0.0001, noisy_ratio=0.4, noise_mode='sym', GPU=1, hard_weight=True, noisy_train=True, logging='INRIA-Websearch_findMAP')
2025-06-18 11:21:33,131 - __main__ - INFO - ...Image to Text MAP = 0.5099451785598492
2025-06-18 11:21:55,616 - __main__ - INFO - ...Text to Image MAP = 0.5170622704812516
2025-06-18 11:21:55,617 - __main__ - INFO - ...Average MAP = 0.5135037245205505
2025-06-18 11:22:08,459 - __main__ - INFO - Noise ratio: 0.6
2025-06-18 11:22:08,462 - __main__ - INFO - Namespace(dataset='INRIA-Websearch', seed=1, alpha=0.3, lamda=1, margin=0.9, lambd=5, barycenter_number=1, top_k=10, warm_up_epoch=0, MAX_EPOCH=100, batch_size=256, output_dim=512, lr=0.0001, noisy_ratio=0.6, noise_mode='sym', GPU=1, hard_weight=True, noisy_train=True, logging='INRIA-Websearch_findMAP')
2025-06-18 11:43:47,984 - __main__ - INFO - ...Image to Text MAP = 0.4968749259661119
2025-06-18 11:44:04,177 - __main__ - INFO - ...Text to Image MAP = 0.5029747737480396
2025-06-18 11:44:04,178 - __main__ - INFO - ...Average MAP = 0.49992484985707575
2025-06-18 11:44:13,898 - __main__ - INFO - Noise ratio: 0.8
2025-06-18 11:44:13,899 - __main__ - INFO - Namespace(dataset='INRIA-Websearch', seed=1, alpha=0.3, lamda=1, margin=0.9, lambd=5, barycenter_number=1, top_k=10, warm_up_epoch=0, MAX_EPOCH=100, batch_size=256, output_dim=512, lr=0.0001, noisy_ratio=0.8, noise_mode='sym', GPU=1, hard_weight=True, noisy_train=True, logging='INRIA-Websearch_findMAP')
2025-06-18 12:05:53,895 - __main__ - INFO - ...Image to Text MAP = 0.48812079820357296
2025-06-18 12:06:18,092 - __main__ - INFO - ...Text to Image MAP = 0.49190659793162506
2025-06-18 12:06:18,094 - __main__ - INFO - ...Average MAP = 0.490013698067599
2025-06-18 12:06:27,668 - __main__ - INFO - Noise ratio: 0.2
2025-06-18 12:06:27,669 - __main__ - INFO - Namespace(dataset='INRIA-Websearch', seed=1, alpha=0.4, lamda=1, margin=0.9, lambd=5, barycenter_number=1, top_k=10, warm_up_epoch=0, MAX_EPOCH=100, batch_size=256, output_dim=512, lr=0.0001, noisy_ratio=0.2, noise_mode='sym', GPU=1, hard_weight=True, noisy_train=True, logging='INRIA-Websearch_findMAP')
2025-06-18 12:27:35,704 - __main__ - INFO - ...Image to Text MAP = 0.5180905487962443
2025-06-18 12:27:58,567 - __main__ - INFO - ...Text to Image MAP = 0.5247012839725657
2025-06-18 12:27:58,567 - __main__ - INFO - ...Average MAP = 0.521395916384405
2025-06-18 12:28:11,788 - __main__ - INFO - Noise ratio: 0.4
2025-06-18 12:28:11,789 - __main__ - INFO - Namespace(dataset='INRIA-Websearch', seed=1, alpha=0.4, lamda=1, margin=0.9, lambd=5, barycenter_number=1, top_k=10, warm_up_epoch=0, MAX_EPOCH=100, batch_size=256, output_dim=512, lr=0.0001, noisy_ratio=0.4, noise_mode='sym', GPU=1, hard_weight=True, noisy_train=True, logging='INRIA-Websearch_findMAP')
2025-06-18 12:50:23,022 - __main__ - INFO - ...Image to Text MAP = 0.5187278950327249
2025-06-18 12:50:42,233 - __main__ - INFO - ...Text to Image MAP = 0.5245756485261616
2025-06-18 12:50:42,235 - __main__ - INFO - ...Average MAP = 0.5216517717794432
2025-06-18 12:50:54,573 - __main__ - INFO - Noise ratio: 0.6
2025-06-18 12:50:54,575 - __main__ - INFO - Namespace(dataset='INRIA-Websearch', seed=1, alpha=0.4, lamda=1, margin=0.9, lambd=5, barycenter_number=1, top_k=10, warm_up_epoch=0, MAX_EPOCH=100, batch_size=256, output_dim=512, lr=0.0001, noisy_ratio=0.6, noise_mode='sym', GPU=1, hard_weight=True, noisy_train=True, logging='INRIA-Websearch_findMAP')
2025-06-18 13:13:18,334 - __main__ - INFO - ...Image to Text MAP = 0.5106211444857468
2025-06-18 13:13:46,623 - __main__ - INFO - ...Text to Image MAP = 0.5184137737416796
2025-06-18 13:13:46,625 - __main__ - INFO - ...Average MAP = 0.5145174591137132
2025-06-18 13:13:58,653 - __main__ - INFO - Noise ratio: 0.8
2025-06-18 13:13:58,654 - __main__ - INFO - Namespace(dataset='INRIA-Websearch', seed=1, alpha=0.4, lamda=1, margin=0.9, lambd=5, barycenter_number=1, top_k=10, warm_up_epoch=0, MAX_EPOCH=100, batch_size=256, output_dim=512, lr=0.0001, noisy_ratio=0.8, noise_mode='sym', GPU=1, hard_weight=True, noisy_train=True, logging='INRIA-Websearch_findMAP')
2025-06-18 13:36:56,811 - __main__ - INFO - ...Image to Text MAP = 0.49839079589046836
2025-06-18 13:37:22,764 - __main__ - INFO - ...Text to Image MAP = 0.503330705267767
2025-06-18 13:37:22,767 - __main__ - INFO - ...Average MAP = 0.5008607505791177
2025-06-18 13:37:34,809 - __main__ - INFO - Noise ratio: 0.2
2025-06-18 13:37:34,811 - __main__ - INFO - Namespace(dataset='INRIA-Websearch', seed=1, alpha=0.5, lamda=1, margin=0.9, lambd=5, barycenter_number=1, top_k=10, warm_up_epoch=0, MAX_EPOCH=100, batch_size=256, output_dim=512, lr=0.0001, noisy_ratio=0.2, noise_mode='sym', GPU=1, hard_weight=True, noisy_train=True, logging='INRIA-Websearch_findMAP')
2025-06-18 13:59:32,403 - __main__ - INFO - ...Image to Text MAP = 0.5290004423916858
2025-06-18 13:59:57,969 - __main__ - INFO - ...Text to Image MAP = 0.5330072433187
2025-06-18 13:59:57,970 - __main__ - INFO - ...Average MAP = 0.5310038428551929
2025-06-18 14:00:11,097 - __main__ - INFO - Noise ratio: 0.4
2025-06-18 14:00:11,100 - __main__ - INFO - Namespace(dataset='INRIA-Websearch', seed=1, alpha=0.5, lamda=1, margin=0.9, lambd=5, barycenter_number=1, top_k=10, warm_up_epoch=0, MAX_EPOCH=100, batch_size=256, output_dim=512, lr=0.0001, noisy_ratio=0.4, noise_mode='sym', GPU=1, hard_weight=True, noisy_train=True, logging='INRIA-Websearch_findMAP')
2025-06-18 14:22:35,113 - __main__ - INFO - ...Image to Text MAP = 0.521886254686977
2025-06-18 14:22:54,817 - __main__ - INFO - ...Text to Image MAP = 0.5280465686779189
2025-06-18 14:22:54,817 - __main__ - INFO - ...Average MAP = 0.524966411682448
2025-06-18 14:23:06,612 - __main__ - INFO - Noise ratio: 0.6
2025-06-18 14:23:06,614 - __main__ - INFO - Namespace(dataset='INRIA-Websearch', seed=1, alpha=0.5, lamda=1, margin=0.9, lambd=5, barycenter_number=1, top_k=10, warm_up_epoch=0, MAX_EPOCH=100, batch_size=256, output_dim=512, lr=0.0001, noisy_ratio=0.6, noise_mode='sym', GPU=1, hard_weight=True, noisy_train=True, logging='INRIA-Websearch_findMAP')
2025-06-18 14:46:05,396 - __main__ - INFO - ...Image to Text MAP = 0.5155562364199519
2025-06-18 14:46:31,253 - __main__ - INFO - ...Text to Image MAP = 0.5254555099141351
2025-06-18 14:46:31,255 - __main__ - INFO - ...Average MAP = 0.5205058731670436
2025-06-18 14:46:42,356 - __main__ - INFO - Noise ratio: 0.8
2025-06-18 14:46:42,359 - __main__ - INFO - Namespace(dataset='INRIA-Websearch', seed=1, alpha=0.5, lamda=1, margin=0.9, lambd=5, barycenter_number=1, top_k=10, warm_up_epoch=0, MAX_EPOCH=100, batch_size=256, output_dim=512, lr=0.0001, noisy_ratio=0.8, noise_mode='sym', GPU=1, hard_weight=True, noisy_train=True, logging='INRIA-Websearch_findMAP')
2025-06-18 15:10:20,098 - __main__ - INFO - ...Image to Text MAP = 0.4994079699957453
2025-06-18 15:10:44,610 - __main__ - INFO - ...Text to Image MAP = 0.5077893118473541
2025-06-18 15:10:44,611 - __main__ - INFO - ...Average MAP = 0.5035986409215497
2025-06-18 15:10:56,727 - __main__ - INFO - Noise ratio: 0.2
2025-06-18 15:10:56,729 - __main__ - INFO - Namespace(dataset='INRIA-Websearch', seed=1, alpha=0.6, lamda=1, margin=0.9, lambd=5, barycenter_number=1, top_k=10, warm_up_epoch=0, MAX_EPOCH=100, batch_size=256, output_dim=512, lr=0.0001, noisy_ratio=0.2, noise_mode='sym', GPU=1, hard_weight=True, noisy_train=True, logging='INRIA-Websearch_findMAP')
2025-06-18 15:32:13,877 - __main__ - INFO - ...Image to Text MAP = 0.5250230698540677
2025-06-18 15:32:39,241 - __main__ - INFO - ...Text to Image MAP = 0.530243211722898
2025-06-18 15:32:39,241 - __main__ - INFO - ...Average MAP = 0.5276331407884829
2025-06-18 15:32:50,699 - __main__ - INFO - Noise ratio: 0.4
2025-06-18 15:32:50,701 - __main__ - INFO - Namespace(dataset='INRIA-Websearch', seed=1, alpha=0.6, lamda=1, margin=0.9, lambd=5, barycenter_number=1, top_k=10, warm_up_epoch=0, MAX_EPOCH=100, batch_size=256, output_dim=512, lr=0.0001, noisy_ratio=0.4, noise_mode='sym', GPU=1, hard_weight=True, noisy_train=True, logging='INRIA-Websearch_findMAP')
2025-06-18 15:55:00,218 - __main__ - INFO - ...Image to Text MAP = 0.5295275539545904
2025-06-18 15:55:21,156 - __main__ - INFO - ...Text to Image MAP = 0.5333616354991989
2025-06-18 15:55:21,157 - __main__ - INFO - ...Average MAP = 0.5314445947268946
2025-06-18 15:55:34,769 - __main__ - INFO - Noise ratio: 0.6
2025-06-18 15:55:34,774 - __main__ - INFO - Namespace(dataset='INRIA-Websearch', seed=1, alpha=0.6, lamda=1, margin=0.9, lambd=5, barycenter_number=1, top_k=10, warm_up_epoch=0, MAX_EPOCH=100, batch_size=256, output_dim=512, lr=0.0001, noisy_ratio=0.6, noise_mode='sym', GPU=1, hard_weight=True, noisy_train=True, logging='INRIA-Websearch_findMAP')
2025-06-18 16:15:45,355 - __main__ - INFO - ...Image to Text MAP = 0.5248519669248142
2025-06-18 16:16:03,989 - __main__ - INFO - ...Text to Image MAP = 0.5377831150481713
2025-06-18 16:16:03,990 - __main__ - INFO - ...Average MAP = 0.5313175409864928
2025-06-18 16:16:14,805 - __main__ - INFO - Noise ratio: 0.8
2025-06-18 16:16:14,809 - __main__ - INFO - Namespace(dataset='INRIA-Websearch', seed=1, alpha=0.6, lamda=1, margin=0.9, lambd=5, barycenter_number=1, top_k=10, warm_up_epoch=0, MAX_EPOCH=100, batch_size=256, output_dim=512, lr=0.0001, noisy_ratio=0.8, noise_mode='sym', GPU=1, hard_weight=True, noisy_train=True, logging='INRIA-Websearch_findMAP')
2025-06-18 16:34:32,445 - __main__ - INFO - ...Image to Text MAP = 0.5091634732360933
2025-06-18 16:34:50,274 - __main__ - INFO - ...Text to Image MAP = 0.5168549793744515
2025-06-18 16:34:50,275 - __main__ - INFO - ...Average MAP = 0.5130092263052723
2025-06-18 16:35:01,196 - __main__ - INFO - Noise ratio: 0.2
2025-06-18 16:35:01,199 - __main__ - INFO - Namespace(dataset='INRIA-Websearch', seed=1, alpha=0.7, lamda=1, margin=0.9, lambd=5, barycenter_number=1, top_k=10, warm_up_epoch=0, MAX_EPOCH=100, batch_size=256, output_dim=512, lr=0.0001, noisy_ratio=0.2, noise_mode='sym', GPU=1, hard_weight=True, noisy_train=True, logging='INRIA-Websearch_findMAP')
2025-06-18 16:55:58,054 - __main__ - INFO - ...Image to Text MAP = 0.519527236674994
2025-06-18 16:56:14,005 - __main__ - INFO - ...Text to Image MAP = 0.5222948509754223
2025-06-18 16:56:14,006 - __main__ - INFO - ...Average MAP = 0.5209110438252081
2025-06-18 16:56:27,014 - __main__ - INFO - Noise ratio: 0.4
2025-06-18 16:56:27,016 - __main__ - INFO - Namespace(dataset='INRIA-Websearch', seed=1, alpha=0.7, lamda=1, margin=0.9, lambd=5, barycenter_number=1, top_k=10, warm_up_epoch=0, MAX_EPOCH=100, batch_size=256, output_dim=512, lr=0.0001, noisy_ratio=0.4, noise_mode='sym', GPU=1, hard_weight=True, noisy_train=True, logging='INRIA-Websearch_findMAP')
2025-06-18 17:13:22,318 - __main__ - INFO - ...Image to Text MAP = 0.5257125119900682
2025-06-18 17:13:45,029 - __main__ - INFO - ...Text to Image MAP = 0.5312764323093927
2025-06-18 17:13:45,031 - __main__ - INFO - ...Average MAP = 0.5284944721497304
2025-06-18 17:13:58,659 - __main__ - INFO - Noise ratio: 0.6
2025-06-18 17:13:58,662 - __main__ - INFO - Namespace(dataset='INRIA-Websearch', seed=1, alpha=0.7, lamda=1, margin=0.9, lambd=5, barycenter_number=1, top_k=10, warm_up_epoch=0, MAX_EPOCH=100, batch_size=256, output_dim=512, lr=0.0001, noisy_ratio=0.6, noise_mode='sym', GPU=1, hard_weight=True, noisy_train=True, logging='INRIA-Websearch_findMAP')
2025-06-18 17:28:49,114 - __main__ - INFO - ...Image to Text MAP = 0.5258830057653135
2025-06-18 17:29:06,408 - __main__ - INFO - ...Text to Image MAP = 0.5353673609161799
2025-06-18 17:29:06,412 - __main__ - INFO - ...Average MAP = 0.5306251833407467
2025-06-18 17:29:16,684 - __main__ - INFO - Noise ratio: 0.8
2025-06-18 17:29:16,686 - __main__ - INFO - Namespace(dataset='INRIA-Websearch', seed=1, alpha=0.7, lamda=1, margin=0.9, lambd=5, barycenter_number=1, top_k=10, warm_up_epoch=0, MAX_EPOCH=100, batch_size=256, output_dim=512, lr=0.0001, noisy_ratio=0.8, noise_mode='sym', GPU=1, hard_weight=True, noisy_train=True, logging='INRIA-Websearch_findMAP')
2025-06-18 17:47:13,369 - __main__ - INFO - ...Image to Text MAP = 0.5106280159444994
2025-06-18 17:47:27,930 - __main__ - INFO - ...Text to Image MAP = 0.5181802606809132
2025-06-18 17:47:27,930 - __main__ - INFO - ...Average MAP = 0.5144041383127063
2025-06-18 17:47:37,897 - __main__ - INFO - Noise ratio: 0.2
2025-06-18 17:47:37,915 - __main__ - INFO - Namespace(dataset='INRIA-Websearch', seed=1, alpha=0.8, lamda=1, margin=0.9, lambd=5, barycenter_number=1, top_k=10, warm_up_epoch=0, MAX_EPOCH=100, batch_size=256, output_dim=512, lr=0.0001, noisy_ratio=0.2, noise_mode='sym', GPU=1, hard_weight=True, noisy_train=True, logging='INRIA-Websearch_findMAP')
2025-06-18 18:03:41,742 - __main__ - INFO - ...Image to Text MAP = 0.5243464270205193
2025-06-18 18:03:56,068 - __main__ - INFO - ...Text to Image MAP = 0.5271628188755628
2025-06-18 18:03:56,069 - __main__ - INFO - ...Average MAP = 0.525754622948041
2025-06-18 18:04:03,898 - __main__ - INFO - Noise ratio: 0.4
2025-06-18 18:04:03,900 - __main__ - INFO - Namespace(dataset='INRIA-Websearch', seed=1, alpha=0.8, lamda=1, margin=0.9, lambd=5, barycenter_number=1, top_k=10, warm_up_epoch=0, MAX_EPOCH=100, batch_size=256, output_dim=512, lr=0.0001, noisy_ratio=0.4, noise_mode='sym', GPU=1, hard_weight=True, noisy_train=True, logging='INRIA-Websearch_findMAP')
2025-06-18 18:18:42,743 - __main__ - INFO - ...Image to Text MAP = 0.528914902913123
2025-06-18 18:18:54,318 - __main__ - INFO - ...Text to Image MAP = 0.5342074292267069
2025-06-18 18:18:54,318 - __main__ - INFO - ...Average MAP = 0.531561166069915
2025-06-18 18:19:01,948 - __main__ - INFO - Noise ratio: 0.6
2025-06-18 18:19:01,951 - __main__ - INFO - Namespace(dataset='INRIA-Websearch', seed=1, alpha=0.8, lamda=1, margin=0.9, lambd=5, barycenter_number=1, top_k=10, warm_up_epoch=0, MAX_EPOCH=100, batch_size=256, output_dim=512, lr=0.0001, noisy_ratio=0.6, noise_mode='sym', GPU=1, hard_weight=True, noisy_train=True, logging='INRIA-Websearch_findMAP')
2025-06-18 18:33:32,646 - __main__ - INFO - ...Image to Text MAP = 0.5232897721701937
2025-06-18 18:33:43,489 - __main__ - INFO - ...Text to Image MAP = 0.5365171138895806
2025-06-18 18:33:43,490 - __main__ - INFO - ...Average MAP = 0.5299034430298871
2025-06-18 18:33:51,468 - __main__ - INFO - Noise ratio: 0.8
2025-06-18 18:33:51,469 - __main__ - INFO - Namespace(dataset='INRIA-Websearch', seed=1, alpha=0.8, lamda=1, margin=0.9, lambd=5, barycenter_number=1, top_k=10, warm_up_epoch=0, MAX_EPOCH=100, batch_size=256, output_dim=512, lr=0.0001, noisy_ratio=0.8, noise_mode='sym', GPU=1, hard_weight=True, noisy_train=True, logging='INRIA-Websearch_findMAP')
2025-06-18 18:48:04,291 - __main__ - INFO - ...Image to Text MAP = 0.5069434367337543
2025-06-18 18:48:16,698 - __main__ - INFO - ...Text to Image MAP = 0.5202580609514259
2025-06-18 18:48:16,699 - __main__ - INFO - ...Average MAP = 0.5136007488425901
2025-06-18 18:48:25,588 - __main__ - INFO - Noise ratio: 0.2
2025-06-18 18:48:25,590 - __main__ - INFO - Namespace(dataset='INRIA-Websearch', seed=1, alpha=0.9, lamda=1, margin=0.9, lambd=5, barycenter_number=1, top_k=10, warm_up_epoch=0, MAX_EPOCH=100, batch_size=256, output_dim=512, lr=0.0001, noisy_ratio=0.2, noise_mode='sym', GPU=1, hard_weight=True, noisy_train=True, logging='INRIA-Websearch_findMAP')
2025-06-18 19:02:07,774 - __main__ - INFO - ...Image to Text MAP = 0.5211122023188173
2025-06-18 19:02:19,330 - __main__ - INFO - ...Text to Image MAP = 0.5257984351783319
2025-06-18 19:02:19,331 - __main__ - INFO - ...Average MAP = 0.5234553187485746
2025-06-18 19:02:27,662 - __main__ - INFO - Noise ratio: 0.4
2025-06-18 19:02:27,664 - __main__ - INFO - Namespace(dataset='INRIA-Websearch', seed=1, alpha=0.9, lamda=1, margin=0.9, lambd=5, barycenter_number=1, top_k=10, warm_up_epoch=0, MAX_EPOCH=100, batch_size=256, output_dim=512, lr=0.0001, noisy_ratio=0.4, noise_mode='sym', GPU=1, hard_weight=True, noisy_train=True, logging='INRIA-Websearch_findMAP')
2025-06-18 19:16:41,307 - __main__ - INFO - ...Image to Text MAP = 0.5284699678402603
2025-06-18 19:16:53,135 - __main__ - INFO - ...Text to Image MAP = 0.5308617758954598
2025-06-18 19:16:53,137 - __main__ - INFO - ...Average MAP = 0.5296658718678601
2025-06-18 19:17:02,795 - __main__ - INFO - Noise ratio: 0.6
2025-06-18 19:17:02,796 - __main__ - INFO - Namespace(dataset='INRIA-Websearch', seed=1, alpha=0.9, lamda=1, margin=0.9, lambd=5, barycenter_number=1, top_k=10, warm_up_epoch=0, MAX_EPOCH=100, batch_size=256, output_dim=512, lr=0.0001, noisy_ratio=0.6, noise_mode='sym', GPU=1, hard_weight=True, noisy_train=True, logging='INRIA-Websearch_findMAP')
2025-06-18 19:31:23,938 - __main__ - INFO - ...Image to Text MAP = 0.5247931778424377
2025-06-18 19:31:38,878 - __main__ - INFO - ...Text to Image MAP = 0.53533290636064
2025-06-18 19:31:38,880 - __main__ - INFO - ...Average MAP = 0.5300630421015389
2025-06-18 19:31:48,858 - __main__ - INFO - Noise ratio: 0.8
2025-06-18 19:31:48,860 - __main__ - INFO - Namespace(dataset='INRIA-Websearch', seed=1, alpha=0.9, lamda=1, margin=0.9, lambd=5, barycenter_number=1, top_k=10, warm_up_epoch=0, MAX_EPOCH=100, batch_size=256, output_dim=512, lr=0.0001, noisy_ratio=0.8, noise_mode='sym', GPU=1, hard_weight=True, noisy_train=True, logging='INRIA-Websearch_findMAP')
2025-06-18 19:46:28,059 - __main__ - INFO - ...Image to Text MAP = 0.5099329203070987
2025-06-18 19:46:42,465 - __main__ - INFO - ...Text to Image MAP = 0.5175317841425048
2025-06-18 19:46:42,467 - __main__ - INFO - ...Average MAP = 0.5137323522248017
2025-06-18 19:46:51,744 - __main__ - INFO - Noise ratio: 0.2
2025-06-18 19:46:51,746 - __main__ - INFO - Namespace(dataset='INRIA-Websearch', seed=1, alpha=1.0, lamda=1, margin=0.9, lambd=5, barycenter_number=1, top_k=10, warm_up_epoch=0, MAX_EPOCH=100, batch_size=256, output_dim=512, lr=0.0001, noisy_ratio=0.2, noise_mode='sym', GPU=1, hard_weight=True, noisy_train=True, logging='INRIA-Websearch_findMAP')
2025-06-18 20:01:14,679 - __main__ - INFO - ...Image to Text MAP = 0.5193259518184764
2025-06-18 20:01:28,930 - __main__ - INFO - ...Text to Image MAP = 0.5260791608305343
2025-06-18 20:01:28,931 - __main__ - INFO - ...Average MAP = 0.5227025563245054
2025-06-18 20:01:38,322 - __main__ - INFO - Noise ratio: 0.4
2025-06-18 20:01:38,323 - __main__ - INFO - Namespace(dataset='INRIA-Websearch', seed=1, alpha=1.0, lamda=1, margin=0.9, lambd=5, barycenter_number=1, top_k=10, warm_up_epoch=0, MAX_EPOCH=100, batch_size=256, output_dim=512, lr=0.0001, noisy_ratio=0.4, noise_mode='sym', GPU=1, hard_weight=True, noisy_train=True, logging='INRIA-Websearch_findMAP')
2025-06-18 20:16:04,997 - __main__ - INFO - ...Image to Text MAP = 0.5164408376438069
2025-06-18 20:16:18,713 - __main__ - INFO - ...Text to Image MAP = 0.5282933544103354
2025-06-18 20:16:18,714 - __main__ - INFO - ...Average MAP = 0.5223670960270712
2025-06-18 20:16:27,085 - __main__ - INFO - Noise ratio: 0.6
2025-06-18 20:16:27,088 - __main__ - INFO - Namespace(dataset='INRIA-Websearch', seed=1, alpha=1.0, lamda=1, margin=0.9, lambd=5, barycenter_number=1, top_k=10, warm_up_epoch=0, MAX_EPOCH=100, batch_size=256, output_dim=512, lr=0.0001, noisy_ratio=0.6, noise_mode='sym', GPU=1, hard_weight=True, noisy_train=True, logging='INRIA-Websearch_findMAP')
2025-06-18 20:30:25,676 - __main__ - INFO - ...Image to Text MAP = 0.5293039414568482
2025-06-18 20:30:37,178 - __main__ - INFO - ...Text to Image MAP = 0.5412771755882804
2025-06-18 20:30:37,179 - __main__ - INFO - ...Average MAP = 0.5352905585225642
2025-06-18 20:30:46,440 - __main__ - INFO - Noise ratio: 0.8
2025-06-18 20:30:46,441 - __main__ - INFO - Namespace(dataset='INRIA-Websearch', seed=1, alpha=1.0, lamda=1, margin=0.9, lambd=5, barycenter_number=1, top_k=10, warm_up_epoch=0, MAX_EPOCH=100, batch_size=256, output_dim=512, lr=0.0001, noisy_ratio=0.8, noise_mode='sym', GPU=1, hard_weight=True, noisy_train=True, logging='INRIA-Websearch_findMAP')
2025-06-18 20:46:01,832 - __main__ - INFO - ...Image to Text MAP = 0.5092853898367765
2025-06-18 20:46:14,698 - __main__ - INFO - ...Text to Image MAP = 0.5196781543340312
2025-06-18 20:46:14,699 - __main__ - INFO - ...Average MAP = 0.5144817720854038
2025-06-18 20:46:23,384 - __main__ - INFO - Noise ratio: 0.2
2025-06-18 20:46:23,385 - __main__ - INFO - Namespace(dataset='INRIA-Websearch', seed=2, alpha=0.1, lamda=1, margin=0.9, lambd=5, barycenter_number=1, top_k=10, warm_up_epoch=0, MAX_EPOCH=100, batch_size=256, output_dim=512, lr=0.0001, noisy_ratio=0.2, noise_mode='sym', GPU=1, hard_weight=True, noisy_train=True, logging='INRIA-Websearch_findMAP')
2025-06-18 21:00:29,741 - __main__ - INFO - ...Image to Text MAP = 0.5264120184288156
2025-06-18 21:00:41,763 - __main__ - INFO - ...Text to Image MAP = 0.527614750336814
2025-06-18 21:00:41,764 - __main__ - INFO - ...Average MAP = 0.5270133843828149
2025-06-18 21:00:49,855 - __main__ - INFO - Noise ratio: 0.4
2025-06-18 21:00:49,856 - __main__ - INFO - Namespace(dataset='INRIA-Websearch', seed=2, alpha=0.1, lamda=1, margin=0.9, lambd=5, barycenter_number=1, top_k=10, warm_up_epoch=0, MAX_EPOCH=100, batch_size=256, output_dim=512, lr=0.0001, noisy_ratio=0.4, noise_mode='sym', GPU=1, hard_weight=True, noisy_train=True, logging='INRIA-Websearch_findMAP')
2025-06-18 21:15:12,230 - __main__ - INFO - ...Image to Text MAP = 0.48432976615061
2025-06-18 21:15:23,797 - __main__ - INFO - ...Text to Image MAP = 0.4915816473635903
2025-06-18 21:15:23,797 - __main__ - INFO - ...Average MAP = 0.48795570675710015
2025-06-18 21:15:32,651 - __main__ - INFO - Noise ratio: 0.6
2025-06-18 21:15:32,653 - __main__ - INFO - Namespace(dataset='INRIA-Websearch', seed=2, alpha=0.1, lamda=1, margin=0.9, lambd=5, barycenter_number=1, top_k=10, warm_up_epoch=0, MAX_EPOCH=100, batch_size=256, output_dim=512, lr=0.0001, noisy_ratio=0.6, noise_mode='sym', GPU=1, hard_weight=True, noisy_train=True, logging='INRIA-Websearch_findMAP')
2025-06-18 21:30:05,746 - __main__ - INFO - ...Image to Text MAP = 0.42263505712569743
2025-06-18 21:30:18,146 - __main__ - INFO - ...Text to Image MAP = 0.43368996833275003
2025-06-18 21:30:18,148 - __main__ - INFO - ...Average MAP = 0.42816251272922373
2025-06-18 21:30:27,588 - __main__ - INFO - Noise ratio: 0.8
2025-06-18 21:30:27,590 - __main__ - INFO - Namespace(dataset='INRIA-Websearch', seed=2, alpha=0.1, lamda=1, margin=0.9, lambd=5, barycenter_number=1, top_k=10, warm_up_epoch=0, MAX_EPOCH=100, batch_size=256, output_dim=512, lr=0.0001, noisy_ratio=0.8, noise_mode='sym', GPU=1, hard_weight=True, noisy_train=True, logging='INRIA-Websearch_findMAP')
2025-06-18 21:45:12,411 - __main__ - INFO - ...Image to Text MAP = 0.37807617882855893
2025-06-18 21:45:26,074 - __main__ - INFO - ...Text to Image MAP = 0.3870774643821961
2025-06-18 21:45:26,074 - __main__ - INFO - ...Average MAP = 0.38257682160537754
2025-06-18 21:45:35,495 - __main__ - INFO - Noise ratio: 0.2
2025-06-18 21:45:35,496 - __main__ - INFO - Namespace(dataset='INRIA-Websearch', seed=2, alpha=0.2, lamda=1, margin=0.9, lambd=5, barycenter_number=1, top_k=10, warm_up_epoch=0, MAX_EPOCH=100, batch_size=256, output_dim=512, lr=0.0001, noisy_ratio=0.2, noise_mode='sym', GPU=1, hard_weight=True, noisy_train=True, logging='INRIA-Websearch_findMAP')
2025-06-18 22:00:30,099 - __main__ - INFO - ...Image to Text MAP = 0.526462947547736
2025-06-18 22:00:43,604 - __main__ - INFO - ...Text to Image MAP = 0.5328215734425973
2025-06-18 22:00:43,606 - __main__ - INFO - ...Average MAP = 0.5296422604951667
2025-06-18 22:00:52,508 - __main__ - INFO - Noise ratio: 0.4
2025-06-18 22:00:52,511 - __main__ - INFO - Namespace(dataset='INRIA-Websearch', seed=2, alpha=0.2, lamda=1, margin=0.9, lambd=5, barycenter_number=1, top_k=10, warm_up_epoch=0, MAX_EPOCH=100, batch_size=256, output_dim=512, lr=0.0001, noisy_ratio=0.4, noise_mode='sym', GPU=1, hard_weight=True, noisy_train=True, logging='INRIA-Websearch_findMAP')
2025-06-18 22:15:11,532 - __main__ - INFO - ...Image to Text MAP = 0.5039380602025382
2025-06-18 22:15:24,590 - __main__ - INFO - ...Text to Image MAP = 0.5078605675814803
2025-06-18 22:15:24,591 - __main__ - INFO - ...Average MAP = 0.5058993138920093
2025-06-18 22:15:33,486 - __main__ - INFO - Noise ratio: 0.6
2025-06-18 22:15:33,488 - __main__ - INFO - Namespace(dataset='INRIA-Websearch', seed=2, alpha=0.2, lamda=1, margin=0.9, lambd=5, barycenter_number=1, top_k=10, warm_up_epoch=0, MAX_EPOCH=100, batch_size=256, output_dim=512, lr=0.0001, noisy_ratio=0.6, noise_mode='sym', GPU=1, hard_weight=True, noisy_train=True, logging='INRIA-Websearch_findMAP')
2025-06-18 22:30:36,806 - __main__ - INFO - ...Image to Text MAP = 0.4750200223862303
2025-06-18 22:30:51,268 - __main__ - INFO - ...Text to Image MAP = 0.48284186193024214
2025-06-18 22:30:51,269 - __main__ - INFO - ...Average MAP = 0.47893094215823623
2025-06-18 22:30:59,406 - __main__ - INFO - Noise ratio: 0.8
2025-06-18 22:30:59,408 - __main__ - INFO - Namespace(dataset='INRIA-Websearch', seed=2, alpha=0.2, lamda=1, margin=0.9, lambd=5, barycenter_number=1, top_k=10, warm_up_epoch=0, MAX_EPOCH=100, batch_size=256, output_dim=512, lr=0.0001, noisy_ratio=0.8, noise_mode='sym', GPU=1, hard_weight=True, noisy_train=True, logging='INRIA-Websearch_findMAP')
2025-06-18 22:46:18,544 - __main__ - INFO - ...Image to Text MAP = 0.4576591493011739
2025-06-18 22:46:34,049 - __main__ - INFO - ...Text to Image MAP = 0.4634920279263514
2025-06-18 22:46:34,051 - __main__ - INFO - ...Average MAP = 0.4605755886137627
2025-06-18 22:46:42,446 - __main__ - INFO - Noise ratio: 0.2
2025-06-18 22:46:42,448 - __main__ - INFO - Namespace(dataset='INRIA-Websearch', seed=2, alpha=0.3, lamda=1, margin=0.9, lambd=5, barycenter_number=1, top_k=10, warm_up_epoch=0, MAX_EPOCH=100, batch_size=256, output_dim=512, lr=0.0001, noisy_ratio=0.2, noise_mode='sym', GPU=1, hard_weight=True, noisy_train=True, logging='INRIA-Websearch_findMAP')
2025-06-18 23:01:45,016 - __main__ - INFO - ...Image to Text MAP = 0.5320502556229657
2025-06-18 23:01:58,848 - __main__ - INFO - ...Text to Image MAP = 0.5372806415049725
2025-06-18 23:01:58,848 - __main__ - INFO - ...Average MAP = 0.534665448563969
2025-06-18 23:02:08,859 - __main__ - INFO - Noise ratio: 0.4
2025-06-18 23:02:08,864 - __main__ - INFO - Namespace(dataset='INRIA-Websearch', seed=2, alpha=0.3, lamda=1, margin=0.9, lambd=5, barycenter_number=1, top_k=10, warm_up_epoch=0, MAX_EPOCH=100, batch_size=256, output_dim=512, lr=0.0001, noisy_ratio=0.4, noise_mode='sym', GPU=1, hard_weight=True, noisy_train=True, logging='INRIA-Websearch_findMAP')
2025-06-18 23:17:08,174 - __main__ - INFO - ...Image to Text MAP = 0.518833014402237
2025-06-18 23:17:19,490 - __main__ - INFO - ...Text to Image MAP = 0.5236240909605405
2025-06-18 23:17:19,492 - __main__ - INFO - ...Average MAP = 0.5212285526813887
2025-06-18 23:17:28,497 - __main__ - INFO - Noise ratio: 0.6
2025-06-18 23:17:28,498 - __main__ - INFO - Namespace(dataset='INRIA-Websearch', seed=2, alpha=0.3, lamda=1, margin=0.9, lambd=5, barycenter_number=1, top_k=10, warm_up_epoch=0, MAX_EPOCH=100, batch_size=256, output_dim=512, lr=0.0001, noisy_ratio=0.6, noise_mode='sym', GPU=1, hard_weight=True, noisy_train=True, logging='INRIA-Websearch_findMAP')
2025-06-18 23:32:38,206 - __main__ - INFO - ...Image to Text MAP = 0.5019405487970958
2025-06-18 23:32:54,881 - __main__ - INFO - ...Text to Image MAP = 0.5133709853573563
2025-06-18 23:32:54,896 - __main__ - INFO - ...Average MAP = 0.507655767077226
2025-06-18 23:33:04,573 - __main__ - INFO - Noise ratio: 0.8
2025-06-18 23:33:04,577 - __main__ - INFO - Namespace(dataset='INRIA-Websearch', seed=2, alpha=0.3, lamda=1, margin=0.9, lambd=5, barycenter_number=1, top_k=10, warm_up_epoch=0, MAX_EPOCH=100, batch_size=256, output_dim=512, lr=0.0001, noisy_ratio=0.8, noise_mode='sym', GPU=1, hard_weight=True, noisy_train=True, logging='INRIA-Websearch_findMAP')
2025-06-18 23:48:18,058 - __main__ - INFO - ...Image to Text MAP = 0.48834671499785176
2025-06-18 23:48:33,566 - __main__ - INFO - ...Text to Image MAP = 0.4950606492759969
2025-06-18 23:48:33,567 - __main__ - INFO - ...Average MAP = 0.49170368213692434
2025-06-18 23:48:42,361 - __main__ - INFO - Noise ratio: 0.2
2025-06-18 23:48:42,362 - __main__ - INFO - Namespace(dataset='INRIA-Websearch', seed=2, alpha=0.4, lamda=1, margin=0.9, lambd=5, barycenter_number=1, top_k=10, warm_up_epoch=0, MAX_EPOCH=100, batch_size=256, output_dim=512, lr=0.0001, noisy_ratio=0.2, noise_mode='sym', GPU=1, hard_weight=True, noisy_train=True, logging='INRIA-Websearch_findMAP')
2025-06-19 00:03:41,052 - __main__ - INFO - ...Image to Text MAP = 0.528727494334984
2025-06-19 00:03:56,916 - __main__ - INFO - ...Text to Image MAP = 0.5325325549365818
2025-06-19 00:03:56,917 - __main__ - INFO - ...Average MAP = 0.5306300246357829
2025-06-19 00:04:06,977 - __main__ - INFO - Noise ratio: 0.4
2025-06-19 00:04:06,981 - __main__ - INFO - Namespace(dataset='INRIA-Websearch', seed=2, alpha=0.4, lamda=1, margin=0.9, lambd=5, barycenter_number=1, top_k=10, warm_up_epoch=0, MAX_EPOCH=100, batch_size=256, output_dim=512, lr=0.0001, noisy_ratio=0.4, noise_mode='sym', GPU=1, hard_weight=True, noisy_train=True, logging='INRIA-Websearch_findMAP')
2025-06-19 00:18:58,749 - __main__ - INFO - ...Image to Text MAP = 0.5242308754727918
2025-06-19 00:19:14,270 - __main__ - INFO - ...Text to Image MAP = 0.5349906637086671
2025-06-19 00:19:14,271 - __main__ - INFO - ...Average MAP = 0.5296107695907295
2025-06-19 00:19:22,618 - __main__ - INFO - Noise ratio: 0.6
2025-06-19 00:19:22,620 - __main__ - INFO - Namespace(dataset='INRIA-Websearch', seed=2, alpha=0.4, lamda=1, margin=0.9, lambd=5, barycenter_number=1, top_k=10, warm_up_epoch=0, MAX_EPOCH=100, batch_size=256, output_dim=512, lr=0.0001, noisy_ratio=0.6, noise_mode='sym', GPU=1, hard_weight=True, noisy_train=True, logging='INRIA-Websearch_findMAP')
2025-06-19 00:34:50,371 - __main__ - INFO - ...Image to Text MAP = 0.521144769130078
2025-06-19 00:35:03,682 - __main__ - INFO - ...Text to Image MAP = 0.5287060612196612
2025-06-19 00:35:03,683 - __main__ - INFO - ...Average MAP = 0.5249254151748697
2025-06-19 00:35:12,363 - __main__ - INFO - Noise ratio: 0.8
2025-06-19 00:35:12,366 - __main__ - INFO - Namespace(dataset='INRIA-Websearch', seed=2, alpha=0.4, lamda=1, margin=0.9, lambd=5, barycenter_number=1, top_k=10, warm_up_epoch=0, MAX_EPOCH=100, batch_size=256, output_dim=512, lr=0.0001, noisy_ratio=0.8, noise_mode='sym', GPU=1, hard_weight=True, noisy_train=True, logging='INRIA-Websearch_findMAP')
2025-06-19 00:50:08,863 - __main__ - INFO - ...Image to Text MAP = 0.5057291026536767
2025-06-19 00:50:26,756 - __main__ - INFO - ...Text to Image MAP = 0.5131903603883412
2025-06-19 00:50:26,758 - __main__ - INFO - ...Average MAP = 0.509459731521009
2025-06-19 00:50:36,285 - __main__ - INFO - Noise ratio: 0.2
2025-06-19 00:50:36,286 - __main__ - INFO - Namespace(dataset='INRIA-Websearch', seed=2, alpha=0.5, lamda=1, margin=0.9, lambd=5, barycenter_number=1, top_k=10, warm_up_epoch=0, MAX_EPOCH=100, batch_size=256, output_dim=512, lr=0.0001, noisy_ratio=0.2, noise_mode='sym', GPU=1, hard_weight=True, noisy_train=True, logging='INRIA-Websearch_findMAP')
2025-06-19 01:05:07,794 - __main__ - INFO - ...Image to Text MAP = 0.5296750844886875
2025-06-19 01:05:20,088 - __main__ - INFO - ...Text to Image MAP = 0.5334008907126065
2025-06-19 01:05:20,089 - __main__ - INFO - ...Average MAP = 0.531537987600647
2025-06-19 01:05:28,973 - __main__ - INFO - Noise ratio: 0.4
2025-06-19 01:05:28,983 - __main__ - INFO - Namespace(dataset='INRIA-Websearch', seed=2, alpha=0.5, lamda=1, margin=0.9, lambd=5, barycenter_number=1, top_k=10, warm_up_epoch=0, MAX_EPOCH=100, batch_size=256, output_dim=512, lr=0.0001, noisy_ratio=0.4, noise_mode='sym', GPU=1, hard_weight=True, noisy_train=True, logging='INRIA-Websearch_findMAP')
2025-06-19 01:21:06,451 - __main__ - INFO - ...Image to Text MAP = 0.5296682495044142
2025-06-19 01:21:19,866 - __main__ - INFO - ...Text to Image MAP = 0.5365320088355643
2025-06-19 01:21:19,867 - __main__ - INFO - ...Average MAP = 0.5331001291699893
2025-06-19 01:21:28,503 - __main__ - INFO - Noise ratio: 0.6
2025-06-19 01:21:28,505 - __main__ - INFO - Namespace(dataset='INRIA-Websearch', seed=2, alpha=0.5, lamda=1, margin=0.9, lambd=5, barycenter_number=1, top_k=10, warm_up_epoch=0, MAX_EPOCH=100, batch_size=256, output_dim=512, lr=0.0001, noisy_ratio=0.6, noise_mode='sym', GPU=1, hard_weight=True, noisy_train=True, logging='INRIA-Websearch_findMAP')
2025-06-19 01:36:51,969 - __main__ - INFO - ...Image to Text MAP = 0.5192694674906496
2025-06-19 01:37:06,692 - __main__ - INFO - ...Text to Image MAP = 0.5300088501385672
2025-06-19 01:37:06,693 - __main__ - INFO - ...Average MAP = 0.5246391588146084
2025-06-19 01:37:15,401 - __main__ - INFO - Noise ratio: 0.8
2025-06-19 01:37:15,402 - __main__ - INFO - Namespace(dataset='INRIA-Websearch', seed=2, alpha=0.5, lamda=1, margin=0.9, lambd=5, barycenter_number=1, top_k=10, warm_up_epoch=0, MAX_EPOCH=100, batch_size=256, output_dim=512, lr=0.0001, noisy_ratio=0.8, noise_mode='sym', GPU=1, hard_weight=True, noisy_train=True, logging='INRIA-Websearch_findMAP')
2025-06-19 01:52:46,946 - __main__ - INFO - ...Image to Text MAP = 0.5141915679249504
2025-06-19 01:53:01,846 - __main__ - INFO - ...Text to Image MAP = 0.5225815650311849
2025-06-19 01:53:01,847 - __main__ - INFO - ...Average MAP = 0.5183865664780676
2025-06-19 01:53:10,896 - __main__ - INFO - Noise ratio: 0.2
2025-06-19 01:53:10,898 - __main__ - INFO - Namespace(dataset='INRIA-Websearch', seed=2, alpha=0.6, lamda=1, margin=0.9, lambd=5, barycenter_number=1, top_k=10, warm_up_epoch=0, MAX_EPOCH=100, batch_size=256, output_dim=512, lr=0.0001, noisy_ratio=0.2, noise_mode='sym', GPU=1, hard_weight=True, noisy_train=True, logging='INRIA-Websearch_findMAP')
2025-06-19 02:08:06,930 - __main__ - INFO - ...Image to Text MAP = 0.5229890662951743
2025-06-19 02:08:21,375 - __main__ - INFO - ...Text to Image MAP = 0.528818587105689
2025-06-19 02:08:21,376 - __main__ - INFO - ...Average MAP = 0.5259038267004317
2025-06-19 02:08:30,727 - __main__ - INFO - Noise ratio: 0.4
2025-06-19 02:08:30,728 - __main__ - INFO - Namespace(dataset='INRIA-Websearch', seed=2, alpha=0.6, lamda=1, margin=0.9, lambd=5, barycenter_number=1, top_k=10, warm_up_epoch=0, MAX_EPOCH=100, batch_size=256, output_dim=512, lr=0.0001, noisy_ratio=0.4, noise_mode='sym', GPU=1, hard_weight=True, noisy_train=True, logging='INRIA-Websearch_findMAP')
2025-06-19 02:22:53,782 - __main__ - INFO - ...Image to Text MAP = 0.5292061411769118
2025-06-19 02:23:07,761 - __main__ - INFO - ...Text to Image MAP = 0.5357133116834839
2025-06-19 02:23:07,761 - __main__ - INFO - ...Average MAP = 0.5324597264301978
2025-06-19 02:23:16,666 - __main__ - INFO - Noise ratio: 0.6
2025-06-19 02:23:16,667 - __main__ - INFO - Namespace(dataset='INRIA-Websearch', seed=2, alpha=0.6, lamda=1, margin=0.9, lambd=5, barycenter_number=1, top_k=10, warm_up_epoch=0, MAX_EPOCH=100, batch_size=256, output_dim=512, lr=0.0001, noisy_ratio=0.6, noise_mode='sym', GPU=1, hard_weight=True, noisy_train=True, logging='INRIA-Websearch_findMAP')
2025-06-19 02:38:13,750 - __main__ - INFO - ...Image to Text MAP = 0.5269501575412515
2025-06-19 02:38:30,293 - __main__ - INFO - ...Text to Image MAP = 0.5373457781470589
2025-06-19 02:38:30,293 - __main__ - INFO - ...Average MAP = 0.5321479678441552
2025-06-19 02:38:38,322 - __main__ - INFO - Noise ratio: 0.8
2025-06-19 02:38:38,324 - __main__ - INFO - Namespace(dataset='INRIA-Websearch', seed=2, alpha=0.6, lamda=1, margin=0.9, lambd=5, barycenter_number=1, top_k=10, warm_up_epoch=0, MAX_EPOCH=100, batch_size=256, output_dim=512, lr=0.0001, noisy_ratio=0.8, noise_mode='sym', GPU=1, hard_weight=True, noisy_train=True, logging='INRIA-Websearch_findMAP')
2025-06-19 02:53:40,964 - __main__ - INFO - ...Image to Text MAP = 0.5099731765440568
2025-06-19 02:53:55,441 - __main__ - INFO - ...Text to Image MAP = 0.5200739208524525
2025-06-19 02:53:55,444 - __main__ - INFO - ...Average MAP = 0.5150235486982546
2025-06-19 02:54:04,250 - __main__ - INFO - Noise ratio: 0.2
2025-06-19 02:54:04,252 - __main__ - INFO - Namespace(dataset='INRIA-Websearch', seed=2, alpha=0.7, lamda=1, margin=0.9, lambd=5, barycenter_number=1, top_k=10, warm_up_epoch=0, MAX_EPOCH=100, batch_size=256, output_dim=512, lr=0.0001, noisy_ratio=0.2, noise_mode='sym', GPU=1, hard_weight=True, noisy_train=True, logging='INRIA-Websearch_findMAP')
2025-06-19 03:08:24,710 - __main__ - INFO - ...Image to Text MAP = 0.525431987494025
2025-06-19 03:08:39,631 - __main__ - INFO - ...Text to Image MAP = 0.5301793075752012
2025-06-19 03:08:39,632 - __main__ - INFO - ...Average MAP = 0.5278056475346131
2025-06-19 03:08:48,884 - __main__ - INFO - Noise ratio: 0.4
2025-06-19 03:08:48,887 - __main__ - INFO - Namespace(dataset='INRIA-Websearch', seed=2, alpha=0.7, lamda=1, margin=0.9, lambd=5, barycenter_number=1, top_k=10, warm_up_epoch=0, MAX_EPOCH=100, batch_size=256, output_dim=512, lr=0.0001, noisy_ratio=0.4, noise_mode='sym', GPU=1, hard_weight=True, noisy_train=True, logging='INRIA-Websearch_findMAP')
2025-06-19 03:23:53,389 - __main__ - INFO - ...Image to Text MAP = 0.5246547138219585
2025-06-19 03:24:07,695 - __main__ - INFO - ...Text to Image MAP = 0.5305636394711497
2025-06-19 03:24:07,695 - __main__ - INFO - ...Average MAP = 0.527609176646554
2025-06-19 03:24:17,713 - __main__ - INFO - Noise ratio: 0.6
2025-06-19 03:24:17,715 - __main__ - INFO - Namespace(dataset='INRIA-Websearch', seed=2, alpha=0.7, lamda=1, margin=0.9, lambd=5, barycenter_number=1, top_k=10, warm_up_epoch=0, MAX_EPOCH=100, batch_size=256, output_dim=512, lr=0.0001, noisy_ratio=0.6, noise_mode='sym', GPU=1, hard_weight=True, noisy_train=True, logging='INRIA-Websearch_findMAP')
2025-06-19 03:38:56,953 - __main__ - INFO - ...Image to Text MAP = 0.5279885813626628
2025-06-19 03:39:11,537 - __main__ - INFO - ...Text to Image MAP = 0.5384456128759212
2025-06-19 03:39:11,538 - __main__ - INFO - ...Average MAP = 0.533217097119292
2025-06-19 03:39:21,091 - __main__ - INFO - Noise ratio: 0.8
2025-06-19 03:39:21,092 - __main__ - INFO - Namespace(dataset='INRIA-Websearch', seed=2, alpha=0.7, lamda=1, margin=0.9, lambd=5, barycenter_number=1, top_k=10, warm_up_epoch=0, MAX_EPOCH=100, batch_size=256, output_dim=512, lr=0.0001, noisy_ratio=0.8, noise_mode='sym', GPU=1, hard_weight=True, noisy_train=True, logging='INRIA-Websearch_findMAP')
2025-06-19 03:54:04,559 - __main__ - INFO - ...Image to Text MAP = 0.5134583959025474
2025-06-19 03:54:19,791 - __main__ - INFO - ...Text to Image MAP = 0.5249398182956133
2025-06-19 03:54:19,791 - __main__ - INFO - ...Average MAP = 0.5191991070990803
2025-06-19 03:54:28,963 - __main__ - INFO - Noise ratio: 0.2
2025-06-19 03:54:28,967 - __main__ - INFO - Namespace(dataset='INRIA-Websearch', seed=2, alpha=0.8, lamda=1, margin=0.9, lambd=5, barycenter_number=1, top_k=10, warm_up_epoch=0, MAX_EPOCH=100, batch_size=256, output_dim=512, lr=0.0001, noisy_ratio=0.2, noise_mode='sym', GPU=1, hard_weight=True, noisy_train=True, logging='INRIA-Websearch_findMAP')
2025-06-19 04:09:06,131 - __main__ - INFO - ...Image to Text MAP = 0.5219886239132069
2025-06-19 04:09:20,777 - __main__ - INFO - ...Text to Image MAP = 0.5292726356031003
2025-06-19 04:09:20,778 - __main__ - INFO - ...Average MAP = 0.5256306297581537
2025-06-19 04:09:29,423 - __main__ - INFO - Noise ratio: 0.4
2025-06-19 04:09:29,426 - __main__ - INFO - Namespace(dataset='INRIA-Websearch', seed=2, alpha=0.8, lamda=1, margin=0.9, lambd=5, barycenter_number=1, top_k=10, warm_up_epoch=0, MAX_EPOCH=100, batch_size=256, output_dim=512, lr=0.0001, noisy_ratio=0.4, noise_mode='sym', GPU=1, hard_weight=True, noisy_train=True, logging='INRIA-Websearch_findMAP')
2025-06-19 04:24:59,676 - __main__ - INFO - ...Image to Text MAP = 0.5278725203595988
2025-06-19 04:25:14,334 - __main__ - INFO - ...Text to Image MAP = 0.5357705431925093
2025-06-19 04:25:14,335 - __main__ - INFO - ...Average MAP = 0.531821531776054
2025-06-19 04:25:22,733 - __main__ - INFO - Noise ratio: 0.6
2025-06-19 04:25:22,734 - __main__ - INFO - Namespace(dataset='INRIA-Websearch', seed=2, alpha=0.8, lamda=1, margin=0.9, lambd=5, barycenter_number=1, top_k=10, warm_up_epoch=0, MAX_EPOCH=100, batch_size=256, output_dim=512, lr=0.0001, noisy_ratio=0.6, noise_mode='sym', GPU=1, hard_weight=True, noisy_train=True, logging='INRIA-Websearch_findMAP')
2025-06-19 04:40:02,297 - __main__ - INFO - ...Image to Text MAP = 0.5246776759253017
2025-06-19 04:40:18,844 - __main__ - INFO - ...Text to Image MAP = 0.5350446969753173
2025-06-19 04:40:18,845 - __main__ - INFO - ...Average MAP = 0.5298611864503096
2025-06-19 04:40:27,683 - __main__ - INFO - Noise ratio: 0.8
2025-06-19 04:40:27,685 - __main__ - INFO - Namespace(dataset='INRIA-Websearch', seed=2, alpha=0.8, lamda=1, margin=0.9, lambd=5, barycenter_number=1, top_k=10, warm_up_epoch=0, MAX_EPOCH=100, batch_size=256, output_dim=512, lr=0.0001, noisy_ratio=0.8, noise_mode='sym', GPU=1, hard_weight=True, noisy_train=True, logging='INRIA-Websearch_findMAP')
2025-06-19 04:55:44,880 - __main__ - INFO - ...Image to Text MAP = 0.5141639719677233
2025-06-19 04:55:58,231 - __main__ - INFO - ...Text to Image MAP = 0.5225196538093914
2025-06-19 04:55:58,232 - __main__ - INFO - ...Average MAP = 0.5183418128885573
2025-06-19 04:56:07,482 - __main__ - INFO - Noise ratio: 0.2
2025-06-19 04:56:07,484 - __main__ - INFO - Namespace(dataset='INRIA-Websearch', seed=2, alpha=0.9, lamda=1, margin=0.9, lambd=5, barycenter_number=1, top_k=10, warm_up_epoch=0, MAX_EPOCH=100, batch_size=256, output_dim=512, lr=0.0001, noisy_ratio=0.2, noise_mode='sym', GPU=1, hard_weight=True, noisy_train=True, logging='INRIA-Websearch_findMAP')
2025-06-19 05:10:46,031 - __main__ - INFO - ...Image to Text MAP = 0.5294414026786046
2025-06-19 05:11:00,511 - __main__ - INFO - ...Text to Image MAP = 0.5361420879679103
2025-06-19 05:11:00,512 - __main__ - INFO - ...Average MAP = 0.5327917453232575
2025-06-19 05:11:08,024 - __main__ - INFO - Noise ratio: 0.4
2025-06-19 05:11:08,025 - __main__ - INFO - Namespace(dataset='INRIA-Websearch', seed=2, alpha=0.9, lamda=1, margin=0.9, lambd=5, barycenter_number=1, top_k=10, warm_up_epoch=0, MAX_EPOCH=100, batch_size=256, output_dim=512, lr=0.0001, noisy_ratio=0.4, noise_mode='sym', GPU=1, hard_weight=True, noisy_train=True, logging='INRIA-Websearch_findMAP')
2025-06-19 05:26:17,115 - __main__ - INFO - ...Image to Text MAP = 0.5262138366445627
2025-06-19 05:26:30,587 - __main__ - INFO - ...Text to Image MAP = 0.5330860668495441
2025-06-19 05:26:30,588 - __main__ - INFO - ...Average MAP = 0.5296499517470534
2025-06-19 05:26:38,866 - __main__ - INFO - Noise ratio: 0.6
2025-06-19 05:26:38,867 - __main__ - INFO - Namespace(dataset='INRIA-Websearch', seed=2, alpha=0.9, lamda=1, margin=0.9, lambd=5, barycenter_number=1, top_k=10, warm_up_epoch=0, MAX_EPOCH=100, batch_size=256, output_dim=512, lr=0.0001, noisy_ratio=0.6, noise_mode='sym', GPU=1, hard_weight=True, noisy_train=True, logging='INRIA-Websearch_findMAP')
2025-06-19 05:41:58,024 - __main__ - INFO - ...Image to Text MAP = 0.5290205059592029
2025-06-19 05:42:12,460 - __main__ - INFO - ...Text to Image MAP = 0.5390613901780396
2025-06-19 05:42:12,461 - __main__ - INFO - ...Average MAP = 0.5340409480686212
2025-06-19 05:42:21,214 - __main__ - INFO - Noise ratio: 0.8
2025-06-19 05:42:21,216 - __main__ - INFO - Namespace(dataset='INRIA-Websearch', seed=2, alpha=0.9, lamda=1, margin=0.9, lambd=5, barycenter_number=1, top_k=10, warm_up_epoch=0, MAX_EPOCH=100, batch_size=256, output_dim=512, lr=0.0001, noisy_ratio=0.8, noise_mode='sym', GPU=1, hard_weight=True, noisy_train=True, logging='INRIA-Websearch_findMAP')
2025-06-19 05:57:29,629 - __main__ - INFO - ...Image to Text MAP = 0.5093883319998498
2025-06-19 05:57:45,754 - __main__ - INFO - ...Text to Image MAP = 0.5212106101472355
2025-06-19 05:57:45,755 - __main__ - INFO - ...Average MAP = 0.5152994710735426
2025-06-19 05:57:54,483 - __main__ - INFO - Noise ratio: 0.2
2025-06-19 05:57:54,484 - __main__ - INFO - Namespace(dataset='INRIA-Websearch', seed=2, alpha=1.0, lamda=1, margin=0.9, lambd=5, barycenter_number=1, top_k=10, warm_up_epoch=0, MAX_EPOCH=100, batch_size=256, output_dim=512, lr=0.0001, noisy_ratio=0.2, noise_mode='sym', GPU=1, hard_weight=True, noisy_train=True, logging='INRIA-Websearch_findMAP')
2025-06-19 06:12:13,163 - __main__ - INFO - ...Image to Text MAP = 0.5263314791698537
2025-06-19 06:12:28,210 - __main__ - INFO - ...Text to Image MAP = 0.5266921262477278
2025-06-19 06:12:28,211 - __main__ - INFO - ...Average MAP = 0.5265118027087907
2025-06-19 06:12:38,146 - __main__ - INFO - Noise ratio: 0.4
2025-06-19 06:12:38,147 - __main__ - INFO - Namespace(dataset='INRIA-Websearch', seed=2, alpha=1.0, lamda=1, margin=0.9, lambd=5, barycenter_number=1, top_k=10, warm_up_epoch=0, MAX_EPOCH=100, batch_size=256, output_dim=512, lr=0.0001, noisy_ratio=0.4, noise_mode='sym', GPU=1, hard_weight=True, noisy_train=True, logging='INRIA-Websearch_findMAP')
2025-06-19 06:27:46,482 - __main__ - INFO - ...Image to Text MAP = 0.5329118853417243
2025-06-19 06:28:00,557 - __main__ - INFO - ...Text to Image MAP = 0.5402458534358475
2025-06-19 06:28:00,558 - __main__ - INFO - ...Average MAP = 0.5365788693887859
2025-06-19 06:28:08,593 - __main__ - INFO - Noise ratio: 0.6
2025-06-19 06:28:08,594 - __main__ - INFO - Namespace(dataset='INRIA-Websearch', seed=2, alpha=1.0, lamda=1, margin=0.9, lambd=5, barycenter_number=1, top_k=10, warm_up_epoch=0, MAX_EPOCH=100, batch_size=256, output_dim=512, lr=0.0001, noisy_ratio=0.6, noise_mode='sym', GPU=1, hard_weight=True, noisy_train=True, logging='INRIA-Websearch_findMAP')
2025-06-19 06:43:10,515 - __main__ - INFO - ...Image to Text MAP = 0.5301832133459538
2025-06-19 06:43:23,283 - __main__ - INFO - ...Text to Image MAP = 0.542634116986874
2025-06-19 06:43:23,284 - __main__ - INFO - ...Average MAP = 0.536408665166414
2025-06-19 06:43:31,340 - __main__ - INFO - Noise ratio: 0.8
2025-06-19 06:43:31,341 - __main__ - INFO - Namespace(dataset='INRIA-Websearch', seed=2, alpha=1.0, lamda=1, margin=0.9, lambd=5, barycenter_number=1, top_k=10, warm_up_epoch=0, MAX_EPOCH=100, batch_size=256, output_dim=512, lr=0.0001, noisy_ratio=0.8, noise_mode='sym', GPU=1, hard_weight=True, noisy_train=True, logging='INRIA-Websearch_findMAP')
2025-06-19 06:58:45,524 - __main__ - INFO - ...Image to Text MAP = 0.5119359885119628
2025-06-19 06:58:59,287 - __main__ - INFO - ...Text to Image MAP = 0.5233342853397208
2025-06-19 06:58:59,287 - __main__ - INFO - ...Average MAP = 0.5176351369258418
2025-06-19 06:59:08,835 - __main__ - INFO - Noise ratio: 0.2
2025-06-19 06:59:08,836 - __main__ - INFO - Namespace(dataset='INRIA-Websearch', seed=3, alpha=0.1, lamda=1, margin=0.9, lambd=5, barycenter_number=1, top_k=10, warm_up_epoch=0, MAX_EPOCH=100, batch_size=256, output_dim=512, lr=0.0001, noisy_ratio=0.2, noise_mode='sym', GPU=1, hard_weight=True, noisy_train=True, logging='INRIA-Websearch_findMAP')
2025-06-19 07:14:05,886 - __main__ - INFO - ...Image to Text MAP = 0.5239393662606803
2025-06-19 07:14:21,900 - __main__ - INFO - ...Text to Image MAP = 0.5251925573603714
2025-06-19 07:14:21,900 - __main__ - INFO - ...Average MAP = 0.5245659618105258
2025-06-19 07:14:30,446 - __main__ - INFO - Noise ratio: 0.4
2025-06-19 07:14:30,447 - __main__ - INFO - Namespace(dataset='INRIA-Websearch', seed=3, alpha=0.1, lamda=1, margin=0.9, lambd=5, barycenter_number=1, top_k=10, warm_up_epoch=0, MAX_EPOCH=100, batch_size=256, output_dim=512, lr=0.0001, noisy_ratio=0.4, noise_mode='sym', GPU=1, hard_weight=True, noisy_train=True, logging='INRIA-Websearch_findMAP')
2025-06-19 07:29:13,192 - __main__ - INFO - ...Image to Text MAP = 0.48268006701336336
2025-06-19 07:29:26,202 - __main__ - INFO - ...Text to Image MAP = 0.49076039705264957
2025-06-19 07:29:26,203 - __main__ - INFO - ...Average MAP = 0.48672023203300646
2025-06-19 07:29:35,211 - __main__ - INFO - Noise ratio: 0.6
2025-06-19 07:29:35,212 - __main__ - INFO - Namespace(dataset='INRIA-Websearch', seed=3, alpha=0.1, lamda=1, margin=0.9, lambd=5, barycenter_number=1, top_k=10, warm_up_epoch=0, MAX_EPOCH=100, batch_size=256, output_dim=512, lr=0.0001, noisy_ratio=0.6, noise_mode='sym', GPU=1, hard_weight=True, noisy_train=True, logging='INRIA-Websearch_findMAP')
2025-06-19 07:42:19,867 - __main__ - INFO - ...Image to Text MAP = 0.41470982266770695
2025-06-19 07:42:33,097 - __main__ - INFO - ...Text to Image MAP = 0.422519970318849
2025-06-19 07:42:33,105 - __main__ - INFO - ...Average MAP = 0.418614896493278
2025-06-19 07:45:20,518 - __main__ - INFO - Noise ratio: 0.8
2025-06-19 07:45:20,521 - __main__ - INFO - Namespace(dataset='INRIA-Websearch', seed=3, alpha=0.1, lamda=1, margin=0.9, lambd=5, barycenter_number=1, top_k=10, warm_up_epoch=0, MAX_EPOCH=100, batch_size=256, output_dim=512, lr=0.0001, noisy_ratio=0.8, noise_mode='sym', GPU=1, hard_weight=True, noisy_train=True, logging='INRIA-Websearch_findMAP')
2025-06-19 07:57:41,660 - __main__ - INFO - ...Image to Text MAP = 0.3700302307594092
2025-06-19 07:57:56,611 - __main__ - INFO - ...Text to Image MAP = 0.37288348346291944
2025-06-19 07:57:56,649 - __main__ - INFO - ...Average MAP = 0.37145685711116433
2025-06-19 08:00:46,220 - __main__ - INFO - Noise ratio: 0.2
2025-06-19 08:00:46,225 - __main__ - INFO - Namespace(dataset='INRIA-Websearch', seed=3, alpha=0.2, lamda=1, margin=0.9, lambd=5, barycenter_number=1, top_k=10, warm_up_epoch=0, MAX_EPOCH=100, batch_size=256, output_dim=512, lr=0.0001, noisy_ratio=0.2, noise_mode='sym', GPU=1, hard_weight=True, noisy_train=True, logging='INRIA-Websearch_findMAP')
2025-06-19 08:12:40,003 - __main__ - INFO - ...Image to Text MAP = 0.5287254363426344
2025-06-19 08:12:49,816 - __main__ - INFO - ...Text to Image MAP = 0.5305125474984955
2025-06-19 08:12:49,828 - __main__ - INFO - ...Average MAP = 0.5296189919205649
2025-06-19 08:16:11,785 - __main__ - INFO - Noise ratio: 0.4
2025-06-19 08:16:11,801 - __main__ - INFO - Namespace(dataset='INRIA-Websearch', seed=3, alpha=0.2, lamda=1, margin=0.9, lambd=5, barycenter_number=1, top_k=10, warm_up_epoch=0, MAX_EPOCH=100, batch_size=256, output_dim=512, lr=0.0001, noisy_ratio=0.4, noise_mode='sym', GPU=1, hard_weight=True, noisy_train=True, logging='INRIA-Websearch_findMAP')
2025-06-19 08:28:57,161 - __main__ - INFO - ...Image to Text MAP = 0.5079545185448191
2025-06-19 08:29:09,925 - __main__ - INFO - ...Text to Image MAP = 0.5142572185811569
2025-06-19 08:29:09,929 - __main__ - INFO - ...Average MAP = 0.511105868562988
2025-06-19 08:31:36,124 - __main__ - INFO - Noise ratio: 0.6
2025-06-19 08:31:36,125 - __main__ - INFO - Namespace(dataset='INRIA-Websearch', seed=3, alpha=0.2, lamda=1, margin=0.9, lambd=5, barycenter_number=1, top_k=10, warm_up_epoch=0, MAX_EPOCH=100, batch_size=256, output_dim=512, lr=0.0001, noisy_ratio=0.6, noise_mode='sym', GPU=1, hard_weight=True, noisy_train=True, logging='INRIA-Websearch_findMAP')
2025-06-19 08:44:55,337 - __main__ - INFO - ...Image to Text MAP = 0.47688064467404784
2025-06-19 08:45:05,982 - __main__ - INFO - ...Text to Image MAP = 0.4813908630686099
2025-06-19 08:45:05,997 - __main__ - INFO - ...Average MAP = 0.4791357538713289
2025-06-19 08:47:27,239 - __main__ - INFO - Noise ratio: 0.8
2025-06-19 08:47:27,254 - __main__ - INFO - Namespace(dataset='INRIA-Websearch', seed=3, alpha=0.2, lamda=1, margin=0.9, lambd=5, barycenter_number=1, top_k=10, warm_up_epoch=0, MAX_EPOCH=100, batch_size=256, output_dim=512, lr=0.0001, noisy_ratio=0.8, noise_mode='sym', GPU=1, hard_weight=True, noisy_train=True, logging='INRIA-Websearch_findMAP')
2025-06-19 08:58:17,879 - __main__ - INFO - ...Image to Text MAP = 0.4549475322532428
2025-06-19 08:58:27,891 - __main__ - INFO - ...Text to Image MAP = 0.4567620742931025
2025-06-19 08:58:27,914 - __main__ - INFO - ...Average MAP = 0.4558548032731726
2025-06-19 09:01:06,371 - __main__ - INFO - Noise ratio: 0.2
2025-06-19 09:01:06,392 - __main__ - INFO - Namespace(dataset='INRIA-Websearch', seed=3, alpha=0.3, lamda=1, margin=0.9, lambd=5, barycenter_number=1, top_k=10, warm_up_epoch=0, MAX_EPOCH=100, batch_size=256, output_dim=512, lr=0.0001, noisy_ratio=0.2, noise_mode='sym', GPU=1, hard_weight=True, noisy_train=True, logging='INRIA-Websearch_findMAP')
2025-06-19 09:12:15,617 - __main__ - INFO - ...Image to Text MAP = 0.5238975877171227
2025-06-19 09:12:28,593 - __main__ - INFO - ...Text to Image MAP = 0.5268055171784676
2025-06-19 09:12:28,594 - __main__ - INFO - ...Average MAP = 0.5253515524477952
2025-06-19 09:12:37,107 - __main__ - INFO - Noise ratio: 0.4
2025-06-19 09:12:37,108 - __main__ - INFO - Namespace(dataset='INRIA-Websearch', seed=3, alpha=0.3, lamda=1, margin=0.9, lambd=5, barycenter_number=1, top_k=10, warm_up_epoch=0, MAX_EPOCH=100, batch_size=256, output_dim=512, lr=0.0001, noisy_ratio=0.4, noise_mode='sym', GPU=1, hard_weight=True, noisy_train=True, logging='INRIA-Websearch_findMAP')
2025-06-19 09:25:13,623 - __main__ - INFO - ...Image to Text MAP = 0.5166807324312783
2025-06-19 09:25:25,692 - __main__ - INFO - ...Text to Image MAP = 0.5215387392334053
2025-06-19 09:25:25,694 - __main__ - INFO - ...Average MAP = 0.5191097358323418
2025-06-19 09:25:35,029 - __main__ - INFO - Noise ratio: 0.6
2025-06-19 09:25:35,030 - __main__ - INFO - Namespace(dataset='INRIA-Websearch', seed=3, alpha=0.3, lamda=1, margin=0.9, lambd=5, barycenter_number=1, top_k=10, warm_up_epoch=0, MAX_EPOCH=100, batch_size=256, output_dim=512, lr=0.0001, noisy_ratio=0.6, noise_mode='sym', GPU=1, hard_weight=True, noisy_train=True, logging='INRIA-Websearch_findMAP')
2025-06-19 09:37:20,579 - __main__ - INFO - ...Image to Text MAP = 0.500019346108325
2025-06-19 09:37:30,562 - __main__ - INFO - ...Text to Image MAP = 0.5048845866147982
2025-06-19 09:37:30,655 - __main__ - INFO - ...Average MAP = 0.5024519663615616
2025-06-19 09:38:19,029 - __main__ - INFO - Noise ratio: 0.8
2025-06-19 09:38:19,032 - __main__ - INFO - Namespace(dataset='INRIA-Websearch', seed=3, alpha=0.3, lamda=1, margin=0.9, lambd=5, barycenter_number=1, top_k=10, warm_up_epoch=0, MAX_EPOCH=100, batch_size=256, output_dim=512, lr=0.0001, noisy_ratio=0.8, noise_mode='sym', GPU=1, hard_weight=True, noisy_train=True, logging='INRIA-Websearch_findMAP')
2025-06-19 09:51:00,836 - __main__ - INFO - ...Image to Text MAP = 0.48378200404498706
2025-06-19 09:51:11,868 - __main__ - INFO - ...Text to Image MAP = 0.48747592963003644
2025-06-19 09:51:12,716 - __main__ - INFO - ...Average MAP = 0.4856289668375118
2025-06-19 09:51:24,653 - __main__ - INFO - Noise ratio: 0.2
2025-06-19 09:51:24,654 - __main__ - INFO - Namespace(dataset='INRIA-Websearch', seed=3, alpha=0.4, lamda=1, margin=0.9, lambd=5, barycenter_number=1, top_k=10, warm_up_epoch=0, MAX_EPOCH=100, batch_size=256, output_dim=512, lr=0.0001, noisy_ratio=0.2, noise_mode='sym', GPU=1, hard_weight=True, noisy_train=True, logging='INRIA-Websearch_findMAP')
2025-06-19 10:04:18,160 - __main__ - INFO - ...Image to Text MAP = 0.5281621878795925
2025-06-19 10:04:29,696 - __main__ - INFO - ...Text to Image MAP = 0.5301146534214469
2025-06-19 10:04:29,697 - __main__ - INFO - ...Average MAP = 0.5291384206505196
2025-06-19 10:04:37,974 - __main__ - INFO - Noise ratio: 0.4
2025-06-19 10:04:37,975 - __main__ - INFO - Namespace(dataset='INRIA-Websearch', seed=3, alpha=0.4, lamda=1, margin=0.9, lambd=5, barycenter_number=1, top_k=10, warm_up_epoch=0, MAX_EPOCH=100, batch_size=256, output_dim=512, lr=0.0001, noisy_ratio=0.4, noise_mode='sym', GPU=1, hard_weight=True, noisy_train=True, logging='INRIA-Websearch_findMAP')
2025-06-19 10:18:46,220 - __main__ - INFO - ...Image to Text MAP = 0.5246590012968437
2025-06-19 10:18:57,544 - __main__ - INFO - ...Text to Image MAP = 0.5318565730990158
2025-06-19 10:18:57,549 - __main__ - INFO - ...Average MAP = 0.5282577871979297
2025-06-19 10:20:20,236 - __main__ - INFO - Noise ratio: 0.6
2025-06-19 10:20:20,237 - __main__ - INFO - Namespace(dataset='INRIA-Websearch', seed=3, alpha=0.4, lamda=1, margin=0.9, lambd=5, barycenter_number=1, top_k=10, warm_up_epoch=0, MAX_EPOCH=100, batch_size=256, output_dim=512, lr=0.0001, noisy_ratio=0.6, noise_mode='sym', GPU=1, hard_weight=True, noisy_train=True, logging='INRIA-Websearch_findMAP')
2025-06-19 10:34:28,033 - __main__ - INFO - ...Image to Text MAP = 0.5159383841219011
2025-06-19 10:34:38,122 - __main__ - INFO - ...Text to Image MAP = 0.5244120604755035
2025-06-19 10:34:38,122 - __main__ - INFO - ...Average MAP = 0.5201752222987023
2025-06-19 10:34:46,157 - __main__ - INFO - Noise ratio: 0.8
2025-06-19 10:34:46,158 - __main__ - INFO - Namespace(dataset='INRIA-Websearch', seed=3, alpha=0.4, lamda=1, margin=0.9, lambd=5, barycenter_number=1, top_k=10, warm_up_epoch=0, MAX_EPOCH=100, batch_size=256, output_dim=512, lr=0.0001, noisy_ratio=0.8, noise_mode='sym', GPU=1, hard_weight=True, noisy_train=True, logging='INRIA-Websearch_findMAP')
2025-06-19 10:49:36,094 - __main__ - INFO - ...Image to Text MAP = 0.5010596726976718
2025-06-19 10:49:52,984 - __main__ - INFO - ...Text to Image MAP = 0.5099596677738408
2025-06-19 10:49:53,031 - __main__ - INFO - ...Average MAP = 0.5055096702357563
2025-06-19 10:50:19,775 - __main__ - INFO - Noise ratio: 0.2
2025-06-19 10:50:19,777 - __main__ - INFO - Namespace(dataset='INRIA-Websearch', seed=3, alpha=0.5, lamda=1, margin=0.9, lambd=5, barycenter_number=1, top_k=10, warm_up_epoch=0, MAX_EPOCH=100, batch_size=256, output_dim=512, lr=0.0001, noisy_ratio=0.2, noise_mode='sym', GPU=1, hard_weight=True, noisy_train=True, logging='INRIA-Websearch_findMAP')
2025-06-19 11:07:03,493 - __main__ - INFO - ...Image to Text MAP = 0.5237578797358914
2025-06-19 11:07:22,962 - __main__ - INFO - ...Text to Image MAP = 0.5265186894296611
2025-06-19 11:07:22,962 - __main__ - INFO - ...Average MAP = 0.5251382845827762
2025-06-19 11:07:37,409 - __main__ - INFO - Noise ratio: 0.4
2025-06-19 11:07:37,411 - __main__ - INFO - Namespace(dataset='INRIA-Websearch', seed=3, alpha=0.5, lamda=1, margin=0.9, lambd=5, barycenter_number=1, top_k=10, warm_up_epoch=0, MAX_EPOCH=100, batch_size=256, output_dim=512, lr=0.0001, noisy_ratio=0.4, noise_mode='sym', GPU=1, hard_weight=True, noisy_train=True, logging='INRIA-Websearch_findMAP')
2025-06-19 11:27:33,307 - __main__ - INFO - ...Image to Text MAP = 0.5247964888894137
2025-06-19 11:27:44,513 - __main__ - INFO - ...Text to Image MAP = 0.5298228636390837
2025-06-19 11:27:44,513 - __main__ - INFO - ...Average MAP = 0.5273096762642486
2025-06-19 11:27:54,250 - __main__ - INFO - Noise ratio: 0.6
2025-06-19 11:27:54,254 - __main__ - INFO - Namespace(dataset='INRIA-Websearch', seed=3, alpha=0.5, lamda=1, margin=0.9, lambd=5, barycenter_number=1, top_k=10, warm_up_epoch=0, MAX_EPOCH=100, batch_size=256, output_dim=512, lr=0.0001, noisy_ratio=0.6, noise_mode='sym', GPU=1, hard_weight=True, noisy_train=True, logging='INRIA-Websearch_findMAP')
2025-06-19 11:48:18,324 - __main__ - INFO - ...Image to Text MAP = 0.516100939280248
2025-06-19 11:48:42,257 - __main__ - INFO - ...Text to Image MAP = 0.5234705178862689
2025-06-19 11:48:42,258 - __main__ - INFO - ...Average MAP = 0.5197857285832584
2025-06-19 11:48:56,990 - __main__ - INFO - Noise ratio: 0.8
2025-06-19 11:48:56,992 - __main__ - INFO - Namespace(dataset='INRIA-Websearch', seed=3, alpha=0.5, lamda=1, margin=0.9, lambd=5, barycenter_number=1, top_k=10, warm_up_epoch=0, MAX_EPOCH=100, batch_size=256, output_dim=512, lr=0.0001, noisy_ratio=0.8, noise_mode='sym', GPU=1, hard_weight=True, noisy_train=True, logging='INRIA-Websearch_findMAP')
2025-06-19 12:08:09,392 - __main__ - INFO - ...Image to Text MAP = 0.5078297435662108
2025-06-19 12:08:37,668 - __main__ - INFO - ...Text to Image MAP = 0.5189077353729561
2025-06-19 12:08:37,670 - __main__ - INFO - ...Average MAP = 0.5133687394695834
2025-06-19 12:08:50,213 - __main__ - INFO - Noise ratio: 0.2
2025-06-19 12:08:50,215 - __main__ - INFO - Namespace(dataset='INRIA-Websearch', seed=3, alpha=0.6, lamda=1, margin=0.9, lambd=5, barycenter_number=1, top_k=10, warm_up_epoch=0, MAX_EPOCH=100, batch_size=256, output_dim=512, lr=0.0001, noisy_ratio=0.2, noise_mode='sym', GPU=1, hard_weight=True, noisy_train=True, logging='INRIA-Websearch_findMAP')
2025-06-19 12:29:15,952 - __main__ - INFO - ...Image to Text MAP = 0.5281825371836351
2025-06-19 12:29:38,429 - __main__ - INFO - ...Text to Image MAP = 0.531907720171726
2025-06-19 12:29:38,430 - __main__ - INFO - ...Average MAP = 0.5300451286776806
2025-06-19 12:29:52,152 - __main__ - INFO - Noise ratio: 0.4
2025-06-19 12:29:52,154 - __main__ - INFO - Namespace(dataset='INRIA-Websearch', seed=3, alpha=0.6, lamda=1, margin=0.9, lambd=5, barycenter_number=1, top_k=10, warm_up_epoch=0, MAX_EPOCH=100, batch_size=256, output_dim=512, lr=0.0001, noisy_ratio=0.4, noise_mode='sym', GPU=1, hard_weight=True, noisy_train=True, logging='INRIA-Websearch_findMAP')
2025-06-19 12:50:20,963 - __main__ - INFO - ...Image to Text MAP = 0.5299193727123005
2025-06-19 12:50:39,210 - __main__ - INFO - ...Text to Image MAP = 0.5340784697086249
2025-06-19 12:50:39,211 - __main__ - INFO - ...Average MAP = 0.5319989212104628
2025-06-19 12:50:48,464 - __main__ - INFO - Noise ratio: 0.6
2025-06-19 12:50:48,466 - __main__ - INFO - Namespace(dataset='INRIA-Websearch', seed=3, alpha=0.6, lamda=1, margin=0.9, lambd=5, barycenter_number=1, top_k=10, warm_up_epoch=0, MAX_EPOCH=100, batch_size=256, output_dim=512, lr=0.0001, noisy_ratio=0.6, noise_mode='sym', GPU=1, hard_weight=True, noisy_train=True, logging='INRIA-Websearch_findMAP')
2025-06-19 13:11:15,379 - __main__ - INFO - ...Image to Text MAP = 0.5241299843804396
2025-06-19 13:11:27,713 - __main__ - INFO - ...Text to Image MAP = 0.537518390084253
2025-06-19 13:11:27,715 - __main__ - INFO - ...Average MAP = 0.5308241872323463
2025-06-19 13:11:37,531 - __main__ - INFO - Noise ratio: 0.8
2025-06-19 13:11:37,533 - __main__ - INFO - Namespace(dataset='INRIA-Websearch', seed=3, alpha=0.6, lamda=1, margin=0.9, lambd=5, barycenter_number=1, top_k=10, warm_up_epoch=0, MAX_EPOCH=100, batch_size=256, output_dim=512, lr=0.0001, noisy_ratio=0.8, noise_mode='sym', GPU=1, hard_weight=True, noisy_train=True, logging='INRIA-Websearch_findMAP')
2025-06-19 13:32:43,030 - __main__ - INFO - ...Image to Text MAP = 0.5129234718066
2025-06-19 13:33:10,816 - __main__ - INFO - ...Text to Image MAP = 0.5222378972616616
2025-06-19 13:33:10,816 - __main__ - INFO - ...Average MAP = 0.5175806845341309
2025-06-19 13:33:23,675 - __main__ - INFO - Noise ratio: 0.2
2025-06-19 13:33:23,682 - __main__ - INFO - Namespace(dataset='INRIA-Websearch', seed=3, alpha=0.7, lamda=1, margin=0.9, lambd=5, barycenter_number=1, top_k=10, warm_up_epoch=0, MAX_EPOCH=100, batch_size=256, output_dim=512, lr=0.0001, noisy_ratio=0.2, noise_mode='sym', GPU=1, hard_weight=True, noisy_train=True, logging='INRIA-Websearch_findMAP')
2025-06-19 13:50:15,444 - __main__ - INFO - ...Image to Text MAP = 0.529567173491621
2025-06-19 13:50:28,000 - __main__ - INFO - ...Text to Image MAP = 0.5292246466613036
2025-06-19 13:50:28,000 - __main__ - INFO - ...Average MAP = 0.5293959100764623
2025-06-19 13:50:37,187 - __main__ - INFO - Noise ratio: 0.4
2025-06-19 13:50:37,189 - __main__ - INFO - Namespace(dataset='INRIA-Websearch', seed=3, alpha=0.7, lamda=1, margin=0.9, lambd=5, barycenter_number=1, top_k=10, warm_up_epoch=0, MAX_EPOCH=100, batch_size=256, output_dim=512, lr=0.0001, noisy_ratio=0.4, noise_mode='sym', GPU=1, hard_weight=True, noisy_train=True, logging='INRIA-Websearch_findMAP')
2025-06-19 14:04:03,499 - __main__ - INFO - ...Image to Text MAP = 0.5242816921665507
2025-06-19 14:04:14,755 - __main__ - INFO - ...Text to Image MAP = 0.5320874422823128
2025-06-19 14:04:14,756 - __main__ - INFO - ...Average MAP = 0.5281845672244317
2025-06-19 14:04:22,608 - __main__ - INFO - Noise ratio: 0.6
2025-06-19 14:04:22,609 - __main__ - INFO - Namespace(dataset='INRIA-Websearch', seed=3, alpha=0.7, lamda=1, margin=0.9, lambd=5, barycenter_number=1, top_k=10, warm_up_epoch=0, MAX_EPOCH=100, batch_size=256, output_dim=512, lr=0.0001, noisy_ratio=0.6, noise_mode='sym', GPU=1, hard_weight=True, noisy_train=True, logging='INRIA-Websearch_findMAP')
2025-06-19 14:18:33,168 - __main__ - INFO - ...Image to Text MAP = 0.5222158702094555
2025-06-19 14:18:44,898 - __main__ - INFO - ...Text to Image MAP = 0.5307104967487082
2025-06-19 14:18:44,899 - __main__ - INFO - ...Average MAP = 0.5264631834790818
2025-06-19 14:18:52,912 - __main__ - INFO - Noise ratio: 0.8
2025-06-19 14:18:52,914 - __main__ - INFO - Namespace(dataset='INRIA-Websearch', seed=3, alpha=0.7, lamda=1, margin=0.9, lambd=5, barycenter_number=1, top_k=10, warm_up_epoch=0, MAX_EPOCH=100, batch_size=256, output_dim=512, lr=0.0001, noisy_ratio=0.8, noise_mode='sym', GPU=1, hard_weight=True, noisy_train=True, logging='INRIA-Websearch_findMAP')
2025-06-19 14:33:00,024 - __main__ - INFO - ...Image to Text MAP = 0.5102987955241491
2025-06-19 14:33:12,348 - __main__ - INFO - ...Text to Image MAP = 0.5203095821191054
2025-06-19 14:33:12,349 - __main__ - INFO - ...Average MAP = 0.5153041888216272
2025-06-19 14:33:22,859 - __main__ - INFO - Noise ratio: 0.2
2025-06-19 14:33:22,863 - __main__ - INFO - Namespace(dataset='INRIA-Websearch', seed=3, alpha=0.8, lamda=1, margin=0.9, lambd=5, barycenter_number=1, top_k=10, warm_up_epoch=0, MAX_EPOCH=100, batch_size=256, output_dim=512, lr=0.0001, noisy_ratio=0.2, noise_mode='sym', GPU=1, hard_weight=True, noisy_train=True, logging='INRIA-Websearch_findMAP')
2025-06-19 14:52:37,993 - __main__ - INFO - ...Image to Text MAP = 0.5248504513910661
2025-06-19 14:53:05,701 - __main__ - INFO - ...Text to Image MAP = 0.5270042369998335
2025-06-19 14:53:05,715 - __main__ - INFO - ...Average MAP = 0.5259273441954497
2025-06-19 14:53:21,385 - __main__ - INFO - Noise ratio: 0.4
2025-06-19 14:53:21,389 - __main__ - INFO - Namespace(dataset='INRIA-Websearch', seed=3, alpha=0.8, lamda=1, margin=0.9, lambd=5, barycenter_number=1, top_k=10, warm_up_epoch=0, MAX_EPOCH=100, batch_size=256, output_dim=512, lr=0.0001, noisy_ratio=0.4, noise_mode='sym', GPU=1, hard_weight=True, noisy_train=True, logging='INRIA-Websearch_findMAP')
2025-06-19 15:10:08,013 - __main__ - INFO - ...Image to Text MAP = 0.5284295814161658
2025-06-19 15:10:21,610 - __main__ - INFO - ...Text to Image MAP = 0.5351239221150632
2025-06-19 15:10:21,617 - __main__ - INFO - ...Average MAP = 0.5317767517656145
2025-06-19 15:20:22,830 - __main__ - INFO - Noise ratio: 0.6
2025-06-19 15:20:22,833 - __main__ - INFO - Namespace(dataset='INRIA-Websearch', seed=3, alpha=0.8, lamda=1, margin=0.9, lambd=5, barycenter_number=1, top_k=10, warm_up_epoch=0, MAX_EPOCH=100, batch_size=256, output_dim=512, lr=0.0001, noisy_ratio=0.6, noise_mode='sym', GPU=1, hard_weight=True, noisy_train=True, logging='INRIA-Websearch_findMAP')
2025-06-19 15:34:15,841 - __main__ - INFO - ...Image to Text MAP = 0.5269948040257911
2025-06-19 15:34:24,430 - __main__ - INFO - ...Text to Image MAP = 0.5371496464901278
2025-06-19 15:34:24,474 - __main__ - INFO - ...Average MAP = 0.5320722252579595
2025-06-19 15:37:39,260 - __main__ - INFO - Noise ratio: 0.8
2025-06-19 15:37:39,265 - __main__ - INFO - Namespace(dataset='INRIA-Websearch', seed=3, alpha=0.8, lamda=1, margin=0.9, lambd=5, barycenter_number=1, top_k=10, warm_up_epoch=0, MAX_EPOCH=100, batch_size=256, output_dim=512, lr=0.0001, noisy_ratio=0.8, noise_mode='sym', GPU=1, hard_weight=True, noisy_train=True, logging='INRIA-Websearch_findMAP')
2025-06-19 15:52:43,457 - __main__ - INFO - ...Image to Text MAP = 0.5125035649478462
2025-06-19 15:52:52,408 - __main__ - INFO - ...Text to Image MAP = 0.5244142378469051
2025-06-19 15:52:52,449 - __main__ - INFO - ...Average MAP = 0.5184589013973757
2025-06-19 15:54:14,404 - __main__ - INFO - Noise ratio: 0.2
2025-06-19 15:54:14,456 - __main__ - INFO - Namespace(dataset='INRIA-Websearch', seed=3, alpha=0.9, lamda=1, margin=0.9, lambd=5, barycenter_number=1, top_k=10, warm_up_epoch=0, MAX_EPOCH=100, batch_size=256, output_dim=512, lr=0.0001, noisy_ratio=0.2, noise_mode='sym', GPU=1, hard_weight=True, noisy_train=True, logging='INRIA-Websearch_findMAP')
2025-06-19 16:06:20,669 - __main__ - INFO - ...Image to Text MAP = 0.5319350017673061
2025-06-19 16:06:30,260 - __main__ - INFO - ...Text to Image MAP = 0.5366309438166137
2025-06-19 16:06:30,279 - __main__ - INFO - ...Average MAP = 0.5342829727919599
2025-06-19 16:09:12,146 - __main__ - INFO - Noise ratio: 0.4
2025-06-19 16:09:12,149 - __main__ - INFO - Namespace(dataset='INRIA-Websearch', seed=3, alpha=0.9, lamda=1, margin=0.9, lambd=5, barycenter_number=1, top_k=10, warm_up_epoch=0, MAX_EPOCH=100, batch_size=256, output_dim=512, lr=0.0001, noisy_ratio=0.4, noise_mode='sym', GPU=1, hard_weight=True, noisy_train=True, logging='INRIA-Websearch_findMAP')
2025-06-19 16:21:26,389 - __main__ - INFO - ...Image to Text MAP = 0.526577074450315
2025-06-19 16:21:39,035 - __main__ - INFO - ...Text to Image MAP = 0.5295270256170337
2025-06-19 16:21:39,036 - __main__ - INFO - ...Average MAP = 0.5280520500336743
2025-06-19 16:21:52,764 - __main__ - INFO - Noise ratio: 0.6
2025-06-19 16:21:52,767 - __main__ - INFO - Namespace(dataset='INRIA-Websearch', seed=3, alpha=0.9, lamda=1, margin=0.9, lambd=5, barycenter_number=1, top_k=10, warm_up_epoch=0, MAX_EPOCH=100, batch_size=256, output_dim=512, lr=0.0001, noisy_ratio=0.6, noise_mode='sym', GPU=1, hard_weight=True, noisy_train=True, logging='INRIA-Websearch_findMAP')
2025-06-19 16:39:13,427 - __main__ - INFO - ...Image to Text MAP = 0.5253356211144768
2025-06-19 16:39:28,169 - __main__ - INFO - ...Text to Image MAP = 0.5351974094909545
2025-06-19 16:39:28,170 - __main__ - INFO - ...Average MAP = 0.5302665153027157
2025-06-19 16:39:54,407 - __main__ - INFO - Noise ratio: 0.8
2025-06-19 16:39:54,415 - __main__ - INFO - Namespace(dataset='INRIA-Websearch', seed=3, alpha=0.9, lamda=1, margin=0.9, lambd=5, barycenter_number=1, top_k=10, warm_up_epoch=0, MAX_EPOCH=100, batch_size=256, output_dim=512, lr=0.0001, noisy_ratio=0.8, noise_mode='sym', GPU=1, hard_weight=True, noisy_train=True, logging='INRIA-Websearch_findMAP')
2025-06-19 16:56:46,324 - __main__ - INFO - ...Image to Text MAP = 0.5093826244361926
2025-06-19 16:56:57,106 - __main__ - INFO - ...Text to Image MAP = 0.5224894201296897
2025-06-19 16:56:57,106 - __main__ - INFO - ...Average MAP = 0.5159360222829412
2025-06-19 16:57:06,560 - __main__ - INFO - Noise ratio: 0.2
2025-06-19 16:57:06,562 - __main__ - INFO - Namespace(dataset='INRIA-Websearch', seed=3, alpha=1.0, lamda=1, margin=0.9, lambd=5, barycenter_number=1, top_k=10, warm_up_epoch=0, MAX_EPOCH=100, batch_size=256, output_dim=512, lr=0.0001, noisy_ratio=0.2, noise_mode='sym', GPU=1, hard_weight=True, noisy_train=True, logging='INRIA-Websearch_findMAP')
2025-06-19 17:12:10,791 - __main__ - INFO - ...Image to Text MAP = 0.5226023351707442
2025-06-19 17:12:22,903 - __main__ - INFO - ...Text to Image MAP = 0.5266622707036485
2025-06-19 17:12:22,904 - __main__ - INFO - ...Average MAP = 0.5246323029371963
2025-06-19 17:12:31,977 - __main__ - INFO - Noise ratio: 0.4
2025-06-19 17:12:31,984 - __main__ - INFO - Namespace(dataset='INRIA-Websearch', seed=3, alpha=1.0, lamda=1, margin=0.9, lambd=5, barycenter_number=1, top_k=10, warm_up_epoch=0, MAX_EPOCH=100, batch_size=256, output_dim=512, lr=0.0001, noisy_ratio=0.4, noise_mode='sym', GPU=1, hard_weight=True, noisy_train=True, logging='INRIA-Websearch_findMAP')
2025-06-19 17:27:01,445 - __main__ - INFO - ...Image to Text MAP = 0.5235472139658055
2025-06-19 17:27:15,083 - __main__ - INFO - ...Text to Image MAP = 0.5265437361315481
2025-06-19 17:27:15,084 - __main__ - INFO - ...Average MAP = 0.5250454750486768
2025-06-19 17:27:23,823 - __main__ - INFO - Noise ratio: 0.6
2025-06-19 17:27:23,825 - __main__ - INFO - Namespace(dataset='INRIA-Websearch', seed=3, alpha=1.0, lamda=1, margin=0.9, lambd=5, barycenter_number=1, top_k=10, warm_up_epoch=0, MAX_EPOCH=100, batch_size=256, output_dim=512, lr=0.0001, noisy_ratio=0.6, noise_mode='sym', GPU=1, hard_weight=True, noisy_train=True, logging='INRIA-Websearch_findMAP')
2025-06-19 17:41:23,928 - __main__ - INFO - ...Image to Text MAP = 0.5318820815216418
2025-06-19 17:41:37,838 - __main__ - INFO - ...Text to Image MAP = 0.5439919505888584
2025-06-19 17:41:37,839 - __main__ - INFO - ...Average MAP = 0.5379370160552501
2025-06-19 17:41:46,185 - __main__ - INFO - Noise ratio: 0.8
2025-06-19 17:41:46,186 - __main__ - INFO - Namespace(dataset='INRIA-Websearch', seed=3, alpha=1.0, lamda=1, margin=0.9, lambd=5, barycenter_number=1, top_k=10, warm_up_epoch=0, MAX_EPOCH=100, batch_size=256, output_dim=512, lr=0.0001, noisy_ratio=0.8, noise_mode='sym', GPU=1, hard_weight=True, noisy_train=True, logging='INRIA-Websearch_findMAP')
2025-06-19 17:55:59,151 - __main__ - INFO - ...Image to Text MAP = 0.5120582565382639
2025-06-19 17:56:11,897 - __main__ - INFO - ...Text to Image MAP = 0.5256711913003654
2025-06-19 17:56:11,897 - __main__ - INFO - ...Average MAP = 0.5188647239193147
2025-06-19 17:56:21,736 - __main__ - INFO - Noise ratio: 0.2
2025-06-19 17:56:21,741 - __main__ - INFO - Namespace(dataset='INRIA-Websearch', seed=4, alpha=0.1, lamda=1, margin=0.9, lambd=5, barycenter_number=1, top_k=10, warm_up_epoch=0, MAX_EPOCH=100, batch_size=256, output_dim=512, lr=0.0001, noisy_ratio=0.2, noise_mode='sym', GPU=1, hard_weight=True, noisy_train=True, logging='INRIA-Websearch_findMAP')
2025-06-19 18:10:28,114 - __main__ - INFO - ...Image to Text MAP = 0.5199858677109895
2025-06-19 18:10:40,609 - __main__ - INFO - ...Text to Image MAP = 0.5233698068181526
2025-06-19 18:10:40,609 - __main__ - INFO - ...Average MAP = 0.5216778372645711
2025-06-19 18:10:49,012 - __main__ - INFO - Noise ratio: 0.4
2025-06-19 18:10:49,013 - __main__ - INFO - Namespace(dataset='INRIA-Websearch', seed=4, alpha=0.1, lamda=1, margin=0.9, lambd=5, barycenter_number=1, top_k=10, warm_up_epoch=0, MAX_EPOCH=100, batch_size=256, output_dim=512, lr=0.0001, noisy_ratio=0.4, noise_mode='sym', GPU=1, hard_weight=True, noisy_train=True, logging='INRIA-Websearch_findMAP')
2025-06-19 18:25:46,569 - __main__ - INFO - ...Image to Text MAP = 0.4837739739759495
2025-06-19 18:25:57,996 - __main__ - INFO - ...Text to Image MAP = 0.4885743115763924
2025-06-19 18:25:57,997 - __main__ - INFO - ...Average MAP = 0.486174142776171
2025-06-19 18:26:06,701 - __main__ - INFO - Noise ratio: 0.6
2025-06-19 18:26:06,707 - __main__ - INFO - Namespace(dataset='INRIA-Websearch', seed=4, alpha=0.1, lamda=1, margin=0.9, lambd=5, barycenter_number=1, top_k=10, warm_up_epoch=0, MAX_EPOCH=100, batch_size=256, output_dim=512, lr=0.0001, noisy_ratio=0.6, noise_mode='sym', GPU=1, hard_weight=True, noisy_train=True, logging='INRIA-Websearch_findMAP')
2025-06-19 18:26:24,653 - __main__ - INFO - Noise ratio: 0.8
2025-06-19 18:26:24,657 - __main__ - INFO - Namespace(dataset='INRIA-Websearch', seed=4, alpha=0.1, lamda=1, margin=0.9, lambd=5, barycenter_number=1, top_k=10, warm_up_epoch=0, MAX_EPOCH=100, batch_size=256, output_dim=512, lr=0.0001, noisy_ratio=0.8, noise_mode='sym', GPU=1, hard_weight=True, noisy_train=True, logging='INRIA-Websearch_findMAP')
2025-06-19 18:26:43,644 - __main__ - INFO - Noise ratio: 0.2
2025-06-19 18:26:43,648 - __main__ - INFO - Namespace(dataset='INRIA-Websearch', seed=4, alpha=0.2, lamda=1, margin=0.9, lambd=5, barycenter_number=1, top_k=10, warm_up_epoch=0, MAX_EPOCH=100, batch_size=256, output_dim=512, lr=0.0001, noisy_ratio=0.2, noise_mode='sym', GPU=1, hard_weight=True, noisy_train=True, logging='INRIA-Websearch_findMAP')
2025-06-19 18:27:05,886 - __main__ - INFO - Noise ratio: 0.4
2025-06-19 18:27:05,889 - __main__ - INFO - Namespace(dataset='INRIA-Websearch', seed=4, alpha=0.2, lamda=1, margin=0.9, lambd=5, barycenter_number=1, top_k=10, warm_up_epoch=0, MAX_EPOCH=100, batch_size=256, output_dim=512, lr=0.0001, noisy_ratio=0.4, noise_mode='sym', GPU=1, hard_weight=True, noisy_train=True, logging='INRIA-Websearch_findMAP')
2025-06-19 18:27:24,474 - __main__ - INFO - Noise ratio: 0.6
2025-06-19 18:27:24,476 - __main__ - INFO - Namespace(dataset='INRIA-Websearch', seed=4, alpha=0.2, lamda=1, margin=0.9, lambd=5, barycenter_number=1, top_k=10, warm_up_epoch=0, MAX_EPOCH=100, batch_size=256, output_dim=512, lr=0.0001, noisy_ratio=0.6, noise_mode='sym', GPU=1, hard_weight=True, noisy_train=True, logging='INRIA-Websearch_findMAP')
2025-06-19 18:27:44,899 - __main__ - INFO - Noise ratio: 0.8
2025-06-19 18:27:44,900 - __main__ - INFO - Namespace(dataset='INRIA-Websearch', seed=4, alpha=0.2, lamda=1, margin=0.9, lambd=5, barycenter_number=1, top_k=10, warm_up_epoch=0, MAX_EPOCH=100, batch_size=256, output_dim=512, lr=0.0001, noisy_ratio=0.8, noise_mode='sym', GPU=1, hard_weight=True, noisy_train=True, logging='INRIA-Websearch_findMAP')
2025-06-19 18:28:02,073 - __main__ - INFO - Noise ratio: 0.2
2025-06-19 18:28:02,074 - __main__ - INFO - Namespace(dataset='INRIA-Websearch', seed=4, alpha=0.3, lamda=1, margin=0.9, lambd=5, barycenter_number=1, top_k=10, warm_up_epoch=0, MAX_EPOCH=100, batch_size=256, output_dim=512, lr=0.0001, noisy_ratio=0.2, noise_mode='sym', GPU=1, hard_weight=True, noisy_train=True, logging='INRIA-Websearch_findMAP')
2025-06-19 18:28:20,917 - __main__ - INFO - Noise ratio: 0.4
2025-06-19 18:28:20,918 - __main__ - INFO - Namespace(dataset='INRIA-Websearch', seed=4, alpha=0.3, lamda=1, margin=0.9, lambd=5, barycenter_number=1, top_k=10, warm_up_epoch=0, MAX_EPOCH=100, batch_size=256, output_dim=512, lr=0.0001, noisy_ratio=0.4, noise_mode='sym', GPU=1, hard_weight=True, noisy_train=True, logging='INRIA-Websearch_findMAP')
2025-06-19 18:46:37,334 - __main__ - INFO - ...Image to Text MAP = 0.5163552885953027
2025-06-19 18:46:57,431 - __main__ - INFO - ...Text to Image MAP = 0.5241486692535349
2025-06-19 18:46:57,433 - __main__ - INFO - ...Average MAP = 0.5202519789244188
2025-06-19 18:47:08,693 - __main__ - INFO - Noise ratio: 0.6
2025-06-19 18:47:08,698 - __main__ - INFO - Namespace(dataset='INRIA-Websearch', seed=4, alpha=0.3, lamda=1, margin=0.9, lambd=5, barycenter_number=1, top_k=10, warm_up_epoch=0, MAX_EPOCH=100, batch_size=256, output_dim=512, lr=0.0001, noisy_ratio=0.6, noise_mode='sym', GPU=1, hard_weight=True, noisy_train=True, logging='INRIA-Websearch_findMAP')
2025-06-19 19:08:00,958 - __main__ - INFO - ...Image to Text MAP = 0.5076238763047272
2025-06-19 19:08:17,261 - __main__ - INFO - ...Text to Image MAP = 0.5184477338554129
2025-06-19 19:08:17,270 - __main__ - INFO - ...Average MAP = 0.5130358050800701
2025-06-19 19:08:28,780 - __main__ - INFO - Noise ratio: 0.8
2025-06-19 19:08:28,784 - __main__ - INFO - Namespace(dataset='INRIA-Websearch', seed=4, alpha=0.3, lamda=1, margin=0.9, lambd=5, barycenter_number=1, top_k=10, warm_up_epoch=0, MAX_EPOCH=100, batch_size=256, output_dim=512, lr=0.0001, noisy_ratio=0.8, noise_mode='sym', GPU=1, hard_weight=True, noisy_train=True, logging='INRIA-Websearch_findMAP')
2025-06-19 19:30:26,535 - __main__ - INFO - ...Image to Text MAP = 0.4911860184058973
2025-06-19 19:30:55,621 - __main__ - INFO - ...Text to Image MAP = 0.49707043775698706
2025-06-19 19:30:55,623 - __main__ - INFO - ...Average MAP = 0.4941282280814422
2025-06-19 19:31:07,236 - __main__ - INFO - Noise ratio: 0.2
2025-06-19 19:31:07,241 - __main__ - INFO - Namespace(dataset='INRIA-Websearch', seed=4, alpha=0.4, lamda=1, margin=0.9, lambd=5, barycenter_number=1, top_k=10, warm_up_epoch=0, MAX_EPOCH=100, batch_size=256, output_dim=512, lr=0.0001, noisy_ratio=0.2, noise_mode='sym', GPU=1, hard_weight=True, noisy_train=True, logging='INRIA-Websearch_findMAP')
2025-06-19 19:52:38,508 - __main__ - INFO - ...Image to Text MAP = 0.524586709923361
2025-06-19 19:52:59,284 - __main__ - INFO - ...Text to Image MAP = 0.5279443465864287
2025-06-19 19:52:59,466 - __main__ - INFO - ...Average MAP = 0.5262655282548949
2025-06-19 19:53:27,055 - __main__ - INFO - Noise ratio: 0.4
2025-06-19 19:53:27,057 - __main__ - INFO - Namespace(dataset='INRIA-Websearch', seed=4, alpha=0.4, lamda=1, margin=0.9, lambd=5, barycenter_number=1, top_k=10, warm_up_epoch=0, MAX_EPOCH=100, batch_size=256, output_dim=512, lr=0.0001, noisy_ratio=0.4, noise_mode='sym', GPU=1, hard_weight=True, noisy_train=True, logging='INRIA-Websearch_findMAP')
2025-06-19 20:12:53,521 - __main__ - INFO - ...Image to Text MAP = 0.5176842668417639
2025-06-19 20:13:10,272 - __main__ - INFO - ...Text to Image MAP = 0.5274441705742112
2025-06-19 20:13:10,273 - __main__ - INFO - ...Average MAP = 0.5225642187079875
2025-06-19 20:13:22,694 - __main__ - INFO - Noise ratio: 0.6
2025-06-19 20:13:22,701 - __main__ - INFO - Namespace(dataset='INRIA-Websearch', seed=4, alpha=0.4, lamda=1, margin=0.9, lambd=5, barycenter_number=1, top_k=10, warm_up_epoch=0, MAX_EPOCH=100, batch_size=256, output_dim=512, lr=0.0001, noisy_ratio=0.6, noise_mode='sym', GPU=1, hard_weight=True, noisy_train=True, logging='INRIA-Websearch_findMAP')
2025-06-19 20:32:01,758 - __main__ - INFO - ...Image to Text MAP = 0.5148905407346654
2025-06-19 20:32:17,763 - __main__ - INFO - ...Text to Image MAP = 0.5201774714997901
2025-06-19 20:32:17,812 - __main__ - INFO - ...Average MAP = 0.5175340061172278
2025-06-19 20:33:18,697 - __main__ - INFO - Noise ratio: 0.8
2025-06-19 20:33:18,702 - __main__ - INFO - Namespace(dataset='INRIA-Websearch', seed=4, alpha=0.4, lamda=1, margin=0.9, lambd=5, barycenter_number=1, top_k=10, warm_up_epoch=0, MAX_EPOCH=100, batch_size=256, output_dim=512, lr=0.0001, noisy_ratio=0.8, noise_mode='sym', GPU=1, hard_weight=True, noisy_train=True, logging='INRIA-Websearch_findMAP')
2025-06-19 20:48:19,393 - __main__ - INFO - ...Image to Text MAP = 0.5019266505462366
2025-06-19 20:48:38,139 - __main__ - INFO - ...Text to Image MAP = 0.5102922097857446
2025-06-19 20:48:38,140 - __main__ - INFO - ...Average MAP = 0.5061094301659906
2025-06-19 20:48:53,144 - __main__ - INFO - Noise ratio: 0.2
2025-06-19 20:48:53,150 - __main__ - INFO - Namespace(dataset='INRIA-Websearch', seed=4, alpha=0.5, lamda=1, margin=0.9, lambd=5, barycenter_number=1, top_k=10, warm_up_epoch=0, MAX_EPOCH=100, batch_size=256, output_dim=512, lr=0.0001, noisy_ratio=0.2, noise_mode='sym', GPU=1, hard_weight=True, noisy_train=True, logging='INRIA-Websearch_findMAP')
2025-06-19 21:06:55,948 - __main__ - INFO - ...Image to Text MAP = 0.5220974239705657
2025-06-19 21:07:11,994 - __main__ - INFO - ...Text to Image MAP = 0.5268326755005386
2025-06-19 21:07:11,995 - __main__ - INFO - ...Average MAP = 0.5244650497355521
2025-06-19 21:07:23,780 - __main__ - INFO - Noise ratio: 0.4
2025-06-19 21:07:23,782 - __main__ - INFO - Namespace(dataset='INRIA-Websearch', seed=4, alpha=0.5, lamda=1, margin=0.9, lambd=5, barycenter_number=1, top_k=10, warm_up_epoch=0, MAX_EPOCH=100, batch_size=256, output_dim=512, lr=0.0001, noisy_ratio=0.4, noise_mode='sym', GPU=1, hard_weight=True, noisy_train=True, logging='INRIA-Websearch_findMAP')
2025-06-19 21:25:53,023 - __main__ - INFO - ...Image to Text MAP = 0.5236886384793282
2025-06-19 21:26:07,460 - __main__ - INFO - ...Text to Image MAP = 0.5311934590111146
2025-06-19 21:26:07,461 - __main__ - INFO - ...Average MAP = 0.5274410487452215
2025-06-19 21:26:20,656 - __main__ - INFO - Noise ratio: 0.6
2025-06-19 21:26:20,658 - __main__ - INFO - Namespace(dataset='INRIA-Websearch', seed=4, alpha=0.5, lamda=1, margin=0.9, lambd=5, barycenter_number=1, top_k=10, warm_up_epoch=0, MAX_EPOCH=100, batch_size=256, output_dim=512, lr=0.0001, noisy_ratio=0.6, noise_mode='sym', GPU=1, hard_weight=True, noisy_train=True, logging='INRIA-Websearch_findMAP')
