2025-06-17 16:34:36,901 - __main__ - INFO - Noise ratio: 0.2
2025-06-17 16:34:36,904 - __main__ - INFO - Namespace(dataset='wiki', seed=0, alpha=0.1, lamda=1, margin=0.9, lambd=5, barycenter_number=1, top_k=10, warm_up_epoch=0, MAX_EPOCH=100, batch_size=256, output_dim=512, lr=0.0001, noisy_ratio=0.2, noise_mode='sym', GPU=1, hard_weight=True, noisy_train=True, logging='wiki_findMAP')
2025-06-17 16:36:05,349 - __main__ - INFO - ...Image to Text MAP = 0.47730366472171226
2025-06-17 16:36:05,433 - __main__ - INFO - ...Text to Image MAP = 0.4193290763174588
2025-06-17 16:36:05,434 - __main__ - INFO - ...Average MAP = 0.4483163705195855
2025-06-17 16:36:10,299 - __main__ - INFO - Noise ratio: 0.4
2025-06-17 16:36:10,300 - __main__ - INFO - Namespace(dataset='wiki', seed=0, alpha=0.1, lamda=1, margin=0.9, lambd=5, barycenter_number=1, top_k=10, warm_up_epoch=0, MAX_EPOCH=100, batch_size=256, output_dim=512, lr=0.0001, noisy_ratio=0.4, noise_mode='sym', GPU=1, hard_weight=True, noisy_train=True, logging='wiki_findMAP')
2025-06-17 16:37:45,310 - __main__ - INFO - ...Image to Text MAP = 0.45332259625270804
2025-06-17 16:37:45,412 - __main__ - INFO - ...Text to Image MAP = 0.3983895033526412
2025-06-17 16:37:45,412 - __main__ - INFO - ...Average MAP = 0.42585604980267466
2025-06-17 16:37:50,636 - __main__ - INFO - Noise ratio: 0.6
2025-06-17 16:37:50,637 - __main__ - INFO - Namespace(dataset='wiki', seed=0, alpha=0.1, lamda=1, margin=0.9, lambd=5, barycenter_number=1, top_k=10, warm_up_epoch=0, MAX_EPOCH=100, batch_size=256, output_dim=512, lr=0.0001, noisy_ratio=0.6, noise_mode='sym', GPU=1, hard_weight=True, noisy_train=True, logging='wiki_findMAP')
2025-06-17 16:39:58,263 - __main__ - INFO - ...Image to Text MAP = 0.37324010511814937
2025-06-17 16:39:58,387 - __main__ - INFO - ...Text to Image MAP = 0.3310687458624437
2025-06-17 16:39:58,387 - __main__ - INFO - ...Average MAP = 0.3521544254902965
2025-06-17 16:40:06,483 - __main__ - INFO - Noise ratio: 0.8
2025-06-17 16:40:06,485 - __main__ - INFO - Namespace(dataset='wiki', seed=0, alpha=0.1, lamda=1, margin=0.9, lambd=5, barycenter_number=1, top_k=10, warm_up_epoch=0, MAX_EPOCH=100, batch_size=256, output_dim=512, lr=0.0001, noisy_ratio=0.8, noise_mode='sym', GPU=1, hard_weight=True, noisy_train=True, logging='wiki_findMAP')
2025-06-17 16:42:42,628 - __main__ - INFO - ...Image to Text MAP = 0.4091017984847148
2025-06-17 16:42:42,732 - __main__ - INFO - ...Text to Image MAP = 0.37198497609213693
2025-06-17 16:42:42,732 - __main__ - INFO - ...Average MAP = 0.39054338728842586
2025-06-17 16:42:50,396 - __main__ - INFO - Noise ratio: 0.2
2025-06-17 16:42:50,398 - __main__ - INFO - Namespace(dataset='wiki', seed=0, alpha=0.2, lamda=1, margin=0.9, lambd=5, barycenter_number=1, top_k=10, warm_up_epoch=0, MAX_EPOCH=100, batch_size=256, output_dim=512, lr=0.0001, noisy_ratio=0.2, noise_mode='sym', GPU=1, hard_weight=True, noisy_train=True, logging='wiki_findMAP')
2025-06-17 16:45:33,337 - __main__ - INFO - ...Image to Text MAP = 0.4840664705682485
2025-06-17 16:45:33,611 - __main__ - INFO - ...Text to Image MAP = 0.4245280806738439
2025-06-17 16:45:33,616 - __main__ - INFO - ...Average MAP = 0.45429727562104616
2025-06-17 16:45:41,069 - __main__ - INFO - Noise ratio: 0.4
2025-06-17 16:45:41,071 - __main__ - INFO - Namespace(dataset='wiki', seed=0, alpha=0.2, lamda=1, margin=0.9, lambd=5, barycenter_number=1, top_k=10, warm_up_epoch=0, MAX_EPOCH=100, batch_size=256, output_dim=512, lr=0.0001, noisy_ratio=0.4, noise_mode='sym', GPU=1, hard_weight=True, noisy_train=True, logging='wiki_findMAP')
2025-06-17 16:48:35,774 - __main__ - INFO - ...Image to Text MAP = 0.4417185313129621
2025-06-17 16:48:35,878 - __main__ - INFO - ...Text to Image MAP = 0.3761929756337401
2025-06-17 16:48:35,878 - __main__ - INFO - ...Average MAP = 0.4089557534733511
2025-06-17 16:48:42,826 - __main__ - INFO - Noise ratio: 0.6
2025-06-17 16:48:42,828 - __main__ - INFO - Namespace(dataset='wiki', seed=0, alpha=0.2, lamda=1, margin=0.9, lambd=5, barycenter_number=1, top_k=10, warm_up_epoch=0, MAX_EPOCH=100, batch_size=256, output_dim=512, lr=0.0001, noisy_ratio=0.6, noise_mode='sym', GPU=1, hard_weight=True, noisy_train=True, logging='wiki_findMAP')
2025-06-17 16:51:31,379 - __main__ - INFO - ...Image to Text MAP = 0.42956588858845024
2025-06-17 16:51:31,491 - __main__ - INFO - ...Text to Image MAP = 0.38538302799380314
2025-06-17 16:51:31,491 - __main__ - INFO - ...Average MAP = 0.4074744582911267
2025-06-17 16:51:39,614 - __main__ - INFO - Noise ratio: 0.8
2025-06-17 16:51:39,616 - __main__ - INFO - Namespace(dataset='wiki', seed=0, alpha=0.2, lamda=1, margin=0.9, lambd=5, barycenter_number=1, top_k=10, warm_up_epoch=0, MAX_EPOCH=100, batch_size=256, output_dim=512, lr=0.0001, noisy_ratio=0.8, noise_mode='sym', GPU=1, hard_weight=True, noisy_train=True, logging='wiki_findMAP')
2025-06-17 16:54:28,965 - __main__ - INFO - ...Image to Text MAP = 0.45407299520185723
2025-06-17 16:54:29,059 - __main__ - INFO - ...Text to Image MAP = 0.41588548991880464
2025-06-17 16:54:29,059 - __main__ - INFO - ...Average MAP = 0.43497924256033094
2025-06-17 16:54:36,963 - __main__ - INFO - Noise ratio: 0.2
2025-06-17 16:54:36,966 - __main__ - INFO - Namespace(dataset='wiki', seed=0, alpha=0.3, lamda=1, margin=0.9, lambd=5, barycenter_number=1, top_k=10, warm_up_epoch=0, MAX_EPOCH=100, batch_size=256, output_dim=512, lr=0.0001, noisy_ratio=0.2, noise_mode='sym', GPU=1, hard_weight=True, noisy_train=True, logging='wiki_findMAP')
2025-06-17 16:57:29,135 - __main__ - INFO - ...Image to Text MAP = 0.48085543435881273
2025-06-17 16:57:29,321 - __main__ - INFO - ...Text to Image MAP = 0.4259311623169625
2025-06-17 16:57:29,321 - __main__ - INFO - ...Average MAP = 0.4533932983378876
2025-06-17 16:57:37,026 - __main__ - INFO - Noise ratio: 0.4
2025-06-17 16:57:37,031 - __main__ - INFO - Namespace(dataset='wiki', seed=0, alpha=0.3, lamda=1, margin=0.9, lambd=5, barycenter_number=1, top_k=10, warm_up_epoch=0, MAX_EPOCH=100, batch_size=256, output_dim=512, lr=0.0001, noisy_ratio=0.4, noise_mode='sym', GPU=1, hard_weight=True, noisy_train=True, logging='wiki_findMAP')
2025-06-17 17:00:21,480 - __main__ - INFO - ...Image to Text MAP = 0.4817805884757378
2025-06-17 17:00:21,585 - __main__ - INFO - ...Text to Image MAP = 0.41998246762233127
2025-06-17 17:00:21,586 - __main__ - INFO - ...Average MAP = 0.45088152804903453
2025-06-17 17:00:29,083 - __main__ - INFO - Noise ratio: 0.6
2025-06-17 17:00:29,084 - __main__ - INFO - Namespace(dataset='wiki', seed=0, alpha=0.3, lamda=1, margin=0.9, lambd=5, barycenter_number=1, top_k=10, warm_up_epoch=0, MAX_EPOCH=100, batch_size=256, output_dim=512, lr=0.0001, noisy_ratio=0.6, noise_mode='sym', GPU=1, hard_weight=True, noisy_train=True, logging='wiki_findMAP')
2025-06-17 17:03:23,420 - __main__ - INFO - ...Image to Text MAP = 0.485362377328042
2025-06-17 17:03:23,525 - __main__ - INFO - ...Text to Image MAP = 0.4334145178340113
2025-06-17 17:03:23,525 - __main__ - INFO - ...Average MAP = 0.45938844758102665
2025-06-17 17:03:30,799 - __main__ - INFO - Noise ratio: 0.8
2025-06-17 17:03:30,803 - __main__ - INFO - Namespace(dataset='wiki', seed=0, alpha=0.3, lamda=1, margin=0.9, lambd=5, barycenter_number=1, top_k=10, warm_up_epoch=0, MAX_EPOCH=100, batch_size=256, output_dim=512, lr=0.0001, noisy_ratio=0.8, noise_mode='sym', GPU=1, hard_weight=True, noisy_train=True, logging='wiki_findMAP')
2025-06-17 17:06:13,565 - __main__ - INFO - ...Image to Text MAP = 0.4615354535871932
2025-06-17 17:06:13,671 - __main__ - INFO - ...Text to Image MAP = 0.4290480013923735
2025-06-17 17:06:13,672 - __main__ - INFO - ...Average MAP = 0.44529172748978335
2025-06-17 17:06:20,899 - __main__ - INFO - Noise ratio: 0.2
2025-06-17 17:06:20,900 - __main__ - INFO - Namespace(dataset='wiki', seed=0, alpha=0.4, lamda=1, margin=0.9, lambd=5, barycenter_number=1, top_k=10, warm_up_epoch=0, MAX_EPOCH=100, batch_size=256, output_dim=512, lr=0.0001, noisy_ratio=0.2, noise_mode='sym', GPU=1, hard_weight=True, noisy_train=True, logging='wiki_findMAP')
2025-06-17 17:09:01,722 - __main__ - INFO - ...Image to Text MAP = 0.49142684844058193
2025-06-17 17:09:01,821 - __main__ - INFO - ...Text to Image MAP = 0.42919069687436695
2025-06-17 17:09:01,821 - __main__ - INFO - ...Average MAP = 0.46030877265747444
2025-06-17 17:09:10,091 - __main__ - INFO - Noise ratio: 0.4
2025-06-17 17:09:10,095 - __main__ - INFO - Namespace(dataset='wiki', seed=0, alpha=0.4, lamda=1, margin=0.9, lambd=5, barycenter_number=1, top_k=10, warm_up_epoch=0, MAX_EPOCH=100, batch_size=256, output_dim=512, lr=0.0001, noisy_ratio=0.4, noise_mode='sym', GPU=1, hard_weight=True, noisy_train=True, logging='wiki_findMAP')
2025-06-17 17:12:42,403 - __main__ - INFO - ...Image to Text MAP = 0.49234554619874515
2025-06-17 17:12:42,511 - __main__ - INFO - ...Text to Image MAP = 0.4367230012212298
2025-06-17 17:12:42,568 - __main__ - INFO - ...Average MAP = 0.46453427370998746
2025-06-17 17:12:58,056 - __main__ - INFO - Noise ratio: 0.6
2025-06-17 17:12:58,060 - __main__ - INFO - Namespace(dataset='wiki', seed=0, alpha=0.4, lamda=1, margin=0.9, lambd=5, barycenter_number=1, top_k=10, warm_up_epoch=0, MAX_EPOCH=100, batch_size=256, output_dim=512, lr=0.0001, noisy_ratio=0.6, noise_mode='sym', GPU=1, hard_weight=True, noisy_train=True, logging='wiki_findMAP')
2025-06-17 17:16:12,354 - __main__ - INFO - ...Image to Text MAP = 0.4709993601576131
2025-06-17 17:16:12,499 - __main__ - INFO - ...Text to Image MAP = 0.422822108311064
2025-06-17 17:16:12,553 - __main__ - INFO - ...Average MAP = 0.4469107342343386
2025-06-17 17:18:40,680 - __main__ - INFO - Noise ratio: 0.8
2025-06-17 17:18:40,697 - __main__ - INFO - Namespace(dataset='wiki', seed=0, alpha=0.4, lamda=1, margin=0.9, lambd=5, barycenter_number=1, top_k=10, warm_up_epoch=0, MAX_EPOCH=100, batch_size=256, output_dim=512, lr=0.0001, noisy_ratio=0.8, noise_mode='sym', GPU=1, hard_weight=True, noisy_train=True, logging='wiki_findMAP')
2025-06-17 17:22:28,975 - __main__ - INFO - ...Image to Text MAP = 0.4581168593439426
2025-06-17 17:22:29,195 - __main__ - INFO - ...Text to Image MAP = 0.4303624850657915
2025-06-17 17:22:29,366 - __main__ - INFO - ...Average MAP = 0.44423967220486704
2025-06-17 17:35:20,529 - __main__ - INFO - Noise ratio: 0.2
2025-06-17 17:35:20,531 - __main__ - INFO - Namespace(dataset='wiki', seed=0, alpha=0.5, lamda=1, margin=0.9, lambd=5, barycenter_number=1, top_k=10, warm_up_epoch=0, MAX_EPOCH=100, batch_size=256, output_dim=512, lr=0.0001, noisy_ratio=0.2, noise_mode='sym', GPU=1, hard_weight=True, noisy_train=True, logging='wiki_findMAP')
2025-06-17 17:37:39,914 - __main__ - INFO - ...Image to Text MAP = 0.5049255195339364
2025-06-17 17:37:40,073 - __main__ - INFO - ...Text to Image MAP = 0.4450937991810322
2025-06-17 17:37:40,099 - __main__ - INFO - ...Average MAP = 0.4750096593574843
2025-06-17 17:38:20,303 - __main__ - INFO - Noise ratio: 0.4
2025-06-17 17:38:20,313 - __main__ - INFO - Namespace(dataset='wiki', seed=0, alpha=0.5, lamda=1, margin=0.9, lambd=5, barycenter_number=1, top_k=10, warm_up_epoch=0, MAX_EPOCH=100, batch_size=256, output_dim=512, lr=0.0001, noisy_ratio=0.4, noise_mode='sym', GPU=1, hard_weight=True, noisy_train=True, logging='wiki_findMAP')
2025-06-17 17:41:20,741 - __main__ - INFO - ...Image to Text MAP = 0.48620605144580376
2025-06-17 17:41:20,956 - __main__ - INFO - ...Text to Image MAP = 0.4322992695649581
2025-06-17 17:41:20,992 - __main__ - INFO - ...Average MAP = 0.45925266050538094
2025-06-17 17:42:29,061 - __main__ - INFO - Noise ratio: 0.6
2025-06-17 17:42:29,086 - __main__ - INFO - Namespace(dataset='wiki', seed=0, alpha=0.5, lamda=1, margin=0.9, lambd=5, barycenter_number=1, top_k=10, warm_up_epoch=0, MAX_EPOCH=100, batch_size=256, output_dim=512, lr=0.0001, noisy_ratio=0.6, noise_mode='sym', GPU=1, hard_weight=True, noisy_train=True, logging='wiki_findMAP')
2025-06-17 17:45:03,989 - __main__ - INFO - ...Image to Text MAP = 0.4908468416091218
2025-06-17 17:45:04,096 - __main__ - INFO - ...Text to Image MAP = 0.4513569120601725
2025-06-17 17:45:04,143 - __main__ - INFO - ...Average MAP = 0.4711018768346471
2025-06-17 17:46:04,802 - __main__ - INFO - Noise ratio: 0.8
2025-06-17 17:46:04,804 - __main__ - INFO - Namespace(dataset='wiki', seed=0, alpha=0.5, lamda=1, margin=0.9, lambd=5, barycenter_number=1, top_k=10, warm_up_epoch=0, MAX_EPOCH=100, batch_size=256, output_dim=512, lr=0.0001, noisy_ratio=0.8, noise_mode='sym', GPU=1, hard_weight=True, noisy_train=True, logging='wiki_findMAP')
2025-06-17 17:48:49,084 - __main__ - INFO - ...Image to Text MAP = 0.45114400371587005
2025-06-17 17:48:49,207 - __main__ - INFO - ...Text to Image MAP = 0.4352987171478411
2025-06-17 17:48:49,236 - __main__ - INFO - ...Average MAP = 0.44322136043185556
2025-06-17 17:50:44,873 - __main__ - INFO - Noise ratio: 0.2
2025-06-17 17:50:44,896 - __main__ - INFO - Namespace(dataset='wiki', seed=0, alpha=0.6, lamda=1, margin=0.9, lambd=5, barycenter_number=1, top_k=10, warm_up_epoch=0, MAX_EPOCH=100, batch_size=256, output_dim=512, lr=0.0001, noisy_ratio=0.2, noise_mode='sym', GPU=1, hard_weight=True, noisy_train=True, logging='wiki_findMAP')
2025-06-17 17:53:20,802 - __main__ - INFO - ...Image to Text MAP = 0.49118682724270346
2025-06-17 17:53:20,915 - __main__ - INFO - ...Text to Image MAP = 0.43665638965600595
2025-06-17 17:53:20,921 - __main__ - INFO - ...Average MAP = 0.4639216084493547
2025-06-17 17:58:28,306 - __main__ - INFO - Noise ratio: 0.4
2025-06-17 17:58:28,308 - __main__ - INFO - Namespace(dataset='wiki', seed=0, alpha=0.6, lamda=1, margin=0.9, lambd=5, barycenter_number=1, top_k=10, warm_up_epoch=0, MAX_EPOCH=100, batch_size=256, output_dim=512, lr=0.0001, noisy_ratio=0.4, noise_mode='sym', GPU=1, hard_weight=True, noisy_train=True, logging='wiki_findMAP')
2025-06-17 18:01:09,168 - __main__ - INFO - ...Image to Text MAP = 0.4871090320208233
2025-06-17 18:01:09,265 - __main__ - INFO - ...Text to Image MAP = 0.44086814235081717
2025-06-17 18:01:09,265 - __main__ - INFO - ...Average MAP = 0.46398858718582026
2025-06-17 18:01:15,789 - __main__ - INFO - Noise ratio: 0.6
2025-06-17 18:01:15,790 - __main__ - INFO - Namespace(dataset='wiki', seed=0, alpha=0.6, lamda=1, margin=0.9, lambd=5, barycenter_number=1, top_k=10, warm_up_epoch=0, MAX_EPOCH=100, batch_size=256, output_dim=512, lr=0.0001, noisy_ratio=0.6, noise_mode='sym', GPU=1, hard_weight=True, noisy_train=True, logging='wiki_findMAP')
2025-06-17 18:04:39,799 - __main__ - INFO - ...Image to Text MAP = 0.490806597749085
2025-06-17 18:04:39,924 - __main__ - INFO - ...Text to Image MAP = 0.45489216773612634
2025-06-17 18:04:39,924 - __main__ - INFO - ...Average MAP = 0.4728493827426057
2025-06-17 18:04:50,125 - __main__ - INFO - Noise ratio: 0.8
2025-06-17 18:04:50,128 - __main__ - INFO - Namespace(dataset='wiki', seed=0, alpha=0.6, lamda=1, margin=0.9, lambd=5, barycenter_number=1, top_k=10, warm_up_epoch=0, MAX_EPOCH=100, batch_size=256, output_dim=512, lr=0.0001, noisy_ratio=0.8, noise_mode='sym', GPU=1, hard_weight=True, noisy_train=True, logging='wiki_findMAP')
2025-06-17 18:08:11,223 - __main__ - INFO - ...Image to Text MAP = 0.44562844942197904
2025-06-17 18:08:11,335 - __main__ - INFO - ...Text to Image MAP = 0.4256234716464205
2025-06-17 18:08:11,336 - __main__ - INFO - ...Average MAP = 0.4356259605341998
2025-06-17 18:08:20,351 - __main__ - INFO - Noise ratio: 0.2
2025-06-17 18:08:20,353 - __main__ - INFO - Namespace(dataset='wiki', seed=0, alpha=0.7, lamda=1, margin=0.9, lambd=5, barycenter_number=1, top_k=10, warm_up_epoch=0, MAX_EPOCH=100, batch_size=256, output_dim=512, lr=0.0001, noisy_ratio=0.2, noise_mode='sym', GPU=1, hard_weight=True, noisy_train=True, logging='wiki_findMAP')
2025-06-17 18:11:51,672 - __main__ - INFO - ...Image to Text MAP = 0.5011551322868664
2025-06-17 18:11:51,792 - __main__ - INFO - ...Text to Image MAP = 0.44459665449580793
2025-06-17 18:11:51,792 - __main__ - INFO - ...Average MAP = 0.4728758933913372
2025-06-17 18:12:00,338 - __main__ - INFO - Noise ratio: 0.4
2025-06-17 18:12:00,340 - __main__ - INFO - Namespace(dataset='wiki', seed=0, alpha=0.7, lamda=1, margin=0.9, lambd=5, barycenter_number=1, top_k=10, warm_up_epoch=0, MAX_EPOCH=100, batch_size=256, output_dim=512, lr=0.0001, noisy_ratio=0.4, noise_mode='sym', GPU=1, hard_weight=True, noisy_train=True, logging='wiki_findMAP')
2025-06-17 18:15:39,891 - __main__ - INFO - ...Image to Text MAP = 0.5060580785182046
2025-06-17 18:15:40,094 - __main__ - INFO - ...Text to Image MAP = 0.46540281088324653
2025-06-17 18:15:40,095 - __main__ - INFO - ...Average MAP = 0.48573044470072557
2025-06-17 18:15:48,568 - __main__ - INFO - Noise ratio: 0.6
2025-06-17 18:15:48,570 - __main__ - INFO - Namespace(dataset='wiki', seed=0, alpha=0.7, lamda=1, margin=0.9, lambd=5, barycenter_number=1, top_k=10, warm_up_epoch=0, MAX_EPOCH=100, batch_size=256, output_dim=512, lr=0.0001, noisy_ratio=0.6, noise_mode='sym', GPU=1, hard_weight=True, noisy_train=True, logging='wiki_findMAP')
2025-06-17 18:19:05,737 - __main__ - INFO - ...Image to Text MAP = 0.4840799624171001
2025-06-17 18:19:05,987 - __main__ - INFO - ...Text to Image MAP = 0.448968870580893
2025-06-17 18:19:05,988 - __main__ - INFO - ...Average MAP = 0.46652441649899656
2025-06-17 18:19:14,176 - __main__ - INFO - Noise ratio: 0.8
2025-06-17 18:19:14,184 - __main__ - INFO - Namespace(dataset='wiki', seed=0, alpha=0.7, lamda=1, margin=0.9, lambd=5, barycenter_number=1, top_k=10, warm_up_epoch=0, MAX_EPOCH=100, batch_size=256, output_dim=512, lr=0.0001, noisy_ratio=0.8, noise_mode='sym', GPU=1, hard_weight=True, noisy_train=True, logging='wiki_findMAP')
2025-06-17 18:22:01,346 - __main__ - INFO - ...Image to Text MAP = 0.4387257003308209
2025-06-17 18:22:01,450 - __main__ - INFO - ...Text to Image MAP = 0.41548517763911913
2025-06-17 18:22:01,452 - __main__ - INFO - ...Average MAP = 0.42710543898497
2025-06-17 18:22:09,426 - __main__ - INFO - Noise ratio: 0.2
2025-06-17 18:22:09,428 - __main__ - INFO - Namespace(dataset='wiki', seed=0, alpha=0.8, lamda=1, margin=0.9, lambd=5, barycenter_number=1, top_k=10, warm_up_epoch=0, MAX_EPOCH=100, batch_size=256, output_dim=512, lr=0.0001, noisy_ratio=0.2, noise_mode='sym', GPU=1, hard_weight=True, noisy_train=True, logging='wiki_findMAP')
2025-06-17 18:25:04,723 - __main__ - INFO - ...Image to Text MAP = 0.5086273316644272
2025-06-17 18:25:04,877 - __main__ - INFO - ...Text to Image MAP = 0.463242416912957
2025-06-17 18:25:04,877 - __main__ - INFO - ...Average MAP = 0.4859348742886921
2025-06-17 18:25:12,803 - __main__ - INFO - Noise ratio: 0.4
2025-06-17 18:25:12,805 - __main__ - INFO - Namespace(dataset='wiki', seed=0, alpha=0.8, lamda=1, margin=0.9, lambd=5, barycenter_number=1, top_k=10, warm_up_epoch=0, MAX_EPOCH=100, batch_size=256, output_dim=512, lr=0.0001, noisy_ratio=0.4, noise_mode='sym', GPU=1, hard_weight=True, noisy_train=True, logging='wiki_findMAP')
2025-06-17 18:27:59,648 - __main__ - INFO - ...Image to Text MAP = 0.49215902542508144
2025-06-17 18:27:59,733 - __main__ - INFO - ...Text to Image MAP = 0.4476207243426915
2025-06-17 18:27:59,733 - __main__ - INFO - ...Average MAP = 0.46988987488388645
2025-06-17 18:28:07,317 - __main__ - INFO - Noise ratio: 0.6
2025-06-17 18:28:07,319 - __main__ - INFO - Namespace(dataset='wiki', seed=0, alpha=0.8, lamda=1, margin=0.9, lambd=5, barycenter_number=1, top_k=10, warm_up_epoch=0, MAX_EPOCH=100, batch_size=256, output_dim=512, lr=0.0001, noisy_ratio=0.6, noise_mode='sym', GPU=1, hard_weight=True, noisy_train=True, logging='wiki_findMAP')
2025-06-17 18:31:52,921 - __main__ - INFO - ...Image to Text MAP = 0.488985356245906
2025-06-17 18:31:53,267 - __main__ - INFO - ...Text to Image MAP = 0.45286095667358495
2025-06-17 18:31:53,268 - __main__ - INFO - ...Average MAP = 0.4709231564597455
2025-06-17 18:32:03,305 - __main__ - INFO - Noise ratio: 0.8
2025-06-17 18:32:03,306 - __main__ - INFO - Namespace(dataset='wiki', seed=0, alpha=0.8, lamda=1, margin=0.9, lambd=5, barycenter_number=1, top_k=10, warm_up_epoch=0, MAX_EPOCH=100, batch_size=256, output_dim=512, lr=0.0001, noisy_ratio=0.8, noise_mode='sym', GPU=1, hard_weight=True, noisy_train=True, logging='wiki_findMAP')
2025-06-17 18:35:38,865 - __main__ - INFO - ...Image to Text MAP = 0.4364850272511103
2025-06-17 18:35:38,971 - __main__ - INFO - ...Text to Image MAP = 0.42098851852972813
2025-06-17 18:35:38,972 - __main__ - INFO - ...Average MAP = 0.4287367728904192
2025-06-17 18:35:48,211 - __main__ - INFO - Noise ratio: 0.2
2025-06-17 18:35:48,212 - __main__ - INFO - Namespace(dataset='wiki', seed=0, alpha=0.9, lamda=1, margin=0.9, lambd=5, barycenter_number=1, top_k=10, warm_up_epoch=0, MAX_EPOCH=100, batch_size=256, output_dim=512, lr=0.0001, noisy_ratio=0.2, noise_mode='sym', GPU=1, hard_weight=True, noisy_train=True, logging='wiki_findMAP')
2025-06-17 18:39:19,829 - __main__ - INFO - ...Image to Text MAP = 0.5142272421359343
2025-06-17 18:39:19,956 - __main__ - INFO - ...Text to Image MAP = 0.46337791719059274
2025-06-17 18:39:19,956 - __main__ - INFO - ...Average MAP = 0.4888025796632635
2025-06-17 18:39:29,765 - __main__ - INFO - Noise ratio: 0.4
2025-06-17 18:39:29,768 - __main__ - INFO - Namespace(dataset='wiki', seed=0, alpha=0.9, lamda=1, margin=0.9, lambd=5, barycenter_number=1, top_k=10, warm_up_epoch=0, MAX_EPOCH=100, batch_size=256, output_dim=512, lr=0.0001, noisy_ratio=0.4, noise_mode='sym', GPU=1, hard_weight=True, noisy_train=True, logging='wiki_findMAP')
2025-06-17 18:43:01,817 - __main__ - INFO - ...Image to Text MAP = 0.5109392199533199
2025-06-17 18:43:02,051 - __main__ - INFO - ...Text to Image MAP = 0.4772038677867839
2025-06-17 18:43:02,052 - __main__ - INFO - ...Average MAP = 0.4940715438700519
2025-06-17 18:43:10,349 - __main__ - INFO - Noise ratio: 0.6
2025-06-17 18:43:10,354 - __main__ - INFO - Namespace(dataset='wiki', seed=0, alpha=0.9, lamda=1, margin=0.9, lambd=5, barycenter_number=1, top_k=10, warm_up_epoch=0, MAX_EPOCH=100, batch_size=256, output_dim=512, lr=0.0001, noisy_ratio=0.6, noise_mode='sym', GPU=1, hard_weight=True, noisy_train=True, logging='wiki_findMAP')
2025-06-17 18:46:38,741 - __main__ - INFO - ...Image to Text MAP = 0.47670085952512986
2025-06-17 18:46:38,825 - __main__ - INFO - ...Text to Image MAP = 0.4549053195276733
2025-06-17 18:46:38,825 - __main__ - INFO - ...Average MAP = 0.4658030895264016
2025-06-17 18:46:46,177 - __main__ - INFO - Noise ratio: 0.8
2025-06-17 18:46:46,178 - __main__ - INFO - Namespace(dataset='wiki', seed=0, alpha=0.9, lamda=1, margin=0.9, lambd=5, barycenter_number=1, top_k=10, warm_up_epoch=0, MAX_EPOCH=100, batch_size=256, output_dim=512, lr=0.0001, noisy_ratio=0.8, noise_mode='sym', GPU=1, hard_weight=True, noisy_train=True, logging='wiki_findMAP')
2025-06-17 18:49:43,375 - __main__ - INFO - ...Image to Text MAP = 0.43525633659731056
2025-06-17 18:49:43,482 - __main__ - INFO - ...Text to Image MAP = 0.4201035284349175
2025-06-17 18:49:43,483 - __main__ - INFO - ...Average MAP = 0.427679932516114
2025-06-17 18:49:50,615 - __main__ - INFO - Noise ratio: 0.2
2025-06-17 18:49:50,618 - __main__ - INFO - Namespace(dataset='wiki', seed=0, alpha=1.0, lamda=1, margin=0.9, lambd=5, barycenter_number=1, top_k=10, warm_up_epoch=0, MAX_EPOCH=100, batch_size=256, output_dim=512, lr=0.0001, noisy_ratio=0.2, noise_mode='sym', GPU=1, hard_weight=True, noisy_train=True, logging='wiki_findMAP')
2025-06-17 18:52:47,183 - __main__ - INFO - ...Image to Text MAP = 0.5102041471785257
2025-06-17 18:52:47,350 - __main__ - INFO - ...Text to Image MAP = 0.47062537086178685
2025-06-17 18:52:47,351 - __main__ - INFO - ...Average MAP = 0.4904147590201563
2025-06-17 18:52:55,199 - __main__ - INFO - Noise ratio: 0.4
2025-06-17 18:52:55,202 - __main__ - INFO - Namespace(dataset='wiki', seed=0, alpha=1.0, lamda=1, margin=0.9, lambd=5, barycenter_number=1, top_k=10, warm_up_epoch=0, MAX_EPOCH=100, batch_size=256, output_dim=512, lr=0.0001, noisy_ratio=0.4, noise_mode='sym', GPU=1, hard_weight=True, noisy_train=True, logging='wiki_findMAP')
2025-06-17 18:55:20,943 - __main__ - INFO - ...Image to Text MAP = 0.5146502515795965
2025-06-17 18:55:21,077 - __main__ - INFO - ...Text to Image MAP = 0.468218016534054
2025-06-17 18:55:21,077 - __main__ - INFO - ...Average MAP = 0.49143413405682523
2025-06-17 18:55:28,589 - __main__ - INFO - Noise ratio: 0.6
2025-06-17 18:55:28,591 - __main__ - INFO - Namespace(dataset='wiki', seed=0, alpha=1.0, lamda=1, margin=0.9, lambd=5, barycenter_number=1, top_k=10, warm_up_epoch=0, MAX_EPOCH=100, batch_size=256, output_dim=512, lr=0.0001, noisy_ratio=0.6, noise_mode='sym', GPU=1, hard_weight=True, noisy_train=True, logging='wiki_findMAP')
2025-06-17 18:58:18,825 - __main__ - INFO - ...Image to Text MAP = 0.4770241598925286
2025-06-17 18:58:18,941 - __main__ - INFO - ...Text to Image MAP = 0.45267886615970454
2025-06-17 18:58:18,941 - __main__ - INFO - ...Average MAP = 0.4648515130261166
2025-06-17 18:58:26,899 - __main__ - INFO - Noise ratio: 0.8
2025-06-17 18:58:26,903 - __main__ - INFO - Namespace(dataset='wiki', seed=0, alpha=1.0, lamda=1, margin=0.9, lambd=5, barycenter_number=1, top_k=10, warm_up_epoch=0, MAX_EPOCH=100, batch_size=256, output_dim=512, lr=0.0001, noisy_ratio=0.8, noise_mode='sym', GPU=1, hard_weight=True, noisy_train=True, logging='wiki_findMAP')
2025-06-17 19:01:38,677 - __main__ - INFO - ...Image to Text MAP = 0.43108484335896086
2025-06-17 19:01:38,792 - __main__ - INFO - ...Text to Image MAP = 0.41766282966917856
2025-06-17 19:01:38,793 - __main__ - INFO - ...Average MAP = 0.4243738365140697
2025-06-17 19:01:46,083 - __main__ - INFO - Noise ratio: 0.2
2025-06-17 19:01:46,085 - __main__ - INFO - Namespace(dataset='wiki', seed=0, alpha=2.0, lamda=1, margin=0.9, lambd=5, barycenter_number=1, top_k=10, warm_up_epoch=0, MAX_EPOCH=100, batch_size=256, output_dim=512, lr=0.0001, noisy_ratio=0.2, noise_mode='sym', GPU=1, hard_weight=True, noisy_train=True, logging='wiki_findMAP')
2025-06-17 19:04:53,191 - __main__ - INFO - ...Image to Text MAP = 0.5152422186071047
2025-06-17 19:04:53,293 - __main__ - INFO - ...Text to Image MAP = 0.47743253111022443
2025-06-17 19:04:53,293 - __main__ - INFO - ...Average MAP = 0.4963373748586646
2025-06-17 19:05:01,536 - __main__ - INFO - Noise ratio: 0.4
2025-06-17 19:05:01,540 - __main__ - INFO - Namespace(dataset='wiki', seed=0, alpha=2.0, lamda=1, margin=0.9, lambd=5, barycenter_number=1, top_k=10, warm_up_epoch=0, MAX_EPOCH=100, batch_size=256, output_dim=512, lr=0.0001, noisy_ratio=0.4, noise_mode='sym', GPU=1, hard_weight=True, noisy_train=True, logging='wiki_findMAP')
2025-06-17 19:08:25,035 - __main__ - INFO - ...Image to Text MAP = 0.47763156938301465
2025-06-17 19:08:25,141 - __main__ - INFO - ...Text to Image MAP = 0.44533614698975044
2025-06-17 19:08:25,141 - __main__ - INFO - ...Average MAP = 0.46148385818638255
2025-06-17 19:08:32,255 - __main__ - INFO - Noise ratio: 0.6
2025-06-17 19:08:32,256 - __main__ - INFO - Namespace(dataset='wiki', seed=0, alpha=2.0, lamda=1, margin=0.9, lambd=5, barycenter_number=1, top_k=10, warm_up_epoch=0, MAX_EPOCH=100, batch_size=256, output_dim=512, lr=0.0001, noisy_ratio=0.6, noise_mode='sym', GPU=1, hard_weight=True, noisy_train=True, logging='wiki_findMAP')
2025-06-17 19:12:05,367 - __main__ - INFO - ...Image to Text MAP = 0.4358699916651515
2025-06-17 19:12:05,503 - __main__ - INFO - ...Text to Image MAP = 0.41968009197460393
2025-06-17 19:12:05,504 - __main__ - INFO - ...Average MAP = 0.4277750418198777
2025-06-17 19:12:12,431 - __main__ - INFO - Noise ratio: 0.8
2025-06-17 19:12:12,433 - __main__ - INFO - Namespace(dataset='wiki', seed=0, alpha=2.0, lamda=1, margin=0.9, lambd=5, barycenter_number=1, top_k=10, warm_up_epoch=0, MAX_EPOCH=100, batch_size=256, output_dim=512, lr=0.0001, noisy_ratio=0.8, noise_mode='sym', GPU=1, hard_weight=True, noisy_train=True, logging='wiki_findMAP')
2025-06-17 19:15:44,280 - __main__ - INFO - ...Image to Text MAP = 0.42811983828390515
2025-06-17 19:15:44,393 - __main__ - INFO - ...Text to Image MAP = 0.4137735538398396
2025-06-17 19:15:44,399 - __main__ - INFO - ...Average MAP = 0.4209466960618724
2025-06-17 19:15:52,053 - __main__ - INFO - Noise ratio: 0.2
2025-06-17 19:15:52,054 - __main__ - INFO - Namespace(dataset='wiki', seed=1, alpha=0.1, lamda=1, margin=0.9, lambd=5, barycenter_number=1, top_k=10, warm_up_epoch=0, MAX_EPOCH=100, batch_size=256, output_dim=512, lr=0.0001, noisy_ratio=0.2, noise_mode='sym', GPU=1, hard_weight=True, noisy_train=True, logging='wiki_findMAP')
2025-06-17 19:18:49,882 - __main__ - INFO - ...Image to Text MAP = 0.45959825246992686
2025-06-17 19:18:50,070 - __main__ - INFO - ...Text to Image MAP = 0.3982486171422132
2025-06-17 19:18:50,071 - __main__ - INFO - ...Average MAP = 0.42892343480607004
2025-06-17 19:18:57,564 - __main__ - INFO - Noise ratio: 0.4
2025-06-17 19:18:57,566 - __main__ - INFO - Namespace(dataset='wiki', seed=1, alpha=0.1, lamda=1, margin=0.9, lambd=5, barycenter_number=1, top_k=10, warm_up_epoch=0, MAX_EPOCH=100, batch_size=256, output_dim=512, lr=0.0001, noisy_ratio=0.4, noise_mode='sym', GPU=1, hard_weight=True, noisy_train=True, logging='wiki_findMAP')
2025-06-17 19:22:13,159 - __main__ - INFO - ...Image to Text MAP = 0.4606409702019618
2025-06-17 19:22:13,266 - __main__ - INFO - ...Text to Image MAP = 0.40988205335964845
2025-06-17 19:22:13,267 - __main__ - INFO - ...Average MAP = 0.43526151178080513
2025-06-17 19:22:20,294 - __main__ - INFO - Noise ratio: 0.6
2025-06-17 19:22:20,295 - __main__ - INFO - Namespace(dataset='wiki', seed=1, alpha=0.1, lamda=1, margin=0.9, lambd=5, barycenter_number=1, top_k=10, warm_up_epoch=0, MAX_EPOCH=100, batch_size=256, output_dim=512, lr=0.0001, noisy_ratio=0.6, noise_mode='sym', GPU=1, hard_weight=True, noisy_train=True, logging='wiki_findMAP')
2025-06-17 19:25:16,543 - __main__ - INFO - ...Image to Text MAP = 0.3780375961408343
2025-06-17 19:25:16,642 - __main__ - INFO - ...Text to Image MAP = 0.33092513622200453
2025-06-17 19:25:16,642 - __main__ - INFO - ...Average MAP = 0.35448136618141945
2025-06-17 19:25:24,363 - __main__ - INFO - Noise ratio: 0.8
2025-06-17 19:25:24,365 - __main__ - INFO - Namespace(dataset='wiki', seed=1, alpha=0.1, lamda=1, margin=0.9, lambd=5, barycenter_number=1, top_k=10, warm_up_epoch=0, MAX_EPOCH=100, batch_size=256, output_dim=512, lr=0.0001, noisy_ratio=0.8, noise_mode='sym', GPU=1, hard_weight=True, noisy_train=True, logging='wiki_findMAP')
2025-06-17 19:28:40,728 - __main__ - INFO - ...Image to Text MAP = 0.41101296548265903
2025-06-17 19:28:40,937 - __main__ - INFO - ...Text to Image MAP = 0.37785670350083517
2025-06-17 19:28:40,938 - __main__ - INFO - ...Average MAP = 0.3944348344917471
2025-06-17 19:28:48,490 - __main__ - INFO - Noise ratio: 0.2
2025-06-17 19:28:48,497 - __main__ - INFO - Namespace(dataset='wiki', seed=1, alpha=0.2, lamda=1, margin=0.9, lambd=5, barycenter_number=1, top_k=10, warm_up_epoch=0, MAX_EPOCH=100, batch_size=256, output_dim=512, lr=0.0001, noisy_ratio=0.2, noise_mode='sym', GPU=1, hard_weight=True, noisy_train=True, logging='wiki_findMAP')
2025-06-17 19:32:21,400 - __main__ - INFO - ...Image to Text MAP = 0.48155645801617136
2025-06-17 19:32:21,505 - __main__ - INFO - ...Text to Image MAP = 0.4259094419486361
2025-06-17 19:32:21,505 - __main__ - INFO - ...Average MAP = 0.45373294998240377
2025-06-17 19:32:31,325 - __main__ - INFO - Noise ratio: 0.4
2025-06-17 19:32:31,326 - __main__ - INFO - Namespace(dataset='wiki', seed=1, alpha=0.2, lamda=1, margin=0.9, lambd=5, barycenter_number=1, top_k=10, warm_up_epoch=0, MAX_EPOCH=100, batch_size=256, output_dim=512, lr=0.0001, noisy_ratio=0.4, noise_mode='sym', GPU=1, hard_weight=True, noisy_train=True, logging='wiki_findMAP')
2025-06-17 19:36:23,970 - __main__ - INFO - ...Image to Text MAP = 0.46448894744655417
2025-06-17 19:36:24,056 - __main__ - INFO - ...Text to Image MAP = 0.4074321609707539
2025-06-17 19:36:24,056 - __main__ - INFO - ...Average MAP = 0.43596055420865404
2025-06-17 19:36:33,923 - __main__ - INFO - Noise ratio: 0.6
2025-06-17 19:36:33,925 - __main__ - INFO - Namespace(dataset='wiki', seed=1, alpha=0.2, lamda=1, margin=0.9, lambd=5, barycenter_number=1, top_k=10, warm_up_epoch=0, MAX_EPOCH=100, batch_size=256, output_dim=512, lr=0.0001, noisy_ratio=0.6, noise_mode='sym', GPU=1, hard_weight=True, noisy_train=True, logging='wiki_findMAP')
2025-06-17 19:40:27,810 - __main__ - INFO - ...Image to Text MAP = 0.44639169559042385
2025-06-17 19:40:27,918 - __main__ - INFO - ...Text to Image MAP = 0.3981672603983576
2025-06-17 19:40:27,919 - __main__ - INFO - ...Average MAP = 0.4222794779943907
2025-06-17 19:40:37,153 - __main__ - INFO - Noise ratio: 0.8
2025-06-17 19:40:37,156 - __main__ - INFO - Namespace(dataset='wiki', seed=1, alpha=0.2, lamda=1, margin=0.9, lambd=5, barycenter_number=1, top_k=10, warm_up_epoch=0, MAX_EPOCH=100, batch_size=256, output_dim=512, lr=0.0001, noisy_ratio=0.8, noise_mode='sym', GPU=1, hard_weight=True, noisy_train=True, logging='wiki_findMAP')
2025-06-17 19:44:36,723 - __main__ - INFO - ...Image to Text MAP = 0.4527190161710228
2025-06-17 19:44:36,831 - __main__ - INFO - ...Text to Image MAP = 0.41435527330633554
2025-06-17 19:44:36,831 - __main__ - INFO - ...Average MAP = 0.43353714473867916
2025-06-17 19:44:45,070 - __main__ - INFO - Noise ratio: 0.2
2025-06-17 19:44:45,072 - __main__ - INFO - Namespace(dataset='wiki', seed=1, alpha=0.3, lamda=1, margin=0.9, lambd=5, barycenter_number=1, top_k=10, warm_up_epoch=0, MAX_EPOCH=100, batch_size=256, output_dim=512, lr=0.0001, noisy_ratio=0.2, noise_mode='sym', GPU=1, hard_weight=True, noisy_train=True, logging='wiki_findMAP')
2025-06-17 19:47:28,060 - __main__ - INFO - ...Image to Text MAP = 0.49448741990554806
2025-06-17 19:47:28,150 - __main__ - INFO - ...Text to Image MAP = 0.43781661616605655
2025-06-17 19:47:28,151 - __main__ - INFO - ...Average MAP = 0.4661520180358023
2025-06-17 19:47:35,717 - __main__ - INFO - Noise ratio: 0.4
2025-06-17 19:47:35,719 - __main__ - INFO - Namespace(dataset='wiki', seed=1, alpha=0.3, lamda=1, margin=0.9, lambd=5, barycenter_number=1, top_k=10, warm_up_epoch=0, MAX_EPOCH=100, batch_size=256, output_dim=512, lr=0.0001, noisy_ratio=0.4, noise_mode='sym', GPU=1, hard_weight=True, noisy_train=True, logging='wiki_findMAP')
2025-06-17 19:51:01,294 - __main__ - INFO - ...Image to Text MAP = 0.48698335241381985
2025-06-17 19:51:01,407 - __main__ - INFO - ...Text to Image MAP = 0.4335383552082312
2025-06-17 19:51:01,407 - __main__ - INFO - ...Average MAP = 0.46026085381102555
2025-06-17 19:51:09,130 - __main__ - INFO - Noise ratio: 0.6
2025-06-17 19:51:09,132 - __main__ - INFO - Namespace(dataset='wiki', seed=1, alpha=0.3, lamda=1, margin=0.9, lambd=5, barycenter_number=1, top_k=10, warm_up_epoch=0, MAX_EPOCH=100, batch_size=256, output_dim=512, lr=0.0001, noisy_ratio=0.6, noise_mode='sym', GPU=1, hard_weight=True, noisy_train=True, logging='wiki_findMAP')
2025-06-17 19:55:11,885 - __main__ - INFO - ...Image to Text MAP = 0.4744780027020085
2025-06-17 19:55:11,994 - __main__ - INFO - ...Text to Image MAP = 0.43515956108807247
2025-06-17 19:55:11,995 - __main__ - INFO - ...Average MAP = 0.4548187818950405
2025-06-17 19:55:20,655 - __main__ - INFO - Noise ratio: 0.8
2025-06-17 19:55:20,659 - __main__ - INFO - Namespace(dataset='wiki', seed=1, alpha=0.3, lamda=1, margin=0.9, lambd=5, barycenter_number=1, top_k=10, warm_up_epoch=0, MAX_EPOCH=100, batch_size=256, output_dim=512, lr=0.0001, noisy_ratio=0.8, noise_mode='sym', GPU=1, hard_weight=True, noisy_train=True, logging='wiki_findMAP')
2025-06-17 19:59:02,478 - __main__ - INFO - ...Image to Text MAP = 0.45500831621726895
2025-06-17 19:59:02,604 - __main__ - INFO - ...Text to Image MAP = 0.43175740728359296
2025-06-17 19:59:02,606 - __main__ - INFO - ...Average MAP = 0.44338286175043096
2025-06-17 19:59:09,631 - __main__ - INFO - Noise ratio: 0.2
2025-06-17 19:59:09,633 - __main__ - INFO - Namespace(dataset='wiki', seed=1, alpha=0.4, lamda=1, margin=0.9, lambd=5, barycenter_number=1, top_k=10, warm_up_epoch=0, MAX_EPOCH=100, batch_size=256, output_dim=512, lr=0.0001, noisy_ratio=0.2, noise_mode='sym', GPU=1, hard_weight=True, noisy_train=True, logging='wiki_findMAP')
2025-06-17 20:02:59,786 - __main__ - INFO - ...Image to Text MAP = 0.49863919311780747
2025-06-17 20:02:59,890 - __main__ - INFO - ...Text to Image MAP = 0.45501399749099714
2025-06-17 20:02:59,891 - __main__ - INFO - ...Average MAP = 0.4768265953044023
2025-06-17 20:03:08,406 - __main__ - INFO - Noise ratio: 0.4
2025-06-17 20:03:08,410 - __main__ - INFO - Namespace(dataset='wiki', seed=1, alpha=0.4, lamda=1, margin=0.9, lambd=5, barycenter_number=1, top_k=10, warm_up_epoch=0, MAX_EPOCH=100, batch_size=256, output_dim=512, lr=0.0001, noisy_ratio=0.4, noise_mode='sym', GPU=1, hard_weight=True, noisy_train=True, logging='wiki_findMAP')
2025-06-17 20:06:32,081 - __main__ - INFO - ...Image to Text MAP = 0.47418183910859946
2025-06-17 20:06:32,204 - __main__ - INFO - ...Text to Image MAP = 0.42819407944376736
2025-06-17 20:06:32,205 - __main__ - INFO - ...Average MAP = 0.4511879592761834
2025-06-17 20:06:40,306 - __main__ - INFO - Noise ratio: 0.6
2025-06-17 20:06:40,307 - __main__ - INFO - Namespace(dataset='wiki', seed=1, alpha=0.4, lamda=1, margin=0.9, lambd=5, barycenter_number=1, top_k=10, warm_up_epoch=0, MAX_EPOCH=100, batch_size=256, output_dim=512, lr=0.0001, noisy_ratio=0.6, noise_mode='sym', GPU=1, hard_weight=True, noisy_train=True, logging='wiki_findMAP')
2025-06-17 20:09:53,510 - __main__ - INFO - ...Image to Text MAP = 0.48197522652555264
2025-06-17 20:09:53,618 - __main__ - INFO - ...Text to Image MAP = 0.44110044957105965
2025-06-17 20:09:53,620 - __main__ - INFO - ...Average MAP = 0.46153783804830617
2025-06-17 20:10:03,024 - __main__ - INFO - Noise ratio: 0.8
2025-06-17 20:10:03,025 - __main__ - INFO - Namespace(dataset='wiki', seed=1, alpha=0.4, lamda=1, margin=0.9, lambd=5, barycenter_number=1, top_k=10, warm_up_epoch=0, MAX_EPOCH=100, batch_size=256, output_dim=512, lr=0.0001, noisy_ratio=0.8, noise_mode='sym', GPU=1, hard_weight=True, noisy_train=True, logging='wiki_findMAP')
2025-06-17 20:13:47,251 - __main__ - INFO - ...Image to Text MAP = 0.4510653736344182
2025-06-17 20:13:47,345 - __main__ - INFO - ...Text to Image MAP = 0.4300143060171049
2025-06-17 20:13:47,346 - __main__ - INFO - ...Average MAP = 0.4405398398257615
2025-06-17 20:13:54,542 - __main__ - INFO - Noise ratio: 0.2
2025-06-17 20:13:54,544 - __main__ - INFO - Namespace(dataset='wiki', seed=1, alpha=0.5, lamda=1, margin=0.9, lambd=5, barycenter_number=1, top_k=10, warm_up_epoch=0, MAX_EPOCH=100, batch_size=256, output_dim=512, lr=0.0001, noisy_ratio=0.2, noise_mode='sym', GPU=1, hard_weight=True, noisy_train=True, logging='wiki_findMAP')
2025-06-17 20:17:43,469 - __main__ - INFO - ...Image to Text MAP = 0.5078283904700516
2025-06-17 20:17:43,573 - __main__ - INFO - ...Text to Image MAP = 0.44930390932047265
2025-06-17 20:17:43,574 - __main__ - INFO - ...Average MAP = 0.47856614989526214
2025-06-17 20:17:51,098 - __main__ - INFO - Noise ratio: 0.4
2025-06-17 20:17:51,101 - __main__ - INFO - Namespace(dataset='wiki', seed=1, alpha=0.5, lamda=1, margin=0.9, lambd=5, barycenter_number=1, top_k=10, warm_up_epoch=0, MAX_EPOCH=100, batch_size=256, output_dim=512, lr=0.0001, noisy_ratio=0.4, noise_mode='sym', GPU=1, hard_weight=True, noisy_train=True, logging='wiki_findMAP')
2025-06-17 20:21:48,909 - __main__ - INFO - ...Image to Text MAP = 0.4865247513978404
2025-06-17 20:21:49,027 - __main__ - INFO - ...Text to Image MAP = 0.43757962113493515
2025-06-17 20:21:49,028 - __main__ - INFO - ...Average MAP = 0.4620521862663878
2025-06-17 20:21:57,729 - __main__ - INFO - Noise ratio: 0.6
2025-06-17 20:21:57,734 - __main__ - INFO - Namespace(dataset='wiki', seed=1, alpha=0.5, lamda=1, margin=0.9, lambd=5, barycenter_number=1, top_k=10, warm_up_epoch=0, MAX_EPOCH=100, batch_size=256, output_dim=512, lr=0.0001, noisy_ratio=0.6, noise_mode='sym', GPU=1, hard_weight=True, noisy_train=True, logging='wiki_findMAP')
2025-06-17 20:26:11,533 - __main__ - INFO - ...Image to Text MAP = 0.49490696934735234
2025-06-17 20:26:11,632 - __main__ - INFO - ...Text to Image MAP = 0.4527043253509716
2025-06-17 20:26:11,633 - __main__ - INFO - ...Average MAP = 0.473805647349162
2025-06-17 20:26:18,688 - __main__ - INFO - Noise ratio: 0.8
2025-06-17 20:26:18,690 - __main__ - INFO - Namespace(dataset='wiki', seed=1, alpha=0.5, lamda=1, margin=0.9, lambd=5, barycenter_number=1, top_k=10, warm_up_epoch=0, MAX_EPOCH=100, batch_size=256, output_dim=512, lr=0.0001, noisy_ratio=0.8, noise_mode='sym', GPU=1, hard_weight=True, noisy_train=True, logging='wiki_findMAP')
2025-06-17 20:30:09,676 - __main__ - INFO - ...Image to Text MAP = 0.44762360087958947
2025-06-17 20:30:09,812 - __main__ - INFO - ...Text to Image MAP = 0.4205597600804292
2025-06-17 20:30:09,812 - __main__ - INFO - ...Average MAP = 0.43409168048000935
2025-06-17 20:30:20,070 - __main__ - INFO - Noise ratio: 0.2
2025-06-17 20:30:20,072 - __main__ - INFO - Namespace(dataset='wiki', seed=1, alpha=0.6, lamda=1, margin=0.9, lambd=5, barycenter_number=1, top_k=10, warm_up_epoch=0, MAX_EPOCH=100, batch_size=256, output_dim=512, lr=0.0001, noisy_ratio=0.2, noise_mode='sym', GPU=1, hard_weight=True, noisy_train=True, logging='wiki_findMAP')
2025-06-17 20:34:30,894 - __main__ - INFO - ...Image to Text MAP = 0.5079543393183643
2025-06-17 20:34:30,992 - __main__ - INFO - ...Text to Image MAP = 0.44167160680573203
2025-06-17 20:34:30,997 - __main__ - INFO - ...Average MAP = 0.47481297306204817
2025-06-17 20:34:39,100 - __main__ - INFO - Noise ratio: 0.4
2025-06-17 20:34:39,107 - __main__ - INFO - Namespace(dataset='wiki', seed=1, alpha=0.6, lamda=1, margin=0.9, lambd=5, barycenter_number=1, top_k=10, warm_up_epoch=0, MAX_EPOCH=100, batch_size=256, output_dim=512, lr=0.0001, noisy_ratio=0.4, noise_mode='sym', GPU=1, hard_weight=True, noisy_train=True, logging='wiki_findMAP')
2025-06-17 20:38:03,848 - __main__ - INFO - ...Image to Text MAP = 0.5060566618489708
2025-06-17 20:38:03,959 - __main__ - INFO - ...Text to Image MAP = 0.44856308564465275
2025-06-17 20:38:03,960 - __main__ - INFO - ...Average MAP = 0.4773098737468118
2025-06-17 20:38:12,762 - __main__ - INFO - Noise ratio: 0.6
2025-06-17 20:38:12,765 - __main__ - INFO - Namespace(dataset='wiki', seed=1, alpha=0.6, lamda=1, margin=0.9, lambd=5, barycenter_number=1, top_k=10, warm_up_epoch=0, MAX_EPOCH=100, batch_size=256, output_dim=512, lr=0.0001, noisy_ratio=0.6, noise_mode='sym', GPU=1, hard_weight=True, noisy_train=True, logging='wiki_findMAP')
2025-06-17 20:41:41,177 - __main__ - INFO - ...Image to Text MAP = 0.48890530451067254
2025-06-17 20:41:41,281 - __main__ - INFO - ...Text to Image MAP = 0.45601397755777023
2025-06-17 20:41:41,281 - __main__ - INFO - ...Average MAP = 0.4724596410342214
2025-06-17 20:41:49,997 - __main__ - INFO - Noise ratio: 0.8
2025-06-17 20:41:50,000 - __main__ - INFO - Namespace(dataset='wiki', seed=1, alpha=0.6, lamda=1, margin=0.9, lambd=5, barycenter_number=1, top_k=10, warm_up_epoch=0, MAX_EPOCH=100, batch_size=256, output_dim=512, lr=0.0001, noisy_ratio=0.8, noise_mode='sym', GPU=1, hard_weight=True, noisy_train=True, logging='wiki_findMAP')
2025-06-17 20:45:59,934 - __main__ - INFO - ...Image to Text MAP = 0.438862258475894
2025-06-17 20:46:00,079 - __main__ - INFO - ...Text to Image MAP = 0.42396727024050607
2025-06-17 20:46:00,079 - __main__ - INFO - ...Average MAP = 0.43141476435820003
2025-06-17 20:46:10,375 - __main__ - INFO - Noise ratio: 0.2
2025-06-17 20:46:10,377 - __main__ - INFO - Namespace(dataset='wiki', seed=1, alpha=0.7, lamda=1, margin=0.9, lambd=5, barycenter_number=1, top_k=10, warm_up_epoch=0, MAX_EPOCH=100, batch_size=256, output_dim=512, lr=0.0001, noisy_ratio=0.2, noise_mode='sym', GPU=1, hard_weight=True, noisy_train=True, logging='wiki_findMAP')
2025-06-17 20:49:27,010 - __main__ - INFO - ...Image to Text MAP = 0.5121991023475899
2025-06-17 20:49:27,285 - __main__ - INFO - ...Text to Image MAP = 0.45468798057831483
2025-06-17 20:49:27,285 - __main__ - INFO - ...Average MAP = 0.4834435414629524
2025-06-17 20:49:35,616 - __main__ - INFO - Noise ratio: 0.4
2025-06-17 20:49:35,618 - __main__ - INFO - Namespace(dataset='wiki', seed=1, alpha=0.7, lamda=1, margin=0.9, lambd=5, barycenter_number=1, top_k=10, warm_up_epoch=0, MAX_EPOCH=100, batch_size=256, output_dim=512, lr=0.0001, noisy_ratio=0.4, noise_mode='sym', GPU=1, hard_weight=True, noisy_train=True, logging='wiki_findMAP')
2025-06-17 20:53:22,142 - __main__ - INFO - ...Image to Text MAP = 0.4950048785217348
2025-06-17 20:53:22,243 - __main__ - INFO - ...Text to Image MAP = 0.4509408660757753
2025-06-17 20:53:22,244 - __main__ - INFO - ...Average MAP = 0.47297287229875506
2025-06-17 20:53:30,027 - __main__ - INFO - Noise ratio: 0.6
2025-06-17 20:53:30,032 - __main__ - INFO - Namespace(dataset='wiki', seed=1, alpha=0.7, lamda=1, margin=0.9, lambd=5, barycenter_number=1, top_k=10, warm_up_epoch=0, MAX_EPOCH=100, batch_size=256, output_dim=512, lr=0.0001, noisy_ratio=0.6, noise_mode='sym', GPU=1, hard_weight=True, noisy_train=True, logging='wiki_findMAP')
2025-06-17 20:57:10,340 - __main__ - INFO - ...Image to Text MAP = 0.49278911878257153
2025-06-17 20:57:10,436 - __main__ - INFO - ...Text to Image MAP = 0.4666920654445558
2025-06-17 20:57:10,436 - __main__ - INFO - ...Average MAP = 0.4797405921135637
2025-06-17 20:57:16,774 - __main__ - INFO - Noise ratio: 0.8
2025-06-17 20:57:16,776 - __main__ - INFO - Namespace(dataset='wiki', seed=1, alpha=0.7, lamda=1, margin=0.9, lambd=5, barycenter_number=1, top_k=10, warm_up_epoch=0, MAX_EPOCH=100, batch_size=256, output_dim=512, lr=0.0001, noisy_ratio=0.8, noise_mode='sym', GPU=1, hard_weight=True, noisy_train=True, logging='wiki_findMAP')
2025-06-17 21:00:59,668 - __main__ - INFO - ...Image to Text MAP = 0.4178574432485271
2025-06-17 21:00:59,763 - __main__ - INFO - ...Text to Image MAP = 0.4029743722898683
2025-06-17 21:00:59,763 - __main__ - INFO - ...Average MAP = 0.4104159077691977
2025-06-17 21:01:05,893 - __main__ - INFO - Noise ratio: 0.2
2025-06-17 21:01:05,894 - __main__ - INFO - Namespace(dataset='wiki', seed=1, alpha=0.8, lamda=1, margin=0.9, lambd=5, barycenter_number=1, top_k=10, warm_up_epoch=0, MAX_EPOCH=100, batch_size=256, output_dim=512, lr=0.0001, noisy_ratio=0.2, noise_mode='sym', GPU=1, hard_weight=True, noisy_train=True, logging='wiki_findMAP')
2025-06-17 21:04:44,290 - __main__ - INFO - ...Image to Text MAP = 0.5037277257879907
2025-06-17 21:04:44,389 - __main__ - INFO - ...Text to Image MAP = 0.44893283042874943
2025-06-17 21:04:44,390 - __main__ - INFO - ...Average MAP = 0.4763302781083701
2025-06-17 21:04:52,527 - __main__ - INFO - Noise ratio: 0.4
2025-06-17 21:04:52,528 - __main__ - INFO - Namespace(dataset='wiki', seed=1, alpha=0.8, lamda=1, margin=0.9, lambd=5, barycenter_number=1, top_k=10, warm_up_epoch=0, MAX_EPOCH=100, batch_size=256, output_dim=512, lr=0.0001, noisy_ratio=0.4, noise_mode='sym', GPU=1, hard_weight=True, noisy_train=True, logging='wiki_findMAP')
2025-06-17 21:08:53,955 - __main__ - INFO - ...Image to Text MAP = 0.5109377496750284
2025-06-17 21:08:54,124 - __main__ - INFO - ...Text to Image MAP = 0.46752947958980756
2025-06-17 21:08:54,125 - __main__ - INFO - ...Average MAP = 0.489233614632418
2025-06-17 21:09:02,542 - __main__ - INFO - Noise ratio: 0.6
2025-06-17 21:09:02,550 - __main__ - INFO - Namespace(dataset='wiki', seed=1, alpha=0.8, lamda=1, margin=0.9, lambd=5, barycenter_number=1, top_k=10, warm_up_epoch=0, MAX_EPOCH=100, batch_size=256, output_dim=512, lr=0.0001, noisy_ratio=0.6, noise_mode='sym', GPU=1, hard_weight=True, noisy_train=True, logging='wiki_findMAP')
2025-06-17 21:12:36,773 - __main__ - INFO - ...Image to Text MAP = 0.4835326914398686
2025-06-17 21:12:36,999 - __main__ - INFO - ...Text to Image MAP = 0.46403398556831466
2025-06-17 21:12:37,005 - __main__ - INFO - ...Average MAP = 0.4737833385040916
2025-06-17 21:12:44,219 - __main__ - INFO - Noise ratio: 0.8
2025-06-17 21:12:44,220 - __main__ - INFO - Namespace(dataset='wiki', seed=1, alpha=0.8, lamda=1, margin=0.9, lambd=5, barycenter_number=1, top_k=10, warm_up_epoch=0, MAX_EPOCH=100, batch_size=256, output_dim=512, lr=0.0001, noisy_ratio=0.8, noise_mode='sym', GPU=1, hard_weight=True, noisy_train=True, logging='wiki_findMAP')
2025-06-17 21:16:50,183 - __main__ - INFO - ...Image to Text MAP = 0.4275620213859783
2025-06-17 21:16:50,343 - __main__ - INFO - ...Text to Image MAP = 0.40704943497261004
2025-06-17 21:16:50,344 - __main__ - INFO - ...Average MAP = 0.4173057281792942
2025-06-17 21:17:01,358 - __main__ - INFO - Noise ratio: 0.2
2025-06-17 21:17:01,361 - __main__ - INFO - Namespace(dataset='wiki', seed=1, alpha=0.9, lamda=1, margin=0.9, lambd=5, barycenter_number=1, top_k=10, warm_up_epoch=0, MAX_EPOCH=100, batch_size=256, output_dim=512, lr=0.0001, noisy_ratio=0.2, noise_mode='sym', GPU=1, hard_weight=True, noisy_train=True, logging='wiki_findMAP')
2025-06-17 21:20:52,273 - __main__ - INFO - ...Image to Text MAP = 0.5157062238025113
2025-06-17 21:20:52,361 - __main__ - INFO - ...Text to Image MAP = 0.4656476941328234
2025-06-17 21:20:52,361 - __main__ - INFO - ...Average MAP = 0.4906769589676674
2025-06-17 21:21:02,712 - __main__ - INFO - Noise ratio: 0.4
2025-06-17 21:21:02,714 - __main__ - INFO - Namespace(dataset='wiki', seed=1, alpha=0.9, lamda=1, margin=0.9, lambd=5, barycenter_number=1, top_k=10, warm_up_epoch=0, MAX_EPOCH=100, batch_size=256, output_dim=512, lr=0.0001, noisy_ratio=0.4, noise_mode='sym', GPU=1, hard_weight=True, noisy_train=True, logging='wiki_findMAP')
2025-06-17 21:25:08,674 - __main__ - INFO - ...Image to Text MAP = 0.5170864368534308
2025-06-17 21:25:08,810 - __main__ - INFO - ...Text to Image MAP = 0.4649302458111308
2025-06-17 21:25:08,811 - __main__ - INFO - ...Average MAP = 0.4910083413322808
2025-06-17 21:25:19,498 - __main__ - INFO - Noise ratio: 0.6
2025-06-17 21:25:19,500 - __main__ - INFO - Namespace(dataset='wiki', seed=1, alpha=0.9, lamda=1, margin=0.9, lambd=5, barycenter_number=1, top_k=10, warm_up_epoch=0, MAX_EPOCH=100, batch_size=256, output_dim=512, lr=0.0001, noisy_ratio=0.6, noise_mode='sym', GPU=1, hard_weight=True, noisy_train=True, logging='wiki_findMAP')
2025-06-17 21:28:40,401 - __main__ - INFO - ...Image to Text MAP = 0.49176129537326835
2025-06-17 21:28:40,524 - __main__ - INFO - ...Text to Image MAP = 0.460594135712484
2025-06-17 21:28:40,524 - __main__ - INFO - ...Average MAP = 0.47617771554287613
2025-06-17 21:28:48,718 - __main__ - INFO - Noise ratio: 0.8
2025-06-17 21:28:48,720 - __main__ - INFO - Namespace(dataset='wiki', seed=1, alpha=0.9, lamda=1, margin=0.9, lambd=5, barycenter_number=1, top_k=10, warm_up_epoch=0, MAX_EPOCH=100, batch_size=256, output_dim=512, lr=0.0001, noisy_ratio=0.8, noise_mode='sym', GPU=1, hard_weight=True, noisy_train=True, logging='wiki_findMAP')
2025-06-17 21:32:41,764 - __main__ - INFO - ...Image to Text MAP = 0.41680087776038194
2025-06-17 21:32:41,974 - __main__ - INFO - ...Text to Image MAP = 0.39404495610205253
2025-06-17 21:32:41,975 - __main__ - INFO - ...Average MAP = 0.40542291693121724
2025-06-17 21:32:50,279 - __main__ - INFO - Noise ratio: 0.2
2025-06-17 21:32:50,283 - __main__ - INFO - Namespace(dataset='wiki', seed=1, alpha=1.0, lamda=1, margin=0.9, lambd=5, barycenter_number=1, top_k=10, warm_up_epoch=0, MAX_EPOCH=100, batch_size=256, output_dim=512, lr=0.0001, noisy_ratio=0.2, noise_mode='sym', GPU=1, hard_weight=True, noisy_train=True, logging='wiki_findMAP')
2025-06-17 21:35:53,290 - __main__ - INFO - ...Image to Text MAP = 0.5097911841423156
2025-06-17 21:35:53,386 - __main__ - INFO - ...Text to Image MAP = 0.46202746046543935
2025-06-17 21:35:53,386 - __main__ - INFO - ...Average MAP = 0.4859093223038775
2025-06-17 21:36:01,235 - __main__ - INFO - Noise ratio: 0.4
2025-06-17 21:36:01,236 - __main__ - INFO - Namespace(dataset='wiki', seed=1, alpha=1.0, lamda=1, margin=0.9, lambd=5, barycenter_number=1, top_k=10, warm_up_epoch=0, MAX_EPOCH=100, batch_size=256, output_dim=512, lr=0.0001, noisy_ratio=0.4, noise_mode='sym', GPU=1, hard_weight=True, noisy_train=True, logging='wiki_findMAP')
2025-06-17 21:39:40,091 - __main__ - INFO - ...Image to Text MAP = 0.5182941707531195
2025-06-17 21:39:40,217 - __main__ - INFO - ...Text to Image MAP = 0.4722969330861296
2025-06-17 21:39:40,218 - __main__ - INFO - ...Average MAP = 0.4952955519196245
2025-06-17 21:39:51,523 - __main__ - INFO - Noise ratio: 0.6
2025-06-17 21:39:51,526 - __main__ - INFO - Namespace(dataset='wiki', seed=1, alpha=1.0, lamda=1, margin=0.9, lambd=5, barycenter_number=1, top_k=10, warm_up_epoch=0, MAX_EPOCH=100, batch_size=256, output_dim=512, lr=0.0001, noisy_ratio=0.6, noise_mode='sym', GPU=1, hard_weight=True, noisy_train=True, logging='wiki_findMAP')
2025-06-17 21:44:10,636 - __main__ - INFO - ...Image to Text MAP = 0.4767906968712363
2025-06-17 21:44:10,734 - __main__ - INFO - ...Text to Image MAP = 0.44736754179546384
2025-06-17 21:44:10,735 - __main__ - INFO - ...Average MAP = 0.4620791193333501
2025-06-17 21:44:20,252 - __main__ - INFO - Noise ratio: 0.8
2025-06-17 21:44:20,256 - __main__ - INFO - Namespace(dataset='wiki', seed=1, alpha=1.0, lamda=1, margin=0.9, lambd=5, barycenter_number=1, top_k=10, warm_up_epoch=0, MAX_EPOCH=100, batch_size=256, output_dim=512, lr=0.0001, noisy_ratio=0.8, noise_mode='sym', GPU=1, hard_weight=True, noisy_train=True, logging='wiki_findMAP')
2025-06-17 21:47:41,022 - __main__ - INFO - ...Image to Text MAP = 0.4362037100651467
2025-06-17 21:47:41,119 - __main__ - INFO - ...Text to Image MAP = 0.418619010166999
2025-06-17 21:47:41,120 - __main__ - INFO - ...Average MAP = 0.42741136011607284
2025-06-17 21:47:48,471 - __main__ - INFO - Noise ratio: 0.2
2025-06-17 21:47:48,473 - __main__ - INFO - Namespace(dataset='wiki', seed=1, alpha=2.0, lamda=1, margin=0.9, lambd=5, barycenter_number=1, top_k=10, warm_up_epoch=0, MAX_EPOCH=100, batch_size=256, output_dim=512, lr=0.0001, noisy_ratio=0.2, noise_mode='sym', GPU=1, hard_weight=True, noisy_train=True, logging='wiki_findMAP')
2025-06-17 21:51:42,440 - __main__ - INFO - ...Image to Text MAP = 0.5165093703330351
2025-06-17 21:51:42,531 - __main__ - INFO - ...Text to Image MAP = 0.4883081298768745
2025-06-17 21:51:42,538 - __main__ - INFO - ...Average MAP = 0.5024087501049548
2025-06-17 21:51:50,119 - __main__ - INFO - Noise ratio: 0.4
2025-06-17 21:51:50,120 - __main__ - INFO - Namespace(dataset='wiki', seed=1, alpha=2.0, lamda=1, margin=0.9, lambd=5, barycenter_number=1, top_k=10, warm_up_epoch=0, MAX_EPOCH=100, batch_size=256, output_dim=512, lr=0.0001, noisy_ratio=0.4, noise_mode='sym', GPU=1, hard_weight=True, noisy_train=True, logging='wiki_findMAP')
2025-06-17 21:55:20,084 - __main__ - INFO - ...Image to Text MAP = 0.48319198601383256
2025-06-17 21:55:20,182 - __main__ - INFO - ...Text to Image MAP = 0.4492981537710865
2025-06-17 21:55:20,182 - __main__ - INFO - ...Average MAP = 0.4662450698924595
2025-06-17 21:55:27,697 - __main__ - INFO - Noise ratio: 0.6
2025-06-17 21:55:27,699 - __main__ - INFO - Namespace(dataset='wiki', seed=1, alpha=2.0, lamda=1, margin=0.9, lambd=5, barycenter_number=1, top_k=10, warm_up_epoch=0, MAX_EPOCH=100, batch_size=256, output_dim=512, lr=0.0001, noisy_ratio=0.6, noise_mode='sym', GPU=1, hard_weight=True, noisy_train=True, logging='wiki_findMAP')
2025-06-17 21:58:35,178 - __main__ - INFO - ...Image to Text MAP = 0.43145239604810764
2025-06-17 21:58:35,299 - __main__ - INFO - ...Text to Image MAP = 0.42180857280202744
2025-06-17 21:58:35,299 - __main__ - INFO - ...Average MAP = 0.42663048442506757
2025-06-17 21:58:43,158 - __main__ - INFO - Noise ratio: 0.8
2025-06-17 21:58:43,159 - __main__ - INFO - Namespace(dataset='wiki', seed=1, alpha=2.0, lamda=1, margin=0.9, lambd=5, barycenter_number=1, top_k=10, warm_up_epoch=0, MAX_EPOCH=100, batch_size=256, output_dim=512, lr=0.0001, noisy_ratio=0.8, noise_mode='sym', GPU=1, hard_weight=True, noisy_train=True, logging='wiki_findMAP')
2025-06-17 22:02:17,827 - __main__ - INFO - ...Image to Text MAP = 0.42921030529149984
2025-06-17 22:02:18,002 - __main__ - INFO - ...Text to Image MAP = 0.41398866042413535
2025-06-17 22:02:18,003 - __main__ - INFO - ...Average MAP = 0.42159948285781756
2025-06-17 22:02:25,851 - __main__ - INFO - Noise ratio: 0.2
2025-06-17 22:02:25,852 - __main__ - INFO - Namespace(dataset='wiki', seed=2, alpha=0.1, lamda=1, margin=0.9, lambd=5, barycenter_number=1, top_k=10, warm_up_epoch=0, MAX_EPOCH=100, batch_size=256, output_dim=512, lr=0.0001, noisy_ratio=0.2, noise_mode='sym', GPU=1, hard_weight=True, noisy_train=True, logging='wiki_findMAP')
2025-06-17 22:05:52,468 - __main__ - INFO - ...Image to Text MAP = 0.4728192224822648
2025-06-17 22:05:52,587 - __main__ - INFO - ...Text to Image MAP = 0.4266711348208959
2025-06-17 22:05:52,588 - __main__ - INFO - ...Average MAP = 0.44974517865158037
2025-06-17 22:05:59,935 - __main__ - INFO - Noise ratio: 0.4
2025-06-17 22:05:59,937 - __main__ - INFO - Namespace(dataset='wiki', seed=2, alpha=0.1, lamda=1, margin=0.9, lambd=5, barycenter_number=1, top_k=10, warm_up_epoch=0, MAX_EPOCH=100, batch_size=256, output_dim=512, lr=0.0001, noisy_ratio=0.4, noise_mode='sym', GPU=1, hard_weight=True, noisy_train=True, logging='wiki_findMAP')
2025-06-17 22:09:27,551 - __main__ - INFO - ...Image to Text MAP = 0.4439122122662735
2025-06-17 22:09:27,938 - __main__ - INFO - ...Text to Image MAP = 0.388755719573466
2025-06-17 22:09:27,939 - __main__ - INFO - ...Average MAP = 0.4163339659198697
2025-06-17 22:09:36,877 - __main__ - INFO - Noise ratio: 0.6
2025-06-17 22:09:36,879 - __main__ - INFO - Namespace(dataset='wiki', seed=2, alpha=0.1, lamda=1, margin=0.9, lambd=5, barycenter_number=1, top_k=10, warm_up_epoch=0, MAX_EPOCH=100, batch_size=256, output_dim=512, lr=0.0001, noisy_ratio=0.6, noise_mode='sym', GPU=1, hard_weight=True, noisy_train=True, logging='wiki_findMAP')
2025-06-17 22:12:42,892 - __main__ - INFO - ...Image to Text MAP = 0.3823872104664004
2025-06-17 22:12:42,998 - __main__ - INFO - ...Text to Image MAP = 0.3286490498079113
2025-06-17 22:12:42,998 - __main__ - INFO - ...Average MAP = 0.35551813013715583
2025-06-17 22:12:51,094 - __main__ - INFO - Noise ratio: 0.8
2025-06-17 22:12:51,096 - __main__ - INFO - Namespace(dataset='wiki', seed=2, alpha=0.1, lamda=1, margin=0.9, lambd=5, barycenter_number=1, top_k=10, warm_up_epoch=0, MAX_EPOCH=100, batch_size=256, output_dim=512, lr=0.0001, noisy_ratio=0.8, noise_mode='sym', GPU=1, hard_weight=True, noisy_train=True, logging='wiki_findMAP')
2025-06-17 22:16:51,229 - __main__ - INFO - ...Image to Text MAP = 0.3914680293998894
2025-06-17 22:16:51,337 - __main__ - INFO - ...Text to Image MAP = 0.3609746925631221
2025-06-17 22:16:51,337 - __main__ - INFO - ...Average MAP = 0.3762213609815057
2025-06-17 22:16:59,363 - __main__ - INFO - Noise ratio: 0.2
2025-06-17 22:16:59,368 - __main__ - INFO - Namespace(dataset='wiki', seed=2, alpha=0.2, lamda=1, margin=0.9, lambd=5, barycenter_number=1, top_k=10, warm_up_epoch=0, MAX_EPOCH=100, batch_size=256, output_dim=512, lr=0.0001, noisy_ratio=0.2, noise_mode='sym', GPU=1, hard_weight=True, noisy_train=True, logging='wiki_findMAP')
2025-06-17 22:21:11,035 - __main__ - INFO - ...Image to Text MAP = 0.4858106212062377
2025-06-17 22:21:11,145 - __main__ - INFO - ...Text to Image MAP = 0.4282953693188578
2025-06-17 22:21:11,145 - __main__ - INFO - ...Average MAP = 0.4570529952625477
2025-06-17 22:21:18,694 - __main__ - INFO - Noise ratio: 0.4
2025-06-17 22:21:18,696 - __main__ - INFO - Namespace(dataset='wiki', seed=2, alpha=0.2, lamda=1, margin=0.9, lambd=5, barycenter_number=1, top_k=10, warm_up_epoch=0, MAX_EPOCH=100, batch_size=256, output_dim=512, lr=0.0001, noisy_ratio=0.4, noise_mode='sym', GPU=1, hard_weight=True, noisy_train=True, logging='wiki_findMAP')
2025-06-17 22:25:13,442 - __main__ - INFO - ...Image to Text MAP = 0.47553528267112577
2025-06-17 22:25:13,577 - __main__ - INFO - ...Text to Image MAP = 0.41841188256772177
2025-06-17 22:25:13,586 - __main__ - INFO - ...Average MAP = 0.44697358261942377
2025-06-17 22:25:22,304 - __main__ - INFO - Noise ratio: 0.6
2025-06-17 22:25:22,305 - __main__ - INFO - Namespace(dataset='wiki', seed=2, alpha=0.2, lamda=1, margin=0.9, lambd=5, barycenter_number=1, top_k=10, warm_up_epoch=0, MAX_EPOCH=100, batch_size=256, output_dim=512, lr=0.0001, noisy_ratio=0.6, noise_mode='sym', GPU=1, hard_weight=True, noisy_train=True, logging='wiki_findMAP')
2025-06-17 22:28:52,892 - __main__ - INFO - ...Image to Text MAP = 0.4404904042087273
2025-06-17 22:28:53,070 - __main__ - INFO - ...Text to Image MAP = 0.38955946478030623
2025-06-17 22:28:53,071 - __main__ - INFO - ...Average MAP = 0.4150249344945168
2025-06-17 22:29:02,336 - __main__ - INFO - Noise ratio: 0.8
2025-06-17 22:29:02,338 - __main__ - INFO - Namespace(dataset='wiki', seed=2, alpha=0.2, lamda=1, margin=0.9, lambd=5, barycenter_number=1, top_k=10, warm_up_epoch=0, MAX_EPOCH=100, batch_size=256, output_dim=512, lr=0.0001, noisy_ratio=0.8, noise_mode='sym', GPU=1, hard_weight=True, noisy_train=True, logging='wiki_findMAP')
2025-06-17 22:33:04,697 - __main__ - INFO - ...Image to Text MAP = 0.44500731628992435
2025-06-17 22:33:04,816 - __main__ - INFO - ...Text to Image MAP = 0.41233323245673703
2025-06-17 22:33:04,816 - __main__ - INFO - ...Average MAP = 0.4286702743733307
2025-06-17 22:33:16,181 - __main__ - INFO - Noise ratio: 0.2
2025-06-17 22:33:16,183 - __main__ - INFO - Namespace(dataset='wiki', seed=2, alpha=0.3, lamda=1, margin=0.9, lambd=5, barycenter_number=1, top_k=10, warm_up_epoch=0, MAX_EPOCH=100, batch_size=256, output_dim=512, lr=0.0001, noisy_ratio=0.2, noise_mode='sym', GPU=1, hard_weight=True, noisy_train=True, logging='wiki_findMAP')
2025-06-17 22:36:46,554 - __main__ - INFO - ...Image to Text MAP = 0.5051667044204579
2025-06-17 22:36:46,754 - __main__ - INFO - ...Text to Image MAP = 0.432610408376445
2025-06-17 22:36:46,754 - __main__ - INFO - ...Average MAP = 0.4688885563984514
2025-06-17 22:36:56,480 - __main__ - INFO - Noise ratio: 0.4
2025-06-17 22:36:56,482 - __main__ - INFO - Namespace(dataset='wiki', seed=2, alpha=0.3, lamda=1, margin=0.9, lambd=5, barycenter_number=1, top_k=10, warm_up_epoch=0, MAX_EPOCH=100, batch_size=256, output_dim=512, lr=0.0001, noisy_ratio=0.4, noise_mode='sym', GPU=1, hard_weight=True, noisy_train=True, logging='wiki_findMAP')
2025-06-17 22:40:36,729 - __main__ - INFO - ...Image to Text MAP = 0.48983063284306916
2025-06-17 22:40:36,822 - __main__ - INFO - ...Text to Image MAP = 0.43233629886430314
2025-06-17 22:40:36,823 - __main__ - INFO - ...Average MAP = 0.46108346585368615
2025-06-17 22:40:44,672 - __main__ - INFO - Noise ratio: 0.6
2025-06-17 22:40:44,674 - __main__ - INFO - Namespace(dataset='wiki', seed=2, alpha=0.3, lamda=1, margin=0.9, lambd=5, barycenter_number=1, top_k=10, warm_up_epoch=0, MAX_EPOCH=100, batch_size=256, output_dim=512, lr=0.0001, noisy_ratio=0.6, noise_mode='sym', GPU=1, hard_weight=True, noisy_train=True, logging='wiki_findMAP')
2025-06-17 22:44:26,149 - __main__ - INFO - ...Image to Text MAP = 0.46495338779432027
2025-06-17 22:44:26,279 - __main__ - INFO - ...Text to Image MAP = 0.41850592414709076
2025-06-17 22:44:26,280 - __main__ - INFO - ...Average MAP = 0.4417296559707055
2025-06-17 22:44:34,281 - __main__ - INFO - Noise ratio: 0.8
2025-06-17 22:44:34,283 - __main__ - INFO - Namespace(dataset='wiki', seed=2, alpha=0.3, lamda=1, margin=0.9, lambd=5, barycenter_number=1, top_k=10, warm_up_epoch=0, MAX_EPOCH=100, batch_size=256, output_dim=512, lr=0.0001, noisy_ratio=0.8, noise_mode='sym', GPU=1, hard_weight=True, noisy_train=True, logging='wiki_findMAP')
2025-06-17 22:48:20,924 - __main__ - INFO - ...Image to Text MAP = 0.4565065678254629
2025-06-17 22:48:21,157 - __main__ - INFO - ...Text to Image MAP = 0.41743280297000235
2025-06-17 22:48:21,158 - __main__ - INFO - ...Average MAP = 0.4369696853977326
2025-06-17 22:48:30,089 - __main__ - INFO - Noise ratio: 0.2
2025-06-17 22:48:30,091 - __main__ - INFO - Namespace(dataset='wiki', seed=2, alpha=0.4, lamda=1, margin=0.9, lambd=5, barycenter_number=1, top_k=10, warm_up_epoch=0, MAX_EPOCH=100, batch_size=256, output_dim=512, lr=0.0001, noisy_ratio=0.2, noise_mode='sym', GPU=1, hard_weight=True, noisy_train=True, logging='wiki_findMAP')
2025-06-17 22:52:00,797 - __main__ - INFO - ...Image to Text MAP = 0.4899494970680588
2025-06-17 22:52:00,902 - __main__ - INFO - ...Text to Image MAP = 0.4324143116114696
2025-06-17 22:52:00,903 - __main__ - INFO - ...Average MAP = 0.4611819043397642
2025-06-17 22:52:09,136 - __main__ - INFO - Noise ratio: 0.4
2025-06-17 22:52:09,137 - __main__ - INFO - Namespace(dataset='wiki', seed=2, alpha=0.4, lamda=1, margin=0.9, lambd=5, barycenter_number=1, top_k=10, warm_up_epoch=0, MAX_EPOCH=100, batch_size=256, output_dim=512, lr=0.0001, noisy_ratio=0.4, noise_mode='sym', GPU=1, hard_weight=True, noisy_train=True, logging='wiki_findMAP')
2025-06-17 22:55:37,250 - __main__ - INFO - ...Image to Text MAP = 0.5043573147312228
2025-06-17 22:55:37,474 - __main__ - INFO - ...Text to Image MAP = 0.44869742464976586
2025-06-17 22:55:37,474 - __main__ - INFO - ...Average MAP = 0.47652736969049436
2025-06-17 22:55:45,522 - __main__ - INFO - Noise ratio: 0.6
2025-06-17 22:55:45,524 - __main__ - INFO - Namespace(dataset='wiki', seed=2, alpha=0.4, lamda=1, margin=0.9, lambd=5, barycenter_number=1, top_k=10, warm_up_epoch=0, MAX_EPOCH=100, batch_size=256, output_dim=512, lr=0.0001, noisy_ratio=0.6, noise_mode='sym', GPU=1, hard_weight=True, noisy_train=True, logging='wiki_findMAP')
2025-06-17 22:59:36,231 - __main__ - INFO - ...Image to Text MAP = 0.4829953907373047
2025-06-17 22:59:36,444 - __main__ - INFO - ...Text to Image MAP = 0.439868897202781
2025-06-17 22:59:36,445 - __main__ - INFO - ...Average MAP = 0.46143214397004284
2025-06-17 22:59:43,910 - __main__ - INFO - Noise ratio: 0.8
2025-06-17 22:59:43,911 - __main__ - INFO - Namespace(dataset='wiki', seed=2, alpha=0.4, lamda=1, margin=0.9, lambd=5, barycenter_number=1, top_k=10, warm_up_epoch=0, MAX_EPOCH=100, batch_size=256, output_dim=512, lr=0.0001, noisy_ratio=0.8, noise_mode='sym', GPU=1, hard_weight=True, noisy_train=True, logging='wiki_findMAP')
2025-06-17 23:03:57,088 - __main__ - INFO - ...Image to Text MAP = 0.4513694564988746
2025-06-17 23:03:57,202 - __main__ - INFO - ...Text to Image MAP = 0.43125829563884344
2025-06-17 23:03:57,202 - __main__ - INFO - ...Average MAP = 0.441313876068859
2025-06-17 23:04:05,475 - __main__ - INFO - Noise ratio: 0.2
2025-06-17 23:04:05,477 - __main__ - INFO - Namespace(dataset='wiki', seed=2, alpha=0.5, lamda=1, margin=0.9, lambd=5, barycenter_number=1, top_k=10, warm_up_epoch=0, MAX_EPOCH=100, batch_size=256, output_dim=512, lr=0.0001, noisy_ratio=0.2, noise_mode='sym', GPU=1, hard_weight=True, noisy_train=True, logging='wiki_findMAP')
2025-06-17 23:07:40,888 - __main__ - INFO - ...Image to Text MAP = 0.5054877115202724
2025-06-17 23:07:40,998 - __main__ - INFO - ...Text to Image MAP = 0.4432482507983098
2025-06-17 23:07:40,998 - __main__ - INFO - ...Average MAP = 0.47436798115929113
2025-06-17 23:07:49,594 - __main__ - INFO - Noise ratio: 0.4
2025-06-17 23:07:49,596 - __main__ - INFO - Namespace(dataset='wiki', seed=2, alpha=0.5, lamda=1, margin=0.9, lambd=5, barycenter_number=1, top_k=10, warm_up_epoch=0, MAX_EPOCH=100, batch_size=256, output_dim=512, lr=0.0001, noisy_ratio=0.4, noise_mode='sym', GPU=1, hard_weight=True, noisy_train=True, logging='wiki_findMAP')
2025-06-17 23:11:37,174 - __main__ - INFO - ...Image to Text MAP = 0.49721914460878497
2025-06-17 23:11:37,276 - __main__ - INFO - ...Text to Image MAP = 0.4486791828756698
2025-06-17 23:11:37,276 - __main__ - INFO - ...Average MAP = 0.4729491637422274
2025-06-17 23:11:45,995 - __main__ - INFO - Noise ratio: 0.6
2025-06-17 23:11:45,996 - __main__ - INFO - Namespace(dataset='wiki', seed=2, alpha=0.5, lamda=1, margin=0.9, lambd=5, barycenter_number=1, top_k=10, warm_up_epoch=0, MAX_EPOCH=100, batch_size=256, output_dim=512, lr=0.0001, noisy_ratio=0.6, noise_mode='sym', GPU=1, hard_weight=True, noisy_train=True, logging='wiki_findMAP')
2025-06-17 23:14:58,046 - __main__ - INFO - ...Image to Text MAP = 0.4899289223303089
2025-06-17 23:14:58,196 - __main__ - INFO - ...Text to Image MAP = 0.44419505775833384
2025-06-17 23:14:58,197 - __main__ - INFO - ...Average MAP = 0.46706199004432136
2025-06-17 23:15:06,365 - __main__ - INFO - Noise ratio: 0.8
2025-06-17 23:15:06,367 - __main__ - INFO - Namespace(dataset='wiki', seed=2, alpha=0.5, lamda=1, margin=0.9, lambd=5, barycenter_number=1, top_k=10, warm_up_epoch=0, MAX_EPOCH=100, batch_size=256, output_dim=512, lr=0.0001, noisy_ratio=0.8, noise_mode='sym', GPU=1, hard_weight=True, noisy_train=True, logging='wiki_findMAP')
2025-06-17 23:19:11,101 - __main__ - INFO - ...Image to Text MAP = 0.4485002620764355
2025-06-17 23:19:11,236 - __main__ - INFO - ...Text to Image MAP = 0.4335851097255079
2025-06-17 23:19:11,237 - __main__ - INFO - ...Average MAP = 0.44104268590097173
2025-06-17 23:19:19,452 - __main__ - INFO - Noise ratio: 0.2
2025-06-17 23:19:19,454 - __main__ - INFO - Namespace(dataset='wiki', seed=2, alpha=0.6, lamda=1, margin=0.9, lambd=5, barycenter_number=1, top_k=10, warm_up_epoch=0, MAX_EPOCH=100, batch_size=256, output_dim=512, lr=0.0001, noisy_ratio=0.2, noise_mode='sym', GPU=1, hard_weight=True, noisy_train=True, logging='wiki_findMAP')
2025-06-17 23:23:02,305 - __main__ - INFO - ...Image to Text MAP = 0.5049340967082513
2025-06-17 23:23:02,418 - __main__ - INFO - ...Text to Image MAP = 0.455437517778177
2025-06-17 23:23:02,418 - __main__ - INFO - ...Average MAP = 0.48018580724321414
2025-06-17 23:23:09,166 - __main__ - INFO - Noise ratio: 0.4
2025-06-17 23:23:09,168 - __main__ - INFO - Namespace(dataset='wiki', seed=2, alpha=0.6, lamda=1, margin=0.9, lambd=5, barycenter_number=1, top_k=10, warm_up_epoch=0, MAX_EPOCH=100, batch_size=256, output_dim=512, lr=0.0001, noisy_ratio=0.4, noise_mode='sym', GPU=1, hard_weight=True, noisy_train=True, logging='wiki_findMAP')
2025-06-17 23:26:59,186 - __main__ - INFO - ...Image to Text MAP = 0.5086239998980765
2025-06-17 23:26:59,357 - __main__ - INFO - ...Text to Image MAP = 0.448944821327467
2025-06-17 23:26:59,358 - __main__ - INFO - ...Average MAP = 0.47878441061277177
2025-06-17 23:27:08,342 - __main__ - INFO - Noise ratio: 0.6
2025-06-17 23:27:08,345 - __main__ - INFO - Namespace(dataset='wiki', seed=2, alpha=0.6, lamda=1, margin=0.9, lambd=5, barycenter_number=1, top_k=10, warm_up_epoch=0, MAX_EPOCH=100, batch_size=256, output_dim=512, lr=0.0001, noisy_ratio=0.6, noise_mode='sym', GPU=1, hard_weight=True, noisy_train=True, logging='wiki_findMAP')
2025-06-17 23:31:21,446 - __main__ - INFO - ...Image to Text MAP = 0.49953562924054606
2025-06-17 23:31:21,582 - __main__ - INFO - ...Text to Image MAP = 0.45965008308014266
2025-06-17 23:31:21,583 - __main__ - INFO - ...Average MAP = 0.47959285616034436
2025-06-17 23:31:30,482 - __main__ - INFO - Noise ratio: 0.8
2025-06-17 23:31:30,484 - __main__ - INFO - Namespace(dataset='wiki', seed=2, alpha=0.6, lamda=1, margin=0.9, lambd=5, barycenter_number=1, top_k=10, warm_up_epoch=0, MAX_EPOCH=100, batch_size=256, output_dim=512, lr=0.0001, noisy_ratio=0.8, noise_mode='sym', GPU=1, hard_weight=True, noisy_train=True, logging='wiki_findMAP')
2025-06-17 23:35:12,867 - __main__ - INFO - ...Image to Text MAP = 0.44263416079902446
2025-06-17 23:35:12,984 - __main__ - INFO - ...Text to Image MAP = 0.40507602218589445
2025-06-17 23:35:13,000 - __main__ - INFO - ...Average MAP = 0.4238550914924595
2025-06-17 23:35:20,403 - __main__ - INFO - Noise ratio: 0.2
2025-06-17 23:35:20,405 - __main__ - INFO - Namespace(dataset='wiki', seed=2, alpha=0.7, lamda=1, margin=0.9, lambd=5, barycenter_number=1, top_k=10, warm_up_epoch=0, MAX_EPOCH=100, batch_size=256, output_dim=512, lr=0.0001, noisy_ratio=0.2, noise_mode='sym', GPU=1, hard_weight=True, noisy_train=True, logging='wiki_findMAP')
2025-06-17 23:38:48,835 - __main__ - INFO - ...Image to Text MAP = 0.509415146989835
2025-06-17 23:38:48,945 - __main__ - INFO - ...Text to Image MAP = 0.4569308487867368
2025-06-17 23:38:48,945 - __main__ - INFO - ...Average MAP = 0.48317299788828594
2025-06-17 23:38:57,702 - __main__ - INFO - Noise ratio: 0.4
2025-06-17 23:38:57,704 - __main__ - INFO - Namespace(dataset='wiki', seed=2, alpha=0.7, lamda=1, margin=0.9, lambd=5, barycenter_number=1, top_k=10, warm_up_epoch=0, MAX_EPOCH=100, batch_size=256, output_dim=512, lr=0.0001, noisy_ratio=0.4, noise_mode='sym', GPU=1, hard_weight=True, noisy_train=True, logging='wiki_findMAP')
2025-06-17 23:42:28,921 - __main__ - INFO - ...Image to Text MAP = 0.5033563286274729
2025-06-17 23:42:29,018 - __main__ - INFO - ...Text to Image MAP = 0.46353028136770824
2025-06-17 23:42:29,018 - __main__ - INFO - ...Average MAP = 0.4834433049975906
2025-06-17 23:42:36,980 - __main__ - INFO - Noise ratio: 0.6
2025-06-17 23:42:36,984 - __main__ - INFO - Namespace(dataset='wiki', seed=2, alpha=0.7, lamda=1, margin=0.9, lambd=5, barycenter_number=1, top_k=10, warm_up_epoch=0, MAX_EPOCH=100, batch_size=256, output_dim=512, lr=0.0001, noisy_ratio=0.6, noise_mode='sym', GPU=1, hard_weight=True, noisy_train=True, logging='wiki_findMAP')
2025-06-17 23:45:41,764 - __main__ - INFO - ...Image to Text MAP = 0.4897354477470518
2025-06-17 23:45:42,047 - __main__ - INFO - ...Text to Image MAP = 0.4519976244775996
2025-06-17 23:45:42,048 - __main__ - INFO - ...Average MAP = 0.4708665361123257
2025-06-17 23:45:48,375 - __main__ - INFO - Noise ratio: 0.8
2025-06-17 23:45:48,377 - __main__ - INFO - Namespace(dataset='wiki', seed=2, alpha=0.7, lamda=1, margin=0.9, lambd=5, barycenter_number=1, top_k=10, warm_up_epoch=0, MAX_EPOCH=100, batch_size=256, output_dim=512, lr=0.0001, noisy_ratio=0.8, noise_mode='sym', GPU=1, hard_weight=True, noisy_train=True, logging='wiki_findMAP')
2025-06-17 23:49:04,345 - __main__ - INFO - ...Image to Text MAP = 0.4219935366832392
2025-06-17 23:49:04,448 - __main__ - INFO - ...Text to Image MAP = 0.40538285185958306
2025-06-17 23:49:04,460 - __main__ - INFO - ...Average MAP = 0.4136881942714111
2025-06-17 23:49:12,144 - __main__ - INFO - Noise ratio: 0.2
2025-06-17 23:49:12,146 - __main__ - INFO - Namespace(dataset='wiki', seed=2, alpha=0.8, lamda=1, margin=0.9, lambd=5, barycenter_number=1, top_k=10, warm_up_epoch=0, MAX_EPOCH=100, batch_size=256, output_dim=512, lr=0.0001, noisy_ratio=0.2, noise_mode='sym', GPU=1, hard_weight=True, noisy_train=True, logging='wiki_findMAP')
2025-06-17 23:52:54,962 - __main__ - INFO - ...Image to Text MAP = 0.509884737862333
2025-06-17 23:52:55,060 - __main__ - INFO - ...Text to Image MAP = 0.45678963118139926
2025-06-17 23:52:55,061 - __main__ - INFO - ...Average MAP = 0.48333718452186614
2025-06-17 23:53:01,992 - __main__ - INFO - Noise ratio: 0.4
2025-06-17 23:53:01,996 - __main__ - INFO - Namespace(dataset='wiki', seed=2, alpha=0.8, lamda=1, margin=0.9, lambd=5, barycenter_number=1, top_k=10, warm_up_epoch=0, MAX_EPOCH=100, batch_size=256, output_dim=512, lr=0.0001, noisy_ratio=0.4, noise_mode='sym', GPU=1, hard_weight=True, noisy_train=True, logging='wiki_findMAP')
2025-06-17 23:56:11,979 - __main__ - INFO - ...Image to Text MAP = 0.5152116073982395
2025-06-17 23:56:12,084 - __main__ - INFO - ...Text to Image MAP = 0.46746751545616966
2025-06-17 23:56:12,085 - __main__ - INFO - ...Average MAP = 0.4913395614272046
2025-06-17 23:56:19,286 - __main__ - INFO - Noise ratio: 0.6
2025-06-17 23:56:19,288 - __main__ - INFO - Namespace(dataset='wiki', seed=2, alpha=0.8, lamda=1, margin=0.9, lambd=5, barycenter_number=1, top_k=10, warm_up_epoch=0, MAX_EPOCH=100, batch_size=256, output_dim=512, lr=0.0001, noisy_ratio=0.6, noise_mode='sym', GPU=1, hard_weight=True, noisy_train=True, logging='wiki_findMAP')
2025-06-17 23:59:55,066 - __main__ - INFO - ...Image to Text MAP = 0.4901856930013898
2025-06-17 23:59:55,174 - __main__ - INFO - ...Text to Image MAP = 0.4526246054155516
2025-06-17 23:59:55,175 - __main__ - INFO - ...Average MAP = 0.4714051492084707
2025-06-18 00:00:04,094 - __main__ - INFO - Noise ratio: 0.8
2025-06-18 00:00:04,096 - __main__ - INFO - Namespace(dataset='wiki', seed=2, alpha=0.8, lamda=1, margin=0.9, lambd=5, barycenter_number=1, top_k=10, warm_up_epoch=0, MAX_EPOCH=100, batch_size=256, output_dim=512, lr=0.0001, noisy_ratio=0.8, noise_mode='sym', GPU=1, hard_weight=True, noisy_train=True, logging='wiki_findMAP')
2025-06-18 00:03:34,439 - __main__ - INFO - ...Image to Text MAP = 0.43444329394365455
2025-06-18 00:03:34,531 - __main__ - INFO - ...Text to Image MAP = 0.4172374983786329
2025-06-18 00:03:34,532 - __main__ - INFO - ...Average MAP = 0.4258403961611437
2025-06-18 00:03:42,911 - __main__ - INFO - Noise ratio: 0.2
2025-06-18 00:03:42,915 - __main__ - INFO - Namespace(dataset='wiki', seed=2, alpha=0.9, lamda=1, margin=0.9, lambd=5, barycenter_number=1, top_k=10, warm_up_epoch=0, MAX_EPOCH=100, batch_size=256, output_dim=512, lr=0.0001, noisy_ratio=0.2, noise_mode='sym', GPU=1, hard_weight=True, noisy_train=True, logging='wiki_findMAP')
2025-06-18 00:07:00,642 - __main__ - INFO - ...Image to Text MAP = 0.5081326607782422
2025-06-18 00:07:00,747 - __main__ - INFO - ...Text to Image MAP = 0.4555500055242393
2025-06-18 00:07:00,748 - __main__ - INFO - ...Average MAP = 0.4818413331512407
2025-06-18 00:07:08,315 - __main__ - INFO - Noise ratio: 0.4
2025-06-18 00:07:08,317 - __main__ - INFO - Namespace(dataset='wiki', seed=2, alpha=0.9, lamda=1, margin=0.9, lambd=5, barycenter_number=1, top_k=10, warm_up_epoch=0, MAX_EPOCH=100, batch_size=256, output_dim=512, lr=0.0001, noisy_ratio=0.4, noise_mode='sym', GPU=1, hard_weight=True, noisy_train=True, logging='wiki_findMAP')
2025-06-18 00:10:11,096 - __main__ - INFO - ...Image to Text MAP = 0.5043731211403867
2025-06-18 00:10:11,294 - __main__ - INFO - ...Text to Image MAP = 0.4603503798339478
2025-06-18 00:10:11,296 - __main__ - INFO - ...Average MAP = 0.48236175048716723
2025-06-18 00:10:19,726 - __main__ - INFO - Noise ratio: 0.6
2025-06-18 00:10:19,727 - __main__ - INFO - Namespace(dataset='wiki', seed=2, alpha=0.9, lamda=1, margin=0.9, lambd=5, barycenter_number=1, top_k=10, warm_up_epoch=0, MAX_EPOCH=100, batch_size=256, output_dim=512, lr=0.0001, noisy_ratio=0.6, noise_mode='sym', GPU=1, hard_weight=True, noisy_train=True, logging='wiki_findMAP')
2025-06-18 00:13:12,251 - __main__ - INFO - ...Image to Text MAP = 0.4769027547246195
2025-06-18 00:13:12,352 - __main__ - INFO - ...Text to Image MAP = 0.4489058365288901
2025-06-18 00:13:12,353 - __main__ - INFO - ...Average MAP = 0.46290429562675484
2025-06-18 00:13:20,207 - __main__ - INFO - Noise ratio: 0.8
2025-06-18 00:13:20,209 - __main__ - INFO - Namespace(dataset='wiki', seed=2, alpha=0.9, lamda=1, margin=0.9, lambd=5, barycenter_number=1, top_k=10, warm_up_epoch=0, MAX_EPOCH=100, batch_size=256, output_dim=512, lr=0.0001, noisy_ratio=0.8, noise_mode='sym', GPU=1, hard_weight=True, noisy_train=True, logging='wiki_findMAP')
2025-06-18 00:16:04,746 - __main__ - INFO - ...Image to Text MAP = 0.43481794686921965
2025-06-18 00:16:04,847 - __main__ - INFO - ...Text to Image MAP = 0.41669194552376454
2025-06-18 00:16:04,847 - __main__ - INFO - ...Average MAP = 0.4257549461964921
2025-06-18 00:16:12,842 - __main__ - INFO - Noise ratio: 0.2
2025-06-18 00:16:12,843 - __main__ - INFO - Namespace(dataset='wiki', seed=2, alpha=1.0, lamda=1, margin=0.9, lambd=5, barycenter_number=1, top_k=10, warm_up_epoch=0, MAX_EPOCH=100, batch_size=256, output_dim=512, lr=0.0001, noisy_ratio=0.2, noise_mode='sym', GPU=1, hard_weight=True, noisy_train=True, logging='wiki_findMAP')
2025-06-18 00:18:48,277 - __main__ - INFO - ...Image to Text MAP = 0.5201106243021425
2025-06-18 00:18:48,378 - __main__ - INFO - ...Text to Image MAP = 0.4598790994151735
2025-06-18 00:18:48,379 - __main__ - INFO - ...Average MAP = 0.48999486185865804
2025-06-18 00:18:54,820 - __main__ - INFO - Noise ratio: 0.4
2025-06-18 00:18:54,822 - __main__ - INFO - Namespace(dataset='wiki', seed=2, alpha=1.0, lamda=1, margin=0.9, lambd=5, barycenter_number=1, top_k=10, warm_up_epoch=0, MAX_EPOCH=100, batch_size=256, output_dim=512, lr=0.0001, noisy_ratio=0.4, noise_mode='sym', GPU=1, hard_weight=True, noisy_train=True, logging='wiki_findMAP')
2025-06-18 00:22:37,983 - __main__ - INFO - ...Image to Text MAP = 0.5124507024649918
2025-06-18 00:22:38,167 - __main__ - INFO - ...Text to Image MAP = 0.47080872231339654
2025-06-18 00:22:38,168 - __main__ - INFO - ...Average MAP = 0.4916297123891942
2025-06-18 00:22:46,876 - __main__ - INFO - Noise ratio: 0.6
2025-06-18 00:22:46,877 - __main__ - INFO - Namespace(dataset='wiki', seed=2, alpha=1.0, lamda=1, margin=0.9, lambd=5, barycenter_number=1, top_k=10, warm_up_epoch=0, MAX_EPOCH=100, batch_size=256, output_dim=512, lr=0.0001, noisy_ratio=0.6, noise_mode='sym', GPU=1, hard_weight=True, noisy_train=True, logging='wiki_findMAP')
2025-06-18 00:25:30,299 - __main__ - INFO - ...Image to Text MAP = 0.4837504073316845
2025-06-18 00:25:30,467 - __main__ - INFO - ...Text to Image MAP = 0.456320589927627
2025-06-18 00:25:30,468 - __main__ - INFO - ...Average MAP = 0.47003549862965577
2025-06-18 00:25:38,981 - __main__ - INFO - Noise ratio: 0.8
2025-06-18 00:25:38,985 - __main__ - INFO - Namespace(dataset='wiki', seed=2, alpha=1.0, lamda=1, margin=0.9, lambd=5, barycenter_number=1, top_k=10, warm_up_epoch=0, MAX_EPOCH=100, batch_size=256, output_dim=512, lr=0.0001, noisy_ratio=0.8, noise_mode='sym', GPU=1, hard_weight=True, noisy_train=True, logging='wiki_findMAP')
2025-06-18 00:28:25,427 - __main__ - INFO - ...Image to Text MAP = 0.4270889686118129
2025-06-18 00:28:25,529 - __main__ - INFO - ...Text to Image MAP = 0.41343710888626356
2025-06-18 00:28:25,530 - __main__ - INFO - ...Average MAP = 0.42026303874903825
2025-06-18 00:28:32,336 - __main__ - INFO - Noise ratio: 0.2
2025-06-18 00:28:32,337 - __main__ - INFO - Namespace(dataset='wiki', seed=2, alpha=2.0, lamda=1, margin=0.9, lambd=5, barycenter_number=1, top_k=10, warm_up_epoch=0, MAX_EPOCH=100, batch_size=256, output_dim=512, lr=0.0001, noisy_ratio=0.2, noise_mode='sym', GPU=1, hard_weight=True, noisy_train=True, logging='wiki_findMAP')
2025-06-18 00:32:10,822 - __main__ - INFO - ...Image to Text MAP = 0.5125752798277621
2025-06-18 00:32:10,949 - __main__ - INFO - ...Text to Image MAP = 0.4850057601532539
2025-06-18 00:32:10,950 - __main__ - INFO - ...Average MAP = 0.498790519990508
2025-06-18 00:32:21,036 - __main__ - INFO - Noise ratio: 0.4
2025-06-18 00:32:21,042 - __main__ - INFO - Namespace(dataset='wiki', seed=2, alpha=2.0, lamda=1, margin=0.9, lambd=5, barycenter_number=1, top_k=10, warm_up_epoch=0, MAX_EPOCH=100, batch_size=256, output_dim=512, lr=0.0001, noisy_ratio=0.4, noise_mode='sym', GPU=1, hard_weight=True, noisy_train=True, logging='wiki_findMAP')
2025-06-18 00:35:49,394 - __main__ - INFO - ...Image to Text MAP = 0.48659341447639926
2025-06-18 00:35:49,491 - __main__ - INFO - ...Text to Image MAP = 0.4542563661449812
2025-06-18 00:35:49,492 - __main__ - INFO - ...Average MAP = 0.47042489031069024
2025-06-18 00:35:57,064 - __main__ - INFO - Noise ratio: 0.6
2025-06-18 00:35:57,066 - __main__ - INFO - Namespace(dataset='wiki', seed=2, alpha=2.0, lamda=1, margin=0.9, lambd=5, barycenter_number=1, top_k=10, warm_up_epoch=0, MAX_EPOCH=100, batch_size=256, output_dim=512, lr=0.0001, noisy_ratio=0.6, noise_mode='sym', GPU=1, hard_weight=True, noisy_train=True, logging='wiki_findMAP')
2025-06-18 00:39:05,391 - __main__ - INFO - ...Image to Text MAP = 0.4402922438861107
2025-06-18 00:39:05,601 - __main__ - INFO - ...Text to Image MAP = 0.41978738512398833
2025-06-18 00:39:05,602 - __main__ - INFO - ...Average MAP = 0.4300398145050495
2025-06-18 00:39:13,450 - __main__ - INFO - Noise ratio: 0.8
2025-06-18 00:39:13,455 - __main__ - INFO - Namespace(dataset='wiki', seed=2, alpha=2.0, lamda=1, margin=0.9, lambd=5, barycenter_number=1, top_k=10, warm_up_epoch=0, MAX_EPOCH=100, batch_size=256, output_dim=512, lr=0.0001, noisy_ratio=0.8, noise_mode='sym', GPU=1, hard_weight=True, noisy_train=True, logging='wiki_findMAP')
2025-06-18 00:42:10,758 - __main__ - INFO - ...Image to Text MAP = 0.4281099231384784
2025-06-18 00:42:10,867 - __main__ - INFO - ...Text to Image MAP = 0.412376452029931
2025-06-18 00:42:10,868 - __main__ - INFO - ...Average MAP = 0.4202431875842047
2025-06-18 00:42:17,555 - __main__ - INFO - Noise ratio: 0.2
2025-06-18 00:42:17,557 - __main__ - INFO - Namespace(dataset='wiki', seed=3, alpha=0.1, lamda=1, margin=0.9, lambd=5, barycenter_number=1, top_k=10, warm_up_epoch=0, MAX_EPOCH=100, batch_size=256, output_dim=512, lr=0.0001, noisy_ratio=0.2, noise_mode='sym', GPU=1, hard_weight=True, noisy_train=True, logging='wiki_findMAP')
2025-06-18 00:45:27,733 - __main__ - INFO - ...Image to Text MAP = 0.48860702214037455
2025-06-18 00:45:27,817 - __main__ - INFO - ...Text to Image MAP = 0.431606215849932
2025-06-18 00:45:27,817 - __main__ - INFO - ...Average MAP = 0.46010661899515326
2025-06-18 00:45:33,680 - __main__ - INFO - Noise ratio: 0.4
2025-06-18 00:45:33,682 - __main__ - INFO - Namespace(dataset='wiki', seed=3, alpha=0.1, lamda=1, margin=0.9, lambd=5, barycenter_number=1, top_k=10, warm_up_epoch=0, MAX_EPOCH=100, batch_size=256, output_dim=512, lr=0.0001, noisy_ratio=0.4, noise_mode='sym', GPU=1, hard_weight=True, noisy_train=True, logging='wiki_findMAP')
2025-06-18 00:48:26,927 - __main__ - INFO - ...Image to Text MAP = 0.46028177082541893
2025-06-18 00:48:27,009 - __main__ - INFO - ...Text to Image MAP = 0.39504868783404495
2025-06-18 00:48:27,010 - __main__ - INFO - ...Average MAP = 0.42766522932973194
2025-06-18 00:48:35,360 - __main__ - INFO - Noise ratio: 0.6
2025-06-18 00:48:35,364 - __main__ - INFO - Namespace(dataset='wiki', seed=3, alpha=0.1, lamda=1, margin=0.9, lambd=5, barycenter_number=1, top_k=10, warm_up_epoch=0, MAX_EPOCH=100, batch_size=256, output_dim=512, lr=0.0001, noisy_ratio=0.6, noise_mode='sym', GPU=1, hard_weight=True, noisy_train=True, logging='wiki_findMAP')
2025-06-18 00:51:27,052 - __main__ - INFO - ...Image to Text MAP = 0.3897023199196201
2025-06-18 00:51:27,140 - __main__ - INFO - ...Text to Image MAP = 0.3357559953431405
2025-06-18 00:51:27,141 - __main__ - INFO - ...Average MAP = 0.3627291576313803
2025-06-18 00:51:34,573 - __main__ - INFO - Noise ratio: 0.8
2025-06-18 00:51:34,576 - __main__ - INFO - Namespace(dataset='wiki', seed=3, alpha=0.1, lamda=1, margin=0.9, lambd=5, barycenter_number=1, top_k=10, warm_up_epoch=0, MAX_EPOCH=100, batch_size=256, output_dim=512, lr=0.0001, noisy_ratio=0.8, noise_mode='sym', GPU=1, hard_weight=True, noisy_train=True, logging='wiki_findMAP')
2025-06-18 00:54:32,404 - __main__ - INFO - ...Image to Text MAP = 0.4025924117861704
2025-06-18 00:54:32,499 - __main__ - INFO - ...Text to Image MAP = 0.36908887247174693
2025-06-18 00:54:32,499 - __main__ - INFO - ...Average MAP = 0.38584064212895863
2025-06-18 00:54:40,074 - __main__ - INFO - Noise ratio: 0.2
2025-06-18 00:54:40,078 - __main__ - INFO - Namespace(dataset='wiki', seed=3, alpha=0.2, lamda=1, margin=0.9, lambd=5, barycenter_number=1, top_k=10, warm_up_epoch=0, MAX_EPOCH=100, batch_size=256, output_dim=512, lr=0.0001, noisy_ratio=0.2, noise_mode='sym', GPU=1, hard_weight=True, noisy_train=True, logging='wiki_findMAP')
2025-06-18 00:57:58,643 - __main__ - INFO - ...Image to Text MAP = 0.49626222516868235
2025-06-18 00:57:58,747 - __main__ - INFO - ...Text to Image MAP = 0.4320728898794881
2025-06-18 00:57:58,748 - __main__ - INFO - ...Average MAP = 0.46416755752408523
2025-06-18 00:58:07,053 - __main__ - INFO - Noise ratio: 0.4
2025-06-18 00:58:07,055 - __main__ - INFO - Namespace(dataset='wiki', seed=3, alpha=0.2, lamda=1, margin=0.9, lambd=5, barycenter_number=1, top_k=10, warm_up_epoch=0, MAX_EPOCH=100, batch_size=256, output_dim=512, lr=0.0001, noisy_ratio=0.4, noise_mode='sym', GPU=1, hard_weight=True, noisy_train=True, logging='wiki_findMAP')
2025-06-18 01:01:31,302 - __main__ - INFO - ...Image to Text MAP = 0.4605642313081669
2025-06-18 01:01:31,682 - __main__ - INFO - ...Text to Image MAP = 0.408628093180392
2025-06-18 01:01:31,683 - __main__ - INFO - ...Average MAP = 0.43459616224427944
2025-06-18 01:01:41,145 - __main__ - INFO - Noise ratio: 0.6
2025-06-18 01:01:41,147 - __main__ - INFO - Namespace(dataset='wiki', seed=3, alpha=0.2, lamda=1, margin=0.9, lambd=5, barycenter_number=1, top_k=10, warm_up_epoch=0, MAX_EPOCH=100, batch_size=256, output_dim=512, lr=0.0001, noisy_ratio=0.6, noise_mode='sym', GPU=1, hard_weight=True, noisy_train=True, logging='wiki_findMAP')
2025-06-18 01:04:53,720 - __main__ - INFO - ...Image to Text MAP = 0.4316500032342341
2025-06-18 01:04:53,848 - __main__ - INFO - ...Text to Image MAP = 0.37320499094002385
2025-06-18 01:04:53,849 - __main__ - INFO - ...Average MAP = 0.402427497087129
2025-06-18 01:05:03,921 - __main__ - INFO - Noise ratio: 0.8
2025-06-18 01:05:03,922 - __main__ - INFO - Namespace(dataset='wiki', seed=3, alpha=0.2, lamda=1, margin=0.9, lambd=5, barycenter_number=1, top_k=10, warm_up_epoch=0, MAX_EPOCH=100, batch_size=256, output_dim=512, lr=0.0001, noisy_ratio=0.8, noise_mode='sym', GPU=1, hard_weight=True, noisy_train=True, logging='wiki_findMAP')
2025-06-18 01:08:15,203 - __main__ - INFO - ...Image to Text MAP = 0.438672562177358
2025-06-18 01:08:15,328 - __main__ - INFO - ...Text to Image MAP = 0.38455537007444485
2025-06-18 01:08:15,328 - __main__ - INFO - ...Average MAP = 0.4116139661259014
2025-06-18 01:08:23,309 - __main__ - INFO - Noise ratio: 0.2
2025-06-18 01:08:23,311 - __main__ - INFO - Namespace(dataset='wiki', seed=3, alpha=0.3, lamda=1, margin=0.9, lambd=5, barycenter_number=1, top_k=10, warm_up_epoch=0, MAX_EPOCH=100, batch_size=256, output_dim=512, lr=0.0001, noisy_ratio=0.2, noise_mode='sym', GPU=1, hard_weight=True, noisy_train=True, logging='wiki_findMAP')
2025-06-18 01:11:37,720 - __main__ - INFO - ...Image to Text MAP = 0.5018990001593734
2025-06-18 01:11:37,884 - __main__ - INFO - ...Text to Image MAP = 0.4383840502569216
2025-06-18 01:11:37,885 - __main__ - INFO - ...Average MAP = 0.4701415252081475
2025-06-18 01:11:46,073 - __main__ - INFO - Noise ratio: 0.4
2025-06-18 01:11:46,074 - __main__ - INFO - Namespace(dataset='wiki', seed=3, alpha=0.3, lamda=1, margin=0.9, lambd=5, barycenter_number=1, top_k=10, warm_up_epoch=0, MAX_EPOCH=100, batch_size=256, output_dim=512, lr=0.0001, noisy_ratio=0.4, noise_mode='sym', GPU=1, hard_weight=True, noisy_train=True, logging='wiki_findMAP')
2025-06-18 01:15:06,092 - __main__ - INFO - ...Image to Text MAP = 0.48750603882306637
2025-06-18 01:15:06,308 - __main__ - INFO - ...Text to Image MAP = 0.42549994293273297
2025-06-18 01:15:06,309 - __main__ - INFO - ...Average MAP = 0.4565029908778997
2025-06-18 01:15:14,286 - __main__ - INFO - Noise ratio: 0.6
2025-06-18 01:15:14,288 - __main__ - INFO - Namespace(dataset='wiki', seed=3, alpha=0.3, lamda=1, margin=0.9, lambd=5, barycenter_number=1, top_k=10, warm_up_epoch=0, MAX_EPOCH=100, batch_size=256, output_dim=512, lr=0.0001, noisy_ratio=0.6, noise_mode='sym', GPU=1, hard_weight=True, noisy_train=True, logging='wiki_findMAP')
2025-06-18 01:18:21,971 - __main__ - INFO - ...Image to Text MAP = 0.4683331947275179
2025-06-18 01:18:22,121 - __main__ - INFO - ...Text to Image MAP = 0.428860520304393
2025-06-18 01:18:22,121 - __main__ - INFO - ...Average MAP = 0.44859685751595546
2025-06-18 01:18:31,612 - __main__ - INFO - Noise ratio: 0.8
2025-06-18 01:18:31,616 - __main__ - INFO - Namespace(dataset='wiki', seed=3, alpha=0.3, lamda=1, margin=0.9, lambd=5, barycenter_number=1, top_k=10, warm_up_epoch=0, MAX_EPOCH=100, batch_size=256, output_dim=512, lr=0.0001, noisy_ratio=0.8, noise_mode='sym', GPU=1, hard_weight=True, noisy_train=True, logging='wiki_findMAP')
2025-06-18 01:21:24,521 - __main__ - INFO - ...Image to Text MAP = 0.4507839186859636
2025-06-18 01:21:24,602 - __main__ - INFO - ...Text to Image MAP = 0.41913121629526945
2025-06-18 01:21:24,603 - __main__ - INFO - ...Average MAP = 0.43495756749061654
2025-06-18 01:21:33,434 - __main__ - INFO - Noise ratio: 0.2
2025-06-18 01:21:33,436 - __main__ - INFO - Namespace(dataset='wiki', seed=3, alpha=0.4, lamda=1, margin=0.9, lambd=5, barycenter_number=1, top_k=10, warm_up_epoch=0, MAX_EPOCH=100, batch_size=256, output_dim=512, lr=0.0001, noisy_ratio=0.2, noise_mode='sym', GPU=1, hard_weight=True, noisy_train=True, logging='wiki_findMAP')
2025-06-18 01:24:13,046 - __main__ - INFO - ...Image to Text MAP = 0.48964225023769814
2025-06-18 01:24:13,194 - __main__ - INFO - ...Text to Image MAP = 0.4366686148699961
2025-06-18 01:24:13,194 - __main__ - INFO - ...Average MAP = 0.4631554325538471
2025-06-18 01:24:20,221 - __main__ - INFO - Noise ratio: 0.4
2025-06-18 01:24:20,225 - __main__ - INFO - Namespace(dataset='wiki', seed=3, alpha=0.4, lamda=1, margin=0.9, lambd=5, barycenter_number=1, top_k=10, warm_up_epoch=0, MAX_EPOCH=100, batch_size=256, output_dim=512, lr=0.0001, noisy_ratio=0.4, noise_mode='sym', GPU=1, hard_weight=True, noisy_train=True, logging='wiki_findMAP')
2025-06-18 01:27:56,317 - __main__ - INFO - ...Image to Text MAP = 0.48702089327615034
2025-06-18 01:27:56,524 - __main__ - INFO - ...Text to Image MAP = 0.44155144962862586
2025-06-18 01:27:56,524 - __main__ - INFO - ...Average MAP = 0.4642861714523881
2025-06-18 01:28:05,641 - __main__ - INFO - Noise ratio: 0.6
2025-06-18 01:28:05,645 - __main__ - INFO - Namespace(dataset='wiki', seed=3, alpha=0.4, lamda=1, margin=0.9, lambd=5, barycenter_number=1, top_k=10, warm_up_epoch=0, MAX_EPOCH=100, batch_size=256, output_dim=512, lr=0.0001, noisy_ratio=0.6, noise_mode='sym', GPU=1, hard_weight=True, noisy_train=True, logging='wiki_findMAP')
2025-06-18 01:31:24,645 - __main__ - INFO - ...Image to Text MAP = 0.47594591427066163
2025-06-18 01:31:24,749 - __main__ - INFO - ...Text to Image MAP = 0.4240051909833921
2025-06-18 01:31:24,749 - __main__ - INFO - ...Average MAP = 0.4499755526270269
2025-06-18 01:31:31,864 - __main__ - INFO - Noise ratio: 0.8
2025-06-18 01:31:31,866 - __main__ - INFO - Namespace(dataset='wiki', seed=3, alpha=0.4, lamda=1, margin=0.9, lambd=5, barycenter_number=1, top_k=10, warm_up_epoch=0, MAX_EPOCH=100, batch_size=256, output_dim=512, lr=0.0001, noisy_ratio=0.8, noise_mode='sym', GPU=1, hard_weight=True, noisy_train=True, logging='wiki_findMAP')
2025-06-18 01:34:26,847 - __main__ - INFO - ...Image to Text MAP = 0.44776657800739333
2025-06-18 01:34:26,957 - __main__ - INFO - ...Text to Image MAP = 0.41939548539017474
2025-06-18 01:34:26,958 - __main__ - INFO - ...Average MAP = 0.43358103169878404
2025-06-18 01:34:35,129 - __main__ - INFO - Noise ratio: 0.2
2025-06-18 01:34:35,131 - __main__ - INFO - Namespace(dataset='wiki', seed=3, alpha=0.5, lamda=1, margin=0.9, lambd=5, barycenter_number=1, top_k=10, warm_up_epoch=0, MAX_EPOCH=100, batch_size=256, output_dim=512, lr=0.0001, noisy_ratio=0.2, noise_mode='sym', GPU=1, hard_weight=True, noisy_train=True, logging='wiki_findMAP')
2025-06-18 01:37:53,050 - __main__ - INFO - ...Image to Text MAP = 0.508576737549527
2025-06-18 01:37:53,373 - __main__ - INFO - ...Text to Image MAP = 0.4456728296326378
2025-06-18 01:37:53,374 - __main__ - INFO - ...Average MAP = 0.47712478359108246
2025-06-18 01:38:02,707 - __main__ - INFO - Noise ratio: 0.4
2025-06-18 01:38:02,709 - __main__ - INFO - Namespace(dataset='wiki', seed=3, alpha=0.5, lamda=1, margin=0.9, lambd=5, barycenter_number=1, top_k=10, warm_up_epoch=0, MAX_EPOCH=100, batch_size=256, output_dim=512, lr=0.0001, noisy_ratio=0.4, noise_mode='sym', GPU=1, hard_weight=True, noisy_train=True, logging='wiki_findMAP')
2025-06-18 01:41:30,246 - __main__ - INFO - ...Image to Text MAP = 0.5033038580206083
2025-06-18 01:41:30,352 - __main__ - INFO - ...Text to Image MAP = 0.44030744683609474
2025-06-18 01:41:30,352 - __main__ - INFO - ...Average MAP = 0.4718056524283515
2025-06-18 01:41:37,970 - __main__ - INFO - Noise ratio: 0.6
2025-06-18 01:41:37,972 - __main__ - INFO - Namespace(dataset='wiki', seed=3, alpha=0.5, lamda=1, margin=0.9, lambd=5, barycenter_number=1, top_k=10, warm_up_epoch=0, MAX_EPOCH=100, batch_size=256, output_dim=512, lr=0.0001, noisy_ratio=0.6, noise_mode='sym', GPU=1, hard_weight=True, noisy_train=True, logging='wiki_findMAP')
2025-06-18 01:45:12,523 - __main__ - INFO - ...Image to Text MAP = 0.48871864975993756
2025-06-18 01:45:12,718 - __main__ - INFO - ...Text to Image MAP = 0.4522313632726054
2025-06-18 01:45:12,719 - __main__ - INFO - ...Average MAP = 0.4704750065162715
2025-06-18 01:45:23,479 - __main__ - INFO - Noise ratio: 0.8
2025-06-18 01:45:23,482 - __main__ - INFO - Namespace(dataset='wiki', seed=3, alpha=0.5, lamda=1, margin=0.9, lambd=5, barycenter_number=1, top_k=10, warm_up_epoch=0, MAX_EPOCH=100, batch_size=256, output_dim=512, lr=0.0001, noisy_ratio=0.8, noise_mode='sym', GPU=1, hard_weight=True, noisy_train=True, logging='wiki_findMAP')
2025-06-18 01:48:56,112 - __main__ - INFO - ...Image to Text MAP = 0.4371412132139895
2025-06-18 01:48:56,213 - __main__ - INFO - ...Text to Image MAP = 0.39762253693161953
2025-06-18 01:48:56,213 - __main__ - INFO - ...Average MAP = 0.41738187507280455
2025-06-18 01:49:05,018 - __main__ - INFO - Noise ratio: 0.2
2025-06-18 01:49:05,020 - __main__ - INFO - Namespace(dataset='wiki', seed=3, alpha=0.6, lamda=1, margin=0.9, lambd=5, barycenter_number=1, top_k=10, warm_up_epoch=0, MAX_EPOCH=100, batch_size=256, output_dim=512, lr=0.0001, noisy_ratio=0.2, noise_mode='sym', GPU=1, hard_weight=True, noisy_train=True, logging='wiki_findMAP')
2025-06-18 01:52:33,628 - __main__ - INFO - ...Image to Text MAP = 0.5104657495923429
2025-06-18 01:52:33,919 - __main__ - INFO - ...Text to Image MAP = 0.4594363251721375
2025-06-18 01:52:33,925 - __main__ - INFO - ...Average MAP = 0.4849510373822402
2025-06-18 01:52:42,248 - __main__ - INFO - Noise ratio: 0.4
2025-06-18 01:52:42,251 - __main__ - INFO - Namespace(dataset='wiki', seed=3, alpha=0.6, lamda=1, margin=0.9, lambd=5, barycenter_number=1, top_k=10, warm_up_epoch=0, MAX_EPOCH=100, batch_size=256, output_dim=512, lr=0.0001, noisy_ratio=0.4, noise_mode='sym', GPU=1, hard_weight=True, noisy_train=True, logging='wiki_findMAP')
2025-06-18 01:55:59,959 - __main__ - INFO - ...Image to Text MAP = 0.5066911753003873
2025-06-18 01:56:00,063 - __main__ - INFO - ...Text to Image MAP = 0.45317470772285146
2025-06-18 01:56:00,070 - __main__ - INFO - ...Average MAP = 0.47993294151161936
2025-06-18 01:56:07,780 - __main__ - INFO - Noise ratio: 0.6
2025-06-18 01:56:07,786 - __main__ - INFO - Namespace(dataset='wiki', seed=3, alpha=0.6, lamda=1, margin=0.9, lambd=5, barycenter_number=1, top_k=10, warm_up_epoch=0, MAX_EPOCH=100, batch_size=256, output_dim=512, lr=0.0001, noisy_ratio=0.6, noise_mode='sym', GPU=1, hard_weight=True, noisy_train=True, logging='wiki_findMAP')
2025-06-18 01:59:44,043 - __main__ - INFO - ...Image to Text MAP = 0.49326683621104567
2025-06-18 01:59:44,197 - __main__ - INFO - ...Text to Image MAP = 0.46290732342636415
2025-06-18 01:59:44,197 - __main__ - INFO - ...Average MAP = 0.4780870798187049
2025-06-18 01:59:51,640 - __main__ - INFO - Noise ratio: 0.8
2025-06-18 01:59:51,642 - __main__ - INFO - Namespace(dataset='wiki', seed=3, alpha=0.6, lamda=1, margin=0.9, lambd=5, barycenter_number=1, top_k=10, warm_up_epoch=0, MAX_EPOCH=100, batch_size=256, output_dim=512, lr=0.0001, noisy_ratio=0.8, noise_mode='sym', GPU=1, hard_weight=True, noisy_train=True, logging='wiki_findMAP')
2025-06-18 02:02:36,370 - __main__ - INFO - ...Image to Text MAP = 0.43538552478490905
2025-06-18 02:02:36,505 - __main__ - INFO - ...Text to Image MAP = 0.4163399480037615
2025-06-18 02:02:36,506 - __main__ - INFO - ...Average MAP = 0.42586273639433525
2025-06-18 02:02:44,265 - __main__ - INFO - Noise ratio: 0.2
2025-06-18 02:02:44,267 - __main__ - INFO - Namespace(dataset='wiki', seed=3, alpha=0.7, lamda=1, margin=0.9, lambd=5, barycenter_number=1, top_k=10, warm_up_epoch=0, MAX_EPOCH=100, batch_size=256, output_dim=512, lr=0.0001, noisy_ratio=0.2, noise_mode='sym', GPU=1, hard_weight=True, noisy_train=True, logging='wiki_findMAP')
2025-06-18 02:05:29,565 - __main__ - INFO - ...Image to Text MAP = 0.5097356349054539
2025-06-18 02:05:29,774 - __main__ - INFO - ...Text to Image MAP = 0.4571859842473761
2025-06-18 02:05:29,775 - __main__ - INFO - ...Average MAP = 0.483460809576415
2025-06-18 02:05:38,363 - __main__ - INFO - Noise ratio: 0.4
2025-06-18 02:05:38,372 - __main__ - INFO - Namespace(dataset='wiki', seed=3, alpha=0.7, lamda=1, margin=0.9, lambd=5, barycenter_number=1, top_k=10, warm_up_epoch=0, MAX_EPOCH=100, batch_size=256, output_dim=512, lr=0.0001, noisy_ratio=0.4, noise_mode='sym', GPU=1, hard_weight=True, noisy_train=True, logging='wiki_findMAP')
2025-06-18 02:09:19,780 - __main__ - INFO - ...Image to Text MAP = 0.5076509507237945
2025-06-18 02:09:20,015 - __main__ - INFO - ...Text to Image MAP = 0.4472491292352004
2025-06-18 02:09:20,020 - __main__ - INFO - ...Average MAP = 0.4774500399794974
2025-06-18 02:09:28,788 - __main__ - INFO - Noise ratio: 0.6
2025-06-18 02:09:28,790 - __main__ - INFO - Namespace(dataset='wiki', seed=3, alpha=0.7, lamda=1, margin=0.9, lambd=5, barycenter_number=1, top_k=10, warm_up_epoch=0, MAX_EPOCH=100, batch_size=256, output_dim=512, lr=0.0001, noisy_ratio=0.6, noise_mode='sym', GPU=1, hard_weight=True, noisy_train=True, logging='wiki_findMAP')
2025-06-18 02:12:54,992 - __main__ - INFO - ...Image to Text MAP = 0.4803324172055127
2025-06-18 02:12:55,074 - __main__ - INFO - ...Text to Image MAP = 0.45432511791860636
2025-06-18 02:12:55,074 - __main__ - INFO - ...Average MAP = 0.46732876756205954
2025-06-18 02:13:02,687 - __main__ - INFO - Noise ratio: 0.8
2025-06-18 02:13:02,689 - __main__ - INFO - Namespace(dataset='wiki', seed=3, alpha=0.7, lamda=1, margin=0.9, lambd=5, barycenter_number=1, top_k=10, warm_up_epoch=0, MAX_EPOCH=100, batch_size=256, output_dim=512, lr=0.0001, noisy_ratio=0.8, noise_mode='sym', GPU=1, hard_weight=True, noisy_train=True, logging='wiki_findMAP')
2025-06-18 02:16:21,405 - __main__ - INFO - ...Image to Text MAP = 0.43125196084988576
2025-06-18 02:16:21,500 - __main__ - INFO - ...Text to Image MAP = 0.416766927134665
2025-06-18 02:16:21,501 - __main__ - INFO - ...Average MAP = 0.42400944399227536
2025-06-18 02:16:28,943 - __main__ - INFO - Noise ratio: 0.2
2025-06-18 02:16:28,945 - __main__ - INFO - Namespace(dataset='wiki', seed=3, alpha=0.8, lamda=1, margin=0.9, lambd=5, barycenter_number=1, top_k=10, warm_up_epoch=0, MAX_EPOCH=100, batch_size=256, output_dim=512, lr=0.0001, noisy_ratio=0.2, noise_mode='sym', GPU=1, hard_weight=True, noisy_train=True, logging='wiki_findMAP')
2025-06-18 02:19:27,068 - __main__ - INFO - ...Image to Text MAP = 0.512500636704842
2025-06-18 02:19:27,197 - __main__ - INFO - ...Text to Image MAP = 0.44889841748319004
2025-06-18 02:19:27,197 - __main__ - INFO - ...Average MAP = 0.48069952709401603
2025-06-18 02:19:34,346 - __main__ - INFO - Noise ratio: 0.4
2025-06-18 02:19:34,347 - __main__ - INFO - Namespace(dataset='wiki', seed=3, alpha=0.8, lamda=1, margin=0.9, lambd=5, barycenter_number=1, top_k=10, warm_up_epoch=0, MAX_EPOCH=100, batch_size=256, output_dim=512, lr=0.0001, noisy_ratio=0.4, noise_mode='sym', GPU=1, hard_weight=True, noisy_train=True, logging='wiki_findMAP')
2025-06-18 02:22:14,834 - __main__ - INFO - ...Image to Text MAP = 0.5060245738178561
2025-06-18 02:22:14,967 - __main__ - INFO - ...Text to Image MAP = 0.46730108400996484
2025-06-18 02:22:14,967 - __main__ - INFO - ...Average MAP = 0.4866628289139105
2025-06-18 02:22:22,411 - __main__ - INFO - Noise ratio: 0.6
2025-06-18 02:22:22,414 - __main__ - INFO - Namespace(dataset='wiki', seed=3, alpha=0.8, lamda=1, margin=0.9, lambd=5, barycenter_number=1, top_k=10, warm_up_epoch=0, MAX_EPOCH=100, batch_size=256, output_dim=512, lr=0.0001, noisy_ratio=0.6, noise_mode='sym', GPU=1, hard_weight=True, noisy_train=True, logging='wiki_findMAP')
2025-06-18 02:25:26,927 - __main__ - INFO - ...Image to Text MAP = 0.4864456009834357
2025-06-18 02:25:27,025 - __main__ - INFO - ...Text to Image MAP = 0.4620849755282454
2025-06-18 02:25:27,026 - __main__ - INFO - ...Average MAP = 0.4742652882558406
2025-06-18 02:25:34,976 - __main__ - INFO - Noise ratio: 0.8
2025-06-18 02:25:34,983 - __main__ - INFO - Namespace(dataset='wiki', seed=3, alpha=0.8, lamda=1, margin=0.9, lambd=5, barycenter_number=1, top_k=10, warm_up_epoch=0, MAX_EPOCH=100, batch_size=256, output_dim=512, lr=0.0001, noisy_ratio=0.8, noise_mode='sym', GPU=1, hard_weight=True, noisy_train=True, logging='wiki_findMAP')
2025-06-18 02:29:06,606 - __main__ - INFO - ...Image to Text MAP = 0.4285749057291565
2025-06-18 02:29:06,711 - __main__ - INFO - ...Text to Image MAP = 0.4146819546295296
2025-06-18 02:29:06,712 - __main__ - INFO - ...Average MAP = 0.42162843017934304
2025-06-18 02:29:16,603 - __main__ - INFO - Noise ratio: 0.2
2025-06-18 02:29:16,607 - __main__ - INFO - Namespace(dataset='wiki', seed=3, alpha=0.9, lamda=1, margin=0.9, lambd=5, barycenter_number=1, top_k=10, warm_up_epoch=0, MAX_EPOCH=100, batch_size=256, output_dim=512, lr=0.0001, noisy_ratio=0.2, noise_mode='sym', GPU=1, hard_weight=True, noisy_train=True, logging='wiki_findMAP')
2025-06-18 02:32:50,468 - __main__ - INFO - ...Image to Text MAP = 0.5092929863086202
2025-06-18 02:32:50,572 - __main__ - INFO - ...Text to Image MAP = 0.45222006676788556
2025-06-18 02:32:50,573 - __main__ - INFO - ...Average MAP = 0.48075652653825285
2025-06-18 02:32:58,769 - __main__ - INFO - Noise ratio: 0.4
2025-06-18 02:32:58,771 - __main__ - INFO - Namespace(dataset='wiki', seed=3, alpha=0.9, lamda=1, margin=0.9, lambd=5, barycenter_number=1, top_k=10, warm_up_epoch=0, MAX_EPOCH=100, batch_size=256, output_dim=512, lr=0.0001, noisy_ratio=0.4, noise_mode='sym', GPU=1, hard_weight=True, noisy_train=True, logging='wiki_findMAP')
2025-06-18 02:35:55,451 - __main__ - INFO - ...Image to Text MAP = 0.49932907703234214
2025-06-18 02:35:55,550 - __main__ - INFO - ...Text to Image MAP = 0.45675616285888687
2025-06-18 02:35:55,550 - __main__ - INFO - ...Average MAP = 0.4780426199456145
2025-06-18 02:36:03,527 - __main__ - INFO - Noise ratio: 0.6
2025-06-18 02:36:03,531 - __main__ - INFO - Namespace(dataset='wiki', seed=3, alpha=0.9, lamda=1, margin=0.9, lambd=5, barycenter_number=1, top_k=10, warm_up_epoch=0, MAX_EPOCH=100, batch_size=256, output_dim=512, lr=0.0001, noisy_ratio=0.6, noise_mode='sym', GPU=1, hard_weight=True, noisy_train=True, logging='wiki_findMAP')
2025-06-18 02:39:00,369 - __main__ - INFO - ...Image to Text MAP = 0.4902971395868219
2025-06-18 02:39:00,475 - __main__ - INFO - ...Text to Image MAP = 0.4548539022999707
2025-06-18 02:39:00,475 - __main__ - INFO - ...Average MAP = 0.4725755209433963
2025-06-18 02:39:09,121 - __main__ - INFO - Noise ratio: 0.8
2025-06-18 02:39:09,126 - __main__ - INFO - Namespace(dataset='wiki', seed=3, alpha=0.9, lamda=1, margin=0.9, lambd=5, barycenter_number=1, top_k=10, warm_up_epoch=0, MAX_EPOCH=100, batch_size=256, output_dim=512, lr=0.0001, noisy_ratio=0.8, noise_mode='sym', GPU=1, hard_weight=True, noisy_train=True, logging='wiki_findMAP')
2025-06-18 02:42:12,824 - __main__ - INFO - ...Image to Text MAP = 0.4269549141283987
2025-06-18 02:42:12,943 - __main__ - INFO - ...Text to Image MAP = 0.40820407090613514
2025-06-18 02:42:12,944 - __main__ - INFO - ...Average MAP = 0.4175794925172669
2025-06-18 02:42:20,950 - __main__ - INFO - Noise ratio: 0.2
2025-06-18 02:42:20,952 - __main__ - INFO - Namespace(dataset='wiki', seed=3, alpha=1.0, lamda=1, margin=0.9, lambd=5, barycenter_number=1, top_k=10, warm_up_epoch=0, MAX_EPOCH=100, batch_size=256, output_dim=512, lr=0.0001, noisy_ratio=0.2, noise_mode='sym', GPU=1, hard_weight=True, noisy_train=True, logging='wiki_findMAP')
2025-06-18 02:45:22,347 - __main__ - INFO - ...Image to Text MAP = 0.5093633607515845
2025-06-18 02:45:22,582 - __main__ - INFO - ...Text to Image MAP = 0.45857900230919024
2025-06-18 02:45:22,586 - __main__ - INFO - ...Average MAP = 0.4839711815303874
2025-06-18 02:45:32,465 - __main__ - INFO - Noise ratio: 0.4
2025-06-18 02:45:32,467 - __main__ - INFO - Namespace(dataset='wiki', seed=3, alpha=1.0, lamda=1, margin=0.9, lambd=5, barycenter_number=1, top_k=10, warm_up_epoch=0, MAX_EPOCH=100, batch_size=256, output_dim=512, lr=0.0001, noisy_ratio=0.4, noise_mode='sym', GPU=1, hard_weight=True, noisy_train=True, logging='wiki_findMAP')
2025-06-18 02:48:29,267 - __main__ - INFO - ...Image to Text MAP = 0.5044171150074844
2025-06-18 02:48:29,375 - __main__ - INFO - ...Text to Image MAP = 0.4637218950905076
2025-06-18 02:48:29,375 - __main__ - INFO - ...Average MAP = 0.48406950504899604
2025-06-18 02:48:36,740 - __main__ - INFO - Noise ratio: 0.6
2025-06-18 02:48:36,742 - __main__ - INFO - Namespace(dataset='wiki', seed=3, alpha=1.0, lamda=1, margin=0.9, lambd=5, barycenter_number=1, top_k=10, warm_up_epoch=0, MAX_EPOCH=100, batch_size=256, output_dim=512, lr=0.0001, noisy_ratio=0.6, noise_mode='sym', GPU=1, hard_weight=True, noisy_train=True, logging='wiki_findMAP')
2025-06-18 02:51:49,625 - __main__ - INFO - ...Image to Text MAP = 0.4833076918055183
2025-06-18 02:51:49,750 - __main__ - INFO - ...Text to Image MAP = 0.4506852127436611
2025-06-18 02:51:49,750 - __main__ - INFO - ...Average MAP = 0.4669964522745897
2025-06-18 02:51:58,095 - __main__ - INFO - Noise ratio: 0.8
2025-06-18 02:51:58,096 - __main__ - INFO - Namespace(dataset='wiki', seed=3, alpha=1.0, lamda=1, margin=0.9, lambd=5, barycenter_number=1, top_k=10, warm_up_epoch=0, MAX_EPOCH=100, batch_size=256, output_dim=512, lr=0.0001, noisy_ratio=0.8, noise_mode='sym', GPU=1, hard_weight=True, noisy_train=True, logging='wiki_findMAP')
2025-06-18 02:54:37,706 - __main__ - INFO - ...Image to Text MAP = 0.4289707342898713
2025-06-18 02:54:37,820 - __main__ - INFO - ...Text to Image MAP = 0.41317717516825087
2025-06-18 02:54:37,820 - __main__ - INFO - ...Average MAP = 0.42107395472906106
2025-06-18 02:54:44,835 - __main__ - INFO - Noise ratio: 0.2
2025-06-18 02:54:44,845 - __main__ - INFO - Namespace(dataset='wiki', seed=3, alpha=2.0, lamda=1, margin=0.9, lambd=5, barycenter_number=1, top_k=10, warm_up_epoch=0, MAX_EPOCH=100, batch_size=256, output_dim=512, lr=0.0001, noisy_ratio=0.2, noise_mode='sym', GPU=1, hard_weight=True, noisy_train=True, logging='wiki_findMAP')
2025-06-18 02:57:41,107 - __main__ - INFO - ...Image to Text MAP = 0.5123520134906399
2025-06-18 02:57:41,264 - __main__ - INFO - ...Text to Image MAP = 0.4866547727712525
2025-06-18 02:57:41,264 - __main__ - INFO - ...Average MAP = 0.49950339313094616
2025-06-18 02:57:49,210 - __main__ - INFO - Noise ratio: 0.4
2025-06-18 02:57:49,211 - __main__ - INFO - Namespace(dataset='wiki', seed=3, alpha=2.0, lamda=1, margin=0.9, lambd=5, barycenter_number=1, top_k=10, warm_up_epoch=0, MAX_EPOCH=100, batch_size=256, output_dim=512, lr=0.0001, noisy_ratio=0.4, noise_mode='sym', GPU=1, hard_weight=True, noisy_train=True, logging='wiki_findMAP')
2025-06-18 03:01:26,621 - __main__ - INFO - ...Image to Text MAP = 0.48156429988079413
2025-06-18 03:01:26,742 - __main__ - INFO - ...Text to Image MAP = 0.44512049871795734
2025-06-18 03:01:26,743 - __main__ - INFO - ...Average MAP = 0.4633423992993757
2025-06-18 03:01:35,194 - __main__ - INFO - Noise ratio: 0.6
2025-06-18 03:01:35,196 - __main__ - INFO - Namespace(dataset='wiki', seed=3, alpha=2.0, lamda=1, margin=0.9, lambd=5, barycenter_number=1, top_k=10, warm_up_epoch=0, MAX_EPOCH=100, batch_size=256, output_dim=512, lr=0.0001, noisy_ratio=0.6, noise_mode='sym', GPU=1, hard_weight=True, noisy_train=True, logging='wiki_findMAP')
2025-06-18 03:05:08,496 - __main__ - INFO - ...Image to Text MAP = 0.4297967659710137
2025-06-18 03:05:08,607 - __main__ - INFO - ...Text to Image MAP = 0.4124255381550578
2025-06-18 03:05:08,607 - __main__ - INFO - ...Average MAP = 0.42111115206303573
2025-06-18 03:05:16,972 - __main__ - INFO - Noise ratio: 0.8
2025-06-18 03:05:16,986 - __main__ - INFO - Namespace(dataset='wiki', seed=3, alpha=2.0, lamda=1, margin=0.9, lambd=5, barycenter_number=1, top_k=10, warm_up_epoch=0, MAX_EPOCH=100, batch_size=256, output_dim=512, lr=0.0001, noisy_ratio=0.8, noise_mode='sym', GPU=1, hard_weight=True, noisy_train=True, logging='wiki_findMAP')
2025-06-18 03:08:20,606 - __main__ - INFO - ...Image to Text MAP = 0.42409274210225173
2025-06-18 03:08:20,690 - __main__ - INFO - ...Text to Image MAP = 0.40760364343934
2025-06-18 03:08:20,690 - __main__ - INFO - ...Average MAP = 0.4158481927707959
2025-06-18 03:08:28,053 - __main__ - INFO - Noise ratio: 0.2
2025-06-18 03:08:28,054 - __main__ - INFO - Namespace(dataset='wiki', seed=4, alpha=0.1, lamda=1, margin=0.9, lambd=5, barycenter_number=1, top_k=10, warm_up_epoch=0, MAX_EPOCH=100, batch_size=256, output_dim=512, lr=0.0001, noisy_ratio=0.2, noise_mode='sym', GPU=1, hard_weight=True, noisy_train=True, logging='wiki_findMAP')
2025-06-18 03:11:41,018 - __main__ - INFO - ...Image to Text MAP = 0.48444140078923675
2025-06-18 03:11:41,257 - __main__ - INFO - ...Text to Image MAP = 0.4322804131350405
2025-06-18 03:11:41,257 - __main__ - INFO - ...Average MAP = 0.4583609069621386
2025-06-18 03:11:49,039 - __main__ - INFO - Noise ratio: 0.4
2025-06-18 03:11:49,042 - __main__ - INFO - Namespace(dataset='wiki', seed=4, alpha=0.1, lamda=1, margin=0.9, lambd=5, barycenter_number=1, top_k=10, warm_up_epoch=0, MAX_EPOCH=100, batch_size=256, output_dim=512, lr=0.0001, noisy_ratio=0.4, noise_mode='sym', GPU=1, hard_weight=True, noisy_train=True, logging='wiki_findMAP')
2025-06-18 03:14:49,842 - __main__ - INFO - ...Image to Text MAP = 0.45352977393653965
2025-06-18 03:14:49,942 - __main__ - INFO - ...Text to Image MAP = 0.39530566720872595
2025-06-18 03:14:49,943 - __main__ - INFO - ...Average MAP = 0.42441772057263283
2025-06-18 03:14:57,451 - __main__ - INFO - Noise ratio: 0.6
2025-06-18 03:14:57,457 - __main__ - INFO - Namespace(dataset='wiki', seed=4, alpha=0.1, lamda=1, margin=0.9, lambd=5, barycenter_number=1, top_k=10, warm_up_epoch=0, MAX_EPOCH=100, batch_size=256, output_dim=512, lr=0.0001, noisy_ratio=0.6, noise_mode='sym', GPU=1, hard_weight=True, noisy_train=True, logging='wiki_findMAP')
2025-06-18 03:17:56,123 - __main__ - INFO - ...Image to Text MAP = 0.3767238134413959
2025-06-18 03:17:56,204 - __main__ - INFO - ...Text to Image MAP = 0.33072414879702217
2025-06-18 03:17:56,205 - __main__ - INFO - ...Average MAP = 0.353723981119209
2025-06-18 03:18:03,979 - __main__ - INFO - Noise ratio: 0.8
2025-06-18 03:18:03,980 - __main__ - INFO - Namespace(dataset='wiki', seed=4, alpha=0.1, lamda=1, margin=0.9, lambd=5, barycenter_number=1, top_k=10, warm_up_epoch=0, MAX_EPOCH=100, batch_size=256, output_dim=512, lr=0.0001, noisy_ratio=0.8, noise_mode='sym', GPU=1, hard_weight=True, noisy_train=True, logging='wiki_findMAP')
2025-06-18 03:20:56,429 - __main__ - INFO - ...Image to Text MAP = 0.3897790290755515
2025-06-18 03:20:56,542 - __main__ - INFO - ...Text to Image MAP = 0.35774138299486713
2025-06-18 03:20:56,542 - __main__ - INFO - ...Average MAP = 0.3737602060352093
2025-06-18 03:21:03,693 - __main__ - INFO - Noise ratio: 0.2
2025-06-18 03:21:03,695 - __main__ - INFO - Namespace(dataset='wiki', seed=4, alpha=0.2, lamda=1, margin=0.9, lambd=5, barycenter_number=1, top_k=10, warm_up_epoch=0, MAX_EPOCH=100, batch_size=256, output_dim=512, lr=0.0001, noisy_ratio=0.2, noise_mode='sym', GPU=1, hard_weight=True, noisy_train=True, logging='wiki_findMAP')
2025-06-18 03:24:31,584 - __main__ - INFO - ...Image to Text MAP = 0.49488987888909414
2025-06-18 03:24:31,669 - __main__ - INFO - ...Text to Image MAP = 0.4297971520684369
2025-06-18 03:24:31,670 - __main__ - INFO - ...Average MAP = 0.4623435154787655
2025-06-18 03:24:38,668 - __main__ - INFO - Noise ratio: 0.4
2025-06-18 03:24:38,669 - __main__ - INFO - Namespace(dataset='wiki', seed=4, alpha=0.2, lamda=1, margin=0.9, lambd=5, barycenter_number=1, top_k=10, warm_up_epoch=0, MAX_EPOCH=100, batch_size=256, output_dim=512, lr=0.0001, noisy_ratio=0.4, noise_mode='sym', GPU=1, hard_weight=True, noisy_train=True, logging='wiki_findMAP')
2025-06-18 03:27:55,824 - __main__ - INFO - ...Image to Text MAP = 0.4742684672344702
2025-06-18 03:27:56,055 - __main__ - INFO - ...Text to Image MAP = 0.41696383751398036
2025-06-18 03:27:56,055 - __main__ - INFO - ...Average MAP = 0.44561615237422525
2025-06-18 03:28:02,886 - __main__ - INFO - Noise ratio: 0.6
2025-06-18 03:28:02,888 - __main__ - INFO - Namespace(dataset='wiki', seed=4, alpha=0.2, lamda=1, margin=0.9, lambd=5, barycenter_number=1, top_k=10, warm_up_epoch=0, MAX_EPOCH=100, batch_size=256, output_dim=512, lr=0.0001, noisy_ratio=0.6, noise_mode='sym', GPU=1, hard_weight=True, noisy_train=True, logging='wiki_findMAP')
2025-06-18 03:30:56,973 - __main__ - INFO - ...Image to Text MAP = 0.44209989178007686
2025-06-18 03:30:57,075 - __main__ - INFO - ...Text to Image MAP = 0.38898995262840125
2025-06-18 03:30:57,075 - __main__ - INFO - ...Average MAP = 0.41554492220423905
2025-06-18 03:31:04,114 - __main__ - INFO - Noise ratio: 0.8
2025-06-18 03:31:04,115 - __main__ - INFO - Namespace(dataset='wiki', seed=4, alpha=0.2, lamda=1, margin=0.9, lambd=5, barycenter_number=1, top_k=10, warm_up_epoch=0, MAX_EPOCH=100, batch_size=256, output_dim=512, lr=0.0001, noisy_ratio=0.8, noise_mode='sym', GPU=1, hard_weight=True, noisy_train=True, logging='wiki_findMAP')
2025-06-18 03:34:17,236 - __main__ - INFO - ...Image to Text MAP = 0.4323944517952043
2025-06-18 03:34:17,542 - __main__ - INFO - ...Text to Image MAP = 0.4010350868893693
2025-06-18 03:34:17,542 - __main__ - INFO - ...Average MAP = 0.4167147693422868
2025-06-18 03:34:24,800 - __main__ - INFO - Noise ratio: 0.2
2025-06-18 03:34:24,827 - __main__ - INFO - Namespace(dataset='wiki', seed=4, alpha=0.3, lamda=1, margin=0.9, lambd=5, barycenter_number=1, top_k=10, warm_up_epoch=0, MAX_EPOCH=100, batch_size=256, output_dim=512, lr=0.0001, noisy_ratio=0.2, noise_mode='sym', GPU=1, hard_weight=True, noisy_train=True, logging='wiki_findMAP')
2025-06-18 03:37:56,541 - __main__ - INFO - ...Image to Text MAP = 0.5081145714991727
2025-06-18 03:37:56,653 - __main__ - INFO - ...Text to Image MAP = 0.4469055761265877
2025-06-18 03:37:56,654 - __main__ - INFO - ...Average MAP = 0.47751007381288024
2025-06-18 03:38:07,544 - __main__ - INFO - Noise ratio: 0.4
2025-06-18 03:38:07,550 - __main__ - INFO - Namespace(dataset='wiki', seed=4, alpha=0.3, lamda=1, margin=0.9, lambd=5, barycenter_number=1, top_k=10, warm_up_epoch=0, MAX_EPOCH=100, batch_size=256, output_dim=512, lr=0.0001, noisy_ratio=0.4, noise_mode='sym', GPU=1, hard_weight=True, noisy_train=True, logging='wiki_findMAP')
2025-06-18 03:41:40,690 - __main__ - INFO - ...Image to Text MAP = 0.5051971243834971
2025-06-18 03:41:40,803 - __main__ - INFO - ...Text to Image MAP = 0.4460558668273654
2025-06-18 03:41:40,803 - __main__ - INFO - ...Average MAP = 0.47562649560543124
2025-06-18 03:41:48,695 - __main__ - INFO - Noise ratio: 0.6
2025-06-18 03:41:48,698 - __main__ - INFO - Namespace(dataset='wiki', seed=4, alpha=0.3, lamda=1, margin=0.9, lambd=5, barycenter_number=1, top_k=10, warm_up_epoch=0, MAX_EPOCH=100, batch_size=256, output_dim=512, lr=0.0001, noisy_ratio=0.6, noise_mode='sym', GPU=1, hard_weight=True, noisy_train=True, logging='wiki_findMAP')
2025-06-18 03:45:01,288 - __main__ - INFO - ...Image to Text MAP = 0.4795921364827031
2025-06-18 03:45:01,407 - __main__ - INFO - ...Text to Image MAP = 0.42769919226010833
2025-06-18 03:45:01,407 - __main__ - INFO - ...Average MAP = 0.45364566437140574
2025-06-18 03:45:09,521 - __main__ - INFO - Noise ratio: 0.8
2025-06-18 03:45:09,523 - __main__ - INFO - Namespace(dataset='wiki', seed=4, alpha=0.3, lamda=1, margin=0.9, lambd=5, barycenter_number=1, top_k=10, warm_up_epoch=0, MAX_EPOCH=100, batch_size=256, output_dim=512, lr=0.0001, noisy_ratio=0.8, noise_mode='sym', GPU=1, hard_weight=True, noisy_train=True, logging='wiki_findMAP')
2025-06-18 03:48:11,049 - __main__ - INFO - ...Image to Text MAP = 0.448501918473841
2025-06-18 03:48:11,193 - __main__ - INFO - ...Text to Image MAP = 0.41825184869459836
2025-06-18 03:48:11,194 - __main__ - INFO - ...Average MAP = 0.43337688358421966
2025-06-18 03:48:18,035 - __main__ - INFO - Noise ratio: 0.2
2025-06-18 03:48:18,036 - __main__ - INFO - Namespace(dataset='wiki', seed=4, alpha=0.4, lamda=1, margin=0.9, lambd=5, barycenter_number=1, top_k=10, warm_up_epoch=0, MAX_EPOCH=100, batch_size=256, output_dim=512, lr=0.0001, noisy_ratio=0.2, noise_mode='sym', GPU=1, hard_weight=True, noisy_train=True, logging='wiki_findMAP')
2025-06-18 03:51:10,744 - __main__ - INFO - ...Image to Text MAP = 0.4920357408138175
2025-06-18 03:51:10,876 - __main__ - INFO - ...Text to Image MAP = 0.43262905464806456
2025-06-18 03:51:10,877 - __main__ - INFO - ...Average MAP = 0.46233239773094104
2025-06-18 03:51:18,151 - __main__ - INFO - Noise ratio: 0.4
2025-06-18 03:51:18,153 - __main__ - INFO - Namespace(dataset='wiki', seed=4, alpha=0.4, lamda=1, margin=0.9, lambd=5, barycenter_number=1, top_k=10, warm_up_epoch=0, MAX_EPOCH=100, batch_size=256, output_dim=512, lr=0.0001, noisy_ratio=0.4, noise_mode='sym', GPU=1, hard_weight=True, noisy_train=True, logging='wiki_findMAP')
2025-06-18 03:54:28,967 - __main__ - INFO - ...Image to Text MAP = 0.4858186195886641
2025-06-18 03:54:29,083 - __main__ - INFO - ...Text to Image MAP = 0.43423903129105135
2025-06-18 03:54:29,084 - __main__ - INFO - ...Average MAP = 0.46002882543985774
2025-06-18 03:54:37,014 - __main__ - INFO - Noise ratio: 0.6
2025-06-18 03:54:37,018 - __main__ - INFO - Namespace(dataset='wiki', seed=4, alpha=0.4, lamda=1, margin=0.9, lambd=5, barycenter_number=1, top_k=10, warm_up_epoch=0, MAX_EPOCH=100, batch_size=256, output_dim=512, lr=0.0001, noisy_ratio=0.6, noise_mode='sym', GPU=1, hard_weight=True, noisy_train=True, logging='wiki_findMAP')
2025-06-18 03:58:14,604 - __main__ - INFO - ...Image to Text MAP = 0.4932370442174491
2025-06-18 03:58:14,711 - __main__ - INFO - ...Text to Image MAP = 0.4507572616569488
2025-06-18 03:58:14,713 - __main__ - INFO - ...Average MAP = 0.47199715293719896
2025-06-18 03:58:24,446 - __main__ - INFO - Noise ratio: 0.8
2025-06-18 03:58:24,447 - __main__ - INFO - Namespace(dataset='wiki', seed=4, alpha=0.4, lamda=1, margin=0.9, lambd=5, barycenter_number=1, top_k=10, warm_up_epoch=0, MAX_EPOCH=100, batch_size=256, output_dim=512, lr=0.0001, noisy_ratio=0.8, noise_mode='sym', GPU=1, hard_weight=True, noisy_train=True, logging='wiki_findMAP')
2025-06-18 04:02:00,738 - __main__ - INFO - ...Image to Text MAP = 0.4609640509262065
2025-06-18 04:02:00,844 - __main__ - INFO - ...Text to Image MAP = 0.4199188350323294
2025-06-18 04:02:00,846 - __main__ - INFO - ...Average MAP = 0.44044144297926796
2025-06-18 04:02:09,483 - __main__ - INFO - Noise ratio: 0.2
2025-06-18 04:02:09,486 - __main__ - INFO - Namespace(dataset='wiki', seed=4, alpha=0.5, lamda=1, margin=0.9, lambd=5, barycenter_number=1, top_k=10, warm_up_epoch=0, MAX_EPOCH=100, batch_size=256, output_dim=512, lr=0.0001, noisy_ratio=0.2, noise_mode='sym', GPU=1, hard_weight=True, noisy_train=True, logging='wiki_findMAP')
2025-06-18 04:05:30,132 - __main__ - INFO - ...Image to Text MAP = 0.49570214996273243
2025-06-18 04:05:30,335 - __main__ - INFO - ...Text to Image MAP = 0.44286173671437057
2025-06-18 04:05:30,337 - __main__ - INFO - ...Average MAP = 0.4692819433385515
2025-06-18 04:05:37,566 - __main__ - INFO - Noise ratio: 0.4
2025-06-18 04:05:37,568 - __main__ - INFO - Namespace(dataset='wiki', seed=4, alpha=0.5, lamda=1, margin=0.9, lambd=5, barycenter_number=1, top_k=10, warm_up_epoch=0, MAX_EPOCH=100, batch_size=256, output_dim=512, lr=0.0001, noisy_ratio=0.4, noise_mode='sym', GPU=1, hard_weight=True, noisy_train=True, logging='wiki_findMAP')
2025-06-18 04:08:15,077 - __main__ - INFO - ...Image to Text MAP = 0.4979201635655412
2025-06-18 04:08:15,158 - __main__ - INFO - ...Text to Image MAP = 0.44793572360195494
2025-06-18 04:08:15,158 - __main__ - INFO - ...Average MAP = 0.47292794358374807
2025-06-18 04:08:21,997 - __main__ - INFO - Noise ratio: 0.6
2025-06-18 04:08:21,999 - __main__ - INFO - Namespace(dataset='wiki', seed=4, alpha=0.5, lamda=1, margin=0.9, lambd=5, barycenter_number=1, top_k=10, warm_up_epoch=0, MAX_EPOCH=100, batch_size=256, output_dim=512, lr=0.0001, noisy_ratio=0.6, noise_mode='sym', GPU=1, hard_weight=True, noisy_train=True, logging='wiki_findMAP')
2025-06-18 04:11:06,350 - __main__ - INFO - ...Image to Text MAP = 0.4979074340706103
2025-06-18 04:11:06,449 - __main__ - INFO - ...Text to Image MAP = 0.4592740155076354
2025-06-18 04:11:06,449 - __main__ - INFO - ...Average MAP = 0.47859072478912285
2025-06-18 04:11:12,612 - __main__ - INFO - Noise ratio: 0.8
2025-06-18 04:11:12,614 - __main__ - INFO - Namespace(dataset='wiki', seed=4, alpha=0.5, lamda=1, margin=0.9, lambd=5, barycenter_number=1, top_k=10, warm_up_epoch=0, MAX_EPOCH=100, batch_size=256, output_dim=512, lr=0.0001, noisy_ratio=0.8, noise_mode='sym', GPU=1, hard_weight=True, noisy_train=True, logging='wiki_findMAP')
2025-06-18 04:14:18,793 - __main__ - INFO - ...Image to Text MAP = 0.44422083991408484
2025-06-18 04:14:18,896 - __main__ - INFO - ...Text to Image MAP = 0.4257465948581125
2025-06-18 04:14:18,896 - __main__ - INFO - ...Average MAP = 0.43498371738609865
2025-06-18 04:14:26,358 - __main__ - INFO - Noise ratio: 0.2
2025-06-18 04:14:26,360 - __main__ - INFO - Namespace(dataset='wiki', seed=4, alpha=0.6, lamda=1, margin=0.9, lambd=5, barycenter_number=1, top_k=10, warm_up_epoch=0, MAX_EPOCH=100, batch_size=256, output_dim=512, lr=0.0001, noisy_ratio=0.2, noise_mode='sym', GPU=1, hard_weight=True, noisy_train=True, logging='wiki_findMAP')
2025-06-18 04:17:10,296 - __main__ - INFO - ...Image to Text MAP = 0.49402400281295156
2025-06-18 04:17:10,619 - __main__ - INFO - ...Text to Image MAP = 0.44881613723648156
2025-06-18 04:17:10,621 - __main__ - INFO - ...Average MAP = 0.47142007002471653
2025-06-18 04:17:18,601 - __main__ - INFO - Noise ratio: 0.4
2025-06-18 04:17:18,609 - __main__ - INFO - Namespace(dataset='wiki', seed=4, alpha=0.6, lamda=1, margin=0.9, lambd=5, barycenter_number=1, top_k=10, warm_up_epoch=0, MAX_EPOCH=100, batch_size=256, output_dim=512, lr=0.0001, noisy_ratio=0.4, noise_mode='sym', GPU=1, hard_weight=True, noisy_train=True, logging='wiki_findMAP')
2025-06-18 04:20:16,874 - __main__ - INFO - ...Image to Text MAP = 0.5007782451037264
2025-06-18 04:20:16,967 - __main__ - INFO - ...Text to Image MAP = 0.46102376242540627
2025-06-18 04:20:16,967 - __main__ - INFO - ...Average MAP = 0.48090100376456635
2025-06-18 04:20:23,151 - __main__ - INFO - Noise ratio: 0.6
2025-06-18 04:20:23,152 - __main__ - INFO - Namespace(dataset='wiki', seed=4, alpha=0.6, lamda=1, margin=0.9, lambd=5, barycenter_number=1, top_k=10, warm_up_epoch=0, MAX_EPOCH=100, batch_size=256, output_dim=512, lr=0.0001, noisy_ratio=0.6, noise_mode='sym', GPU=1, hard_weight=True, noisy_train=True, logging='wiki_findMAP')
2025-06-18 04:23:59,155 - __main__ - INFO - ...Image to Text MAP = 0.4906987440898217
2025-06-18 04:23:59,259 - __main__ - INFO - ...Text to Image MAP = 0.448977127878327
2025-06-18 04:23:59,259 - __main__ - INFO - ...Average MAP = 0.46983793598407436
2025-06-18 04:24:07,968 - __main__ - INFO - Noise ratio: 0.8
2025-06-18 04:24:07,970 - __main__ - INFO - Namespace(dataset='wiki', seed=4, alpha=0.6, lamda=1, margin=0.9, lambd=5, barycenter_number=1, top_k=10, warm_up_epoch=0, MAX_EPOCH=100, batch_size=256, output_dim=512, lr=0.0001, noisy_ratio=0.8, noise_mode='sym', GPU=1, hard_weight=True, noisy_train=True, logging='wiki_findMAP')
2025-06-18 04:27:33,446 - __main__ - INFO - ...Image to Text MAP = 0.43174775554349265
2025-06-18 04:27:33,557 - __main__ - INFO - ...Text to Image MAP = 0.4189734020278548
2025-06-18 04:27:33,558 - __main__ - INFO - ...Average MAP = 0.42536057878567374
2025-06-18 04:27:41,175 - __main__ - INFO - Noise ratio: 0.2
2025-06-18 04:27:41,187 - __main__ - INFO - Namespace(dataset='wiki', seed=4, alpha=0.7, lamda=1, margin=0.9, lambd=5, barycenter_number=1, top_k=10, warm_up_epoch=0, MAX_EPOCH=100, batch_size=256, output_dim=512, lr=0.0001, noisy_ratio=0.2, noise_mode='sym', GPU=1, hard_weight=True, noisy_train=True, logging='wiki_findMAP')
2025-06-18 04:30:17,866 - __main__ - INFO - ...Image to Text MAP = 0.49835572466873207
2025-06-18 04:30:17,954 - __main__ - INFO - ...Text to Image MAP = 0.44457746073602483
2025-06-18 04:30:17,954 - __main__ - INFO - ...Average MAP = 0.47146659270237845
2025-06-18 04:30:24,851 - __main__ - INFO - Noise ratio: 0.4
2025-06-18 04:30:24,852 - __main__ - INFO - Namespace(dataset='wiki', seed=4, alpha=0.7, lamda=1, margin=0.9, lambd=5, barycenter_number=1, top_k=10, warm_up_epoch=0, MAX_EPOCH=100, batch_size=256, output_dim=512, lr=0.0001, noisy_ratio=0.4, noise_mode='sym', GPU=1, hard_weight=True, noisy_train=True, logging='wiki_findMAP')
2025-06-18 04:34:03,766 - __main__ - INFO - ...Image to Text MAP = 0.5087991926606743
2025-06-18 04:34:04,065 - __main__ - INFO - ...Text to Image MAP = 0.46508388409679363
2025-06-18 04:34:04,066 - __main__ - INFO - ...Average MAP = 0.486941538378734
2025-06-18 04:34:15,721 - __main__ - INFO - Noise ratio: 0.6
2025-06-18 04:34:15,723 - __main__ - INFO - Namespace(dataset='wiki', seed=4, alpha=0.7, lamda=1, margin=0.9, lambd=5, barycenter_number=1, top_k=10, warm_up_epoch=0, MAX_EPOCH=100, batch_size=256, output_dim=512, lr=0.0001, noisy_ratio=0.6, noise_mode='sym', GPU=1, hard_weight=True, noisy_train=True, logging='wiki_findMAP')
2025-06-18 04:37:36,021 - __main__ - INFO - ...Image to Text MAP = 0.4957005007100543
2025-06-18 04:37:36,127 - __main__ - INFO - ...Text to Image MAP = 0.4579759670894538
2025-06-18 04:37:36,128 - __main__ - INFO - ...Average MAP = 0.47683823389975405
2025-06-18 04:37:44,032 - __main__ - INFO - Noise ratio: 0.8
2025-06-18 04:37:44,034 - __main__ - INFO - Namespace(dataset='wiki', seed=4, alpha=0.7, lamda=1, margin=0.9, lambd=5, barycenter_number=1, top_k=10, warm_up_epoch=0, MAX_EPOCH=100, batch_size=256, output_dim=512, lr=0.0001, noisy_ratio=0.8, noise_mode='sym', GPU=1, hard_weight=True, noisy_train=True, logging='wiki_findMAP')
2025-06-18 04:40:15,336 - __main__ - INFO - ...Image to Text MAP = 0.4333924330591192
2025-06-18 04:40:15,465 - __main__ - INFO - ...Text to Image MAP = 0.41755302761295304
2025-06-18 04:40:15,466 - __main__ - INFO - ...Average MAP = 0.4254727303360361
2025-06-18 04:40:23,064 - __main__ - INFO - Noise ratio: 0.2
2025-06-18 04:40:23,066 - __main__ - INFO - Namespace(dataset='wiki', seed=4, alpha=0.8, lamda=1, margin=0.9, lambd=5, barycenter_number=1, top_k=10, warm_up_epoch=0, MAX_EPOCH=100, batch_size=256, output_dim=512, lr=0.0001, noisy_ratio=0.2, noise_mode='sym', GPU=1, hard_weight=True, noisy_train=True, logging='wiki_findMAP')
2025-06-18 04:43:52,666 - __main__ - INFO - ...Image to Text MAP = 0.5027953560905959
2025-06-18 04:43:52,769 - __main__ - INFO - ...Text to Image MAP = 0.45035816420613717
2025-06-18 04:43:52,770 - __main__ - INFO - ...Average MAP = 0.47657676014836653
2025-06-18 04:44:00,523 - __main__ - INFO - Noise ratio: 0.4
2025-06-18 04:44:00,525 - __main__ - INFO - Namespace(dataset='wiki', seed=4, alpha=0.8, lamda=1, margin=0.9, lambd=5, barycenter_number=1, top_k=10, warm_up_epoch=0, MAX_EPOCH=100, batch_size=256, output_dim=512, lr=0.0001, noisy_ratio=0.4, noise_mode='sym', GPU=1, hard_weight=True, noisy_train=True, logging='wiki_findMAP')
2025-06-18 04:47:47,763 - __main__ - INFO - ...Image to Text MAP = 0.5051372133338801
2025-06-18 04:47:47,869 - __main__ - INFO - ...Text to Image MAP = 0.45603921524835744
2025-06-18 04:47:47,870 - __main__ - INFO - ...Average MAP = 0.48058821429111875
2025-06-18 04:47:55,821 - __main__ - INFO - Noise ratio: 0.6
2025-06-18 04:47:55,825 - __main__ - INFO - Namespace(dataset='wiki', seed=4, alpha=0.8, lamda=1, margin=0.9, lambd=5, barycenter_number=1, top_k=10, warm_up_epoch=0, MAX_EPOCH=100, batch_size=256, output_dim=512, lr=0.0001, noisy_ratio=0.6, noise_mode='sym', GPU=1, hard_weight=True, noisy_train=True, logging='wiki_findMAP')
2025-06-18 04:51:28,914 - __main__ - INFO - ...Image to Text MAP = 0.48990570367203917
2025-06-18 04:51:29,108 - __main__ - INFO - ...Text to Image MAP = 0.45974376000838546
2025-06-18 04:51:29,109 - __main__ - INFO - ...Average MAP = 0.47482473184021234
2025-06-18 04:51:35,926 - __main__ - INFO - Noise ratio: 0.8
2025-06-18 04:51:35,927 - __main__ - INFO - Namespace(dataset='wiki', seed=4, alpha=0.8, lamda=1, margin=0.9, lambd=5, barycenter_number=1, top_k=10, warm_up_epoch=0, MAX_EPOCH=100, batch_size=256, output_dim=512, lr=0.0001, noisy_ratio=0.8, noise_mode='sym', GPU=1, hard_weight=True, noisy_train=True, logging='wiki_findMAP')
2025-06-18 04:54:51,035 - __main__ - INFO - ...Image to Text MAP = 0.42798183262893646
2025-06-18 04:54:51,132 - __main__ - INFO - ...Text to Image MAP = 0.41219476978029546
2025-06-18 04:54:51,132 - __main__ - INFO - ...Average MAP = 0.42008830120461593
2025-06-18 04:54:58,938 - __main__ - INFO - Noise ratio: 0.2
2025-06-18 04:54:58,940 - __main__ - INFO - Namespace(dataset='wiki', seed=4, alpha=0.9, lamda=1, margin=0.9, lambd=5, barycenter_number=1, top_k=10, warm_up_epoch=0, MAX_EPOCH=100, batch_size=256, output_dim=512, lr=0.0001, noisy_ratio=0.2, noise_mode='sym', GPU=1, hard_weight=True, noisy_train=True, logging='wiki_findMAP')
2025-06-18 04:57:57,540 - __main__ - INFO - ...Image to Text MAP = 0.5101573188943247
2025-06-18 04:57:57,660 - __main__ - INFO - ...Text to Image MAP = 0.4490461166774601
2025-06-18 04:57:57,661 - __main__ - INFO - ...Average MAP = 0.4796017177858924
2025-06-18 04:58:04,607 - __main__ - INFO - Noise ratio: 0.4
2025-06-18 04:58:04,609 - __main__ - INFO - Namespace(dataset='wiki', seed=4, alpha=0.9, lamda=1, margin=0.9, lambd=5, barycenter_number=1, top_k=10, warm_up_epoch=0, MAX_EPOCH=100, batch_size=256, output_dim=512, lr=0.0001, noisy_ratio=0.4, noise_mode='sym', GPU=1, hard_weight=True, noisy_train=True, logging='wiki_findMAP')
2025-06-18 05:01:00,904 - __main__ - INFO - ...Image to Text MAP = 0.5077615292174632
2025-06-18 05:01:01,003 - __main__ - INFO - ...Text to Image MAP = 0.4585251650742093
2025-06-18 05:01:01,003 - __main__ - INFO - ...Average MAP = 0.4831433471458363
2025-06-18 05:01:08,151 - __main__ - INFO - Noise ratio: 0.6
2025-06-18 05:01:08,153 - __main__ - INFO - Namespace(dataset='wiki', seed=4, alpha=0.9, lamda=1, margin=0.9, lambd=5, barycenter_number=1, top_k=10, warm_up_epoch=0, MAX_EPOCH=100, batch_size=256, output_dim=512, lr=0.0001, noisy_ratio=0.6, noise_mode='sym', GPU=1, hard_weight=True, noisy_train=True, logging='wiki_findMAP')
2025-06-18 05:04:01,118 - __main__ - INFO - ...Image to Text MAP = 0.49140992760462326
2025-06-18 05:04:01,216 - __main__ - INFO - ...Text to Image MAP = 0.45941672692671415
2025-06-18 05:04:01,216 - __main__ - INFO - ...Average MAP = 0.4754133272656687
2025-06-18 05:04:08,502 - __main__ - INFO - Noise ratio: 0.8
2025-06-18 05:04:08,503 - __main__ - INFO - Namespace(dataset='wiki', seed=4, alpha=0.9, lamda=1, margin=0.9, lambd=5, barycenter_number=1, top_k=10, warm_up_epoch=0, MAX_EPOCH=100, batch_size=256, output_dim=512, lr=0.0001, noisy_ratio=0.8, noise_mode='sym', GPU=1, hard_weight=True, noisy_train=True, logging='wiki_findMAP')
2025-06-18 05:07:02,985 - __main__ - INFO - ...Image to Text MAP = 0.4302402031463611
2025-06-18 05:07:03,143 - __main__ - INFO - ...Text to Image MAP = 0.41406162068281016
2025-06-18 05:07:03,144 - __main__ - INFO - ...Average MAP = 0.42215091191458565
2025-06-18 05:07:10,620 - __main__ - INFO - Noise ratio: 0.2
2025-06-18 05:07:10,622 - __main__ - INFO - Namespace(dataset='wiki', seed=4, alpha=1.0, lamda=1, margin=0.9, lambd=5, barycenter_number=1, top_k=10, warm_up_epoch=0, MAX_EPOCH=100, batch_size=256, output_dim=512, lr=0.0001, noisy_ratio=0.2, noise_mode='sym', GPU=1, hard_weight=True, noisy_train=True, logging='wiki_findMAP')
2025-06-18 05:10:16,163 - __main__ - INFO - ...Image to Text MAP = 0.5165650538065497
2025-06-18 05:10:16,273 - __main__ - INFO - ...Text to Image MAP = 0.4575896344049779
2025-06-18 05:10:16,273 - __main__ - INFO - ...Average MAP = 0.4870773441057638
2025-06-18 05:10:23,855 - __main__ - INFO - Noise ratio: 0.4
2025-06-18 05:10:23,857 - __main__ - INFO - Namespace(dataset='wiki', seed=4, alpha=1.0, lamda=1, margin=0.9, lambd=5, barycenter_number=1, top_k=10, warm_up_epoch=0, MAX_EPOCH=100, batch_size=256, output_dim=512, lr=0.0001, noisy_ratio=0.4, noise_mode='sym', GPU=1, hard_weight=True, noisy_train=True, logging='wiki_findMAP')
2025-06-18 05:13:18,346 - __main__ - INFO - ...Image to Text MAP = 0.511201736691619
2025-06-18 05:13:18,443 - __main__ - INFO - ...Text to Image MAP = 0.4672953765724035
2025-06-18 05:13:18,444 - __main__ - INFO - ...Average MAP = 0.4892485566320112
2025-06-18 05:13:25,930 - __main__ - INFO - Noise ratio: 0.6
2025-06-18 05:13:25,931 - __main__ - INFO - Namespace(dataset='wiki', seed=4, alpha=1.0, lamda=1, margin=0.9, lambd=5, barycenter_number=1, top_k=10, warm_up_epoch=0, MAX_EPOCH=100, batch_size=256, output_dim=512, lr=0.0001, noisy_ratio=0.6, noise_mode='sym', GPU=1, hard_weight=True, noisy_train=True, logging='wiki_findMAP')
2025-06-18 05:17:13,950 - __main__ - INFO - ...Image to Text MAP = 0.47308564310172135
2025-06-18 05:17:14,115 - __main__ - INFO - ...Text to Image MAP = 0.44605563566578377
2025-06-18 05:17:14,115 - __main__ - INFO - ...Average MAP = 0.45957063938375253
2025-06-18 05:17:20,602 - __main__ - INFO - Noise ratio: 0.8
2025-06-18 05:17:20,606 - __main__ - INFO - Namespace(dataset='wiki', seed=4, alpha=1.0, lamda=1, margin=0.9, lambd=5, barycenter_number=1, top_k=10, warm_up_epoch=0, MAX_EPOCH=100, batch_size=256, output_dim=512, lr=0.0001, noisy_ratio=0.8, noise_mode='sym', GPU=1, hard_weight=True, noisy_train=True, logging='wiki_findMAP')
2025-06-18 05:20:48,815 - __main__ - INFO - ...Image to Text MAP = 0.4240732654020833
2025-06-18 05:20:48,983 - __main__ - INFO - ...Text to Image MAP = 0.4110524269761867
2025-06-18 05:20:48,984 - __main__ - INFO - ...Average MAP = 0.417562846189135
2025-06-18 05:20:57,453 - __main__ - INFO - Noise ratio: 0.2
2025-06-18 05:20:57,455 - __main__ - INFO - Namespace(dataset='wiki', seed=4, alpha=2.0, lamda=1, margin=0.9, lambd=5, barycenter_number=1, top_k=10, warm_up_epoch=0, MAX_EPOCH=100, batch_size=256, output_dim=512, lr=0.0001, noisy_ratio=0.2, noise_mode='sym', GPU=1, hard_weight=True, noisy_train=True, logging='wiki_findMAP')
2025-06-18 05:24:23,430 - __main__ - INFO - ...Image to Text MAP = 0.5229413585904668
2025-06-18 05:24:23,545 - __main__ - INFO - ...Text to Image MAP = 0.48298611561977517
2025-06-18 05:24:23,545 - __main__ - INFO - ...Average MAP = 0.502963737105121
2025-06-18 05:24:31,051 - __main__ - INFO - Noise ratio: 0.4
2025-06-18 05:24:31,054 - __main__ - INFO - Namespace(dataset='wiki', seed=4, alpha=2.0, lamda=1, margin=0.9, lambd=5, barycenter_number=1, top_k=10, warm_up_epoch=0, MAX_EPOCH=100, batch_size=256, output_dim=512, lr=0.0001, noisy_ratio=0.4, noise_mode='sym', GPU=1, hard_weight=True, noisy_train=True, logging='wiki_findMAP')
2025-06-18 05:27:39,129 - __main__ - INFO - ...Image to Text MAP = 0.49406531695551353
2025-06-18 05:27:39,279 - __main__ - INFO - ...Text to Image MAP = 0.4531173777975541
2025-06-18 05:27:39,284 - __main__ - INFO - ...Average MAP = 0.47359134737653386
2025-06-18 05:27:47,759 - __main__ - INFO - Noise ratio: 0.6
2025-06-18 05:27:47,761 - __main__ - INFO - Namespace(dataset='wiki', seed=4, alpha=2.0, lamda=1, margin=0.9, lambd=5, barycenter_number=1, top_k=10, warm_up_epoch=0, MAX_EPOCH=100, batch_size=256, output_dim=512, lr=0.0001, noisy_ratio=0.6, noise_mode='sym', GPU=1, hard_weight=True, noisy_train=True, logging='wiki_findMAP')
2025-06-18 05:30:42,428 - __main__ - INFO - ...Image to Text MAP = 0.43176840986108256
2025-06-18 05:30:42,537 - __main__ - INFO - ...Text to Image MAP = 0.41930034181550196
2025-06-18 05:30:42,538 - __main__ - INFO - ...Average MAP = 0.42553437583829223
2025-06-18 05:30:49,356 - __main__ - INFO - Noise ratio: 0.8
2025-06-18 05:30:49,358 - __main__ - INFO - Namespace(dataset='wiki', seed=4, alpha=2.0, lamda=1, margin=0.9, lambd=5, barycenter_number=1, top_k=10, warm_up_epoch=0, MAX_EPOCH=100, batch_size=256, output_dim=512, lr=0.0001, noisy_ratio=0.8, noise_mode='sym', GPU=1, hard_weight=True, noisy_train=True, logging='wiki_findMAP')
2025-06-18 05:34:04,942 - __main__ - INFO - ...Image to Text MAP = 0.4247821510267596
2025-06-18 05:34:05,063 - __main__ - INFO - ...Text to Image MAP = 0.41070550897093194
2025-06-18 05:34:05,063 - __main__ - INFO - ...Average MAP = 0.41774382999884574
2025-06-18 05:34:12,218 - __main__ - INFO - Noise ratio: 0.2
2025-06-18 05:34:12,223 - __main__ - INFO - Namespace(dataset='wiki', seed=5, alpha=0.1, lamda=1, margin=0.9, lambd=5, barycenter_number=1, top_k=10, warm_up_epoch=0, MAX_EPOCH=100, batch_size=256, output_dim=512, lr=0.0001, noisy_ratio=0.2, noise_mode='sym', GPU=1, hard_weight=True, noisy_train=True, logging='wiki_findMAP')
2025-06-18 05:37:10,151 - __main__ - INFO - ...Image to Text MAP = 0.46690951327122676
2025-06-18 05:37:10,310 - __main__ - INFO - ...Text to Image MAP = 0.4106820949460699
2025-06-18 05:37:10,310 - __main__ - INFO - ...Average MAP = 0.4387958041086483
2025-06-18 05:37:18,082 - __main__ - INFO - Noise ratio: 0.4
2025-06-18 05:37:18,084 - __main__ - INFO - Namespace(dataset='wiki', seed=5, alpha=0.1, lamda=1, margin=0.9, lambd=5, barycenter_number=1, top_k=10, warm_up_epoch=0, MAX_EPOCH=100, batch_size=256, output_dim=512, lr=0.0001, noisy_ratio=0.4, noise_mode='sym', GPU=1, hard_weight=True, noisy_train=True, logging='wiki_findMAP')
2025-06-18 05:40:03,989 - __main__ - INFO - ...Image to Text MAP = 0.4552271965459338
2025-06-18 05:40:04,115 - __main__ - INFO - ...Text to Image MAP = 0.3968474152609253
2025-06-18 05:40:04,115 - __main__ - INFO - ...Average MAP = 0.4260373059034296
2025-06-18 05:40:11,147 - __main__ - INFO - Noise ratio: 0.6
2025-06-18 05:40:11,154 - __main__ - INFO - Namespace(dataset='wiki', seed=5, alpha=0.1, lamda=1, margin=0.9, lambd=5, barycenter_number=1, top_k=10, warm_up_epoch=0, MAX_EPOCH=100, batch_size=256, output_dim=512, lr=0.0001, noisy_ratio=0.6, noise_mode='sym', GPU=1, hard_weight=True, noisy_train=True, logging='wiki_findMAP')
2025-06-18 05:43:07,080 - __main__ - INFO - ...Image to Text MAP = 0.3862564742019681
2025-06-18 05:43:07,177 - __main__ - INFO - ...Text to Image MAP = 0.34018047457555173
2025-06-18 05:43:07,178 - __main__ - INFO - ...Average MAP = 0.3632184743887599
2025-06-18 05:43:14,128 - __main__ - INFO - Noise ratio: 0.8
2025-06-18 05:43:14,130 - __main__ - INFO - Namespace(dataset='wiki', seed=5, alpha=0.1, lamda=1, margin=0.9, lambd=5, barycenter_number=1, top_k=10, warm_up_epoch=0, MAX_EPOCH=100, batch_size=256, output_dim=512, lr=0.0001, noisy_ratio=0.8, noise_mode='sym', GPU=1, hard_weight=True, noisy_train=True, logging='wiki_findMAP')
2025-06-18 05:45:52,342 - __main__ - INFO - ...Image to Text MAP = 0.3830022705132238
2025-06-18 05:45:52,498 - __main__ - INFO - ...Text to Image MAP = 0.3519808672642263
2025-06-18 05:45:52,513 - __main__ - INFO - ...Average MAP = 0.36749156888872503
2025-06-18 05:45:59,805 - __main__ - INFO - Noise ratio: 0.2
2025-06-18 05:45:59,807 - __main__ - INFO - Namespace(dataset='wiki', seed=5, alpha=0.2, lamda=1, margin=0.9, lambd=5, barycenter_number=1, top_k=10, warm_up_epoch=0, MAX_EPOCH=100, batch_size=256, output_dim=512, lr=0.0001, noisy_ratio=0.2, noise_mode='sym', GPU=1, hard_weight=True, noisy_train=True, logging='wiki_findMAP')
2025-06-18 05:48:50,302 - __main__ - INFO - ...Image to Text MAP = 0.4937976544067197
2025-06-18 05:48:50,414 - __main__ - INFO - ...Text to Image MAP = 0.42588941459778745
2025-06-18 05:48:50,415 - __main__ - INFO - ...Average MAP = 0.45984353450225357
2025-06-18 05:48:57,583 - __main__ - INFO - Noise ratio: 0.4
2025-06-18 05:48:57,584 - __main__ - INFO - Namespace(dataset='wiki', seed=5, alpha=0.2, lamda=1, margin=0.9, lambd=5, barycenter_number=1, top_k=10, warm_up_epoch=0, MAX_EPOCH=100, batch_size=256, output_dim=512, lr=0.0001, noisy_ratio=0.4, noise_mode='sym', GPU=1, hard_weight=True, noisy_train=True, logging='wiki_findMAP')
2025-06-18 05:52:34,357 - __main__ - INFO - ...Image to Text MAP = 0.47655732031986925
2025-06-18 05:52:34,555 - __main__ - INFO - ...Text to Image MAP = 0.4261401326610979
2025-06-18 05:52:34,556 - __main__ - INFO - ...Average MAP = 0.4513487264904836
2025-06-18 05:52:42,068 - __main__ - INFO - Noise ratio: 0.6
2025-06-18 05:52:42,072 - __main__ - INFO - Namespace(dataset='wiki', seed=5, alpha=0.2, lamda=1, margin=0.9, lambd=5, barycenter_number=1, top_k=10, warm_up_epoch=0, MAX_EPOCH=100, batch_size=256, output_dim=512, lr=0.0001, noisy_ratio=0.6, noise_mode='sym', GPU=1, hard_weight=True, noisy_train=True, logging='wiki_findMAP')
2025-06-18 05:56:17,808 - __main__ - INFO - ...Image to Text MAP = 0.44081484419278505
2025-06-18 05:56:17,908 - __main__ - INFO - ...Text to Image MAP = 0.41171108271427914
2025-06-18 05:56:17,908 - __main__ - INFO - ...Average MAP = 0.4262629634535321
2025-06-18 05:56:25,390 - __main__ - INFO - Noise ratio: 0.8
2025-06-18 05:56:25,392 - __main__ - INFO - Namespace(dataset='wiki', seed=5, alpha=0.2, lamda=1, margin=0.9, lambd=5, barycenter_number=1, top_k=10, warm_up_epoch=0, MAX_EPOCH=100, batch_size=256, output_dim=512, lr=0.0001, noisy_ratio=0.8, noise_mode='sym', GPU=1, hard_weight=True, noisy_train=True, logging='wiki_findMAP')
2025-06-18 05:59:21,021 - __main__ - INFO - ...Image to Text MAP = 0.4306451075265295
2025-06-18 05:59:21,315 - __main__ - INFO - ...Text to Image MAP = 0.4054531793961086
2025-06-18 05:59:21,315 - __main__ - INFO - ...Average MAP = 0.41804914346131905
2025-06-18 05:59:28,125 - __main__ - INFO - Noise ratio: 0.2
2025-06-18 05:59:28,130 - __main__ - INFO - Namespace(dataset='wiki', seed=5, alpha=0.3, lamda=1, margin=0.9, lambd=5, barycenter_number=1, top_k=10, warm_up_epoch=0, MAX_EPOCH=100, batch_size=256, output_dim=512, lr=0.0001, noisy_ratio=0.2, noise_mode='sym', GPU=1, hard_weight=True, noisy_train=True, logging='wiki_findMAP')
2025-06-18 06:03:06,369 - __main__ - INFO - ...Image to Text MAP = 0.48958540147180785
2025-06-18 06:03:06,478 - __main__ - INFO - ...Text to Image MAP = 0.4312801824316618
2025-06-18 06:03:06,478 - __main__ - INFO - ...Average MAP = 0.4604327919517348
2025-06-18 06:03:16,341 - __main__ - INFO - Noise ratio: 0.4
2025-06-18 06:03:16,342 - __main__ - INFO - Namespace(dataset='wiki', seed=5, alpha=0.3, lamda=1, margin=0.9, lambd=5, barycenter_number=1, top_k=10, warm_up_epoch=0, MAX_EPOCH=100, batch_size=256, output_dim=512, lr=0.0001, noisy_ratio=0.4, noise_mode='sym', GPU=1, hard_weight=True, noisy_train=True, logging='wiki_findMAP')
2025-06-18 06:06:07,697 - __main__ - INFO - ...Image to Text MAP = 0.48509727924699136
2025-06-18 06:06:07,808 - __main__ - INFO - ...Text to Image MAP = 0.4236359087357729
2025-06-18 06:06:07,809 - __main__ - INFO - ...Average MAP = 0.45436659399138213
2025-06-18 06:06:16,357 - __main__ - INFO - Noise ratio: 0.6
2025-06-18 06:06:16,359 - __main__ - INFO - Namespace(dataset='wiki', seed=5, alpha=0.3, lamda=1, margin=0.9, lambd=5, barycenter_number=1, top_k=10, warm_up_epoch=0, MAX_EPOCH=100, batch_size=256, output_dim=512, lr=0.0001, noisy_ratio=0.6, noise_mode='sym', GPU=1, hard_weight=True, noisy_train=True, logging='wiki_findMAP')
2025-06-18 06:09:06,824 - __main__ - INFO - ...Image to Text MAP = 0.4780071043720635
2025-06-18 06:09:06,904 - __main__ - INFO - ...Text to Image MAP = 0.4414121159094744
2025-06-18 06:09:06,905 - __main__ - INFO - ...Average MAP = 0.45970961014076894
2025-06-18 06:09:13,722 - __main__ - INFO - Noise ratio: 0.8
2025-06-18 06:09:13,724 - __main__ - INFO - Namespace(dataset='wiki', seed=5, alpha=0.3, lamda=1, margin=0.9, lambd=5, barycenter_number=1, top_k=10, warm_up_epoch=0, MAX_EPOCH=100, batch_size=256, output_dim=512, lr=0.0001, noisy_ratio=0.8, noise_mode='sym', GPU=1, hard_weight=True, noisy_train=True, logging='wiki_findMAP')
2025-06-18 06:11:56,286 - __main__ - INFO - ...Image to Text MAP = 0.4509625526665867
2025-06-18 06:11:56,374 - __main__ - INFO - ...Text to Image MAP = 0.42461292030647474
2025-06-18 06:11:56,374 - __main__ - INFO - ...Average MAP = 0.4377877364865307
2025-06-18 06:12:03,221 - __main__ - INFO - Noise ratio: 0.2
2025-06-18 06:12:03,222 - __main__ - INFO - Namespace(dataset='wiki', seed=5, alpha=0.4, lamda=1, margin=0.9, lambd=5, barycenter_number=1, top_k=10, warm_up_epoch=0, MAX_EPOCH=100, batch_size=256, output_dim=512, lr=0.0001, noisy_ratio=0.2, noise_mode='sym', GPU=1, hard_weight=True, noisy_train=True, logging='wiki_findMAP')
2025-06-18 06:15:25,017 - __main__ - INFO - ...Image to Text MAP = 0.5083209147142553
2025-06-18 06:15:25,121 - __main__ - INFO - ...Text to Image MAP = 0.4550826192876121
2025-06-18 06:15:25,122 - __main__ - INFO - ...Average MAP = 0.4817017670009337
2025-06-18 06:15:33,535 - __main__ - INFO - Noise ratio: 0.4
2025-06-18 06:15:33,537 - __main__ - INFO - Namespace(dataset='wiki', seed=5, alpha=0.4, lamda=1, margin=0.9, lambd=5, barycenter_number=1, top_k=10, warm_up_epoch=0, MAX_EPOCH=100, batch_size=256, output_dim=512, lr=0.0001, noisy_ratio=0.4, noise_mode='sym', GPU=1, hard_weight=True, noisy_train=True, logging='wiki_findMAP')
2025-06-18 06:18:22,825 - __main__ - INFO - ...Image to Text MAP = 0.4899176540106378
2025-06-18 06:18:22,930 - __main__ - INFO - ...Text to Image MAP = 0.4412366070707125
2025-06-18 06:18:22,930 - __main__ - INFO - ...Average MAP = 0.4655771305406752
2025-06-18 06:18:30,024 - __main__ - INFO - Noise ratio: 0.6
2025-06-18 06:18:30,025 - __main__ - INFO - Namespace(dataset='wiki', seed=5, alpha=0.4, lamda=1, margin=0.9, lambd=5, barycenter_number=1, top_k=10, warm_up_epoch=0, MAX_EPOCH=100, batch_size=256, output_dim=512, lr=0.0001, noisy_ratio=0.6, noise_mode='sym', GPU=1, hard_weight=True, noisy_train=True, logging='wiki_findMAP')
2025-06-18 06:21:59,947 - __main__ - INFO - ...Image to Text MAP = 0.48533988692111446
2025-06-18 06:22:00,072 - __main__ - INFO - ...Text to Image MAP = 0.43922943075981996
2025-06-18 06:22:00,073 - __main__ - INFO - ...Average MAP = 0.4622846588404672
2025-06-18 06:22:08,668 - __main__ - INFO - Noise ratio: 0.8
2025-06-18 06:22:08,671 - __main__ - INFO - Namespace(dataset='wiki', seed=5, alpha=0.4, lamda=1, margin=0.9, lambd=5, barycenter_number=1, top_k=10, warm_up_epoch=0, MAX_EPOCH=100, batch_size=256, output_dim=512, lr=0.0001, noisy_ratio=0.8, noise_mode='sym', GPU=1, hard_weight=True, noisy_train=True, logging='wiki_findMAP')
2025-06-18 06:25:20,199 - __main__ - INFO - ...Image to Text MAP = 0.4493523219700571
2025-06-18 06:25:20,384 - __main__ - INFO - ...Text to Image MAP = 0.4287421833714914
2025-06-18 06:25:20,385 - __main__ - INFO - ...Average MAP = 0.43904725267077427
2025-06-18 06:25:27,504 - __main__ - INFO - Noise ratio: 0.2
2025-06-18 06:25:27,505 - __main__ - INFO - Namespace(dataset='wiki', seed=5, alpha=0.5, lamda=1, margin=0.9, lambd=5, barycenter_number=1, top_k=10, warm_up_epoch=0, MAX_EPOCH=100, batch_size=256, output_dim=512, lr=0.0001, noisy_ratio=0.2, noise_mode='sym', GPU=1, hard_weight=True, noisy_train=True, logging='wiki_findMAP')
2025-06-18 06:28:07,308 - __main__ - INFO - ...Image to Text MAP = 0.5055167029696094
2025-06-18 06:28:07,516 - __main__ - INFO - ...Text to Image MAP = 0.45084486417721104
2025-06-18 06:28:07,517 - __main__ - INFO - ...Average MAP = 0.4781807835734102
2025-06-18 06:28:15,974 - __main__ - INFO - Noise ratio: 0.4
2025-06-18 06:28:15,976 - __main__ - INFO - Namespace(dataset='wiki', seed=5, alpha=0.5, lamda=1, margin=0.9, lambd=5, barycenter_number=1, top_k=10, warm_up_epoch=0, MAX_EPOCH=100, batch_size=256, output_dim=512, lr=0.0001, noisy_ratio=0.4, noise_mode='sym', GPU=1, hard_weight=True, noisy_train=True, logging='wiki_findMAP')
2025-06-18 06:31:25,382 - __main__ - INFO - ...Image to Text MAP = 0.49492887465950125
2025-06-18 06:31:25,469 - __main__ - INFO - ...Text to Image MAP = 0.4441980633831423
2025-06-18 06:31:25,469 - __main__ - INFO - ...Average MAP = 0.4695634690213218
2025-06-18 06:31:33,568 - __main__ - INFO - Noise ratio: 0.6
2025-06-18 06:31:33,569 - __main__ - INFO - Namespace(dataset='wiki', seed=5, alpha=0.5, lamda=1, margin=0.9, lambd=5, barycenter_number=1, top_k=10, warm_up_epoch=0, MAX_EPOCH=100, batch_size=256, output_dim=512, lr=0.0001, noisy_ratio=0.6, noise_mode='sym', GPU=1, hard_weight=True, noisy_train=True, logging='wiki_findMAP')
2025-06-18 06:34:32,582 - __main__ - INFO - ...Image to Text MAP = 0.4745805116435434
2025-06-18 06:34:32,798 - __main__ - INFO - ...Text to Image MAP = 0.4371427133859444
2025-06-18 06:34:32,799 - __main__ - INFO - ...Average MAP = 0.4558616125147439
2025-06-18 06:34:40,779 - __main__ - INFO - Noise ratio: 0.8
2025-06-18 06:34:40,783 - __main__ - INFO - Namespace(dataset='wiki', seed=5, alpha=0.5, lamda=1, margin=0.9, lambd=5, barycenter_number=1, top_k=10, warm_up_epoch=0, MAX_EPOCH=100, batch_size=256, output_dim=512, lr=0.0001, noisy_ratio=0.8, noise_mode='sym', GPU=1, hard_weight=True, noisy_train=True, logging='wiki_findMAP')
2025-06-18 06:37:50,633 - __main__ - INFO - ...Image to Text MAP = 0.44289416714302665
2025-06-18 06:37:50,749 - __main__ - INFO - ...Text to Image MAP = 0.42388927137708193
2025-06-18 06:37:50,750 - __main__ - INFO - ...Average MAP = 0.43339171926005426
2025-06-18 06:37:57,558 - __main__ - INFO - Noise ratio: 0.2
2025-06-18 06:37:57,560 - __main__ - INFO - Namespace(dataset='wiki', seed=5, alpha=0.6, lamda=1, margin=0.9, lambd=5, barycenter_number=1, top_k=10, warm_up_epoch=0, MAX_EPOCH=100, batch_size=256, output_dim=512, lr=0.0001, noisy_ratio=0.2, noise_mode='sym', GPU=1, hard_weight=True, noisy_train=True, logging='wiki_findMAP')
2025-06-18 06:40:34,903 - __main__ - INFO - ...Image to Text MAP = 0.4997675348752696
2025-06-18 06:40:35,005 - __main__ - INFO - ...Text to Image MAP = 0.44898533635690696
2025-06-18 06:40:35,005 - __main__ - INFO - ...Average MAP = 0.4743764356160883
2025-06-18 06:40:41,526 - __main__ - INFO - Noise ratio: 0.4
2025-06-18 06:40:41,528 - __main__ - INFO - Namespace(dataset='wiki', seed=5, alpha=0.6, lamda=1, margin=0.9, lambd=5, barycenter_number=1, top_k=10, warm_up_epoch=0, MAX_EPOCH=100, batch_size=256, output_dim=512, lr=0.0001, noisy_ratio=0.4, noise_mode='sym', GPU=1, hard_weight=True, noisy_train=True, logging='wiki_findMAP')
2025-06-18 06:43:28,461 - __main__ - INFO - ...Image to Text MAP = 0.4966183012912318
2025-06-18 06:43:28,556 - __main__ - INFO - ...Text to Image MAP = 0.45833259630882595
2025-06-18 06:43:28,557 - __main__ - INFO - ...Average MAP = 0.4774754488000289
2025-06-18 06:43:35,385 - __main__ - INFO - Noise ratio: 0.6
2025-06-18 06:43:35,387 - __main__ - INFO - Namespace(dataset='wiki', seed=5, alpha=0.6, lamda=1, margin=0.9, lambd=5, barycenter_number=1, top_k=10, warm_up_epoch=0, MAX_EPOCH=100, batch_size=256, output_dim=512, lr=0.0001, noisy_ratio=0.6, noise_mode='sym', GPU=1, hard_weight=True, noisy_train=True, logging='wiki_findMAP')
2025-06-18 06:46:22,353 - __main__ - INFO - ...Image to Text MAP = 0.49449216155439557
2025-06-18 06:46:22,455 - __main__ - INFO - ...Text to Image MAP = 0.45576483834815135
2025-06-18 06:46:22,456 - __main__ - INFO - ...Average MAP = 0.4751284999512735
2025-06-18 06:46:29,702 - __main__ - INFO - Noise ratio: 0.8
2025-06-18 06:46:29,703 - __main__ - INFO - Namespace(dataset='wiki', seed=5, alpha=0.6, lamda=1, margin=0.9, lambd=5, barycenter_number=1, top_k=10, warm_up_epoch=0, MAX_EPOCH=100, batch_size=256, output_dim=512, lr=0.0001, noisy_ratio=0.8, noise_mode='sym', GPU=1, hard_weight=True, noisy_train=True, logging='wiki_findMAP')
2025-06-18 06:50:01,830 - __main__ - INFO - ...Image to Text MAP = 0.43530939441378236
2025-06-18 06:50:02,025 - __main__ - INFO - ...Text to Image MAP = 0.42063704255354273
2025-06-18 06:50:02,026 - __main__ - INFO - ...Average MAP = 0.42797321848366254
2025-06-18 06:50:09,824 - __main__ - INFO - Noise ratio: 0.2
2025-06-18 06:50:09,936 - __main__ - INFO - Namespace(dataset='wiki', seed=5, alpha=0.7, lamda=1, margin=0.9, lambd=5, barycenter_number=1, top_k=10, warm_up_epoch=0, MAX_EPOCH=100, batch_size=256, output_dim=512, lr=0.0001, noisy_ratio=0.2, noise_mode='sym', GPU=1, hard_weight=True, noisy_train=True, logging='wiki_findMAP')
2025-06-18 06:53:28,451 - __main__ - INFO - ...Image to Text MAP = 0.5146668653862954
2025-06-18 06:53:28,567 - __main__ - INFO - ...Text to Image MAP = 0.4591171430252501
2025-06-18 06:53:28,568 - __main__ - INFO - ...Average MAP = 0.4868920042057727
2025-06-18 06:53:36,138 - __main__ - INFO - Noise ratio: 0.4
2025-06-18 06:53:36,141 - __main__ - INFO - Namespace(dataset='wiki', seed=5, alpha=0.7, lamda=1, margin=0.9, lambd=5, barycenter_number=1, top_k=10, warm_up_epoch=0, MAX_EPOCH=100, batch_size=256, output_dim=512, lr=0.0001, noisy_ratio=0.4, noise_mode='sym', GPU=1, hard_weight=True, noisy_train=True, logging='wiki_findMAP')
2025-06-18 06:56:46,053 - __main__ - INFO - ...Image to Text MAP = 0.5113465656508802
2025-06-18 06:56:46,154 - __main__ - INFO - ...Text to Image MAP = 0.4641574895494451
2025-06-18 06:56:46,154 - __main__ - INFO - ...Average MAP = 0.4877520276001627
2025-06-18 06:56:54,092 - __main__ - INFO - Noise ratio: 0.6
2025-06-18 06:56:54,093 - __main__ - INFO - Namespace(dataset='wiki', seed=5, alpha=0.7, lamda=1, margin=0.9, lambd=5, barycenter_number=1, top_k=10, warm_up_epoch=0, MAX_EPOCH=100, batch_size=256, output_dim=512, lr=0.0001, noisy_ratio=0.6, noise_mode='sym', GPU=1, hard_weight=True, noisy_train=True, logging='wiki_findMAP')
2025-06-18 06:59:59,864 - __main__ - INFO - ...Image to Text MAP = 0.5004727830699766
2025-06-18 06:59:59,971 - __main__ - INFO - ...Text to Image MAP = 0.46224643178565067
2025-06-18 06:59:59,972 - __main__ - INFO - ...Average MAP = 0.4813596074278136
2025-06-18 07:00:07,308 - __main__ - INFO - Noise ratio: 0.8
2025-06-18 07:00:07,310 - __main__ - INFO - Namespace(dataset='wiki', seed=5, alpha=0.7, lamda=1, margin=0.9, lambd=5, barycenter_number=1, top_k=10, warm_up_epoch=0, MAX_EPOCH=100, batch_size=256, output_dim=512, lr=0.0001, noisy_ratio=0.8, noise_mode='sym', GPU=1, hard_weight=True, noisy_train=True, logging='wiki_findMAP')
2025-06-18 07:03:09,557 - __main__ - INFO - ...Image to Text MAP = 0.4279959715656433
2025-06-18 07:03:09,641 - __main__ - INFO - ...Text to Image MAP = 0.410965163975902
2025-06-18 07:03:09,641 - __main__ - INFO - ...Average MAP = 0.41948056777077264
2025-06-18 07:03:17,055 - __main__ - INFO - Noise ratio: 0.2
2025-06-18 07:03:17,056 - __main__ - INFO - Namespace(dataset='wiki', seed=5, alpha=0.8, lamda=1, margin=0.9, lambd=5, barycenter_number=1, top_k=10, warm_up_epoch=0, MAX_EPOCH=100, batch_size=256, output_dim=512, lr=0.0001, noisy_ratio=0.2, noise_mode='sym', GPU=1, hard_weight=True, noisy_train=True, logging='wiki_findMAP')
2025-06-18 07:06:00,489 - __main__ - INFO - ...Image to Text MAP = 0.5055393942544494
2025-06-18 07:06:00,594 - __main__ - INFO - ...Text to Image MAP = 0.45486315701488894
2025-06-18 07:06:00,595 - __main__ - INFO - ...Average MAP = 0.4802012756346692
2025-06-18 07:06:07,860 - __main__ - INFO - Noise ratio: 0.4
2025-06-18 07:06:07,861 - __main__ - INFO - Namespace(dataset='wiki', seed=5, alpha=0.8, lamda=1, margin=0.9, lambd=5, barycenter_number=1, top_k=10, warm_up_epoch=0, MAX_EPOCH=100, batch_size=256, output_dim=512, lr=0.0001, noisy_ratio=0.4, noise_mode='sym', GPU=1, hard_weight=True, noisy_train=True, logging='wiki_findMAP')
2025-06-18 07:09:16,339 - __main__ - INFO - ...Image to Text MAP = 0.5097639253968411
2025-06-18 07:09:16,457 - __main__ - INFO - ...Text to Image MAP = 0.4574506940155305
2025-06-18 07:09:16,458 - __main__ - INFO - ...Average MAP = 0.4836073097061858
2025-06-18 07:09:23,421 - __main__ - INFO - Noise ratio: 0.6
2025-06-18 07:09:23,422 - __main__ - INFO - Namespace(dataset='wiki', seed=5, alpha=0.8, lamda=1, margin=0.9, lambd=5, barycenter_number=1, top_k=10, warm_up_epoch=0, MAX_EPOCH=100, batch_size=256, output_dim=512, lr=0.0001, noisy_ratio=0.6, noise_mode='sym', GPU=1, hard_weight=True, noisy_train=True, logging='wiki_findMAP')
2025-06-18 07:12:02,655 - __main__ - INFO - ...Image to Text MAP = 0.4799245904941039
2025-06-18 07:12:02,748 - __main__ - INFO - ...Text to Image MAP = 0.44977494466419626
2025-06-18 07:12:02,749 - __main__ - INFO - ...Average MAP = 0.4648497675791501
2025-06-18 07:12:10,764 - __main__ - INFO - Noise ratio: 0.8
2025-06-18 07:12:10,766 - __main__ - INFO - Namespace(dataset='wiki', seed=5, alpha=0.8, lamda=1, margin=0.9, lambd=5, barycenter_number=1, top_k=10, warm_up_epoch=0, MAX_EPOCH=100, batch_size=256, output_dim=512, lr=0.0001, noisy_ratio=0.8, noise_mode='sym', GPU=1, hard_weight=True, noisy_train=True, logging='wiki_findMAP')
2025-06-18 07:15:14,935 - __main__ - INFO - ...Image to Text MAP = 0.426962745029918
2025-06-18 07:15:15,039 - __main__ - INFO - ...Text to Image MAP = 0.4053349323353818
2025-06-18 07:15:15,039 - __main__ - INFO - ...Average MAP = 0.4161488386826499
2025-06-18 07:15:22,468 - __main__ - INFO - Noise ratio: 0.2
2025-06-18 07:15:22,470 - __main__ - INFO - Namespace(dataset='wiki', seed=5, alpha=0.9, lamda=1, margin=0.9, lambd=5, barycenter_number=1, top_k=10, warm_up_epoch=0, MAX_EPOCH=100, batch_size=256, output_dim=512, lr=0.0001, noisy_ratio=0.2, noise_mode='sym', GPU=1, hard_weight=True, noisy_train=True, logging='wiki_findMAP')
2025-06-18 07:18:22,516 - __main__ - INFO - ...Image to Text MAP = 0.5127290639597609
2025-06-18 07:18:22,619 - __main__ - INFO - ...Text to Image MAP = 0.4586739121429145
2025-06-18 07:18:22,620 - __main__ - INFO - ...Average MAP = 0.4857014880513377
2025-06-18 07:18:29,375 - __main__ - INFO - Noise ratio: 0.4
2025-06-18 07:18:29,377 - __main__ - INFO - Namespace(dataset='wiki', seed=5, alpha=0.9, lamda=1, margin=0.9, lambd=5, barycenter_number=1, top_k=10, warm_up_epoch=0, MAX_EPOCH=100, batch_size=256, output_dim=512, lr=0.0001, noisy_ratio=0.4, noise_mode='sym', GPU=1, hard_weight=True, noisy_train=True, logging='wiki_findMAP')
2025-06-18 07:21:39,128 - __main__ - INFO - ...Image to Text MAP = 0.5173478631895431
2025-06-18 07:21:39,263 - __main__ - INFO - ...Text to Image MAP = 0.47439843676262633
2025-06-18 07:21:39,263 - __main__ - INFO - ...Average MAP = 0.49587314997608467
2025-06-18 07:21:46,898 - __main__ - INFO - Noise ratio: 0.6
2025-06-18 07:21:46,899 - __main__ - INFO - Namespace(dataset='wiki', seed=5, alpha=0.9, lamda=1, margin=0.9, lambd=5, barycenter_number=1, top_k=10, warm_up_epoch=0, MAX_EPOCH=100, batch_size=256, output_dim=512, lr=0.0001, noisy_ratio=0.6, noise_mode='sym', GPU=1, hard_weight=True, noisy_train=True, logging='wiki_findMAP')
2025-06-18 07:25:20,727 - __main__ - INFO - ...Image to Text MAP = 0.4905905940799946
2025-06-18 07:25:20,983 - __main__ - INFO - ...Text to Image MAP = 0.4596196061471907
2025-06-18 07:25:20,984 - __main__ - INFO - ...Average MAP = 0.47510510011359264
2025-06-18 07:25:28,359 - __main__ - INFO - Noise ratio: 0.8
2025-06-18 07:25:28,362 - __main__ - INFO - Namespace(dataset='wiki', seed=5, alpha=0.9, lamda=1, margin=0.9, lambd=5, barycenter_number=1, top_k=10, warm_up_epoch=0, MAX_EPOCH=100, batch_size=256, output_dim=512, lr=0.0001, noisy_ratio=0.8, noise_mode='sym', GPU=1, hard_weight=True, noisy_train=True, logging='wiki_findMAP')
2025-06-18 07:29:08,785 - __main__ - INFO - ...Image to Text MAP = 0.42192642066375435
2025-06-18 07:29:09,054 - __main__ - INFO - ...Text to Image MAP = 0.4067731878534995
2025-06-18 07:29:09,067 - __main__ - INFO - ...Average MAP = 0.4143498042586269
2025-06-18 07:29:18,101 - __main__ - INFO - Noise ratio: 0.2
2025-06-18 07:29:18,105 - __main__ - INFO - Namespace(dataset='wiki', seed=5, alpha=1.0, lamda=1, margin=0.9, lambd=5, barycenter_number=1, top_k=10, warm_up_epoch=0, MAX_EPOCH=100, batch_size=256, output_dim=512, lr=0.0001, noisy_ratio=0.2, noise_mode='sym', GPU=1, hard_weight=True, noisy_train=True, logging='wiki_findMAP')
2025-06-18 07:32:58,552 - __main__ - INFO - ...Image to Text MAP = 0.5111342623712959
2025-06-18 07:32:58,759 - __main__ - INFO - ...Text to Image MAP = 0.46663861013301566
2025-06-18 07:32:58,760 - __main__ - INFO - ...Average MAP = 0.4888864362521558
2025-06-18 07:33:08,303 - __main__ - INFO - Noise ratio: 0.4
2025-06-18 07:33:08,306 - __main__ - INFO - Namespace(dataset='wiki', seed=5, alpha=1.0, lamda=1, margin=0.9, lambd=5, barycenter_number=1, top_k=10, warm_up_epoch=0, MAX_EPOCH=100, batch_size=256, output_dim=512, lr=0.0001, noisy_ratio=0.4, noise_mode='sym', GPU=1, hard_weight=True, noisy_train=True, logging='wiki_findMAP')
2025-06-18 07:36:36,516 - __main__ - INFO - ...Image to Text MAP = 0.5210380790858193
2025-06-18 07:36:36,612 - __main__ - INFO - ...Text to Image MAP = 0.4793308892003382
2025-06-18 07:36:36,612 - __main__ - INFO - ...Average MAP = 0.5001844841430787
2025-06-18 07:36:45,024 - __main__ - INFO - Noise ratio: 0.6
2025-06-18 07:36:45,026 - __main__ - INFO - Namespace(dataset='wiki', seed=5, alpha=1.0, lamda=1, margin=0.9, lambd=5, barycenter_number=1, top_k=10, warm_up_epoch=0, MAX_EPOCH=100, batch_size=256, output_dim=512, lr=0.0001, noisy_ratio=0.6, noise_mode='sym', GPU=1, hard_weight=True, noisy_train=True, logging='wiki_findMAP')
2025-06-18 07:40:11,520 - __main__ - INFO - ...Image to Text MAP = 0.4834730737757908
2025-06-18 07:40:11,662 - __main__ - INFO - ...Text to Image MAP = 0.4563653348758108
2025-06-18 07:40:11,674 - __main__ - INFO - ...Average MAP = 0.4699192043258008
2025-06-18 07:41:43,792 - __main__ - INFO - Noise ratio: 0.8
2025-06-18 07:41:43,801 - __main__ - INFO - Namespace(dataset='wiki', seed=5, alpha=1.0, lamda=1, margin=0.9, lambd=5, barycenter_number=1, top_k=10, warm_up_epoch=0, MAX_EPOCH=100, batch_size=256, output_dim=512, lr=0.0001, noisy_ratio=0.8, noise_mode='sym', GPU=1, hard_weight=True, noisy_train=True, logging='wiki_findMAP')
2025-06-18 07:44:22,970 - __main__ - INFO - ...Image to Text MAP = 0.42611173154087495
2025-06-18 07:44:23,248 - __main__ - INFO - ...Text to Image MAP = 0.40904208903500344
2025-06-18 07:44:23,270 - __main__ - INFO - ...Average MAP = 0.4175769102879392
2025-06-18 07:46:29,254 - __main__ - INFO - Noise ratio: 0.2
2025-06-18 07:46:29,258 - __main__ - INFO - Namespace(dataset='wiki', seed=5, alpha=2.0, lamda=1, margin=0.9, lambd=5, barycenter_number=1, top_k=10, warm_up_epoch=0, MAX_EPOCH=100, batch_size=256, output_dim=512, lr=0.0001, noisy_ratio=0.2, noise_mode='sym', GPU=1, hard_weight=True, noisy_train=True, logging='wiki_findMAP')
2025-06-18 07:49:57,515 - __main__ - INFO - ...Image to Text MAP = 0.5251308437304566
2025-06-18 07:49:57,872 - __main__ - INFO - ...Text to Image MAP = 0.49227819390063426
2025-06-18 07:49:57,893 - __main__ - INFO - ...Average MAP = 0.5087045188155455
2025-06-18 07:51:35,627 - __main__ - INFO - Noise ratio: 0.4
2025-06-18 07:51:35,637 - __main__ - INFO - Namespace(dataset='wiki', seed=5, alpha=2.0, lamda=1, margin=0.9, lambd=5, barycenter_number=1, top_k=10, warm_up_epoch=0, MAX_EPOCH=100, batch_size=256, output_dim=512, lr=0.0001, noisy_ratio=0.4, noise_mode='sym', GPU=1, hard_weight=True, noisy_train=True, logging='wiki_findMAP')
2025-06-18 07:54:30,007 - __main__ - INFO - ...Image to Text MAP = 0.4918649767613233
2025-06-18 07:54:30,146 - __main__ - INFO - ...Text to Image MAP = 0.4546722282488766
2025-06-18 07:54:30,150 - __main__ - INFO - ...Average MAP = 0.47326860250509994
2025-06-18 07:56:31,558 - __main__ - INFO - Noise ratio: 0.6
2025-06-18 07:56:31,569 - __main__ - INFO - Namespace(dataset='wiki', seed=5, alpha=2.0, lamda=1, margin=0.9, lambd=5, barycenter_number=1, top_k=10, warm_up_epoch=0, MAX_EPOCH=100, batch_size=256, output_dim=512, lr=0.0001, noisy_ratio=0.6, noise_mode='sym', GPU=1, hard_weight=True, noisy_train=True, logging='wiki_findMAP')
2025-06-18 07:59:06,080 - __main__ - INFO - ...Image to Text MAP = 0.4307012348265726
2025-06-18 07:59:06,204 - __main__ - INFO - ...Text to Image MAP = 0.4138105003031446
2025-06-18 07:59:06,228 - __main__ - INFO - ...Average MAP = 0.42225586756485856
2025-06-18 08:00:35,049 - __main__ - INFO - Noise ratio: 0.8
2025-06-18 08:00:35,054 - __main__ - INFO - Namespace(dataset='wiki', seed=5, alpha=2.0, lamda=1, margin=0.9, lambd=5, barycenter_number=1, top_k=10, warm_up_epoch=0, MAX_EPOCH=100, batch_size=256, output_dim=512, lr=0.0001, noisy_ratio=0.8, noise_mode='sym', GPU=1, hard_weight=True, noisy_train=True, logging='wiki_findMAP')
2025-06-18 08:04:06,672 - __main__ - INFO - ...Image to Text MAP = 0.41252937528234157
2025-06-18 08:04:06,778 - __main__ - INFO - ...Text to Image MAP = 0.39607687153173415
2025-06-18 08:04:06,799 - __main__ - INFO - ...Average MAP = 0.4043031234070379
2025-06-18 08:05:36,563 - __main__ - INFO - Noise ratio: 0.2
2025-06-18 08:05:36,577 - __main__ - INFO - Namespace(dataset='wiki', seed=6, alpha=0.1, lamda=1, margin=0.9, lambd=5, barycenter_number=1, top_k=10, warm_up_epoch=0, MAX_EPOCH=100, batch_size=256, output_dim=512, lr=0.0001, noisy_ratio=0.2, noise_mode='sym', GPU=1, hard_weight=True, noisy_train=True, logging='wiki_findMAP')
2025-06-18 08:08:57,453 - __main__ - INFO - ...Image to Text MAP = 0.4773011938063807
2025-06-18 08:08:57,599 - __main__ - INFO - ...Text to Image MAP = 0.4198660389751978
2025-06-18 08:08:57,621 - __main__ - INFO - ...Average MAP = 0.44858361639078925
2025-06-18 08:11:15,026 - __main__ - INFO - Noise ratio: 0.4
2025-06-18 08:11:15,064 - __main__ - INFO - Namespace(dataset='wiki', seed=6, alpha=0.1, lamda=1, margin=0.9, lambd=5, barycenter_number=1, top_k=10, warm_up_epoch=0, MAX_EPOCH=100, batch_size=256, output_dim=512, lr=0.0001, noisy_ratio=0.4, noise_mode='sym', GPU=1, hard_weight=True, noisy_train=True, logging='wiki_findMAP')
2025-06-18 08:14:10,035 - __main__ - INFO - ...Image to Text MAP = 0.47152492533695567
2025-06-18 08:14:10,129 - __main__ - INFO - ...Text to Image MAP = 0.4024681037583245
2025-06-18 08:14:10,132 - __main__ - INFO - ...Average MAP = 0.4369965145476401
2025-06-18 08:16:13,146 - __main__ - INFO - Noise ratio: 0.6
2025-06-18 08:16:13,151 - __main__ - INFO - Namespace(dataset='wiki', seed=6, alpha=0.1, lamda=1, margin=0.9, lambd=5, barycenter_number=1, top_k=10, warm_up_epoch=0, MAX_EPOCH=100, batch_size=256, output_dim=512, lr=0.0001, noisy_ratio=0.6, noise_mode='sym', GPU=1, hard_weight=True, noisy_train=True, logging='wiki_findMAP')
2025-06-18 08:19:02,829 - __main__ - INFO - ...Image to Text MAP = 0.37484308608208455
2025-06-18 08:19:02,996 - __main__ - INFO - ...Text to Image MAP = 0.3200343010115043
2025-06-18 08:19:03,003 - __main__ - INFO - ...Average MAP = 0.34743869354679446
2025-06-18 08:21:09,498 - __main__ - INFO - Noise ratio: 0.8
2025-06-18 08:21:09,511 - __main__ - INFO - Namespace(dataset='wiki', seed=6, alpha=0.1, lamda=1, margin=0.9, lambd=5, barycenter_number=1, top_k=10, warm_up_epoch=0, MAX_EPOCH=100, batch_size=256, output_dim=512, lr=0.0001, noisy_ratio=0.8, noise_mode='sym', GPU=1, hard_weight=True, noisy_train=True, logging='wiki_findMAP')
2025-06-18 08:24:23,891 - __main__ - INFO - ...Image to Text MAP = 0.4079497385982139
2025-06-18 08:24:24,014 - __main__ - INFO - ...Text to Image MAP = 0.3700652169136567
2025-06-18 08:24:24,030 - __main__ - INFO - ...Average MAP = 0.38900747775593525
2025-06-18 08:26:08,846 - __main__ - INFO - Noise ratio: 0.2
2025-06-18 08:26:08,855 - __main__ - INFO - Namespace(dataset='wiki', seed=6, alpha=0.2, lamda=1, margin=0.9, lambd=5, barycenter_number=1, top_k=10, warm_up_epoch=0, MAX_EPOCH=100, batch_size=256, output_dim=512, lr=0.0001, noisy_ratio=0.2, noise_mode='sym', GPU=1, hard_weight=True, noisy_train=True, logging='wiki_findMAP')
2025-06-18 08:29:37,098 - __main__ - INFO - ...Image to Text MAP = 0.4953854109133021
2025-06-18 08:29:37,239 - __main__ - INFO - ...Text to Image MAP = 0.4385948217436374
2025-06-18 08:29:37,242 - __main__ - INFO - ...Average MAP = 0.46699011632846976
2025-06-18 08:31:38,871 - __main__ - INFO - Noise ratio: 0.4
2025-06-18 08:31:38,873 - __main__ - INFO - Namespace(dataset='wiki', seed=6, alpha=0.2, lamda=1, margin=0.9, lambd=5, barycenter_number=1, top_k=10, warm_up_epoch=0, MAX_EPOCH=100, batch_size=256, output_dim=512, lr=0.0001, noisy_ratio=0.4, noise_mode='sym', GPU=1, hard_weight=True, noisy_train=True, logging='wiki_findMAP')
2025-06-18 08:34:49,970 - __main__ - INFO - ...Image to Text MAP = 0.46231636136164184
2025-06-18 08:34:50,092 - __main__ - INFO - ...Text to Image MAP = 0.414231001412483
2025-06-18 08:34:50,096 - __main__ - INFO - ...Average MAP = 0.4382736813870624
2025-06-18 08:36:43,514 - __main__ - INFO - Noise ratio: 0.6
2025-06-18 08:36:43,521 - __main__ - INFO - Namespace(dataset='wiki', seed=6, alpha=0.2, lamda=1, margin=0.9, lambd=5, barycenter_number=1, top_k=10, warm_up_epoch=0, MAX_EPOCH=100, batch_size=256, output_dim=512, lr=0.0001, noisy_ratio=0.6, noise_mode='sym', GPU=1, hard_weight=True, noisy_train=True, logging='wiki_findMAP')
2025-06-18 08:39:33,288 - __main__ - INFO - ...Image to Text MAP = 0.4431392153245937
2025-06-18 08:39:33,387 - __main__ - INFO - ...Text to Image MAP = 0.38923432452869056
2025-06-18 08:39:33,390 - __main__ - INFO - ...Average MAP = 0.41618676992664216
2025-06-18 08:40:10,123 - __main__ - INFO - Noise ratio: 0.8
2025-06-18 08:40:10,126 - __main__ - INFO - Namespace(dataset='wiki', seed=6, alpha=0.2, lamda=1, margin=0.9, lambd=5, barycenter_number=1, top_k=10, warm_up_epoch=0, MAX_EPOCH=100, batch_size=256, output_dim=512, lr=0.0001, noisy_ratio=0.8, noise_mode='sym', GPU=1, hard_weight=True, noisy_train=True, logging='wiki_findMAP')
2025-06-18 08:43:33,185 - __main__ - INFO - ...Image to Text MAP = 0.4520860286226167
2025-06-18 08:43:33,382 - __main__ - INFO - ...Text to Image MAP = 0.41818160614534966
2025-06-18 08:43:33,388 - __main__ - INFO - ...Average MAP = 0.43513381738398316
2025-06-18 08:44:19,568 - __main__ - INFO - Noise ratio: 0.2
2025-06-18 08:44:19,579 - __main__ - INFO - Namespace(dataset='wiki', seed=6, alpha=0.3, lamda=1, margin=0.9, lambd=5, barycenter_number=1, top_k=10, warm_up_epoch=0, MAX_EPOCH=100, batch_size=256, output_dim=512, lr=0.0001, noisy_ratio=0.2, noise_mode='sym', GPU=1, hard_weight=True, noisy_train=True, logging='wiki_findMAP')
2025-06-18 08:47:14,754 - __main__ - INFO - ...Image to Text MAP = 0.48798137228565835
2025-06-18 08:47:14,868 - __main__ - INFO - ...Text to Image MAP = 0.43333759904036323
2025-06-18 08:47:14,879 - __main__ - INFO - ...Average MAP = 0.4606594856630108
2025-06-18 08:48:01,498 - __main__ - INFO - Noise ratio: 0.4
2025-06-18 08:48:01,500 - __main__ - INFO - Namespace(dataset='wiki', seed=6, alpha=0.3, lamda=1, margin=0.9, lambd=5, barycenter_number=1, top_k=10, warm_up_epoch=0, MAX_EPOCH=100, batch_size=256, output_dim=512, lr=0.0001, noisy_ratio=0.4, noise_mode='sym', GPU=1, hard_weight=True, noisy_train=True, logging='wiki_findMAP')
2025-06-18 08:51:15,844 - __main__ - INFO - ...Image to Text MAP = 0.47752879822550814
2025-06-18 08:51:15,957 - __main__ - INFO - ...Text to Image MAP = 0.43102259198855675
2025-06-18 08:51:15,985 - __main__ - INFO - ...Average MAP = 0.4542756951070325
2025-06-18 08:52:45,125 - __main__ - INFO - Noise ratio: 0.6
2025-06-18 08:52:45,140 - __main__ - INFO - Namespace(dataset='wiki', seed=6, alpha=0.3, lamda=1, margin=0.9, lambd=5, barycenter_number=1, top_k=10, warm_up_epoch=0, MAX_EPOCH=100, batch_size=256, output_dim=512, lr=0.0001, noisy_ratio=0.6, noise_mode='sym', GPU=1, hard_weight=True, noisy_train=True, logging='wiki_findMAP')
2025-06-18 08:55:30,024 - __main__ - INFO - ...Image to Text MAP = 0.4887661541209884
2025-06-18 08:55:30,137 - __main__ - INFO - ...Text to Image MAP = 0.43943566923735256
2025-06-18 08:55:30,147 - __main__ - INFO - ...Average MAP = 0.46410091167917045
2025-06-18 08:56:53,441 - __main__ - INFO - Noise ratio: 0.8
2025-06-18 08:56:53,450 - __main__ - INFO - Namespace(dataset='wiki', seed=6, alpha=0.3, lamda=1, margin=0.9, lambd=5, barycenter_number=1, top_k=10, warm_up_epoch=0, MAX_EPOCH=100, batch_size=256, output_dim=512, lr=0.0001, noisy_ratio=0.8, noise_mode='sym', GPU=1, hard_weight=True, noisy_train=True, logging='wiki_findMAP')
2025-06-18 08:59:45,980 - __main__ - INFO - ...Image to Text MAP = 0.46225094411289536
2025-06-18 08:59:46,096 - __main__ - INFO - ...Text to Image MAP = 0.42470658758037744
2025-06-18 08:59:46,101 - __main__ - INFO - ...Average MAP = 0.44347876584663637
2025-06-18 09:01:22,793 - __main__ - INFO - Noise ratio: 0.2
2025-06-18 09:01:22,801 - __main__ - INFO - Namespace(dataset='wiki', seed=6, alpha=0.4, lamda=1, margin=0.9, lambd=5, barycenter_number=1, top_k=10, warm_up_epoch=0, MAX_EPOCH=100, batch_size=256, output_dim=512, lr=0.0001, noisy_ratio=0.2, noise_mode='sym', GPU=1, hard_weight=True, noisy_train=True, logging='wiki_findMAP')
2025-06-18 09:04:23,794 - __main__ - INFO - ...Image to Text MAP = 0.4890327049588588
2025-06-18 09:04:24,092 - __main__ - INFO - ...Text to Image MAP = 0.4348315338173563
2025-06-18 09:04:24,096 - __main__ - INFO - ...Average MAP = 0.4619321193881075
2025-06-18 09:05:30,548 - __main__ - INFO - Noise ratio: 0.4
2025-06-18 09:05:30,550 - __main__ - INFO - Namespace(dataset='wiki', seed=6, alpha=0.4, lamda=1, margin=0.9, lambd=5, barycenter_number=1, top_k=10, warm_up_epoch=0, MAX_EPOCH=100, batch_size=256, output_dim=512, lr=0.0001, noisy_ratio=0.4, noise_mode='sym', GPU=1, hard_weight=True, noisy_train=True, logging='wiki_findMAP')
2025-06-18 09:08:05,048 - __main__ - INFO - ...Image to Text MAP = 0.48573586124287765
2025-06-18 09:08:05,330 - __main__ - INFO - ...Text to Image MAP = 0.44493949933651084
2025-06-18 09:08:05,338 - __main__ - INFO - ...Average MAP = 0.46533768028969424
2025-06-18 09:11:02,631 - __main__ - INFO - Noise ratio: 0.6
2025-06-18 09:11:02,670 - __main__ - INFO - Namespace(dataset='wiki', seed=6, alpha=0.4, lamda=1, margin=0.9, lambd=5, barycenter_number=1, top_k=10, warm_up_epoch=0, MAX_EPOCH=100, batch_size=256, output_dim=512, lr=0.0001, noisy_ratio=0.6, noise_mode='sym', GPU=1, hard_weight=True, noisy_train=True, logging='wiki_findMAP')
2025-06-18 09:13:26,333 - __main__ - INFO - ...Image to Text MAP = 0.4823985381662539
2025-06-18 09:13:26,530 - __main__ - INFO - ...Text to Image MAP = 0.42982067534681917
2025-06-18 09:13:26,560 - __main__ - INFO - ...Average MAP = 0.45610960675653656
2025-06-18 09:15:35,238 - __main__ - INFO - Noise ratio: 0.8
2025-06-18 09:15:35,262 - __main__ - INFO - Namespace(dataset='wiki', seed=6, alpha=0.4, lamda=1, margin=0.9, lambd=5, barycenter_number=1, top_k=10, warm_up_epoch=0, MAX_EPOCH=100, batch_size=256, output_dim=512, lr=0.0001, noisy_ratio=0.8, noise_mode='sym', GPU=1, hard_weight=True, noisy_train=True, logging='wiki_findMAP')
2025-06-18 09:17:17,423 - __main__ - INFO - ...Image to Text MAP = 0.45613352973848525
2025-06-18 09:17:17,531 - __main__ - INFO - ...Text to Image MAP = 0.4357331920998287
2025-06-18 09:17:17,535 - __main__ - INFO - ...Average MAP = 0.445933360919157
2025-06-18 09:17:28,816 - __main__ - INFO - Noise ratio: 0.2
2025-06-18 09:17:28,820 - __main__ - INFO - Namespace(dataset='wiki', seed=6, alpha=0.5, lamda=1, margin=0.9, lambd=5, barycenter_number=1, top_k=10, warm_up_epoch=0, MAX_EPOCH=100, batch_size=256, output_dim=512, lr=0.0001, noisy_ratio=0.2, noise_mode='sym', GPU=1, hard_weight=True, noisy_train=True, logging='wiki_findMAP')
2025-06-18 09:20:22,726 - __main__ - INFO - ...Image to Text MAP = 0.5058144539838061
2025-06-18 09:20:22,916 - __main__ - INFO - ...Text to Image MAP = 0.44532999630744957
2025-06-18 09:20:22,970 - __main__ - INFO - ...Average MAP = 0.4755722251456278
2025-06-18 09:23:15,018 - __main__ - INFO - Noise ratio: 0.4
2025-06-18 09:23:15,036 - __main__ - INFO - Namespace(dataset='wiki', seed=6, alpha=0.5, lamda=1, margin=0.9, lambd=5, barycenter_number=1, top_k=10, warm_up_epoch=0, MAX_EPOCH=100, batch_size=256, output_dim=512, lr=0.0001, noisy_ratio=0.4, noise_mode='sym', GPU=1, hard_weight=True, noisy_train=True, logging='wiki_findMAP')
2025-06-18 09:24:57,776 - __main__ - INFO - ...Image to Text MAP = 0.4815425911099153
2025-06-18 09:24:57,898 - __main__ - INFO - ...Text to Image MAP = 0.43376642008445904
2025-06-18 09:24:57,935 - __main__ - INFO - ...Average MAP = 0.4576545055971872
2025-06-18 09:26:57,574 - __main__ - INFO - Noise ratio: 0.6
2025-06-18 09:26:57,576 - __main__ - INFO - Namespace(dataset='wiki', seed=6, alpha=0.5, lamda=1, margin=0.9, lambd=5, barycenter_number=1, top_k=10, warm_up_epoch=0, MAX_EPOCH=100, batch_size=256, output_dim=512, lr=0.0001, noisy_ratio=0.6, noise_mode='sym', GPU=1, hard_weight=True, noisy_train=True, logging='wiki_findMAP')
2025-06-18 09:30:01,412 - __main__ - INFO - ...Image to Text MAP = 0.491803854326242
2025-06-18 09:30:01,714 - __main__ - INFO - ...Text to Image MAP = 0.4431070314473934
2025-06-18 09:30:01,717 - __main__ - INFO - ...Average MAP = 0.46745544288681773
2025-06-18 09:31:31,508 - __main__ - INFO - Noise ratio: 0.8
2025-06-18 09:31:31,521 - __main__ - INFO - Namespace(dataset='wiki', seed=6, alpha=0.5, lamda=1, margin=0.9, lambd=5, barycenter_number=1, top_k=10, warm_up_epoch=0, MAX_EPOCH=100, batch_size=256, output_dim=512, lr=0.0001, noisy_ratio=0.8, noise_mode='sym', GPU=1, hard_weight=True, noisy_train=True, logging='wiki_findMAP')
2025-06-18 09:34:17,964 - __main__ - INFO - ...Image to Text MAP = 0.4381300807982642
2025-06-18 09:34:18,136 - __main__ - INFO - ...Text to Image MAP = 0.4159806156822502
2025-06-18 09:34:18,176 - __main__ - INFO - ...Average MAP = 0.4270553482402572
2025-06-18 09:34:38,053 - __main__ - INFO - Noise ratio: 0.2
2025-06-18 09:34:38,055 - __main__ - INFO - Namespace(dataset='wiki', seed=6, alpha=0.6, lamda=1, margin=0.9, lambd=5, barycenter_number=1, top_k=10, warm_up_epoch=0, MAX_EPOCH=100, batch_size=256, output_dim=512, lr=0.0001, noisy_ratio=0.2, noise_mode='sym', GPU=1, hard_weight=True, noisy_train=True, logging='wiki_findMAP')
2025-06-18 09:37:40,079 - __main__ - INFO - ...Image to Text MAP = 0.5017381451688901
2025-06-18 09:37:40,365 - __main__ - INFO - ...Text to Image MAP = 0.4588771578438344
2025-06-18 09:37:40,373 - __main__ - INFO - ...Average MAP = 0.4803076515063623
2025-06-18 09:38:30,355 - __main__ - INFO - Noise ratio: 0.4
2025-06-18 09:38:30,357 - __main__ - INFO - Namespace(dataset='wiki', seed=6, alpha=0.6, lamda=1, margin=0.9, lambd=5, barycenter_number=1, top_k=10, warm_up_epoch=0, MAX_EPOCH=100, batch_size=256, output_dim=512, lr=0.0001, noisy_ratio=0.4, noise_mode='sym', GPU=1, hard_weight=True, noisy_train=True, logging='wiki_findMAP')
2025-06-18 09:41:50,904 - __main__ - INFO - ...Image to Text MAP = 0.49803034016426995
2025-06-18 09:41:51,009 - __main__ - INFO - ...Text to Image MAP = 0.43977963797098346
2025-06-18 09:41:51,010 - __main__ - INFO - ...Average MAP = 0.4689049890676267
2025-06-18 09:42:01,129 - __main__ - INFO - Noise ratio: 0.6
2025-06-18 09:42:01,156 - __main__ - INFO - Namespace(dataset='wiki', seed=6, alpha=0.6, lamda=1, margin=0.9, lambd=5, barycenter_number=1, top_k=10, warm_up_epoch=0, MAX_EPOCH=100, batch_size=256, output_dim=512, lr=0.0001, noisy_ratio=0.6, noise_mode='sym', GPU=1, hard_weight=True, noisy_train=True, logging='wiki_findMAP')
2025-06-18 09:45:07,256 - __main__ - INFO - ...Image to Text MAP = 0.49294832597511423
2025-06-18 09:45:07,360 - __main__ - INFO - ...Text to Image MAP = 0.45204717427188607
2025-06-18 09:45:07,365 - __main__ - INFO - ...Average MAP = 0.47249775012350015
2025-06-18 09:45:15,417 - __main__ - INFO - Noise ratio: 0.8
2025-06-18 09:45:15,421 - __main__ - INFO - Namespace(dataset='wiki', seed=6, alpha=0.6, lamda=1, margin=0.9, lambd=5, barycenter_number=1, top_k=10, warm_up_epoch=0, MAX_EPOCH=100, batch_size=256, output_dim=512, lr=0.0001, noisy_ratio=0.8, noise_mode='sym', GPU=1, hard_weight=True, noisy_train=True, logging='wiki_findMAP')
2025-06-18 09:48:12,222 - __main__ - INFO - ...Image to Text MAP = 0.44597386688635177
2025-06-18 09:48:12,304 - __main__ - INFO - ...Text to Image MAP = 0.4183055120252298
2025-06-18 09:48:12,304 - __main__ - INFO - ...Average MAP = 0.4321396894557908
2025-06-18 09:48:19,900 - __main__ - INFO - Noise ratio: 0.2
2025-06-18 09:48:19,901 - __main__ - INFO - Namespace(dataset='wiki', seed=6, alpha=0.7, lamda=1, margin=0.9, lambd=5, barycenter_number=1, top_k=10, warm_up_epoch=0, MAX_EPOCH=100, batch_size=256, output_dim=512, lr=0.0001, noisy_ratio=0.2, noise_mode='sym', GPU=1, hard_weight=True, noisy_train=True, logging='wiki_findMAP')
2025-06-18 09:51:10,662 - __main__ - INFO - ...Image to Text MAP = 0.5045168856003791
2025-06-18 09:51:10,793 - __main__ - INFO - ...Text to Image MAP = 0.44707827881626433
2025-06-18 09:51:10,794 - __main__ - INFO - ...Average MAP = 0.4757975822083217
2025-06-18 09:51:17,829 - __main__ - INFO - Noise ratio: 0.4
2025-06-18 09:51:17,832 - __main__ - INFO - Namespace(dataset='wiki', seed=6, alpha=0.7, lamda=1, margin=0.9, lambd=5, barycenter_number=1, top_k=10, warm_up_epoch=0, MAX_EPOCH=100, batch_size=256, output_dim=512, lr=0.0001, noisy_ratio=0.4, noise_mode='sym', GPU=1, hard_weight=True, noisy_train=True, logging='wiki_findMAP')
2025-06-18 09:54:01,548 - __main__ - INFO - ...Image to Text MAP = 0.5038451011428793
2025-06-18 09:54:01,651 - __main__ - INFO - ...Text to Image MAP = 0.45072561081282353
2025-06-18 09:54:01,652 - __main__ - INFO - ...Average MAP = 0.4772853559778514
2025-06-18 09:54:08,609 - __main__ - INFO - Noise ratio: 0.6
2025-06-18 09:54:08,611 - __main__ - INFO - Namespace(dataset='wiki', seed=6, alpha=0.7, lamda=1, margin=0.9, lambd=5, barycenter_number=1, top_k=10, warm_up_epoch=0, MAX_EPOCH=100, batch_size=256, output_dim=512, lr=0.0001, noisy_ratio=0.6, noise_mode='sym', GPU=1, hard_weight=True, noisy_train=True, logging='wiki_findMAP')
2025-06-18 09:57:33,729 - __main__ - INFO - ...Image to Text MAP = 0.49455482722714017
2025-06-18 09:57:33,846 - __main__ - INFO - ...Text to Image MAP = 0.45770875530230304
2025-06-18 09:57:33,846 - __main__ - INFO - ...Average MAP = 0.4761317912647216
2025-06-18 09:57:41,213 - __main__ - INFO - Noise ratio: 0.8
2025-06-18 09:57:41,217 - __main__ - INFO - Namespace(dataset='wiki', seed=6, alpha=0.7, lamda=1, margin=0.9, lambd=5, barycenter_number=1, top_k=10, warm_up_epoch=0, MAX_EPOCH=100, batch_size=256, output_dim=512, lr=0.0001, noisy_ratio=0.8, noise_mode='sym', GPU=1, hard_weight=True, noisy_train=True, logging='wiki_findMAP')
2025-06-18 10:00:22,773 - __main__ - INFO - ...Image to Text MAP = 0.43953004971662646
2025-06-18 10:00:22,889 - __main__ - INFO - ...Text to Image MAP = 0.40725505336642914
2025-06-18 10:00:22,890 - __main__ - INFO - ...Average MAP = 0.4233925515415278
2025-06-18 10:00:30,012 - __main__ - INFO - Noise ratio: 0.2
2025-06-18 10:00:30,013 - __main__ - INFO - Namespace(dataset='wiki', seed=6, alpha=0.8, lamda=1, margin=0.9, lambd=5, barycenter_number=1, top_k=10, warm_up_epoch=0, MAX_EPOCH=100, batch_size=256, output_dim=512, lr=0.0001, noisy_ratio=0.2, noise_mode='sym', GPU=1, hard_weight=True, noisy_train=True, logging='wiki_findMAP')
2025-06-18 10:03:11,420 - __main__ - INFO - ...Image to Text MAP = 0.4988066227412445
2025-06-18 10:03:11,533 - __main__ - INFO - ...Text to Image MAP = 0.4410011268759637
2025-06-18 10:03:11,534 - __main__ - INFO - ...Average MAP = 0.46990387480860407
2025-06-18 10:03:18,664 - __main__ - INFO - Noise ratio: 0.4
2025-06-18 10:03:18,665 - __main__ - INFO - Namespace(dataset='wiki', seed=6, alpha=0.8, lamda=1, margin=0.9, lambd=5, barycenter_number=1, top_k=10, warm_up_epoch=0, MAX_EPOCH=100, batch_size=256, output_dim=512, lr=0.0001, noisy_ratio=0.4, noise_mode='sym', GPU=1, hard_weight=True, noisy_train=True, logging='wiki_findMAP')
2025-06-18 10:05:58,071 - __main__ - INFO - ...Image to Text MAP = 0.5129032714434061
2025-06-18 10:05:58,173 - __main__ - INFO - ...Text to Image MAP = 0.4573202562485112
2025-06-18 10:05:58,174 - __main__ - INFO - ...Average MAP = 0.48511176384595867
2025-06-18 10:06:04,466 - __main__ - INFO - Noise ratio: 0.6
2025-06-18 10:06:04,467 - __main__ - INFO - Namespace(dataset='wiki', seed=6, alpha=0.8, lamda=1, margin=0.9, lambd=5, barycenter_number=1, top_k=10, warm_up_epoch=0, MAX_EPOCH=100, batch_size=256, output_dim=512, lr=0.0001, noisy_ratio=0.6, noise_mode='sym', GPU=1, hard_weight=True, noisy_train=True, logging='wiki_findMAP')
2025-06-18 10:08:27,391 - __main__ - INFO - ...Image to Text MAP = 0.49418828135705983
2025-06-18 10:08:27,482 - __main__ - INFO - ...Text to Image MAP = 0.4543906061670864
2025-06-18 10:08:27,482 - __main__ - INFO - ...Average MAP = 0.4742894437620731
2025-06-18 10:08:34,224 - __main__ - INFO - Noise ratio: 0.8
2025-06-18 10:08:34,226 - __main__ - INFO - Namespace(dataset='wiki', seed=6, alpha=0.8, lamda=1, margin=0.9, lambd=5, barycenter_number=1, top_k=10, warm_up_epoch=0, MAX_EPOCH=100, batch_size=256, output_dim=512, lr=0.0001, noisy_ratio=0.8, noise_mode='sym', GPU=1, hard_weight=True, noisy_train=True, logging='wiki_findMAP')
2025-06-18 10:11:11,666 - __main__ - INFO - ...Image to Text MAP = 0.4365690168488082
2025-06-18 10:11:11,770 - __main__ - INFO - ...Text to Image MAP = 0.4175729216825213
2025-06-18 10:11:11,771 - __main__ - INFO - ...Average MAP = 0.4270709692656648
2025-06-18 10:11:18,047 - __main__ - INFO - Noise ratio: 0.2
2025-06-18 10:11:18,049 - __main__ - INFO - Namespace(dataset='wiki', seed=6, alpha=0.9, lamda=1, margin=0.9, lambd=5, barycenter_number=1, top_k=10, warm_up_epoch=0, MAX_EPOCH=100, batch_size=256, output_dim=512, lr=0.0001, noisy_ratio=0.2, noise_mode='sym', GPU=1, hard_weight=True, noisy_train=True, logging='wiki_findMAP')
2025-06-18 10:13:36,819 - __main__ - INFO - ...Image to Text MAP = 0.511550097481781
2025-06-18 10:13:36,945 - __main__ - INFO - ...Text to Image MAP = 0.4564154982595854
2025-06-18 10:13:36,946 - __main__ - INFO - ...Average MAP = 0.4839827978706832
2025-06-18 10:13:43,148 - __main__ - INFO - Noise ratio: 0.4
2025-06-18 10:13:43,150 - __main__ - INFO - Namespace(dataset='wiki', seed=6, alpha=0.9, lamda=1, margin=0.9, lambd=5, barycenter_number=1, top_k=10, warm_up_epoch=0, MAX_EPOCH=100, batch_size=256, output_dim=512, lr=0.0001, noisy_ratio=0.4, noise_mode='sym', GPU=1, hard_weight=True, noisy_train=True, logging='wiki_findMAP')
2025-06-18 10:17:09,042 - __main__ - INFO - ...Image to Text MAP = 0.5074693929649814
2025-06-18 10:17:09,242 - __main__ - INFO - ...Text to Image MAP = 0.46801931686506854
2025-06-18 10:17:09,252 - __main__ - INFO - ...Average MAP = 0.487744354915025
2025-06-18 10:17:17,457 - __main__ - INFO - Noise ratio: 0.6
2025-06-18 10:17:17,459 - __main__ - INFO - Namespace(dataset='wiki', seed=6, alpha=0.9, lamda=1, margin=0.9, lambd=5, barycenter_number=1, top_k=10, warm_up_epoch=0, MAX_EPOCH=100, batch_size=256, output_dim=512, lr=0.0001, noisy_ratio=0.6, noise_mode='sym', GPU=1, hard_weight=True, noisy_train=True, logging='wiki_findMAP')
2025-06-18 10:20:06,539 - __main__ - INFO - ...Image to Text MAP = 0.4888276567097183
2025-06-18 10:20:06,653 - __main__ - INFO - ...Text to Image MAP = 0.4527512837559711
2025-06-18 10:20:06,653 - __main__ - INFO - ...Average MAP = 0.4707894702328447
2025-06-18 10:20:14,755 - __main__ - INFO - Noise ratio: 0.8
2025-06-18 10:20:14,756 - __main__ - INFO - Namespace(dataset='wiki', seed=6, alpha=0.9, lamda=1, margin=0.9, lambd=5, barycenter_number=1, top_k=10, warm_up_epoch=0, MAX_EPOCH=100, batch_size=256, output_dim=512, lr=0.0001, noisy_ratio=0.8, noise_mode='sym', GPU=1, hard_weight=True, noisy_train=True, logging='wiki_findMAP')
2025-06-18 10:22:48,909 - __main__ - INFO - ...Image to Text MAP = 0.43462268137189014
2025-06-18 10:22:49,015 - __main__ - INFO - ...Text to Image MAP = 0.41994563930136525
2025-06-18 10:22:49,019 - __main__ - INFO - ...Average MAP = 0.4272841603366277
2025-06-18 10:22:56,534 - __main__ - INFO - Noise ratio: 0.2
2025-06-18 10:22:56,536 - __main__ - INFO - Namespace(dataset='wiki', seed=6, alpha=1.0, lamda=1, margin=0.9, lambd=5, barycenter_number=1, top_k=10, warm_up_epoch=0, MAX_EPOCH=100, batch_size=256, output_dim=512, lr=0.0001, noisy_ratio=0.2, noise_mode='sym', GPU=1, hard_weight=True, noisy_train=True, logging='wiki_findMAP')
2025-06-18 10:25:58,075 - __main__ - INFO - ...Image to Text MAP = 0.5205440471801445
2025-06-18 10:25:58,190 - __main__ - INFO - ...Text to Image MAP = 0.46055389706548155
2025-06-18 10:25:58,191 - __main__ - INFO - ...Average MAP = 0.490548972122813
2025-06-18 10:26:09,741 - __main__ - INFO - Noise ratio: 0.4
2025-06-18 10:26:09,755 - __main__ - INFO - Namespace(dataset='wiki', seed=6, alpha=1.0, lamda=1, margin=0.9, lambd=5, barycenter_number=1, top_k=10, warm_up_epoch=0, MAX_EPOCH=100, batch_size=256, output_dim=512, lr=0.0001, noisy_ratio=0.4, noise_mode='sym', GPU=1, hard_weight=True, noisy_train=True, logging='wiki_findMAP')
2025-06-18 10:29:24,856 - __main__ - INFO - ...Image to Text MAP = 0.5068948019762227
2025-06-18 10:29:24,939 - __main__ - INFO - ...Text to Image MAP = 0.4643898453950271
2025-06-18 10:29:24,940 - __main__ - INFO - ...Average MAP = 0.4856423236856249
2025-06-18 10:29:34,490 - __main__ - INFO - Noise ratio: 0.6
2025-06-18 10:29:34,492 - __main__ - INFO - Namespace(dataset='wiki', seed=6, alpha=1.0, lamda=1, margin=0.9, lambd=5, barycenter_number=1, top_k=10, warm_up_epoch=0, MAX_EPOCH=100, batch_size=256, output_dim=512, lr=0.0001, noisy_ratio=0.6, noise_mode='sym', GPU=1, hard_weight=True, noisy_train=True, logging='wiki_findMAP')
2025-06-18 10:33:10,703 - __main__ - INFO - ...Image to Text MAP = 0.4847081504784556
2025-06-18 10:33:10,804 - __main__ - INFO - ...Text to Image MAP = 0.45050087690976237
2025-06-18 10:33:10,805 - __main__ - INFO - ...Average MAP = 0.467604513694109
2025-06-18 10:33:18,870 - __main__ - INFO - Noise ratio: 0.8
2025-06-18 10:33:18,872 - __main__ - INFO - Namespace(dataset='wiki', seed=6, alpha=1.0, lamda=1, margin=0.9, lambd=5, barycenter_number=1, top_k=10, warm_up_epoch=0, MAX_EPOCH=100, batch_size=256, output_dim=512, lr=0.0001, noisy_ratio=0.8, noise_mode='sym', GPU=1, hard_weight=True, noisy_train=True, logging='wiki_findMAP')
2025-06-18 10:36:53,667 - __main__ - INFO - ...Image to Text MAP = 0.43359554667216677
2025-06-18 10:36:53,879 - __main__ - INFO - ...Text to Image MAP = 0.4189691358885812
2025-06-18 10:36:53,879 - __main__ - INFO - ...Average MAP = 0.426282341280374
2025-06-18 10:37:02,256 - __main__ - INFO - Noise ratio: 0.2
2025-06-18 10:37:02,258 - __main__ - INFO - Namespace(dataset='wiki', seed=6, alpha=2.0, lamda=1, margin=0.9, lambd=5, barycenter_number=1, top_k=10, warm_up_epoch=0, MAX_EPOCH=100, batch_size=256, output_dim=512, lr=0.0001, noisy_ratio=0.2, noise_mode='sym', GPU=1, hard_weight=True, noisy_train=True, logging='wiki_findMAP')
2025-06-18 10:40:26,097 - __main__ - INFO - ...Image to Text MAP = 0.5217414238931376
2025-06-18 10:40:26,201 - __main__ - INFO - ...Text to Image MAP = 0.48161018640910297
2025-06-18 10:40:26,202 - __main__ - INFO - ...Average MAP = 0.5016758051511203
2025-06-18 10:40:34,731 - __main__ - INFO - Noise ratio: 0.4
2025-06-18 10:40:34,733 - __main__ - INFO - Namespace(dataset='wiki', seed=6, alpha=2.0, lamda=1, margin=0.9, lambd=5, barycenter_number=1, top_k=10, warm_up_epoch=0, MAX_EPOCH=100, batch_size=256, output_dim=512, lr=0.0001, noisy_ratio=0.4, noise_mode='sym', GPU=1, hard_weight=True, noisy_train=True, logging='wiki_findMAP')
2025-06-18 10:43:48,215 - __main__ - INFO - ...Image to Text MAP = 0.4769090398007122
2025-06-18 10:43:48,328 - __main__ - INFO - ...Text to Image MAP = 0.44829608076003374
2025-06-18 10:43:48,328 - __main__ - INFO - ...Average MAP = 0.46260256028037294
2025-06-18 10:43:56,768 - __main__ - INFO - Noise ratio: 0.6
2025-06-18 10:43:56,770 - __main__ - INFO - Namespace(dataset='wiki', seed=6, alpha=2.0, lamda=1, margin=0.9, lambd=5, barycenter_number=1, top_k=10, warm_up_epoch=0, MAX_EPOCH=100, batch_size=256, output_dim=512, lr=0.0001, noisy_ratio=0.6, noise_mode='sym', GPU=1, hard_weight=True, noisy_train=True, logging='wiki_findMAP')
2025-06-18 10:46:48,821 - __main__ - INFO - ...Image to Text MAP = 0.43695123021356597
2025-06-18 10:46:48,918 - __main__ - INFO - ...Text to Image MAP = 0.418671302504877
2025-06-18 10:46:48,918 - __main__ - INFO - ...Average MAP = 0.4278112663592215
2025-06-18 10:46:55,190 - __main__ - INFO - Noise ratio: 0.8
2025-06-18 10:46:55,192 - __main__ - INFO - Namespace(dataset='wiki', seed=6, alpha=2.0, lamda=1, margin=0.9, lambd=5, barycenter_number=1, top_k=10, warm_up_epoch=0, MAX_EPOCH=100, batch_size=256, output_dim=512, lr=0.0001, noisy_ratio=0.8, noise_mode='sym', GPU=1, hard_weight=True, noisy_train=True, logging='wiki_findMAP')
2025-06-18 10:49:42,872 - __main__ - INFO - ...Image to Text MAP = 0.4212312442456962
2025-06-18 10:49:42,976 - __main__ - INFO - ...Text to Image MAP = 0.41618608868202084
2025-06-18 10:49:42,976 - __main__ - INFO - ...Average MAP = 0.4187086664638585
2025-06-18 10:49:51,699 - __main__ - INFO - Noise ratio: 0.2
2025-06-18 10:49:51,702 - __main__ - INFO - Namespace(dataset='wiki', seed=7, alpha=0.1, lamda=1, margin=0.9, lambd=5, barycenter_number=1, top_k=10, warm_up_epoch=0, MAX_EPOCH=100, batch_size=256, output_dim=512, lr=0.0001, noisy_ratio=0.2, noise_mode='sym', GPU=1, hard_weight=True, noisy_train=True, logging='wiki_findMAP')
2025-06-18 10:53:26,711 - __main__ - INFO - ...Image to Text MAP = 0.47649470502889185
2025-06-18 10:53:26,797 - __main__ - INFO - ...Text to Image MAP = 0.4140340977890523
2025-06-18 10:53:26,798 - __main__ - INFO - ...Average MAP = 0.44526440140897205
2025-06-18 10:53:34,785 - __main__ - INFO - Noise ratio: 0.4
2025-06-18 10:53:34,788 - __main__ - INFO - Namespace(dataset='wiki', seed=7, alpha=0.1, lamda=1, margin=0.9, lambd=5, barycenter_number=1, top_k=10, warm_up_epoch=0, MAX_EPOCH=100, batch_size=256, output_dim=512, lr=0.0001, noisy_ratio=0.4, noise_mode='sym', GPU=1, hard_weight=True, noisy_train=True, logging='wiki_findMAP')
2025-06-18 10:56:32,872 - __main__ - INFO - ...Image to Text MAP = 0.4709094396125276
2025-06-18 10:56:32,987 - __main__ - INFO - ...Text to Image MAP = 0.4051613587124705
2025-06-18 10:56:32,990 - __main__ - INFO - ...Average MAP = 0.43803539916249906
2025-06-18 10:56:41,831 - __main__ - INFO - Noise ratio: 0.6
2025-06-18 10:56:41,833 - __main__ - INFO - Namespace(dataset='wiki', seed=7, alpha=0.1, lamda=1, margin=0.9, lambd=5, barycenter_number=1, top_k=10, warm_up_epoch=0, MAX_EPOCH=100, batch_size=256, output_dim=512, lr=0.0001, noisy_ratio=0.6, noise_mode='sym', GPU=1, hard_weight=True, noisy_train=True, logging='wiki_findMAP')
2025-06-18 10:59:38,813 - __main__ - INFO - ...Image to Text MAP = 0.3794813460796632
2025-06-18 10:59:38,897 - __main__ - INFO - ...Text to Image MAP = 0.32448449913120725
2025-06-18 10:59:38,898 - __main__ - INFO - ...Average MAP = 0.35198292260543523
2025-06-18 10:59:46,733 - __main__ - INFO - Noise ratio: 0.8
2025-06-18 10:59:46,734 - __main__ - INFO - Namespace(dataset='wiki', seed=7, alpha=0.1, lamda=1, margin=0.9, lambd=5, barycenter_number=1, top_k=10, warm_up_epoch=0, MAX_EPOCH=100, batch_size=256, output_dim=512, lr=0.0001, noisy_ratio=0.8, noise_mode='sym', GPU=1, hard_weight=True, noisy_train=True, logging='wiki_findMAP')
2025-06-18 11:03:13,503 - __main__ - INFO - ...Image to Text MAP = 0.39318849616926177
2025-06-18 11:03:13,586 - __main__ - INFO - ...Text to Image MAP = 0.3593546938878238
2025-06-18 11:03:13,586 - __main__ - INFO - ...Average MAP = 0.3762715950285428
2025-06-18 11:03:22,319 - __main__ - INFO - Noise ratio: 0.2
2025-06-18 11:03:22,323 - __main__ - INFO - Namespace(dataset='wiki', seed=7, alpha=0.2, lamda=1, margin=0.9, lambd=5, barycenter_number=1, top_k=10, warm_up_epoch=0, MAX_EPOCH=100, batch_size=256, output_dim=512, lr=0.0001, noisy_ratio=0.2, noise_mode='sym', GPU=1, hard_weight=True, noisy_train=True, logging='wiki_findMAP')
2025-06-18 11:06:47,617 - __main__ - INFO - ...Image to Text MAP = 0.49185431295043897
2025-06-18 11:06:47,796 - __main__ - INFO - ...Text to Image MAP = 0.4372926886700794
2025-06-18 11:06:47,798 - __main__ - INFO - ...Average MAP = 0.46457350081025917
2025-06-18 11:06:56,854 - __main__ - INFO - Noise ratio: 0.4
2025-06-18 11:06:56,856 - __main__ - INFO - Namespace(dataset='wiki', seed=7, alpha=0.2, lamda=1, margin=0.9, lambd=5, barycenter_number=1, top_k=10, warm_up_epoch=0, MAX_EPOCH=100, batch_size=256, output_dim=512, lr=0.0001, noisy_ratio=0.4, noise_mode='sym', GPU=1, hard_weight=True, noisy_train=True, logging='wiki_findMAP')
2025-06-18 11:10:07,271 - __main__ - INFO - ...Image to Text MAP = 0.47151809019947
2025-06-18 11:10:07,480 - __main__ - INFO - ...Text to Image MAP = 0.40480145975946136
2025-06-18 11:10:07,481 - __main__ - INFO - ...Average MAP = 0.4381597749794657
2025-06-18 11:10:17,013 - __main__ - INFO - Noise ratio: 0.6
2025-06-18 11:10:17,014 - __main__ - INFO - Namespace(dataset='wiki', seed=7, alpha=0.2, lamda=1, margin=0.9, lambd=5, barycenter_number=1, top_k=10, warm_up_epoch=0, MAX_EPOCH=100, batch_size=256, output_dim=512, lr=0.0001, noisy_ratio=0.6, noise_mode='sym', GPU=1, hard_weight=True, noisy_train=True, logging='wiki_findMAP')
2025-06-18 11:13:36,129 - __main__ - INFO - ...Image to Text MAP = 0.45923639866166366
2025-06-18 11:13:36,221 - __main__ - INFO - ...Text to Image MAP = 0.4029871187268895
2025-06-18 11:13:36,221 - __main__ - INFO - ...Average MAP = 0.4311117586942766
2025-06-18 11:13:44,793 - __main__ - INFO - Noise ratio: 0.8
2025-06-18 11:13:44,795 - __main__ - INFO - Namespace(dataset='wiki', seed=7, alpha=0.2, lamda=1, margin=0.9, lambd=5, barycenter_number=1, top_k=10, warm_up_epoch=0, MAX_EPOCH=100, batch_size=256, output_dim=512, lr=0.0001, noisy_ratio=0.8, noise_mode='sym', GPU=1, hard_weight=True, noisy_train=True, logging='wiki_findMAP')
2025-06-18 11:17:02,908 - __main__ - INFO - ...Image to Text MAP = 0.41789878075840986
2025-06-18 11:17:03,065 - __main__ - INFO - ...Text to Image MAP = 0.38818144721870534
2025-06-18 11:17:03,066 - __main__ - INFO - ...Average MAP = 0.4030401139885576
2025-06-18 11:17:12,692 - __main__ - INFO - Noise ratio: 0.2
2025-06-18 11:17:12,694 - __main__ - INFO - Namespace(dataset='wiki', seed=7, alpha=0.3, lamda=1, margin=0.9, lambd=5, barycenter_number=1, top_k=10, warm_up_epoch=0, MAX_EPOCH=100, batch_size=256, output_dim=512, lr=0.0001, noisy_ratio=0.2, noise_mode='sym', GPU=1, hard_weight=True, noisy_train=True, logging='wiki_findMAP')
2025-06-18 11:20:00,722 - __main__ - INFO - ...Image to Text MAP = 0.4931908660848675
2025-06-18 11:20:00,819 - __main__ - INFO - ...Text to Image MAP = 0.4413559142295776
2025-06-18 11:20:00,820 - __main__ - INFO - ...Average MAP = 0.4672733901572226
2025-06-18 11:20:08,774 - __main__ - INFO - Noise ratio: 0.4
2025-06-18 11:20:08,778 - __main__ - INFO - Namespace(dataset='wiki', seed=7, alpha=0.3, lamda=1, margin=0.9, lambd=5, barycenter_number=1, top_k=10, warm_up_epoch=0, MAX_EPOCH=100, batch_size=256, output_dim=512, lr=0.0001, noisy_ratio=0.4, noise_mode='sym', GPU=1, hard_weight=True, noisy_train=True, logging='wiki_findMAP')
2025-06-18 11:23:16,540 - __main__ - INFO - ...Image to Text MAP = 0.4775902343940239
2025-06-18 11:23:16,645 - __main__ - INFO - ...Text to Image MAP = 0.42171872224694146
2025-06-18 11:23:16,646 - __main__ - INFO - ...Average MAP = 0.44965447832048266
2025-06-18 11:23:26,463 - __main__ - INFO - Noise ratio: 0.6
2025-06-18 11:23:26,465 - __main__ - INFO - Namespace(dataset='wiki', seed=7, alpha=0.3, lamda=1, margin=0.9, lambd=5, barycenter_number=1, top_k=10, warm_up_epoch=0, MAX_EPOCH=100, batch_size=256, output_dim=512, lr=0.0001, noisy_ratio=0.6, noise_mode='sym', GPU=1, hard_weight=True, noisy_train=True, logging='wiki_findMAP')
2025-06-18 11:27:03,079 - __main__ - INFO - ...Image to Text MAP = 0.4791788775443376
2025-06-18 11:27:03,175 - __main__ - INFO - ...Text to Image MAP = 0.41993489866175854
2025-06-18 11:27:03,176 - __main__ - INFO - ...Average MAP = 0.44955688810304806
2025-06-18 11:27:13,878 - __main__ - INFO - Noise ratio: 0.8
2025-06-18 11:27:13,895 - __main__ - INFO - Namespace(dataset='wiki', seed=7, alpha=0.3, lamda=1, margin=0.9, lambd=5, barycenter_number=1, top_k=10, warm_up_epoch=0, MAX_EPOCH=100, batch_size=256, output_dim=512, lr=0.0001, noisy_ratio=0.8, noise_mode='sym', GPU=1, hard_weight=True, noisy_train=True, logging='wiki_findMAP')
2025-06-18 11:30:28,675 - __main__ - INFO - ...Image to Text MAP = 0.44046900761974384
2025-06-18 11:30:28,845 - __main__ - INFO - ...Text to Image MAP = 0.4021734326377048
2025-06-18 11:30:28,845 - __main__ - INFO - ...Average MAP = 0.4213212201287243
2025-06-18 11:30:36,750 - __main__ - INFO - Noise ratio: 0.2
2025-06-18 11:30:36,752 - __main__ - INFO - Namespace(dataset='wiki', seed=7, alpha=0.4, lamda=1, margin=0.9, lambd=5, barycenter_number=1, top_k=10, warm_up_epoch=0, MAX_EPOCH=100, batch_size=256, output_dim=512, lr=0.0001, noisy_ratio=0.2, noise_mode='sym', GPU=1, hard_weight=True, noisy_train=True, logging='wiki_findMAP')
2025-06-18 11:33:51,098 - __main__ - INFO - ...Image to Text MAP = 0.5002064921587477
2025-06-18 11:33:51,384 - __main__ - INFO - ...Text to Image MAP = 0.43136956293991013
2025-06-18 11:33:51,399 - __main__ - INFO - ...Average MAP = 0.4657880275493289
2025-06-18 11:34:01,130 - __main__ - INFO - Noise ratio: 0.4
2025-06-18 11:34:01,142 - __main__ - INFO - Namespace(dataset='wiki', seed=7, alpha=0.4, lamda=1, margin=0.9, lambd=5, barycenter_number=1, top_k=10, warm_up_epoch=0, MAX_EPOCH=100, batch_size=256, output_dim=512, lr=0.0001, noisy_ratio=0.4, noise_mode='sym', GPU=1, hard_weight=True, noisy_train=True, logging='wiki_findMAP')
2025-06-18 11:37:15,150 - __main__ - INFO - ...Image to Text MAP = 0.5011570239016154
2025-06-18 11:37:15,255 - __main__ - INFO - ...Text to Image MAP = 0.44238974061662795
2025-06-18 11:37:15,271 - __main__ - INFO - ...Average MAP = 0.4717733822591217
2025-06-18 11:37:23,845 - __main__ - INFO - Noise ratio: 0.6
2025-06-18 11:37:23,848 - __main__ - INFO - Namespace(dataset='wiki', seed=7, alpha=0.4, lamda=1, margin=0.9, lambd=5, barycenter_number=1, top_k=10, warm_up_epoch=0, MAX_EPOCH=100, batch_size=256, output_dim=512, lr=0.0001, noisy_ratio=0.6, noise_mode='sym', GPU=1, hard_weight=True, noisy_train=True, logging='wiki_findMAP')
2025-06-18 11:40:36,270 - __main__ - INFO - ...Image to Text MAP = 0.4790618798737099
2025-06-18 11:40:36,370 - __main__ - INFO - ...Text to Image MAP = 0.4215006951545066
2025-06-18 11:40:36,370 - __main__ - INFO - ...Average MAP = 0.45028128751410823
2025-06-18 11:40:45,409 - __main__ - INFO - Noise ratio: 0.8
2025-06-18 11:40:45,411 - __main__ - INFO - Namespace(dataset='wiki', seed=7, alpha=0.4, lamda=1, margin=0.9, lambd=5, barycenter_number=1, top_k=10, warm_up_epoch=0, MAX_EPOCH=100, batch_size=256, output_dim=512, lr=0.0001, noisy_ratio=0.8, noise_mode='sym', GPU=1, hard_weight=True, noisy_train=True, logging='wiki_findMAP')
2025-06-18 11:44:03,381 - __main__ - INFO - ...Image to Text MAP = 0.44810626709669926
2025-06-18 11:44:03,476 - __main__ - INFO - ...Text to Image MAP = 0.4276963397355545
2025-06-18 11:44:03,477 - __main__ - INFO - ...Average MAP = 0.4379013034161269
2025-06-18 11:44:11,751 - __main__ - INFO - Noise ratio: 0.2
2025-06-18 11:44:11,760 - __main__ - INFO - Namespace(dataset='wiki', seed=7, alpha=0.5, lamda=1, margin=0.9, lambd=5, barycenter_number=1, top_k=10, warm_up_epoch=0, MAX_EPOCH=100, batch_size=256, output_dim=512, lr=0.0001, noisy_ratio=0.2, noise_mode='sym', GPU=1, hard_weight=True, noisy_train=True, logging='wiki_findMAP')
2025-06-18 11:47:10,407 - __main__ - INFO - ...Image to Text MAP = 0.49485283243937406
2025-06-18 11:47:10,491 - __main__ - INFO - ...Text to Image MAP = 0.4364299411503672
2025-06-18 11:47:10,491 - __main__ - INFO - ...Average MAP = 0.46564138679487066
2025-06-18 11:47:19,234 - __main__ - INFO - Noise ratio: 0.4
2025-06-18 11:47:19,236 - __main__ - INFO - Namespace(dataset='wiki', seed=7, alpha=0.5, lamda=1, margin=0.9, lambd=5, barycenter_number=1, top_k=10, warm_up_epoch=0, MAX_EPOCH=100, batch_size=256, output_dim=512, lr=0.0001, noisy_ratio=0.4, noise_mode='sym', GPU=1, hard_weight=True, noisy_train=True, logging='wiki_findMAP')
2025-06-18 11:50:20,226 - __main__ - INFO - ...Image to Text MAP = 0.4879245957238152
2025-06-18 11:50:20,342 - __main__ - INFO - ...Text to Image MAP = 0.4316254863831909
2025-06-18 11:50:20,343 - __main__ - INFO - ...Average MAP = 0.4597750410535031
2025-06-18 11:50:27,840 - __main__ - INFO - Noise ratio: 0.6
2025-06-18 11:50:27,842 - __main__ - INFO - Namespace(dataset='wiki', seed=7, alpha=0.5, lamda=1, margin=0.9, lambd=5, barycenter_number=1, top_k=10, warm_up_epoch=0, MAX_EPOCH=100, batch_size=256, output_dim=512, lr=0.0001, noisy_ratio=0.6, noise_mode='sym', GPU=1, hard_weight=True, noisy_train=True, logging='wiki_findMAP')
2025-06-18 11:53:42,807 - __main__ - INFO - ...Image to Text MAP = 0.4931107651856485
2025-06-18 11:53:42,916 - __main__ - INFO - ...Text to Image MAP = 0.4329211520708366
2025-06-18 11:53:42,917 - __main__ - INFO - ...Average MAP = 0.4630159586282425
2025-06-18 11:53:52,997 - __main__ - INFO - Noise ratio: 0.8
2025-06-18 11:53:53,000 - __main__ - INFO - Namespace(dataset='wiki', seed=7, alpha=0.5, lamda=1, margin=0.9, lambd=5, barycenter_number=1, top_k=10, warm_up_epoch=0, MAX_EPOCH=100, batch_size=256, output_dim=512, lr=0.0001, noisy_ratio=0.8, noise_mode='sym', GPU=1, hard_weight=True, noisy_train=True, logging='wiki_findMAP')
2025-06-18 11:57:27,858 - __main__ - INFO - ...Image to Text MAP = 0.4408246885841457
2025-06-18 11:57:27,975 - __main__ - INFO - ...Text to Image MAP = 0.42090942809467663
2025-06-18 11:57:27,975 - __main__ - INFO - ...Average MAP = 0.4308670583394112
2025-06-18 11:57:36,654 - __main__ - INFO - Noise ratio: 0.2
2025-06-18 11:57:36,655 - __main__ - INFO - Namespace(dataset='wiki', seed=7, alpha=0.6, lamda=1, margin=0.9, lambd=5, barycenter_number=1, top_k=10, warm_up_epoch=0, MAX_EPOCH=100, batch_size=256, output_dim=512, lr=0.0001, noisy_ratio=0.2, noise_mode='sym', GPU=1, hard_weight=True, noisy_train=True, logging='wiki_findMAP')
2025-06-18 12:00:43,585 - __main__ - INFO - ...Image to Text MAP = 0.5106226407655118
2025-06-18 12:00:43,694 - __main__ - INFO - ...Text to Image MAP = 0.4574691523442394
2025-06-18 12:00:43,694 - __main__ - INFO - ...Average MAP = 0.4840458965548756
2025-06-18 12:00:51,829 - __main__ - INFO - Noise ratio: 0.4
2025-06-18 12:00:51,831 - __main__ - INFO - Namespace(dataset='wiki', seed=7, alpha=0.6, lamda=1, margin=0.9, lambd=5, barycenter_number=1, top_k=10, warm_up_epoch=0, MAX_EPOCH=100, batch_size=256, output_dim=512, lr=0.0001, noisy_ratio=0.4, noise_mode='sym', GPU=1, hard_weight=True, noisy_train=True, logging='wiki_findMAP')
2025-06-18 12:03:46,380 - __main__ - INFO - ...Image to Text MAP = 0.48423888911080104
2025-06-18 12:03:46,496 - __main__ - INFO - ...Text to Image MAP = 0.4414167820669363
2025-06-18 12:03:46,496 - __main__ - INFO - ...Average MAP = 0.46282783558886864
2025-06-18 12:03:54,312 - __main__ - INFO - Noise ratio: 0.6
2025-06-18 12:03:54,316 - __main__ - INFO - Namespace(dataset='wiki', seed=7, alpha=0.6, lamda=1, margin=0.9, lambd=5, barycenter_number=1, top_k=10, warm_up_epoch=0, MAX_EPOCH=100, batch_size=256, output_dim=512, lr=0.0001, noisy_ratio=0.6, noise_mode='sym', GPU=1, hard_weight=True, noisy_train=True, logging='wiki_findMAP')
2025-06-18 12:06:59,496 - __main__ - INFO - ...Image to Text MAP = 0.4916494506672541
2025-06-18 12:06:59,609 - __main__ - INFO - ...Text to Image MAP = 0.4434092651055961
2025-06-18 12:06:59,609 - __main__ - INFO - ...Average MAP = 0.4675293578864251
2025-06-18 12:07:08,539 - __main__ - INFO - Noise ratio: 0.8
2025-06-18 12:07:08,540 - __main__ - INFO - Namespace(dataset='wiki', seed=7, alpha=0.6, lamda=1, margin=0.9, lambd=5, barycenter_number=1, top_k=10, warm_up_epoch=0, MAX_EPOCH=100, batch_size=256, output_dim=512, lr=0.0001, noisy_ratio=0.8, noise_mode='sym', GPU=1, hard_weight=True, noisy_train=True, logging='wiki_findMAP')
2025-06-18 12:09:54,622 - __main__ - INFO - ...Image to Text MAP = 0.4387941321128508
2025-06-18 12:09:54,729 - __main__ - INFO - ...Text to Image MAP = 0.4185280760784242
2025-06-18 12:09:54,730 - __main__ - INFO - ...Average MAP = 0.4286611040956375
2025-06-18 12:10:03,186 - __main__ - INFO - Noise ratio: 0.2
2025-06-18 12:10:03,191 - __main__ - INFO - Namespace(dataset='wiki', seed=7, alpha=0.7, lamda=1, margin=0.9, lambd=5, barycenter_number=1, top_k=10, warm_up_epoch=0, MAX_EPOCH=100, batch_size=256, output_dim=512, lr=0.0001, noisy_ratio=0.2, noise_mode='sym', GPU=1, hard_weight=True, noisy_train=True, logging='wiki_findMAP')
2025-06-18 12:12:46,867 - __main__ - INFO - ...Image to Text MAP = 0.5030907518753925
2025-06-18 12:12:46,988 - __main__ - INFO - ...Text to Image MAP = 0.4480555071268849
2025-06-18 12:12:46,989 - __main__ - INFO - ...Average MAP = 0.4755731295011387
2025-06-18 12:12:55,337 - __main__ - INFO - Noise ratio: 0.4
2025-06-18 12:12:55,339 - __main__ - INFO - Namespace(dataset='wiki', seed=7, alpha=0.7, lamda=1, margin=0.9, lambd=5, barycenter_number=1, top_k=10, warm_up_epoch=0, MAX_EPOCH=100, batch_size=256, output_dim=512, lr=0.0001, noisy_ratio=0.4, noise_mode='sym', GPU=1, hard_weight=True, noisy_train=True, logging='wiki_findMAP')
2025-06-18 12:16:01,576 - __main__ - INFO - ...Image to Text MAP = 0.5079399378764666
2025-06-18 12:16:01,751 - __main__ - INFO - ...Text to Image MAP = 0.4641259885594532
2025-06-18 12:16:01,753 - __main__ - INFO - ...Average MAP = 0.4860329632179599
2025-06-18 12:16:09,904 - __main__ - INFO - Noise ratio: 0.6
2025-06-18 12:16:09,913 - __main__ - INFO - Namespace(dataset='wiki', seed=7, alpha=0.7, lamda=1, margin=0.9, lambd=5, barycenter_number=1, top_k=10, warm_up_epoch=0, MAX_EPOCH=100, batch_size=256, output_dim=512, lr=0.0001, noisy_ratio=0.6, noise_mode='sym', GPU=1, hard_weight=True, noisy_train=True, logging='wiki_findMAP')
2025-06-18 12:19:46,629 - __main__ - INFO - ...Image to Text MAP = 0.4957459915370489
2025-06-18 12:19:46,730 - __main__ - INFO - ...Text to Image MAP = 0.4504251215412125
2025-06-18 12:19:46,731 - __main__ - INFO - ...Average MAP = 0.4730855565391307
2025-06-18 12:19:54,885 - __main__ - INFO - Noise ratio: 0.8
2025-06-18 12:19:54,887 - __main__ - INFO - Namespace(dataset='wiki', seed=7, alpha=0.7, lamda=1, margin=0.9, lambd=5, barycenter_number=1, top_k=10, warm_up_epoch=0, MAX_EPOCH=100, batch_size=256, output_dim=512, lr=0.0001, noisy_ratio=0.8, noise_mode='sym', GPU=1, hard_weight=True, noisy_train=True, logging='wiki_findMAP')
2025-06-18 12:22:57,597 - __main__ - INFO - ...Image to Text MAP = 0.42654627886433844
2025-06-18 12:22:57,776 - __main__ - INFO - ...Text to Image MAP = 0.4081340940847173
2025-06-18 12:22:57,776 - __main__ - INFO - ...Average MAP = 0.41734018647452786
2025-06-18 12:23:06,867 - __main__ - INFO - Noise ratio: 0.2
2025-06-18 12:23:06,868 - __main__ - INFO - Namespace(dataset='wiki', seed=7, alpha=0.8, lamda=1, margin=0.9, lambd=5, barycenter_number=1, top_k=10, warm_up_epoch=0, MAX_EPOCH=100, batch_size=256, output_dim=512, lr=0.0001, noisy_ratio=0.2, noise_mode='sym', GPU=1, hard_weight=True, noisy_train=True, logging='wiki_findMAP')
2025-06-18 12:25:58,268 - __main__ - INFO - ...Image to Text MAP = 0.4996622026687051
2025-06-18 12:25:58,370 - __main__ - INFO - ...Text to Image MAP = 0.44956309231195046
2025-06-18 12:25:58,370 - __main__ - INFO - ...Average MAP = 0.4746126474903278
2025-06-18 12:26:05,941 - __main__ - INFO - Noise ratio: 0.4
2025-06-18 12:26:05,942 - __main__ - INFO - Namespace(dataset='wiki', seed=7, alpha=0.8, lamda=1, margin=0.9, lambd=5, barycenter_number=1, top_k=10, warm_up_epoch=0, MAX_EPOCH=100, batch_size=256, output_dim=512, lr=0.0001, noisy_ratio=0.4, noise_mode='sym', GPU=1, hard_weight=True, noisy_train=True, logging='wiki_findMAP')
2025-06-18 12:29:04,089 - __main__ - INFO - ...Image to Text MAP = 0.5079455610854443
2025-06-18 12:29:04,189 - __main__ - INFO - ...Text to Image MAP = 0.455724851260008
2025-06-18 12:29:04,190 - __main__ - INFO - ...Average MAP = 0.4818352061727261
2025-06-18 12:29:11,494 - __main__ - INFO - Noise ratio: 0.6
2025-06-18 12:29:11,497 - __main__ - INFO - Namespace(dataset='wiki', seed=7, alpha=0.8, lamda=1, margin=0.9, lambd=5, barycenter_number=1, top_k=10, warm_up_epoch=0, MAX_EPOCH=100, batch_size=256, output_dim=512, lr=0.0001, noisy_ratio=0.6, noise_mode='sym', GPU=1, hard_weight=True, noisy_train=True, logging='wiki_findMAP')
2025-06-18 12:32:21,754 - __main__ - INFO - ...Image to Text MAP = 0.4949448426164147
2025-06-18 12:32:21,868 - __main__ - INFO - ...Text to Image MAP = 0.45579544204620803
2025-06-18 12:32:21,869 - __main__ - INFO - ...Average MAP = 0.47537014233131136
2025-06-18 12:32:30,164 - __main__ - INFO - Noise ratio: 0.8
2025-06-18 12:32:30,166 - __main__ - INFO - Namespace(dataset='wiki', seed=7, alpha=0.8, lamda=1, margin=0.9, lambd=5, barycenter_number=1, top_k=10, warm_up_epoch=0, MAX_EPOCH=100, batch_size=256, output_dim=512, lr=0.0001, noisy_ratio=0.8, noise_mode='sym', GPU=1, hard_weight=True, noisy_train=True, logging='wiki_findMAP')
2025-06-18 12:35:44,517 - __main__ - INFO - ...Image to Text MAP = 0.4331155210062236
2025-06-18 12:35:44,666 - __main__ - INFO - ...Text to Image MAP = 0.40972420096066064
2025-06-18 12:35:44,667 - __main__ - INFO - ...Average MAP = 0.4214198609834421
2025-06-18 12:35:53,627 - __main__ - INFO - Noise ratio: 0.2
2025-06-18 12:35:53,629 - __main__ - INFO - Namespace(dataset='wiki', seed=7, alpha=0.9, lamda=1, margin=0.9, lambd=5, barycenter_number=1, top_k=10, warm_up_epoch=0, MAX_EPOCH=100, batch_size=256, output_dim=512, lr=0.0001, noisy_ratio=0.2, noise_mode='sym', GPU=1, hard_weight=True, noisy_train=True, logging='wiki_findMAP')
2025-06-18 12:39:30,067 - __main__ - INFO - ...Image to Text MAP = 0.5135203264901266
2025-06-18 12:39:30,264 - __main__ - INFO - ...Text to Image MAP = 0.45948645262085985
2025-06-18 12:39:30,267 - __main__ - INFO - ...Average MAP = 0.4865033895554932
2025-06-18 12:39:37,816 - __main__ - INFO - Noise ratio: 0.4
2025-06-18 12:39:37,818 - __main__ - INFO - Namespace(dataset='wiki', seed=7, alpha=0.9, lamda=1, margin=0.9, lambd=5, barycenter_number=1, top_k=10, warm_up_epoch=0, MAX_EPOCH=100, batch_size=256, output_dim=512, lr=0.0001, noisy_ratio=0.4, noise_mode='sym', GPU=1, hard_weight=True, noisy_train=True, logging='wiki_findMAP')
2025-06-18 12:42:44,687 - __main__ - INFO - ...Image to Text MAP = 0.510680287598342
2025-06-18 12:42:44,794 - __main__ - INFO - ...Text to Image MAP = 0.46278840793332254
2025-06-18 12:42:44,795 - __main__ - INFO - ...Average MAP = 0.4867343477658323
2025-06-18 12:42:51,811 - __main__ - INFO - Noise ratio: 0.6
2025-06-18 12:42:51,813 - __main__ - INFO - Namespace(dataset='wiki', seed=7, alpha=0.9, lamda=1, margin=0.9, lambd=5, barycenter_number=1, top_k=10, warm_up_epoch=0, MAX_EPOCH=100, batch_size=256, output_dim=512, lr=0.0001, noisy_ratio=0.6, noise_mode='sym', GPU=1, hard_weight=True, noisy_train=True, logging='wiki_findMAP')
2025-06-18 12:46:31,939 - __main__ - INFO - ...Image to Text MAP = 0.49676588451095166
2025-06-18 12:46:32,300 - __main__ - INFO - ...Text to Image MAP = 0.4575005211645265
2025-06-18 12:46:32,301 - __main__ - INFO - ...Average MAP = 0.4771332028377391
2025-06-18 12:46:41,306 - __main__ - INFO - Noise ratio: 0.8
2025-06-18 12:46:41,308 - __main__ - INFO - Namespace(dataset='wiki', seed=7, alpha=0.9, lamda=1, margin=0.9, lambd=5, barycenter_number=1, top_k=10, warm_up_epoch=0, MAX_EPOCH=100, batch_size=256, output_dim=512, lr=0.0001, noisy_ratio=0.8, noise_mode='sym', GPU=1, hard_weight=True, noisy_train=True, logging='wiki_findMAP')
2025-06-18 12:50:18,035 - __main__ - INFO - ...Image to Text MAP = 0.4311114281354525
2025-06-18 12:50:18,142 - __main__ - INFO - ...Text to Image MAP = 0.4102252385977868
2025-06-18 12:50:18,142 - __main__ - INFO - ...Average MAP = 0.4206683333666197
2025-06-18 12:50:26,343 - __main__ - INFO - Noise ratio: 0.2
2025-06-18 12:50:26,346 - __main__ - INFO - Namespace(dataset='wiki', seed=7, alpha=1.0, lamda=1, margin=0.9, lambd=5, barycenter_number=1, top_k=10, warm_up_epoch=0, MAX_EPOCH=100, batch_size=256, output_dim=512, lr=0.0001, noisy_ratio=0.2, noise_mode='sym', GPU=1, hard_weight=True, noisy_train=True, logging='wiki_findMAP')
2025-06-18 12:53:39,607 - __main__ - INFO - ...Image to Text MAP = 0.5024986651749508
2025-06-18 12:53:39,702 - __main__ - INFO - ...Text to Image MAP = 0.45261806968802276
2025-06-18 12:53:39,702 - __main__ - INFO - ...Average MAP = 0.4775583674314868
2025-06-18 12:53:47,014 - __main__ - INFO - Noise ratio: 0.4
2025-06-18 12:53:47,015 - __main__ - INFO - Namespace(dataset='wiki', seed=7, alpha=1.0, lamda=1, margin=0.9, lambd=5, barycenter_number=1, top_k=10, warm_up_epoch=0, MAX_EPOCH=100, batch_size=256, output_dim=512, lr=0.0001, noisy_ratio=0.4, noise_mode='sym', GPU=1, hard_weight=True, noisy_train=True, logging='wiki_findMAP')
2025-06-18 12:56:41,108 - __main__ - INFO - ...Image to Text MAP = 0.5226012216864044
2025-06-18 12:56:41,218 - __main__ - INFO - ...Text to Image MAP = 0.4628682962073671
2025-06-18 12:56:41,219 - __main__ - INFO - ...Average MAP = 0.4927347589468858
2025-06-18 12:56:47,336 - __main__ - INFO - Noise ratio: 0.6
2025-06-18 12:56:47,338 - __main__ - INFO - Namespace(dataset='wiki', seed=7, alpha=1.0, lamda=1, margin=0.9, lambd=5, barycenter_number=1, top_k=10, warm_up_epoch=0, MAX_EPOCH=100, batch_size=256, output_dim=512, lr=0.0001, noisy_ratio=0.6, noise_mode='sym', GPU=1, hard_weight=True, noisy_train=True, logging='wiki_findMAP')
2025-06-18 12:59:52,480 - __main__ - INFO - ...Image to Text MAP = 0.4815433491252116
2025-06-18 12:59:52,580 - __main__ - INFO - ...Text to Image MAP = 0.4443702421449867
2025-06-18 12:59:52,580 - __main__ - INFO - ...Average MAP = 0.46295679563509917
2025-06-18 12:59:59,346 - __main__ - INFO - Noise ratio: 0.8
2025-06-18 12:59:59,350 - __main__ - INFO - Namespace(dataset='wiki', seed=7, alpha=1.0, lamda=1, margin=0.9, lambd=5, barycenter_number=1, top_k=10, warm_up_epoch=0, MAX_EPOCH=100, batch_size=256, output_dim=512, lr=0.0001, noisy_ratio=0.8, noise_mode='sym', GPU=1, hard_weight=True, noisy_train=True, logging='wiki_findMAP')
2025-06-18 13:03:30,682 - __main__ - INFO - ...Image to Text MAP = 0.4316231830932761
2025-06-18 13:03:30,786 - __main__ - INFO - ...Text to Image MAP = 0.4084461398482735
2025-06-18 13:03:30,786 - __main__ - INFO - ...Average MAP = 0.4200346614707748
2025-06-18 13:03:38,529 - __main__ - INFO - Noise ratio: 0.2
2025-06-18 13:03:38,531 - __main__ - INFO - Namespace(dataset='wiki', seed=7, alpha=2.0, lamda=1, margin=0.9, lambd=5, barycenter_number=1, top_k=10, warm_up_epoch=0, MAX_EPOCH=100, batch_size=256, output_dim=512, lr=0.0001, noisy_ratio=0.2, noise_mode='sym', GPU=1, hard_weight=True, noisy_train=True, logging='wiki_findMAP')
2025-06-18 13:06:59,548 - __main__ - INFO - ...Image to Text MAP = 0.516994857440657
2025-06-18 13:06:59,649 - __main__ - INFO - ...Text to Image MAP = 0.47780775244997686
2025-06-18 13:06:59,650 - __main__ - INFO - ...Average MAP = 0.4974013049453169
2025-06-18 13:07:08,428 - __main__ - INFO - Noise ratio: 0.4
2025-06-18 13:07:08,432 - __main__ - INFO - Namespace(dataset='wiki', seed=7, alpha=2.0, lamda=1, margin=0.9, lambd=5, barycenter_number=1, top_k=10, warm_up_epoch=0, MAX_EPOCH=100, batch_size=256, output_dim=512, lr=0.0001, noisy_ratio=0.4, noise_mode='sym', GPU=1, hard_weight=True, noisy_train=True, logging='wiki_findMAP')
2025-06-18 13:10:52,613 - __main__ - INFO - ...Image to Text MAP = 0.47650969528146386
2025-06-18 13:10:52,816 - __main__ - INFO - ...Text to Image MAP = 0.4446910416745765
2025-06-18 13:10:52,816 - __main__ - INFO - ...Average MAP = 0.4606003684780202
2025-06-18 13:11:00,728 - __main__ - INFO - Noise ratio: 0.6
2025-06-18 13:11:00,731 - __main__ - INFO - Namespace(dataset='wiki', seed=7, alpha=2.0, lamda=1, margin=0.9, lambd=5, barycenter_number=1, top_k=10, warm_up_epoch=0, MAX_EPOCH=100, batch_size=256, output_dim=512, lr=0.0001, noisy_ratio=0.6, noise_mode='sym', GPU=1, hard_weight=True, noisy_train=True, logging='wiki_findMAP')
2025-06-18 13:13:56,520 - __main__ - INFO - ...Image to Text MAP = 0.4267847113791244
2025-06-18 13:13:56,626 - __main__ - INFO - ...Text to Image MAP = 0.41234401104606244
2025-06-18 13:13:56,627 - __main__ - INFO - ...Average MAP = 0.41956436121259344
2025-06-18 13:14:03,863 - __main__ - INFO - Noise ratio: 0.8
2025-06-18 13:14:03,864 - __main__ - INFO - Namespace(dataset='wiki', seed=7, alpha=2.0, lamda=1, margin=0.9, lambd=5, barycenter_number=1, top_k=10, warm_up_epoch=0, MAX_EPOCH=100, batch_size=256, output_dim=512, lr=0.0001, noisy_ratio=0.8, noise_mode='sym', GPU=1, hard_weight=True, noisy_train=True, logging='wiki_findMAP')
2025-06-18 13:17:16,631 - __main__ - INFO - ...Image to Text MAP = 0.4226716125164991
2025-06-18 13:17:16,921 - __main__ - INFO - ...Text to Image MAP = 0.40450676846877126
2025-06-18 13:17:16,922 - __main__ - INFO - ...Average MAP = 0.4135891904926352
2025-06-18 13:17:26,256 - __main__ - INFO - Noise ratio: 0.2
2025-06-18 13:17:26,258 - __main__ - INFO - Namespace(dataset='wiki', seed=8, alpha=0.1, lamda=1, margin=0.9, lambd=5, barycenter_number=1, top_k=10, warm_up_epoch=0, MAX_EPOCH=100, batch_size=256, output_dim=512, lr=0.0001, noisy_ratio=0.2, noise_mode='sym', GPU=1, hard_weight=True, noisy_train=True, logging='wiki_findMAP')
2025-06-18 13:21:03,764 - __main__ - INFO - ...Image to Text MAP = 0.47450413629608534
2025-06-18 13:21:04,055 - __main__ - INFO - ...Text to Image MAP = 0.42580395379387476
2025-06-18 13:21:04,056 - __main__ - INFO - ...Average MAP = 0.45015404504498
2025-06-18 13:21:12,362 - __main__ - INFO - Noise ratio: 0.4
2025-06-18 13:21:12,365 - __main__ - INFO - Namespace(dataset='wiki', seed=8, alpha=0.1, lamda=1, margin=0.9, lambd=5, barycenter_number=1, top_k=10, warm_up_epoch=0, MAX_EPOCH=100, batch_size=256, output_dim=512, lr=0.0001, noisy_ratio=0.4, noise_mode='sym', GPU=1, hard_weight=True, noisy_train=True, logging='wiki_findMAP')
2025-06-18 13:24:50,446 - __main__ - INFO - ...Image to Text MAP = 0.4297506649926821
2025-06-18 13:24:50,586 - __main__ - INFO - ...Text to Image MAP = 0.3768088388816981
2025-06-18 13:24:50,587 - __main__ - INFO - ...Average MAP = 0.4032797519371901
2025-06-18 13:24:58,726 - __main__ - INFO - Noise ratio: 0.6
2025-06-18 13:24:58,729 - __main__ - INFO - Namespace(dataset='wiki', seed=8, alpha=0.1, lamda=1, margin=0.9, lambd=5, barycenter_number=1, top_k=10, warm_up_epoch=0, MAX_EPOCH=100, batch_size=256, output_dim=512, lr=0.0001, noisy_ratio=0.6, noise_mode='sym', GPU=1, hard_weight=True, noisy_train=True, logging='wiki_findMAP')
2025-06-18 13:28:32,112 - __main__ - INFO - ...Image to Text MAP = 0.40202043472161675
2025-06-18 13:28:32,242 - __main__ - INFO - ...Text to Image MAP = 0.3662276275994817
2025-06-18 13:28:32,242 - __main__ - INFO - ...Average MAP = 0.3841240311605492
2025-06-18 13:28:40,714 - __main__ - INFO - Noise ratio: 0.8
2025-06-18 13:28:40,716 - __main__ - INFO - Namespace(dataset='wiki', seed=8, alpha=0.1, lamda=1, margin=0.9, lambd=5, barycenter_number=1, top_k=10, warm_up_epoch=0, MAX_EPOCH=100, batch_size=256, output_dim=512, lr=0.0001, noisy_ratio=0.8, noise_mode='sym', GPU=1, hard_weight=True, noisy_train=True, logging='wiki_findMAP')
2025-06-18 13:31:38,144 - __main__ - INFO - ...Image to Text MAP = 0.3933893005064214
2025-06-18 13:31:38,237 - __main__ - INFO - ...Text to Image MAP = 0.3623147070413129
2025-06-18 13:31:38,237 - __main__ - INFO - ...Average MAP = 0.3778520037738672
2025-06-18 13:31:45,659 - __main__ - INFO - Noise ratio: 0.2
2025-06-18 13:31:45,663 - __main__ - INFO - Namespace(dataset='wiki', seed=8, alpha=0.2, lamda=1, margin=0.9, lambd=5, barycenter_number=1, top_k=10, warm_up_epoch=0, MAX_EPOCH=100, batch_size=256, output_dim=512, lr=0.0001, noisy_ratio=0.2, noise_mode='sym', GPU=1, hard_weight=True, noisy_train=True, logging='wiki_findMAP')
2025-06-18 13:35:12,876 - __main__ - INFO - ...Image to Text MAP = 0.4936290272294732
2025-06-18 13:35:13,009 - __main__ - INFO - ...Text to Image MAP = 0.4304347617471372
2025-06-18 13:35:13,009 - __main__ - INFO - ...Average MAP = 0.4620318944883052
2025-06-18 13:35:20,152 - __main__ - INFO - Noise ratio: 0.4
2025-06-18 13:35:20,153 - __main__ - INFO - Namespace(dataset='wiki', seed=8, alpha=0.2, lamda=1, margin=0.9, lambd=5, barycenter_number=1, top_k=10, warm_up_epoch=0, MAX_EPOCH=100, batch_size=256, output_dim=512, lr=0.0001, noisy_ratio=0.4, noise_mode='sym', GPU=1, hard_weight=True, noisy_train=True, logging='wiki_findMAP')
2025-06-18 13:38:49,838 - __main__ - INFO - ...Image to Text MAP = 0.470687554673421
2025-06-18 13:38:50,030 - __main__ - INFO - ...Text to Image MAP = 0.41482091725696296
2025-06-18 13:38:50,030 - __main__ - INFO - ...Average MAP = 0.442754235965192
2025-06-18 13:38:59,104 - __main__ - INFO - Noise ratio: 0.6
2025-06-18 13:38:59,106 - __main__ - INFO - Namespace(dataset='wiki', seed=8, alpha=0.2, lamda=1, margin=0.9, lambd=5, barycenter_number=1, top_k=10, warm_up_epoch=0, MAX_EPOCH=100, batch_size=256, output_dim=512, lr=0.0001, noisy_ratio=0.6, noise_mode='sym', GPU=1, hard_weight=True, noisy_train=True, logging='wiki_findMAP')
2025-06-18 13:42:33,327 - __main__ - INFO - ...Image to Text MAP = 0.4466996532420224
2025-06-18 13:42:33,586 - __main__ - INFO - ...Text to Image MAP = 0.3976607575879664
2025-06-18 13:42:33,587 - __main__ - INFO - ...Average MAP = 0.42218020541499435
2025-06-18 13:42:41,937 - __main__ - INFO - Noise ratio: 0.8
2025-06-18 13:42:41,939 - __main__ - INFO - Namespace(dataset='wiki', seed=8, alpha=0.2, lamda=1, margin=0.9, lambd=5, barycenter_number=1, top_k=10, warm_up_epoch=0, MAX_EPOCH=100, batch_size=256, output_dim=512, lr=0.0001, noisy_ratio=0.8, noise_mode='sym', GPU=1, hard_weight=True, noisy_train=True, logging='wiki_findMAP')
2025-06-18 13:45:48,283 - __main__ - INFO - ...Image to Text MAP = 0.4394240896288335
2025-06-18 13:45:48,509 - __main__ - INFO - ...Text to Image MAP = 0.40163398860192334
2025-06-18 13:45:48,518 - __main__ - INFO - ...Average MAP = 0.4205290391153784
2025-06-18 13:45:56,374 - __main__ - INFO - Noise ratio: 0.2
2025-06-18 13:45:56,380 - __main__ - INFO - Namespace(dataset='wiki', seed=8, alpha=0.3, lamda=1, margin=0.9, lambd=5, barycenter_number=1, top_k=10, warm_up_epoch=0, MAX_EPOCH=100, batch_size=256, output_dim=512, lr=0.0001, noisy_ratio=0.2, noise_mode='sym', GPU=1, hard_weight=True, noisy_train=True, logging='wiki_findMAP')
2025-06-18 13:48:42,850 - __main__ - INFO - ...Image to Text MAP = 0.4975463846274022
2025-06-18 13:48:42,982 - __main__ - INFO - ...Text to Image MAP = 0.44486025426949977
2025-06-18 13:48:42,982 - __main__ - INFO - ...Average MAP = 0.47120331944845095
2025-06-18 13:48:49,644 - __main__ - INFO - Noise ratio: 0.4
2025-06-18 13:48:49,656 - __main__ - INFO - Namespace(dataset='wiki', seed=8, alpha=0.3, lamda=1, margin=0.9, lambd=5, barycenter_number=1, top_k=10, warm_up_epoch=0, MAX_EPOCH=100, batch_size=256, output_dim=512, lr=0.0001, noisy_ratio=0.4, noise_mode='sym', GPU=1, hard_weight=True, noisy_train=True, logging='wiki_findMAP')
2025-06-18 13:52:21,809 - __main__ - INFO - ...Image to Text MAP = 0.4773815531545238
2025-06-18 13:52:21,965 - __main__ - INFO - ...Text to Image MAP = 0.42149047620468877
2025-06-18 13:52:21,966 - __main__ - INFO - ...Average MAP = 0.44943601467960625
2025-06-18 13:52:30,777 - __main__ - INFO - Noise ratio: 0.6
2025-06-18 13:52:30,779 - __main__ - INFO - Namespace(dataset='wiki', seed=8, alpha=0.3, lamda=1, margin=0.9, lambd=5, barycenter_number=1, top_k=10, warm_up_epoch=0, MAX_EPOCH=100, batch_size=256, output_dim=512, lr=0.0001, noisy_ratio=0.6, noise_mode='sym', GPU=1, hard_weight=True, noisy_train=True, logging='wiki_findMAP')
2025-06-18 13:56:13,440 - __main__ - INFO - ...Image to Text MAP = 0.489803976189858
2025-06-18 13:56:13,963 - __main__ - INFO - ...Text to Image MAP = 0.43993618608788343
2025-06-18 13:56:13,964 - __main__ - INFO - ...Average MAP = 0.46487008113887074
2025-06-18 13:56:22,353 - __main__ - INFO - Noise ratio: 0.8
2025-06-18 13:56:22,355 - __main__ - INFO - Namespace(dataset='wiki', seed=8, alpha=0.3, lamda=1, margin=0.9, lambd=5, barycenter_number=1, top_k=10, warm_up_epoch=0, MAX_EPOCH=100, batch_size=256, output_dim=512, lr=0.0001, noisy_ratio=0.8, noise_mode='sym', GPU=1, hard_weight=True, noisy_train=True, logging='wiki_findMAP')
2025-06-18 14:00:04,585 - __main__ - INFO - ...Image to Text MAP = 0.45122898335472883
2025-06-18 14:00:04,770 - __main__ - INFO - ...Text to Image MAP = 0.42073551616881016
2025-06-18 14:00:04,771 - __main__ - INFO - ...Average MAP = 0.43598224976176947
2025-06-18 14:00:14,448 - __main__ - INFO - Noise ratio: 0.2
2025-06-18 14:00:14,452 - __main__ - INFO - Namespace(dataset='wiki', seed=8, alpha=0.4, lamda=1, margin=0.9, lambd=5, barycenter_number=1, top_k=10, warm_up_epoch=0, MAX_EPOCH=100, batch_size=256, output_dim=512, lr=0.0001, noisy_ratio=0.2, noise_mode='sym', GPU=1, hard_weight=True, noisy_train=True, logging='wiki_findMAP')
2025-06-18 14:03:13,582 - __main__ - INFO - ...Image to Text MAP = 0.4942573688949356
2025-06-18 14:03:13,728 - __main__ - INFO - ...Text to Image MAP = 0.4447162396427638
2025-06-18 14:03:13,729 - __main__ - INFO - ...Average MAP = 0.4694868042688497
2025-06-18 14:03:21,023 - __main__ - INFO - Noise ratio: 0.4
2025-06-18 14:03:21,025 - __main__ - INFO - Namespace(dataset='wiki', seed=8, alpha=0.4, lamda=1, margin=0.9, lambd=5, barycenter_number=1, top_k=10, warm_up_epoch=0, MAX_EPOCH=100, batch_size=256, output_dim=512, lr=0.0001, noisy_ratio=0.4, noise_mode='sym', GPU=1, hard_weight=True, noisy_train=True, logging='wiki_findMAP')
2025-06-18 14:06:21,915 - __main__ - INFO - ...Image to Text MAP = 0.5000102310911962
2025-06-18 14:06:22,027 - __main__ - INFO - ...Text to Image MAP = 0.4449472773664319
2025-06-18 14:06:22,028 - __main__ - INFO - ...Average MAP = 0.4724787542288141
2025-06-18 14:06:30,928 - __main__ - INFO - Noise ratio: 0.6
2025-06-18 14:06:30,930 - __main__ - INFO - Namespace(dataset='wiki', seed=8, alpha=0.4, lamda=1, margin=0.9, lambd=5, barycenter_number=1, top_k=10, warm_up_epoch=0, MAX_EPOCH=100, batch_size=256, output_dim=512, lr=0.0001, noisy_ratio=0.6, noise_mode='sym', GPU=1, hard_weight=True, noisy_train=True, logging='wiki_findMAP')
2025-06-18 14:10:01,057 - __main__ - INFO - ...Image to Text MAP = 0.48425928738227975
2025-06-18 14:10:01,207 - __main__ - INFO - ...Text to Image MAP = 0.43493920565324096
2025-06-18 14:10:01,208 - __main__ - INFO - ...Average MAP = 0.45959924651776035
2025-06-18 14:10:09,354 - __main__ - INFO - Noise ratio: 0.8
2025-06-18 14:10:09,356 - __main__ - INFO - Namespace(dataset='wiki', seed=8, alpha=0.4, lamda=1, margin=0.9, lambd=5, barycenter_number=1, top_k=10, warm_up_epoch=0, MAX_EPOCH=100, batch_size=256, output_dim=512, lr=0.0001, noisy_ratio=0.8, noise_mode='sym', GPU=1, hard_weight=True, noisy_train=True, logging='wiki_findMAP')
2025-06-18 14:13:43,265 - __main__ - INFO - ...Image to Text MAP = 0.4609208141687864
2025-06-18 14:13:43,395 - __main__ - INFO - ...Text to Image MAP = 0.43148853655814723
2025-06-18 14:13:43,395 - __main__ - INFO - ...Average MAP = 0.4462046753634668
2025-06-18 14:13:52,198 - __main__ - INFO - Noise ratio: 0.2
2025-06-18 14:13:52,201 - __main__ - INFO - Namespace(dataset='wiki', seed=8, alpha=0.5, lamda=1, margin=0.9, lambd=5, barycenter_number=1, top_k=10, warm_up_epoch=0, MAX_EPOCH=100, batch_size=256, output_dim=512, lr=0.0001, noisy_ratio=0.2, noise_mode='sym', GPU=1, hard_weight=True, noisy_train=True, logging='wiki_findMAP')
2025-06-18 14:17:12,086 - __main__ - INFO - ...Image to Text MAP = 0.5034147268347682
2025-06-18 14:17:12,343 - __main__ - INFO - ...Text to Image MAP = 0.45019378269940413
2025-06-18 14:17:12,351 - __main__ - INFO - ...Average MAP = 0.47680425476708616
2025-06-18 14:17:20,080 - __main__ - INFO - Noise ratio: 0.4
2025-06-18 14:17:20,082 - __main__ - INFO - Namespace(dataset='wiki', seed=8, alpha=0.5, lamda=1, margin=0.9, lambd=5, barycenter_number=1, top_k=10, warm_up_epoch=0, MAX_EPOCH=100, batch_size=256, output_dim=512, lr=0.0001, noisy_ratio=0.4, noise_mode='sym', GPU=1, hard_weight=True, noisy_train=True, logging='wiki_findMAP')
2025-06-18 14:20:54,326 - __main__ - INFO - ...Image to Text MAP = 0.49977508624444117
2025-06-18 14:20:54,455 - __main__ - INFO - ...Text to Image MAP = 0.44890848953778867
2025-06-18 14:20:54,456 - __main__ - INFO - ...Average MAP = 0.4743417878911149
2025-06-18 14:21:02,716 - __main__ - INFO - Noise ratio: 0.6
2025-06-18 14:21:02,718 - __main__ - INFO - Namespace(dataset='wiki', seed=8, alpha=0.5, lamda=1, margin=0.9, lambd=5, barycenter_number=1, top_k=10, warm_up_epoch=0, MAX_EPOCH=100, batch_size=256, output_dim=512, lr=0.0001, noisy_ratio=0.6, noise_mode='sym', GPU=1, hard_weight=True, noisy_train=True, logging='wiki_findMAP')
2025-06-18 14:24:07,382 - __main__ - INFO - ...Image to Text MAP = 0.4891850529502651
2025-06-18 14:24:07,477 - __main__ - INFO - ...Text to Image MAP = 0.4543986114108752
2025-06-18 14:24:07,477 - __main__ - INFO - ...Average MAP = 0.47179183218057014
2025-06-18 14:24:15,339 - __main__ - INFO - Noise ratio: 0.8
2025-06-18 14:24:15,341 - __main__ - INFO - Namespace(dataset='wiki', seed=8, alpha=0.5, lamda=1, margin=0.9, lambd=5, barycenter_number=1, top_k=10, warm_up_epoch=0, MAX_EPOCH=100, batch_size=256, output_dim=512, lr=0.0001, noisy_ratio=0.8, noise_mode='sym', GPU=1, hard_weight=True, noisy_train=True, logging='wiki_findMAP')
2025-06-18 14:27:09,699 - __main__ - INFO - ...Image to Text MAP = 0.4491619878833903
2025-06-18 14:27:09,831 - __main__ - INFO - ...Text to Image MAP = 0.4269932724282942
2025-06-18 14:27:09,832 - __main__ - INFO - ...Average MAP = 0.4380776301558422
2025-06-18 14:27:17,617 - __main__ - INFO - Noise ratio: 0.2
2025-06-18 14:27:17,623 - __main__ - INFO - Namespace(dataset='wiki', seed=8, alpha=0.6, lamda=1, margin=0.9, lambd=5, barycenter_number=1, top_k=10, warm_up_epoch=0, MAX_EPOCH=100, batch_size=256, output_dim=512, lr=0.0001, noisy_ratio=0.2, noise_mode='sym', GPU=1, hard_weight=True, noisy_train=True, logging='wiki_findMAP')
2025-06-18 14:30:48,805 - __main__ - INFO - ...Image to Text MAP = 0.5090644744988115
2025-06-18 14:30:48,919 - __main__ - INFO - ...Text to Image MAP = 0.448975455397855
2025-06-18 14:30:48,919 - __main__ - INFO - ...Average MAP = 0.47901996494833327
2025-06-18 14:30:57,375 - __main__ - INFO - Noise ratio: 0.4
2025-06-18 14:30:57,378 - __main__ - INFO - Namespace(dataset='wiki', seed=8, alpha=0.6, lamda=1, margin=0.9, lambd=5, barycenter_number=1, top_k=10, warm_up_epoch=0, MAX_EPOCH=100, batch_size=256, output_dim=512, lr=0.0001, noisy_ratio=0.4, noise_mode='sym', GPU=1, hard_weight=True, noisy_train=True, logging='wiki_findMAP')
2025-06-18 14:34:05,457 - __main__ - INFO - ...Image to Text MAP = 0.5085827560510268
2025-06-18 14:34:05,671 - __main__ - INFO - ...Text to Image MAP = 0.4564900658346503
2025-06-18 14:34:05,672 - __main__ - INFO - ...Average MAP = 0.4825364109428385
2025-06-18 14:34:13,592 - __main__ - INFO - Noise ratio: 0.6
2025-06-18 14:34:13,596 - __main__ - INFO - Namespace(dataset='wiki', seed=8, alpha=0.6, lamda=1, margin=0.9, lambd=5, barycenter_number=1, top_k=10, warm_up_epoch=0, MAX_EPOCH=100, batch_size=256, output_dim=512, lr=0.0001, noisy_ratio=0.6, noise_mode='sym', GPU=1, hard_weight=True, noisy_train=True, logging='wiki_findMAP')
2025-06-18 14:37:45,427 - __main__ - INFO - ...Image to Text MAP = 0.4951815422238004
2025-06-18 14:37:45,558 - __main__ - INFO - ...Text to Image MAP = 0.4477770387279906
2025-06-18 14:37:45,559 - __main__ - INFO - ...Average MAP = 0.4714792904758955
2025-06-18 14:37:54,155 - __main__ - INFO - Noise ratio: 0.8
2025-06-18 14:37:54,156 - __main__ - INFO - Namespace(dataset='wiki', seed=8, alpha=0.6, lamda=1, margin=0.9, lambd=5, barycenter_number=1, top_k=10, warm_up_epoch=0, MAX_EPOCH=100, batch_size=256, output_dim=512, lr=0.0001, noisy_ratio=0.8, noise_mode='sym', GPU=1, hard_weight=True, noisy_train=True, logging='wiki_findMAP')
2025-06-18 14:41:29,964 - __main__ - INFO - ...Image to Text MAP = 0.4405493061048235
2025-06-18 14:41:30,071 - __main__ - INFO - ...Text to Image MAP = 0.42022866262678993
2025-06-18 14:41:30,072 - __main__ - INFO - ...Average MAP = 0.43038898436580675
2025-06-18 14:41:39,159 - __main__ - INFO - Noise ratio: 0.2
2025-06-18 14:41:39,161 - __main__ - INFO - Namespace(dataset='wiki', seed=8, alpha=0.7, lamda=1, margin=0.9, lambd=5, barycenter_number=1, top_k=10, warm_up_epoch=0, MAX_EPOCH=100, batch_size=256, output_dim=512, lr=0.0001, noisy_ratio=0.2, noise_mode='sym', GPU=1, hard_weight=True, noisy_train=True, logging='wiki_findMAP')
2025-06-18 14:45:21,642 - __main__ - INFO - ...Image to Text MAP = 0.4995728949332367
2025-06-18 14:45:21,794 - __main__ - INFO - ...Text to Image MAP = 0.4421706362516038
2025-06-18 14:45:21,796 - __main__ - INFO - ...Average MAP = 0.4708717655924203
2025-06-18 14:45:31,223 - __main__ - INFO - Noise ratio: 0.4
2025-06-18 14:45:31,226 - __main__ - INFO - Namespace(dataset='wiki', seed=8, alpha=0.7, lamda=1, margin=0.9, lambd=5, barycenter_number=1, top_k=10, warm_up_epoch=0, MAX_EPOCH=100, batch_size=256, output_dim=512, lr=0.0001, noisy_ratio=0.4, noise_mode='sym', GPU=1, hard_weight=True, noisy_train=True, logging='wiki_findMAP')
2025-06-18 14:48:53,418 - __main__ - INFO - ...Image to Text MAP = 0.5053369574935774
2025-06-18 14:48:53,597 - __main__ - INFO - ...Text to Image MAP = 0.46649388913372614
2025-06-18 14:48:53,598 - __main__ - INFO - ...Average MAP = 0.4859154233136518
2025-06-18 14:49:01,864 - __main__ - INFO - Noise ratio: 0.6
2025-06-18 14:49:01,865 - __main__ - INFO - Namespace(dataset='wiki', seed=8, alpha=0.7, lamda=1, margin=0.9, lambd=5, barycenter_number=1, top_k=10, warm_up_epoch=0, MAX_EPOCH=100, batch_size=256, output_dim=512, lr=0.0001, noisy_ratio=0.6, noise_mode='sym', GPU=1, hard_weight=True, noisy_train=True, logging='wiki_findMAP')
2025-06-18 14:51:53,669 - __main__ - INFO - ...Image to Text MAP = 0.49604235802863383
2025-06-18 14:51:53,765 - __main__ - INFO - ...Text to Image MAP = 0.45945376164742685
2025-06-18 14:51:53,765 - __main__ - INFO - ...Average MAP = 0.47774805983803037
2025-06-18 14:52:01,601 - __main__ - INFO - Noise ratio: 0.8
2025-06-18 14:52:01,605 - __main__ - INFO - Namespace(dataset='wiki', seed=8, alpha=0.7, lamda=1, margin=0.9, lambd=5, barycenter_number=1, top_k=10, warm_up_epoch=0, MAX_EPOCH=100, batch_size=256, output_dim=512, lr=0.0001, noisy_ratio=0.8, noise_mode='sym', GPU=1, hard_weight=True, noisy_train=True, logging='wiki_findMAP')
2025-06-18 14:54:53,174 - __main__ - INFO - ...Image to Text MAP = 0.4393498563053809
2025-06-18 14:54:53,314 - __main__ - INFO - ...Text to Image MAP = 0.4166225569304721
2025-06-18 14:54:53,314 - __main__ - INFO - ...Average MAP = 0.4279862066179265
2025-06-18 14:55:00,414 - __main__ - INFO - Noise ratio: 0.2
2025-06-18 14:55:00,419 - __main__ - INFO - Namespace(dataset='wiki', seed=8, alpha=0.8, lamda=1, margin=0.9, lambd=5, barycenter_number=1, top_k=10, warm_up_epoch=0, MAX_EPOCH=100, batch_size=256, output_dim=512, lr=0.0001, noisy_ratio=0.2, noise_mode='sym', GPU=1, hard_weight=True, noisy_train=True, logging='wiki_findMAP')
2025-06-18 14:58:00,075 - __main__ - INFO - ...Image to Text MAP = 0.5115474888779781
2025-06-18 14:58:00,203 - __main__ - INFO - ...Text to Image MAP = 0.4558715551431265
2025-06-18 14:58:00,204 - __main__ - INFO - ...Average MAP = 0.4837095220105523
2025-06-18 14:58:09,287 - __main__ - INFO - Noise ratio: 0.4
2025-06-18 14:58:09,295 - __main__ - INFO - Namespace(dataset='wiki', seed=8, alpha=0.8, lamda=1, margin=0.9, lambd=5, barycenter_number=1, top_k=10, warm_up_epoch=0, MAX_EPOCH=100, batch_size=256, output_dim=512, lr=0.0001, noisy_ratio=0.4, noise_mode='sym', GPU=1, hard_weight=True, noisy_train=True, logging='wiki_findMAP')
2025-06-18 15:01:53,915 - __main__ - INFO - ...Image to Text MAP = 0.4990501914523505
2025-06-18 15:01:54,067 - __main__ - INFO - ...Text to Image MAP = 0.4541982207380762
2025-06-18 15:01:54,067 - __main__ - INFO - ...Average MAP = 0.4766242060952134
2025-06-18 15:02:04,192 - __main__ - INFO - Noise ratio: 0.6
2025-06-18 15:02:04,193 - __main__ - INFO - Namespace(dataset='wiki', seed=8, alpha=0.8, lamda=1, margin=0.9, lambd=5, barycenter_number=1, top_k=10, warm_up_epoch=0, MAX_EPOCH=100, batch_size=256, output_dim=512, lr=0.0001, noisy_ratio=0.6, noise_mode='sym', GPU=1, hard_weight=True, noisy_train=True, logging='wiki_findMAP')
2025-06-18 15:05:47,603 - __main__ - INFO - ...Image to Text MAP = 0.48615400461292535
2025-06-18 15:05:47,734 - __main__ - INFO - ...Text to Image MAP = 0.4609617786381187
2025-06-18 15:05:47,735 - __main__ - INFO - ...Average MAP = 0.47355789162552203
2025-06-18 15:05:54,612 - __main__ - INFO - Noise ratio: 0.8
2025-06-18 15:05:54,614 - __main__ - INFO - Namespace(dataset='wiki', seed=8, alpha=0.8, lamda=1, margin=0.9, lambd=5, barycenter_number=1, top_k=10, warm_up_epoch=0, MAX_EPOCH=100, batch_size=256, output_dim=512, lr=0.0001, noisy_ratio=0.8, noise_mode='sym', GPU=1, hard_weight=True, noisy_train=True, logging='wiki_findMAP')
2025-06-18 15:09:22,777 - __main__ - INFO - ...Image to Text MAP = 0.4319384067889009
2025-06-18 15:09:22,880 - __main__ - INFO - ...Text to Image MAP = 0.4143011580216334
2025-06-18 15:09:22,880 - __main__ - INFO - ...Average MAP = 0.42311978240526715
2025-06-18 15:09:30,602 - __main__ - INFO - Noise ratio: 0.2
2025-06-18 15:09:30,605 - __main__ - INFO - Namespace(dataset='wiki', seed=8, alpha=0.9, lamda=1, margin=0.9, lambd=5, barycenter_number=1, top_k=10, warm_up_epoch=0, MAX_EPOCH=100, batch_size=256, output_dim=512, lr=0.0001, noisy_ratio=0.2, noise_mode='sym', GPU=1, hard_weight=True, noisy_train=True, logging='wiki_findMAP')
2025-06-18 15:12:58,555 - __main__ - INFO - ...Image to Text MAP = 0.5218944255015682
2025-06-18 15:12:58,764 - __main__ - INFO - ...Text to Image MAP = 0.46909530636498126
2025-06-18 15:12:58,765 - __main__ - INFO - ...Average MAP = 0.49549486593327474
2025-06-18 15:13:08,229 - __main__ - INFO - Noise ratio: 0.4
2025-06-18 15:13:08,230 - __main__ - INFO - Namespace(dataset='wiki', seed=8, alpha=0.9, lamda=1, margin=0.9, lambd=5, barycenter_number=1, top_k=10, warm_up_epoch=0, MAX_EPOCH=100, batch_size=256, output_dim=512, lr=0.0001, noisy_ratio=0.4, noise_mode='sym', GPU=1, hard_weight=True, noisy_train=True, logging='wiki_findMAP')
2025-06-18 15:16:01,729 - __main__ - INFO - ...Image to Text MAP = 0.5150252139460877
2025-06-18 15:16:01,927 - __main__ - INFO - ...Text to Image MAP = 0.464869243598733
2025-06-18 15:16:01,928 - __main__ - INFO - ...Average MAP = 0.48994722877241037
2025-06-18 15:16:08,773 - __main__ - INFO - Noise ratio: 0.6
2025-06-18 15:16:08,776 - __main__ - INFO - Namespace(dataset='wiki', seed=8, alpha=0.9, lamda=1, margin=0.9, lambd=5, barycenter_number=1, top_k=10, warm_up_epoch=0, MAX_EPOCH=100, batch_size=256, output_dim=512, lr=0.0001, noisy_ratio=0.6, noise_mode='sym', GPU=1, hard_weight=True, noisy_train=True, logging='wiki_findMAP')
2025-06-18 15:18:47,752 - __main__ - INFO - ...Image to Text MAP = 0.5010731879770083
2025-06-18 15:18:47,894 - __main__ - INFO - ...Text to Image MAP = 0.4597974071094636
2025-06-18 15:18:47,895 - __main__ - INFO - ...Average MAP = 0.48043529754323594
2025-06-18 15:18:54,759 - __main__ - INFO - Noise ratio: 0.8
2025-06-18 15:18:54,761 - __main__ - INFO - Namespace(dataset='wiki', seed=8, alpha=0.9, lamda=1, margin=0.9, lambd=5, barycenter_number=1, top_k=10, warm_up_epoch=0, MAX_EPOCH=100, batch_size=256, output_dim=512, lr=0.0001, noisy_ratio=0.8, noise_mode='sym', GPU=1, hard_weight=True, noisy_train=True, logging='wiki_findMAP')
2025-06-18 15:21:57,038 - __main__ - INFO - ...Image to Text MAP = 0.4368852268469407
2025-06-18 15:21:57,366 - __main__ - INFO - ...Text to Image MAP = 0.41767466503153405
2025-06-18 15:21:57,366 - __main__ - INFO - ...Average MAP = 0.42727994593923735
2025-06-18 15:22:07,135 - __main__ - INFO - Noise ratio: 0.2
2025-06-18 15:22:07,138 - __main__ - INFO - Namespace(dataset='wiki', seed=8, alpha=1.0, lamda=1, margin=0.9, lambd=5, barycenter_number=1, top_k=10, warm_up_epoch=0, MAX_EPOCH=100, batch_size=256, output_dim=512, lr=0.0001, noisy_ratio=0.2, noise_mode='sym', GPU=1, hard_weight=True, noisy_train=True, logging='wiki_findMAP')
2025-06-18 15:25:19,318 - __main__ - INFO - ...Image to Text MAP = 0.5086799674408876
2025-06-18 15:25:19,635 - __main__ - INFO - ...Text to Image MAP = 0.4516512014130977
2025-06-18 15:25:19,636 - __main__ - INFO - ...Average MAP = 0.48016558442699264
2025-06-18 15:25:28,014 - __main__ - INFO - Noise ratio: 0.4
2025-06-18 15:25:28,015 - __main__ - INFO - Namespace(dataset='wiki', seed=8, alpha=1.0, lamda=1, margin=0.9, lambd=5, barycenter_number=1, top_k=10, warm_up_epoch=0, MAX_EPOCH=100, batch_size=256, output_dim=512, lr=0.0001, noisy_ratio=0.4, noise_mode='sym', GPU=1, hard_weight=True, noisy_train=True, logging='wiki_findMAP')
2025-06-18 15:28:41,307 - __main__ - INFO - ...Image to Text MAP = 0.5280913647538487
2025-06-18 15:28:41,411 - __main__ - INFO - ...Text to Image MAP = 0.4709657202082616
2025-06-18 15:28:41,412 - __main__ - INFO - ...Average MAP = 0.49952854248105516
2025-06-18 15:28:50,122 - __main__ - INFO - Noise ratio: 0.6
2025-06-18 15:28:50,124 - __main__ - INFO - Namespace(dataset='wiki', seed=8, alpha=1.0, lamda=1, margin=0.9, lambd=5, barycenter_number=1, top_k=10, warm_up_epoch=0, MAX_EPOCH=100, batch_size=256, output_dim=512, lr=0.0001, noisy_ratio=0.6, noise_mode='sym', GPU=1, hard_weight=True, noisy_train=True, logging='wiki_findMAP')
2025-06-18 15:32:01,398 - __main__ - INFO - ...Image to Text MAP = 0.481458561072332
2025-06-18 15:32:01,507 - __main__ - INFO - ...Text to Image MAP = 0.4517340398075677
2025-06-18 15:32:01,508 - __main__ - INFO - ...Average MAP = 0.4665963004399498
2025-06-18 15:32:09,523 - __main__ - INFO - Noise ratio: 0.8
2025-06-18 15:32:09,524 - __main__ - INFO - Namespace(dataset='wiki', seed=8, alpha=1.0, lamda=1, margin=0.9, lambd=5, barycenter_number=1, top_k=10, warm_up_epoch=0, MAX_EPOCH=100, batch_size=256, output_dim=512, lr=0.0001, noisy_ratio=0.8, noise_mode='sym', GPU=1, hard_weight=True, noisy_train=True, logging='wiki_findMAP')
2025-06-18 15:35:36,767 - __main__ - INFO - ...Image to Text MAP = 0.4294900224459425
2025-06-18 15:35:36,893 - __main__ - INFO - ...Text to Image MAP = 0.41583103143266903
2025-06-18 15:35:36,894 - __main__ - INFO - ...Average MAP = 0.4226605269393058
2025-06-18 15:35:45,378 - __main__ - INFO - Noise ratio: 0.2
2025-06-18 15:35:45,379 - __main__ - INFO - Namespace(dataset='wiki', seed=8, alpha=2.0, lamda=1, margin=0.9, lambd=5, barycenter_number=1, top_k=10, warm_up_epoch=0, MAX_EPOCH=100, batch_size=256, output_dim=512, lr=0.0001, noisy_ratio=0.2, noise_mode='sym', GPU=1, hard_weight=True, noisy_train=True, logging='wiki_findMAP')
2025-06-18 15:39:08,812 - __main__ - INFO - ...Image to Text MAP = 0.519775132716442
2025-06-18 15:39:08,908 - __main__ - INFO - ...Text to Image MAP = 0.4814700584095479
2025-06-18 15:39:08,909 - __main__ - INFO - ...Average MAP = 0.5006225955629949
2025-06-18 15:39:16,968 - __main__ - INFO - Noise ratio: 0.4
2025-06-18 15:39:16,971 - __main__ - INFO - Namespace(dataset='wiki', seed=8, alpha=2.0, lamda=1, margin=0.9, lambd=5, barycenter_number=1, top_k=10, warm_up_epoch=0, MAX_EPOCH=100, batch_size=256, output_dim=512, lr=0.0001, noisy_ratio=0.4, noise_mode='sym', GPU=1, hard_weight=True, noisy_train=True, logging='wiki_findMAP')
2025-06-18 15:41:59,554 - __main__ - INFO - ...Image to Text MAP = 0.48287377347872373
2025-06-18 15:41:59,663 - __main__ - INFO - ...Text to Image MAP = 0.4461251937194132
2025-06-18 15:41:59,663 - __main__ - INFO - ...Average MAP = 0.46449948359906845
2025-06-18 15:42:06,453 - __main__ - INFO - Noise ratio: 0.6
2025-06-18 15:42:06,456 - __main__ - INFO - Namespace(dataset='wiki', seed=8, alpha=2.0, lamda=1, margin=0.9, lambd=5, barycenter_number=1, top_k=10, warm_up_epoch=0, MAX_EPOCH=100, batch_size=256, output_dim=512, lr=0.0001, noisy_ratio=0.6, noise_mode='sym', GPU=1, hard_weight=True, noisy_train=True, logging='wiki_findMAP')
2025-06-18 15:45:08,189 - __main__ - INFO - ...Image to Text MAP = 0.4434581833352907
2025-06-18 15:45:08,294 - __main__ - INFO - ...Text to Image MAP = 0.4223655641463968
2025-06-18 15:45:08,295 - __main__ - INFO - ...Average MAP = 0.4329118737408437
2025-06-18 15:45:14,943 - __main__ - INFO - Noise ratio: 0.8
2025-06-18 15:45:14,946 - __main__ - INFO - Namespace(dataset='wiki', seed=8, alpha=2.0, lamda=1, margin=0.9, lambd=5, barycenter_number=1, top_k=10, warm_up_epoch=0, MAX_EPOCH=100, batch_size=256, output_dim=512, lr=0.0001, noisy_ratio=0.8, noise_mode='sym', GPU=1, hard_weight=True, noisy_train=True, logging='wiki_findMAP')
2025-06-18 15:48:22,037 - __main__ - INFO - ...Image to Text MAP = 0.4280765045286211
2025-06-18 15:48:22,139 - __main__ - INFO - ...Text to Image MAP = 0.40989930084209747
2025-06-18 15:48:22,139 - __main__ - INFO - ...Average MAP = 0.4189879026853593
2025-06-18 15:48:29,851 - __main__ - INFO - Noise ratio: 0.2
2025-06-18 15:48:29,854 - __main__ - INFO - Namespace(dataset='wiki', seed=9, alpha=0.1, lamda=1, margin=0.9, lambd=5, barycenter_number=1, top_k=10, warm_up_epoch=0, MAX_EPOCH=100, batch_size=256, output_dim=512, lr=0.0001, noisy_ratio=0.2, noise_mode='sym', GPU=1, hard_weight=True, noisy_train=True, logging='wiki_findMAP')
2025-06-18 15:52:18,303 - __main__ - INFO - ...Image to Text MAP = 0.4755677835582829
2025-06-18 15:52:18,409 - __main__ - INFO - ...Text to Image MAP = 0.40841986825507204
2025-06-18 15:52:18,410 - __main__ - INFO - ...Average MAP = 0.44199382590667746
2025-06-18 15:52:26,418 - __main__ - INFO - Noise ratio: 0.4
2025-06-18 15:52:26,420 - __main__ - INFO - Namespace(dataset='wiki', seed=9, alpha=0.1, lamda=1, margin=0.9, lambd=5, barycenter_number=1, top_k=10, warm_up_epoch=0, MAX_EPOCH=100, batch_size=256, output_dim=512, lr=0.0001, noisy_ratio=0.4, noise_mode='sym', GPU=1, hard_weight=True, noisy_train=True, logging='wiki_findMAP')
2025-06-18 15:55:52,760 - __main__ - INFO - ...Image to Text MAP = 0.44930754974903164
2025-06-18 15:55:52,866 - __main__ - INFO - ...Text to Image MAP = 0.39066194418299166
2025-06-18 15:55:52,867 - __main__ - INFO - ...Average MAP = 0.4199847469660116
2025-06-18 15:56:01,967 - __main__ - INFO - Noise ratio: 0.6
2025-06-18 15:56:01,969 - __main__ - INFO - Namespace(dataset='wiki', seed=9, alpha=0.1, lamda=1, margin=0.9, lambd=5, barycenter_number=1, top_k=10, warm_up_epoch=0, MAX_EPOCH=100, batch_size=256, output_dim=512, lr=0.0001, noisy_ratio=0.6, noise_mode='sym', GPU=1, hard_weight=True, noisy_train=True, logging='wiki_findMAP')
2025-06-18 15:58:50,245 - __main__ - INFO - ...Image to Text MAP = 0.36995741163689616
2025-06-18 15:58:50,469 - __main__ - INFO - ...Text to Image MAP = 0.3448248993907152
2025-06-18 15:58:50,470 - __main__ - INFO - ...Average MAP = 0.3573911555138057
2025-06-18 15:58:57,470 - __main__ - INFO - Noise ratio: 0.8
2025-06-18 15:58:57,471 - __main__ - INFO - Namespace(dataset='wiki', seed=9, alpha=0.1, lamda=1, margin=0.9, lambd=5, barycenter_number=1, top_k=10, warm_up_epoch=0, MAX_EPOCH=100, batch_size=256, output_dim=512, lr=0.0001, noisy_ratio=0.8, noise_mode='sym', GPU=1, hard_weight=True, noisy_train=True, logging='wiki_findMAP')
2025-06-18 16:01:50,395 - __main__ - INFO - ...Image to Text MAP = 0.3993240422067894
2025-06-18 16:01:50,498 - __main__ - INFO - ...Text to Image MAP = 0.36287582693698334
2025-06-18 16:01:50,498 - __main__ - INFO - ...Average MAP = 0.3810999345718864
2025-06-18 16:01:58,261 - __main__ - INFO - Noise ratio: 0.2
2025-06-18 16:01:58,262 - __main__ - INFO - Namespace(dataset='wiki', seed=9, alpha=0.2, lamda=1, margin=0.9, lambd=5, barycenter_number=1, top_k=10, warm_up_epoch=0, MAX_EPOCH=100, batch_size=256, output_dim=512, lr=0.0001, noisy_ratio=0.2, noise_mode='sym', GPU=1, hard_weight=True, noisy_train=True, logging='wiki_findMAP')
2025-06-18 16:04:50,008 - __main__ - INFO - ...Image to Text MAP = 0.490653230132183
2025-06-18 16:04:50,174 - __main__ - INFO - ...Text to Image MAP = 0.4491163282282976
2025-06-18 16:04:50,174 - __main__ - INFO - ...Average MAP = 0.4698847791802403
2025-06-18 16:04:57,318 - __main__ - INFO - Noise ratio: 0.4
2025-06-18 16:04:57,319 - __main__ - INFO - Namespace(dataset='wiki', seed=9, alpha=0.2, lamda=1, margin=0.9, lambd=5, barycenter_number=1, top_k=10, warm_up_epoch=0, MAX_EPOCH=100, batch_size=256, output_dim=512, lr=0.0001, noisy_ratio=0.4, noise_mode='sym', GPU=1, hard_weight=True, noisy_train=True, logging='wiki_findMAP')
2025-06-18 16:08:02,600 - __main__ - INFO - ...Image to Text MAP = 0.4758654940139253
2025-06-18 16:08:02,685 - __main__ - INFO - ...Text to Image MAP = 0.4120696111317009
2025-06-18 16:08:02,685 - __main__ - INFO - ...Average MAP = 0.44396755257281306
2025-06-18 16:08:12,808 - __main__ - INFO - Noise ratio: 0.6
2025-06-18 16:08:12,811 - __main__ - INFO - Namespace(dataset='wiki', seed=9, alpha=0.2, lamda=1, margin=0.9, lambd=5, barycenter_number=1, top_k=10, warm_up_epoch=0, MAX_EPOCH=100, batch_size=256, output_dim=512, lr=0.0001, noisy_ratio=0.6, noise_mode='sym', GPU=1, hard_weight=True, noisy_train=True, logging='wiki_findMAP')
2025-06-18 16:10:51,916 - __main__ - INFO - ...Image to Text MAP = 0.4617959360077397
2025-06-18 16:10:52,051 - __main__ - INFO - ...Text to Image MAP = 0.4070757881805973
2025-06-18 16:10:52,052 - __main__ - INFO - ...Average MAP = 0.4344358620941685
2025-06-18 16:11:00,234 - __main__ - INFO - Noise ratio: 0.8
2025-06-18 16:11:00,236 - __main__ - INFO - Namespace(dataset='wiki', seed=9, alpha=0.2, lamda=1, margin=0.9, lambd=5, barycenter_number=1, top_k=10, warm_up_epoch=0, MAX_EPOCH=100, batch_size=256, output_dim=512, lr=0.0001, noisy_ratio=0.8, noise_mode='sym', GPU=1, hard_weight=True, noisy_train=True, logging='wiki_findMAP')
2025-06-18 16:13:31,426 - __main__ - INFO - ...Image to Text MAP = 0.44184260956288773
2025-06-18 16:13:31,548 - __main__ - INFO - ...Text to Image MAP = 0.4146369367757157
2025-06-18 16:13:31,575 - __main__ - INFO - ...Average MAP = 0.42823977316930173
2025-06-18 16:13:38,050 - __main__ - INFO - Noise ratio: 0.2
2025-06-18 16:13:38,051 - __main__ - INFO - Namespace(dataset='wiki', seed=9, alpha=0.3, lamda=1, margin=0.9, lambd=5, barycenter_number=1, top_k=10, warm_up_epoch=0, MAX_EPOCH=100, batch_size=256, output_dim=512, lr=0.0001, noisy_ratio=0.2, noise_mode='sym', GPU=1, hard_weight=True, noisy_train=True, logging='wiki_findMAP')
2025-06-18 16:16:21,790 - __main__ - INFO - ...Image to Text MAP = 0.49178252761707725
2025-06-18 16:16:21,875 - __main__ - INFO - ...Text to Image MAP = 0.4287610118007887
2025-06-18 16:16:21,875 - __main__ - INFO - ...Average MAP = 0.46027176970893297
2025-06-18 16:16:29,932 - __main__ - INFO - Noise ratio: 0.4
2025-06-18 16:16:29,933 - __main__ - INFO - Namespace(dataset='wiki', seed=9, alpha=0.3, lamda=1, margin=0.9, lambd=5, barycenter_number=1, top_k=10, warm_up_epoch=0, MAX_EPOCH=100, batch_size=256, output_dim=512, lr=0.0001, noisy_ratio=0.4, noise_mode='sym', GPU=1, hard_weight=True, noisy_train=True, logging='wiki_findMAP')
2025-06-18 16:19:03,630 - __main__ - INFO - ...Image to Text MAP = 0.4771186168427092
2025-06-18 16:19:03,705 - __main__ - INFO - ...Text to Image MAP = 0.4209459628871105
2025-06-18 16:19:03,706 - __main__ - INFO - ...Average MAP = 0.44903228986490984
2025-06-18 16:19:10,691 - __main__ - INFO - Noise ratio: 0.6
2025-06-18 16:19:10,692 - __main__ - INFO - Namespace(dataset='wiki', seed=9, alpha=0.3, lamda=1, margin=0.9, lambd=5, barycenter_number=1, top_k=10, warm_up_epoch=0, MAX_EPOCH=100, batch_size=256, output_dim=512, lr=0.0001, noisy_ratio=0.6, noise_mode='sym', GPU=1, hard_weight=True, noisy_train=True, logging='wiki_findMAP')
2025-06-18 16:21:51,787 - __main__ - INFO - ...Image to Text MAP = 0.4754674916365422
2025-06-18 16:21:51,901 - __main__ - INFO - ...Text to Image MAP = 0.4240210595119224
2025-06-18 16:21:51,901 - __main__ - INFO - ...Average MAP = 0.44974427557423236
2025-06-18 16:21:59,560 - __main__ - INFO - Noise ratio: 0.8
2025-06-18 16:21:59,562 - __main__ - INFO - Namespace(dataset='wiki', seed=9, alpha=0.3, lamda=1, margin=0.9, lambd=5, barycenter_number=1, top_k=10, warm_up_epoch=0, MAX_EPOCH=100, batch_size=256, output_dim=512, lr=0.0001, noisy_ratio=0.8, noise_mode='sym', GPU=1, hard_weight=True, noisy_train=True, logging='wiki_findMAP')
2025-06-18 16:24:48,264 - __main__ - INFO - ...Image to Text MAP = 0.45688145541622593
2025-06-18 16:24:48,369 - __main__ - INFO - ...Text to Image MAP = 0.42640310175803786
2025-06-18 16:24:48,370 - __main__ - INFO - ...Average MAP = 0.4416422785871319
2025-06-18 16:24:56,048 - __main__ - INFO - Noise ratio: 0.2
2025-06-18 16:24:56,051 - __main__ - INFO - Namespace(dataset='wiki', seed=9, alpha=0.4, lamda=1, margin=0.9, lambd=5, barycenter_number=1, top_k=10, warm_up_epoch=0, MAX_EPOCH=100, batch_size=256, output_dim=512, lr=0.0001, noisy_ratio=0.2, noise_mode='sym', GPU=1, hard_weight=True, noisy_train=True, logging='wiki_findMAP')
2025-06-18 16:27:52,225 - __main__ - INFO - ...Image to Text MAP = 0.5020907773805912
2025-06-18 16:27:52,326 - __main__ - INFO - ...Text to Image MAP = 0.4452986301379494
2025-06-18 16:27:52,327 - __main__ - INFO - ...Average MAP = 0.47369470375927025
2025-06-18 16:28:00,313 - __main__ - INFO - Noise ratio: 0.4
2025-06-18 16:28:00,315 - __main__ - INFO - Namespace(dataset='wiki', seed=9, alpha=0.4, lamda=1, margin=0.9, lambd=5, barycenter_number=1, top_k=10, warm_up_epoch=0, MAX_EPOCH=100, batch_size=256, output_dim=512, lr=0.0001, noisy_ratio=0.4, noise_mode='sym', GPU=1, hard_weight=True, noisy_train=True, logging='wiki_findMAP')
2025-06-18 16:30:59,650 - __main__ - INFO - ...Image to Text MAP = 0.48979883726117
2025-06-18 16:30:59,873 - __main__ - INFO - ...Text to Image MAP = 0.4320993959527551
2025-06-18 16:30:59,874 - __main__ - INFO - ...Average MAP = 0.4609491166069626
2025-06-18 16:31:07,787 - __main__ - INFO - Noise ratio: 0.6
2025-06-18 16:31:07,790 - __main__ - INFO - Namespace(dataset='wiki', seed=9, alpha=0.4, lamda=1, margin=0.9, lambd=5, barycenter_number=1, top_k=10, warm_up_epoch=0, MAX_EPOCH=100, batch_size=256, output_dim=512, lr=0.0001, noisy_ratio=0.6, noise_mode='sym', GPU=1, hard_weight=True, noisy_train=True, logging='wiki_findMAP')
2025-06-18 16:33:55,868 - __main__ - INFO - ...Image to Text MAP = 0.49131259436267744
2025-06-18 16:33:55,981 - __main__ - INFO - ...Text to Image MAP = 0.43721742519432566
2025-06-18 16:33:55,982 - __main__ - INFO - ...Average MAP = 0.46426500977850155
2025-06-18 16:34:03,791 - __main__ - INFO - Noise ratio: 0.8
2025-06-18 16:34:03,792 - __main__ - INFO - Namespace(dataset='wiki', seed=9, alpha=0.4, lamda=1, margin=0.9, lambd=5, barycenter_number=1, top_k=10, warm_up_epoch=0, MAX_EPOCH=100, batch_size=256, output_dim=512, lr=0.0001, noisy_ratio=0.8, noise_mode='sym', GPU=1, hard_weight=True, noisy_train=True, logging='wiki_findMAP')
2025-06-18 16:37:15,252 - __main__ - INFO - ...Image to Text MAP = 0.449828573952882
2025-06-18 16:37:15,388 - __main__ - INFO - ...Text to Image MAP = 0.4327824185679208
2025-06-18 16:37:15,388 - __main__ - INFO - ...Average MAP = 0.4413054962604014
2025-06-18 16:37:23,302 - __main__ - INFO - Noise ratio: 0.2
2025-06-18 16:37:23,303 - __main__ - INFO - Namespace(dataset='wiki', seed=9, alpha=0.5, lamda=1, margin=0.9, lambd=5, barycenter_number=1, top_k=10, warm_up_epoch=0, MAX_EPOCH=100, batch_size=256, output_dim=512, lr=0.0001, noisy_ratio=0.2, noise_mode='sym', GPU=1, hard_weight=True, noisy_train=True, logging='wiki_findMAP')
2025-06-18 16:40:48,348 - __main__ - INFO - ...Image to Text MAP = 0.5125269381286123
2025-06-18 16:40:48,580 - __main__ - INFO - ...Text to Image MAP = 0.4505167490446205
2025-06-18 16:40:48,585 - __main__ - INFO - ...Average MAP = 0.4815218435866164
2025-06-18 16:40:58,564 - __main__ - INFO - Noise ratio: 0.4
2025-06-18 16:40:58,568 - __main__ - INFO - Namespace(dataset='wiki', seed=9, alpha=0.5, lamda=1, margin=0.9, lambd=5, barycenter_number=1, top_k=10, warm_up_epoch=0, MAX_EPOCH=100, batch_size=256, output_dim=512, lr=0.0001, noisy_ratio=0.4, noise_mode='sym', GPU=1, hard_weight=True, noisy_train=True, logging='wiki_findMAP')
2025-06-18 16:44:10,314 - __main__ - INFO - ...Image to Text MAP = 0.5030494417858421
2025-06-18 16:44:10,423 - __main__ - INFO - ...Text to Image MAP = 0.45213644885611115
2025-06-18 16:44:10,424 - __main__ - INFO - ...Average MAP = 0.4775929453209766
2025-06-18 16:44:18,549 - __main__ - INFO - Noise ratio: 0.6
2025-06-18 16:44:18,551 - __main__ - INFO - Namespace(dataset='wiki', seed=9, alpha=0.5, lamda=1, margin=0.9, lambd=5, barycenter_number=1, top_k=10, warm_up_epoch=0, MAX_EPOCH=100, batch_size=256, output_dim=512, lr=0.0001, noisy_ratio=0.6, noise_mode='sym', GPU=1, hard_weight=True, noisy_train=True, logging='wiki_findMAP')
2025-06-18 16:47:03,422 - __main__ - INFO - ...Image to Text MAP = 0.49375298366585835
2025-06-18 16:47:03,540 - __main__ - INFO - ...Text to Image MAP = 0.4554980834007925
2025-06-18 16:47:03,540 - __main__ - INFO - ...Average MAP = 0.4746255335333254
2025-06-18 16:47:11,168 - __main__ - INFO - Noise ratio: 0.8
2025-06-18 16:47:11,171 - __main__ - INFO - Namespace(dataset='wiki', seed=9, alpha=0.5, lamda=1, margin=0.9, lambd=5, barycenter_number=1, top_k=10, warm_up_epoch=0, MAX_EPOCH=100, batch_size=256, output_dim=512, lr=0.0001, noisy_ratio=0.8, noise_mode='sym', GPU=1, hard_weight=True, noisy_train=True, logging='wiki_findMAP')
2025-06-18 16:50:10,378 - __main__ - INFO - ...Image to Text MAP = 0.4463781899045225
2025-06-18 16:50:10,486 - __main__ - INFO - ...Text to Image MAP = 0.4281466825729649
2025-06-18 16:50:10,486 - __main__ - INFO - ...Average MAP = 0.4372624362387437
2025-06-18 16:50:18,269 - __main__ - INFO - Noise ratio: 0.2
2025-06-18 16:50:18,274 - __main__ - INFO - Namespace(dataset='wiki', seed=9, alpha=0.6, lamda=1, margin=0.9, lambd=5, barycenter_number=1, top_k=10, warm_up_epoch=0, MAX_EPOCH=100, batch_size=256, output_dim=512, lr=0.0001, noisy_ratio=0.2, noise_mode='sym', GPU=1, hard_weight=True, noisy_train=True, logging='wiki_findMAP')
2025-06-18 16:53:32,500 - __main__ - INFO - ...Image to Text MAP = 0.5050158651860086
2025-06-18 16:53:32,676 - __main__ - INFO - ...Text to Image MAP = 0.4469175803024269
2025-06-18 16:53:32,676 - __main__ - INFO - ...Average MAP = 0.47596672274421775
2025-06-18 16:53:40,278 - __main__ - INFO - Noise ratio: 0.4
2025-06-18 16:53:40,280 - __main__ - INFO - Namespace(dataset='wiki', seed=9, alpha=0.6, lamda=1, margin=0.9, lambd=5, barycenter_number=1, top_k=10, warm_up_epoch=0, MAX_EPOCH=100, batch_size=256, output_dim=512, lr=0.0001, noisy_ratio=0.4, noise_mode='sym', GPU=1, hard_weight=True, noisy_train=True, logging='wiki_findMAP')
2025-06-18 16:55:56,904 - __main__ - INFO - ...Image to Text MAP = 0.5108103592209645
2025-06-18 16:55:57,014 - __main__ - INFO - ...Text to Image MAP = 0.4637973985876244
2025-06-18 16:55:57,014 - __main__ - INFO - ...Average MAP = 0.4873038789042945
2025-06-18 16:56:03,885 - __main__ - INFO - Noise ratio: 0.6
2025-06-18 16:56:03,889 - __main__ - INFO - Namespace(dataset='wiki', seed=9, alpha=0.6, lamda=1, margin=0.9, lambd=5, barycenter_number=1, top_k=10, warm_up_epoch=0, MAX_EPOCH=100, batch_size=256, output_dim=512, lr=0.0001, noisy_ratio=0.6, noise_mode='sym', GPU=1, hard_weight=True, noisy_train=True, logging='wiki_findMAP')
2025-06-18 16:58:45,127 - __main__ - INFO - ...Image to Text MAP = 0.5022945691036083
2025-06-18 16:58:45,232 - __main__ - INFO - ...Text to Image MAP = 0.4417800572297657
2025-06-18 16:58:45,232 - __main__ - INFO - ...Average MAP = 0.47203731316668696
2025-06-18 16:58:53,781 - __main__ - INFO - Noise ratio: 0.8
2025-06-18 16:58:53,782 - __main__ - INFO - Namespace(dataset='wiki', seed=9, alpha=0.6, lamda=1, margin=0.9, lambd=5, barycenter_number=1, top_k=10, warm_up_epoch=0, MAX_EPOCH=100, batch_size=256, output_dim=512, lr=0.0001, noisy_ratio=0.8, noise_mode='sym', GPU=1, hard_weight=True, noisy_train=True, logging='wiki_findMAP')
2025-06-18 17:01:17,853 - __main__ - INFO - ...Image to Text MAP = 0.4402961386421574
2025-06-18 17:01:17,946 - __main__ - INFO - ...Text to Image MAP = 0.42536066681701856
2025-06-18 17:01:17,946 - __main__ - INFO - ...Average MAP = 0.432828402729588
2025-06-18 17:01:25,270 - __main__ - INFO - Noise ratio: 0.2
2025-06-18 17:01:25,274 - __main__ - INFO - Namespace(dataset='wiki', seed=9, alpha=0.7, lamda=1, margin=0.9, lambd=5, barycenter_number=1, top_k=10, warm_up_epoch=0, MAX_EPOCH=100, batch_size=256, output_dim=512, lr=0.0001, noisy_ratio=0.2, noise_mode='sym', GPU=1, hard_weight=True, noisy_train=True, logging='wiki_findMAP')
2025-06-18 17:03:44,130 - __main__ - INFO - ...Image to Text MAP = 0.5066137775554467
2025-06-18 17:03:44,240 - __main__ - INFO - ...Text to Image MAP = 0.450224512923575
2025-06-18 17:03:44,240 - __main__ - INFO - ...Average MAP = 0.47841914523951085
2025-06-18 17:03:51,799 - __main__ - INFO - Noise ratio: 0.4
2025-06-18 17:03:51,801 - __main__ - INFO - Namespace(dataset='wiki', seed=9, alpha=0.7, lamda=1, margin=0.9, lambd=5, barycenter_number=1, top_k=10, warm_up_epoch=0, MAX_EPOCH=100, batch_size=256, output_dim=512, lr=0.0001, noisy_ratio=0.4, noise_mode='sym', GPU=1, hard_weight=True, noisy_train=True, logging='wiki_findMAP')
2025-06-18 17:06:11,417 - __main__ - INFO - ...Image to Text MAP = 0.4930491769067515
2025-06-18 17:06:11,504 - __main__ - INFO - ...Text to Image MAP = 0.44708549899542266
2025-06-18 17:06:11,504 - __main__ - INFO - ...Average MAP = 0.47006733795108707
2025-06-18 17:06:18,792 - __main__ - INFO - Noise ratio: 0.6
2025-06-18 17:06:18,793 - __main__ - INFO - Namespace(dataset='wiki', seed=9, alpha=0.7, lamda=1, margin=0.9, lambd=5, barycenter_number=1, top_k=10, warm_up_epoch=0, MAX_EPOCH=100, batch_size=256, output_dim=512, lr=0.0001, noisy_ratio=0.6, noise_mode='sym', GPU=1, hard_weight=True, noisy_train=True, logging='wiki_findMAP')
2025-06-18 17:08:38,730 - __main__ - INFO - ...Image to Text MAP = 0.4977748998439555
2025-06-18 17:08:38,810 - __main__ - INFO - ...Text to Image MAP = 0.45144920867880445
2025-06-18 17:08:38,810 - __main__ - INFO - ...Average MAP = 0.47461205426138
2025-06-18 17:08:46,746 - __main__ - INFO - Noise ratio: 0.8
2025-06-18 17:08:46,748 - __main__ - INFO - Namespace(dataset='wiki', seed=9, alpha=0.7, lamda=1, margin=0.9, lambd=5, barycenter_number=1, top_k=10, warm_up_epoch=0, MAX_EPOCH=100, batch_size=256, output_dim=512, lr=0.0001, noisy_ratio=0.8, noise_mode='sym', GPU=1, hard_weight=True, noisy_train=True, logging='wiki_findMAP')
2025-06-18 17:11:36,671 - __main__ - INFO - ...Image to Text MAP = 0.4296371958489324
2025-06-18 17:11:36,772 - __main__ - INFO - ...Text to Image MAP = 0.41935640092290094
2025-06-18 17:11:36,773 - __main__ - INFO - ...Average MAP = 0.4244967983859167
2025-06-18 17:11:44,208 - __main__ - INFO - Noise ratio: 0.2
2025-06-18 17:11:44,210 - __main__ - INFO - Namespace(dataset='wiki', seed=9, alpha=0.8, lamda=1, margin=0.9, lambd=5, barycenter_number=1, top_k=10, warm_up_epoch=0, MAX_EPOCH=100, batch_size=256, output_dim=512, lr=0.0001, noisy_ratio=0.2, noise_mode='sym', GPU=1, hard_weight=True, noisy_train=True, logging='wiki_findMAP')
2025-06-18 17:14:38,544 - __main__ - INFO - ...Image to Text MAP = 0.5032685310279248
2025-06-18 17:14:38,639 - __main__ - INFO - ...Text to Image MAP = 0.45998532849351453
2025-06-18 17:14:38,639 - __main__ - INFO - ...Average MAP = 0.48162692976071964
2025-06-18 17:14:58,402 - __main__ - INFO - Noise ratio: 0.4
2025-06-18 17:14:58,405 - __main__ - INFO - Namespace(dataset='wiki', seed=9, alpha=0.8, lamda=1, margin=0.9, lambd=5, barycenter_number=1, top_k=10, warm_up_epoch=0, MAX_EPOCH=100, batch_size=256, output_dim=512, lr=0.0001, noisy_ratio=0.4, noise_mode='sym', GPU=1, hard_weight=True, noisy_train=True, logging='wiki_findMAP')
2025-06-18 17:18:22,487 - __main__ - INFO - ...Image to Text MAP = 0.5110745106929329
2025-06-18 17:18:22,660 - __main__ - INFO - ...Text to Image MAP = 0.46573187721588966
2025-06-18 17:18:22,692 - __main__ - INFO - ...Average MAP = 0.48840319395441123
2025-06-18 17:20:22,364 - __main__ - INFO - Noise ratio: 0.6
2025-06-18 17:20:22,368 - __main__ - INFO - Namespace(dataset='wiki', seed=9, alpha=0.8, lamda=1, margin=0.9, lambd=5, barycenter_number=1, top_k=10, warm_up_epoch=0, MAX_EPOCH=100, batch_size=256, output_dim=512, lr=0.0001, noisy_ratio=0.6, noise_mode='sym', GPU=1, hard_weight=True, noisy_train=True, logging='wiki_findMAP')
2025-06-18 17:23:05,309 - __main__ - INFO - ...Image to Text MAP = 0.4917658452878441
2025-06-18 17:23:05,618 - __main__ - INFO - ...Text to Image MAP = 0.45319274909358637
2025-06-18 17:23:05,621 - __main__ - INFO - ...Average MAP = 0.47247929719071524
2025-06-18 17:23:36,728 - __main__ - INFO - Noise ratio: 0.8
2025-06-18 17:23:36,734 - __main__ - INFO - Namespace(dataset='wiki', seed=9, alpha=0.8, lamda=1, margin=0.9, lambd=5, barycenter_number=1, top_k=10, warm_up_epoch=0, MAX_EPOCH=100, batch_size=256, output_dim=512, lr=0.0001, noisy_ratio=0.8, noise_mode='sym', GPU=1, hard_weight=True, noisy_train=True, logging='wiki_findMAP')
2025-06-18 17:26:45,580 - __main__ - INFO - ...Image to Text MAP = 0.43484731428831713
2025-06-18 17:26:45,679 - __main__ - INFO - ...Text to Image MAP = 0.42239307697406725
2025-06-18 17:26:45,680 - __main__ - INFO - ...Average MAP = 0.4286201956311922
2025-06-18 17:26:53,997 - __main__ - INFO - Noise ratio: 0.2
2025-06-18 17:26:53,998 - __main__ - INFO - Namespace(dataset='wiki', seed=9, alpha=0.9, lamda=1, margin=0.9, lambd=5, barycenter_number=1, top_k=10, warm_up_epoch=0, MAX_EPOCH=100, batch_size=256, output_dim=512, lr=0.0001, noisy_ratio=0.2, noise_mode='sym', GPU=1, hard_weight=True, noisy_train=True, logging='wiki_findMAP')
2025-06-18 17:29:12,064 - __main__ - INFO - ...Image to Text MAP = 0.5007809773630955
2025-06-18 17:29:12,189 - __main__ - INFO - ...Text to Image MAP = 0.44093463462442845
2025-06-18 17:29:12,190 - __main__ - INFO - ...Average MAP = 0.4708578059937619
2025-06-18 17:29:18,552 - __main__ - INFO - Noise ratio: 0.4
2025-06-18 17:29:18,553 - __main__ - INFO - Namespace(dataset='wiki', seed=9, alpha=0.9, lamda=1, margin=0.9, lambd=5, barycenter_number=1, top_k=10, warm_up_epoch=0, MAX_EPOCH=100, batch_size=256, output_dim=512, lr=0.0001, noisy_ratio=0.4, noise_mode='sym', GPU=1, hard_weight=True, noisy_train=True, logging='wiki_findMAP')
2025-06-18 17:31:55,689 - __main__ - INFO - ...Image to Text MAP = 0.5091147287741328
2025-06-18 17:31:55,779 - __main__ - INFO - ...Text to Image MAP = 0.46675533825272353
2025-06-18 17:31:55,779 - __main__ - INFO - ...Average MAP = 0.48793503351342815
2025-06-18 17:32:04,031 - __main__ - INFO - Noise ratio: 0.6
2025-06-18 17:32:04,034 - __main__ - INFO - Namespace(dataset='wiki', seed=9, alpha=0.9, lamda=1, margin=0.9, lambd=5, barycenter_number=1, top_k=10, warm_up_epoch=0, MAX_EPOCH=100, batch_size=256, output_dim=512, lr=0.0001, noisy_ratio=0.6, noise_mode='sym', GPU=1, hard_weight=True, noisy_train=True, logging='wiki_findMAP')
2025-06-18 17:34:31,919 - __main__ - INFO - ...Image to Text MAP = 0.4886287115712742
2025-06-18 17:34:32,015 - __main__ - INFO - ...Text to Image MAP = 0.4570311690974568
2025-06-18 17:34:32,016 - __main__ - INFO - ...Average MAP = 0.4728299403343655
2025-06-18 17:34:38,934 - __main__ - INFO - Noise ratio: 0.8
2025-06-18 17:34:38,936 - __main__ - INFO - Namespace(dataset='wiki', seed=9, alpha=0.9, lamda=1, margin=0.9, lambd=5, barycenter_number=1, top_k=10, warm_up_epoch=0, MAX_EPOCH=100, batch_size=256, output_dim=512, lr=0.0001, noisy_ratio=0.8, noise_mode='sym', GPU=1, hard_weight=True, noisy_train=True, logging='wiki_findMAP')
2025-06-18 17:37:26,517 - __main__ - INFO - ...Image to Text MAP = 0.42605041383822106
2025-06-18 17:37:26,624 - __main__ - INFO - ...Text to Image MAP = 0.4191289849781116
2025-06-18 17:37:26,624 - __main__ - INFO - ...Average MAP = 0.4225896994081663
2025-06-18 17:37:33,756 - __main__ - INFO - Noise ratio: 0.2
2025-06-18 17:37:33,758 - __main__ - INFO - Namespace(dataset='wiki', seed=9, alpha=1.0, lamda=1, margin=0.9, lambd=5, barycenter_number=1, top_k=10, warm_up_epoch=0, MAX_EPOCH=100, batch_size=256, output_dim=512, lr=0.0001, noisy_ratio=0.2, noise_mode='sym', GPU=1, hard_weight=True, noisy_train=True, logging='wiki_findMAP')
2025-06-18 17:40:14,547 - __main__ - INFO - ...Image to Text MAP = 0.5052906315520918
2025-06-18 17:40:14,725 - __main__ - INFO - ...Text to Image MAP = 0.46069047098741733
2025-06-18 17:40:14,727 - __main__ - INFO - ...Average MAP = 0.48299055126975454
2025-06-18 17:40:21,472 - __main__ - INFO - Noise ratio: 0.4
2025-06-18 17:40:21,474 - __main__ - INFO - Namespace(dataset='wiki', seed=9, alpha=1.0, lamda=1, margin=0.9, lambd=5, barycenter_number=1, top_k=10, warm_up_epoch=0, MAX_EPOCH=100, batch_size=256, output_dim=512, lr=0.0001, noisy_ratio=0.4, noise_mode='sym', GPU=1, hard_weight=True, noisy_train=True, logging='wiki_findMAP')
2025-06-18 17:42:51,971 - __main__ - INFO - ...Image to Text MAP = 0.515202189770786
2025-06-18 17:42:52,066 - __main__ - INFO - ...Text to Image MAP = 0.46715748219014536
2025-06-18 17:42:52,067 - __main__ - INFO - ...Average MAP = 0.49117983598046566
2025-06-18 17:42:59,213 - __main__ - INFO - Noise ratio: 0.6
2025-06-18 17:42:59,214 - __main__ - INFO - Namespace(dataset='wiki', seed=9, alpha=1.0, lamda=1, margin=0.9, lambd=5, barycenter_number=1, top_k=10, warm_up_epoch=0, MAX_EPOCH=100, batch_size=256, output_dim=512, lr=0.0001, noisy_ratio=0.6, noise_mode='sym', GPU=1, hard_weight=True, noisy_train=True, logging='wiki_findMAP')
2025-06-18 17:45:27,802 - __main__ - INFO - ...Image to Text MAP = 0.48919185595262793
2025-06-18 17:45:27,904 - __main__ - INFO - ...Text to Image MAP = 0.456086415352843
2025-06-18 17:45:27,905 - __main__ - INFO - ...Average MAP = 0.47263913565273546
2025-06-18 17:45:34,185 - __main__ - INFO - Noise ratio: 0.8
2025-06-18 17:45:34,187 - __main__ - INFO - Namespace(dataset='wiki', seed=9, alpha=1.0, lamda=1, margin=0.9, lambd=5, barycenter_number=1, top_k=10, warm_up_epoch=0, MAX_EPOCH=100, batch_size=256, output_dim=512, lr=0.0001, noisy_ratio=0.8, noise_mode='sym', GPU=1, hard_weight=True, noisy_train=True, logging='wiki_findMAP')
2025-06-18 17:48:04,670 - __main__ - INFO - ...Image to Text MAP = 0.43123224199229565
2025-06-18 17:48:04,875 - __main__ - INFO - ...Text to Image MAP = 0.4181928063703016
2025-06-18 17:48:04,876 - __main__ - INFO - ...Average MAP = 0.4247125241812986
2025-06-18 17:48:11,592 - __main__ - INFO - Noise ratio: 0.2
2025-06-18 17:48:11,593 - __main__ - INFO - Namespace(dataset='wiki', seed=9, alpha=2.0, lamda=1, margin=0.9, lambd=5, barycenter_number=1, top_k=10, warm_up_epoch=0, MAX_EPOCH=100, batch_size=256, output_dim=512, lr=0.0001, noisy_ratio=0.2, noise_mode='sym', GPU=1, hard_weight=True, noisy_train=True, logging='wiki_findMAP')
2025-06-18 17:50:38,402 - __main__ - INFO - ...Image to Text MAP = 0.5218451571099807
2025-06-18 17:50:38,510 - __main__ - INFO - ...Text to Image MAP = 0.482104029650992
2025-06-18 17:50:38,511 - __main__ - INFO - ...Average MAP = 0.5019745933804863
2025-06-18 17:50:45,884 - __main__ - INFO - Noise ratio: 0.4
2025-06-18 17:50:45,886 - __main__ - INFO - Namespace(dataset='wiki', seed=9, alpha=2.0, lamda=1, margin=0.9, lambd=5, barycenter_number=1, top_k=10, warm_up_epoch=0, MAX_EPOCH=100, batch_size=256, output_dim=512, lr=0.0001, noisy_ratio=0.4, noise_mode='sym', GPU=1, hard_weight=True, noisy_train=True, logging='wiki_findMAP')
2025-06-18 17:53:34,408 - __main__ - INFO - ...Image to Text MAP = 0.48009260140244353
2025-06-18 17:53:34,518 - __main__ - INFO - ...Text to Image MAP = 0.45189190802264584
2025-06-18 17:53:34,519 - __main__ - INFO - ...Average MAP = 0.4659922547125447
2025-06-18 17:53:42,468 - __main__ - INFO - Noise ratio: 0.6
2025-06-18 17:53:42,470 - __main__ - INFO - Namespace(dataset='wiki', seed=9, alpha=2.0, lamda=1, margin=0.9, lambd=5, barycenter_number=1, top_k=10, warm_up_epoch=0, MAX_EPOCH=100, batch_size=256, output_dim=512, lr=0.0001, noisy_ratio=0.6, noise_mode='sym', GPU=1, hard_weight=True, noisy_train=True, logging='wiki_findMAP')
2025-06-18 17:56:18,336 - __main__ - INFO - ...Image to Text MAP = 0.434207660316986
2025-06-18 17:56:18,479 - __main__ - INFO - ...Text to Image MAP = 0.4161897820490616
2025-06-18 17:56:18,480 - __main__ - INFO - ...Average MAP = 0.4251987211830238
2025-06-18 17:56:25,762 - __main__ - INFO - Noise ratio: 0.8
2025-06-18 17:56:25,764 - __main__ - INFO - Namespace(dataset='wiki', seed=9, alpha=2.0, lamda=1, margin=0.9, lambd=5, barycenter_number=1, top_k=10, warm_up_epoch=0, MAX_EPOCH=100, batch_size=256, output_dim=512, lr=0.0001, noisy_ratio=0.8, noise_mode='sym', GPU=1, hard_weight=True, noisy_train=True, logging='wiki_findMAP')
2025-06-18 17:58:42,750 - __main__ - INFO - ...Image to Text MAP = 0.42535074983340343
2025-06-18 17:58:42,874 - __main__ - INFO - ...Text to Image MAP = 0.413198680436799
2025-06-18 17:58:42,875 - __main__ - INFO - ...Average MAP = 0.41927471513510123
