2025-06-17 16:38:43,627 - __main__ - INFO - Noise ratio: 0.2
2025-06-17 16:38:43,629 - __main__ - INFO - Namespace(dataset='wiki', seed=0, alpha=0.7, lamda=1, margin=0.9, lambd=5, barycenter_number=1, top_k=10, warm_up_epoch=0, MAX_EPOCH=100, batch_size=256, output_dim=512, lr=0.0001, noisy_ratio=0.2, noise_mode='sym', GPU=1, hard_weight=True, noisy_train=True, logging='wiki_ablation')
2025-06-17 16:41:03,664 - __main__ - INFO - ...Image to Text MAP = 0.5011551322868664
2025-06-17 16:41:03,874 - __main__ - INFO - ...Text to Image MAP = 0.44459665449580793
2025-06-17 16:41:03,875 - __main__ - INFO - ...Average MAP = 0.4728758933913372
2025-06-17 16:41:10,659 - __main__ - INFO - Noise ratio: 0.2
2025-06-17 16:41:10,661 - __main__ - INFO - Namespace(dataset='wiki', seed=0, alpha=0.0, lamda=1, margin=0.9, lambd=5, barycenter_number=1, top_k=10, warm_up_epoch=0, MAX_EPOCH=100, batch_size=256, output_dim=512, lr=0.0001, noisy_ratio=0.2, noise_mode='sym', GPU=1, hard_weight=True, noisy_train=True, logging='wiki_ablation')
2025-06-17 16:43:51,599 - __main__ - INFO - ...Image to Text MAP = 0.38178047757143285
2025-06-17 16:43:51,876 - __main__ - INFO - ...Text to Image MAP = 0.3218737290846003
2025-06-17 16:43:51,879 - __main__ - INFO - ...Average MAP = 0.3518271033280166
2025-06-17 16:43:59,619 - __main__ - INFO - Noise ratio: 0.2
2025-06-17 16:43:59,620 - __main__ - INFO - Namespace(dataset='wiki', seed=0, alpha=0.7, lamda=1, margin=0.9, lambd=5, barycenter_number=1, top_k=10, warm_up_epoch=0, MAX_EPOCH=100, batch_size=256, output_dim=512, lr=0.0001, noisy_ratio=0.2, noise_mode='sym', GPU=1, hard_weight=True, noisy_train=False, logging='wiki_ablation')
2025-06-17 16:46:23,744 - __main__ - INFO - ...Image to Text MAP = 0.5224780290268715
2025-06-17 16:46:23,837 - __main__ - INFO - ...Text to Image MAP = 0.46533752052150745
2025-06-17 16:46:23,837 - __main__ - INFO - ...Average MAP = 0.49390777477418946
2025-06-17 16:46:32,055 - __main__ - INFO - Noise ratio: 0.2
2025-06-17 16:46:32,056 - __main__ - INFO - Namespace(dataset='wiki', seed=0, alpha=0.7, lamda=0.0, margin=0.9, lambd=5, barycenter_number=1, top_k=10, warm_up_epoch=0, MAX_EPOCH=100, batch_size=256, output_dim=512, lr=0.0001, noisy_ratio=0.2, noise_mode='sym', GPU=1, hard_weight=True, noisy_train=True, logging='wiki_ablation')
2025-06-17 16:49:16,857 - __main__ - INFO - ...Image to Text MAP = 0.41029906957138845
2025-06-17 16:49:16,956 - __main__ - INFO - ...Text to Image MAP = 0.3827696186280908
2025-06-17 16:49:16,956 - __main__ - INFO - ...Average MAP = 0.39653434409973964
2025-06-17 16:49:24,670 - __main__ - INFO - Noise ratio: 0.2
2025-06-17 16:49:24,671 - __main__ - INFO - Namespace(dataset='wiki', seed=0, alpha=0.7, lamda=1, margin=0.9, lambd=5, barycenter_number=1, top_k=10, warm_up_epoch=0, MAX_EPOCH=100, batch_size=256, output_dim=512, lr=0.0001, noisy_ratio=0.2, noise_mode='sym', GPU=1, hard_weight=False, noisy_train=True, logging='wiki_ablation')
2025-06-17 16:52:20,565 - __main__ - INFO - ...Image to Text MAP = 0.512689264889519
2025-06-17 16:52:20,678 - __main__ - INFO - ...Text to Image MAP = 0.4512415203448655
2025-06-17 16:52:20,678 - __main__ - INFO - ...Average MAP = 0.4819653926171923
2025-06-17 16:52:29,041 - __main__ - INFO - Noise ratio: 0.4
2025-06-17 16:52:29,042 - __main__ - INFO - Namespace(dataset='wiki', seed=0, alpha=0.7, lamda=1, margin=0.9, lambd=5, barycenter_number=1, top_k=10, warm_up_epoch=0, MAX_EPOCH=100, batch_size=256, output_dim=512, lr=0.0001, noisy_ratio=0.4, noise_mode='sym', GPU=1, hard_weight=True, noisy_train=True, logging='wiki_ablation')
2025-06-17 16:55:11,019 - __main__ - INFO - ...Image to Text MAP = 0.5060580785182046
2025-06-17 16:55:11,118 - __main__ - INFO - ...Text to Image MAP = 0.46540281088324653
2025-06-17 16:55:11,119 - __main__ - INFO - ...Average MAP = 0.48573044470072557
2025-06-17 16:55:19,150 - __main__ - INFO - Noise ratio: 0.4
2025-06-17 16:55:19,151 - __main__ - INFO - Namespace(dataset='wiki', seed=0, alpha=0.0, lamda=1, margin=0.9, lambd=5, barycenter_number=1, top_k=10, warm_up_epoch=0, MAX_EPOCH=100, batch_size=256, output_dim=512, lr=0.0001, noisy_ratio=0.4, noise_mode='sym', GPU=1, hard_weight=True, noisy_train=True, logging='wiki_ablation')
2025-06-17 16:58:01,798 - __main__ - INFO - ...Image to Text MAP = 0.29077649966045316
2025-06-17 16:58:01,898 - __main__ - INFO - ...Text to Image MAP = 0.2824036897712542
2025-06-17 16:58:01,899 - __main__ - INFO - ...Average MAP = 0.28659009471585367
2025-06-17 16:58:10,361 - __main__ - INFO - Noise ratio: 0.4
2025-06-17 16:58:10,362 - __main__ - INFO - Namespace(dataset='wiki', seed=0, alpha=0.7, lamda=1, margin=0.9, lambd=5, barycenter_number=1, top_k=10, warm_up_epoch=0, MAX_EPOCH=100, batch_size=256, output_dim=512, lr=0.0001, noisy_ratio=0.4, noise_mode='sym', GPU=1, hard_weight=True, noisy_train=False, logging='wiki_ablation')
2025-06-17 17:00:31,848 - __main__ - INFO - ...Image to Text MAP = 0.49213055888216367
2025-06-17 17:00:31,957 - __main__ - INFO - ...Text to Image MAP = 0.451150636929469
2025-06-17 17:00:31,958 - __main__ - INFO - ...Average MAP = 0.47164059790581636
2025-06-17 17:00:39,584 - __main__ - INFO - Noise ratio: 0.4
2025-06-17 17:00:39,584 - __main__ - INFO - Namespace(dataset='wiki', seed=0, alpha=0.7, lamda=0.0, margin=0.9, lambd=5, barycenter_number=1, top_k=10, warm_up_epoch=0, MAX_EPOCH=100, batch_size=256, output_dim=512, lr=0.0001, noisy_ratio=0.4, noise_mode='sym', GPU=1, hard_weight=True, noisy_train=True, logging='wiki_ablation')
2025-06-17 17:03:23,768 - __main__ - INFO - ...Image to Text MAP = 0.4173374992861635
2025-06-17 17:03:23,871 - __main__ - INFO - ...Text to Image MAP = 0.394571860564673
2025-06-17 17:03:23,872 - __main__ - INFO - ...Average MAP = 0.4059546799254182
2025-06-17 17:03:30,966 - __main__ - INFO - Noise ratio: 0.4
2025-06-17 17:03:30,967 - __main__ - INFO - Namespace(dataset='wiki', seed=0, alpha=0.7, lamda=1, margin=0.9, lambd=5, barycenter_number=1, top_k=10, warm_up_epoch=0, MAX_EPOCH=100, batch_size=256, output_dim=512, lr=0.0001, noisy_ratio=0.4, noise_mode='sym', GPU=1, hard_weight=False, noisy_train=True, logging='wiki_ablation')
2025-06-17 17:06:24,552 - __main__ - INFO - ...Image to Text MAP = 0.4942031540568399
2025-06-17 17:06:24,655 - __main__ - INFO - ...Text to Image MAP = 0.45207340069285173
2025-06-17 17:06:24,656 - __main__ - INFO - ...Average MAP = 0.4731382773748458
2025-06-17 17:06:31,701 - __main__ - INFO - Noise ratio: 0.6
2025-06-17 17:06:31,702 - __main__ - INFO - Namespace(dataset='wiki', seed=0, alpha=0.7, lamda=1, margin=0.9, lambd=5, barycenter_number=1, top_k=10, warm_up_epoch=0, MAX_EPOCH=100, batch_size=256, output_dim=512, lr=0.0001, noisy_ratio=0.6, noise_mode='sym', GPU=1, hard_weight=True, noisy_train=True, logging='wiki_ablation')
2025-06-17 17:09:09,532 - __main__ - INFO - ...Image to Text MAP = 0.4840799624171001
2025-06-17 17:09:09,631 - __main__ - INFO - ...Text to Image MAP = 0.448968870580893
2025-06-17 17:09:09,631 - __main__ - INFO - ...Average MAP = 0.46652441649899656
2025-06-17 17:09:16,843 - __main__ - INFO - Noise ratio: 0.6
2025-06-17 17:09:16,845 - __main__ - INFO - Namespace(dataset='wiki', seed=0, alpha=0.0, lamda=1, margin=0.9, lambd=5, barycenter_number=1, top_k=10, warm_up_epoch=0, MAX_EPOCH=100, batch_size=256, output_dim=512, lr=0.0001, noisy_ratio=0.6, noise_mode='sym', GPU=1, hard_weight=True, noisy_train=True, logging='wiki_ablation')
2025-06-17 17:13:08,335 - __main__ - INFO - ...Image to Text MAP = 0.27362404789118344
2025-06-17 17:13:08,504 - __main__ - INFO - ...Text to Image MAP = 0.1993161306808218
2025-06-17 17:13:08,522 - __main__ - INFO - ...Average MAP = 0.2364700892860026
2025-06-17 17:13:25,868 - __main__ - INFO - Noise ratio: 0.6
2025-06-17 17:13:25,868 - __main__ - INFO - Namespace(dataset='wiki', seed=0, alpha=0.7, lamda=1, margin=0.9, lambd=5, barycenter_number=1, top_k=10, warm_up_epoch=0, MAX_EPOCH=100, batch_size=256, output_dim=512, lr=0.0001, noisy_ratio=0.6, noise_mode='sym', GPU=1, hard_weight=True, noisy_train=False, logging='wiki_ablation')
2025-06-17 17:16:01,814 - __main__ - INFO - ...Image to Text MAP = 0.47212995068799946
2025-06-17 17:16:01,956 - __main__ - INFO - ...Text to Image MAP = 0.4329415648101696
2025-06-17 17:16:01,981 - __main__ - INFO - ...Average MAP = 0.4525357577490845
2025-06-17 17:18:40,682 - __main__ - INFO - Noise ratio: 0.6
2025-06-17 17:18:40,694 - __main__ - INFO - Namespace(dataset='wiki', seed=0, alpha=0.7, lamda=0.0, margin=0.9, lambd=5, barycenter_number=1, top_k=10, warm_up_epoch=0, MAX_EPOCH=100, batch_size=256, output_dim=512, lr=0.0001, noisy_ratio=0.6, noise_mode='sym', GPU=1, hard_weight=True, noisy_train=True, logging='wiki_ablation')
2025-06-17 17:22:27,787 - __main__ - INFO - ...Image to Text MAP = 0.42097332284406014
2025-06-17 17:22:28,022 - __main__ - INFO - ...Text to Image MAP = 0.3999585955103021
2025-06-17 17:22:28,117 - __main__ - INFO - ...Average MAP = 0.4104659591771811
2025-06-17 17:31:41,741 - __main__ - INFO - Noise ratio: 0.6
2025-06-17 17:31:41,867 - __main__ - INFO - Namespace(dataset='wiki', seed=0, alpha=0.7, lamda=1, margin=0.9, lambd=5, barycenter_number=1, top_k=10, warm_up_epoch=0, MAX_EPOCH=100, batch_size=256, output_dim=512, lr=0.0001, noisy_ratio=0.6, noise_mode='sym', GPU=1, hard_weight=False, noisy_train=True, logging='wiki_ablation')
2025-06-17 17:33:19,872 - __main__ - INFO - ...Image to Text MAP = 0.4913320394391707
2025-06-17 17:33:19,990 - __main__ - INFO - ...Text to Image MAP = 0.445413375904604
2025-06-17 17:33:20,028 - __main__ - INFO - ...Average MAP = 0.4683727076718873
2025-06-17 17:35:39,310 - __main__ - INFO - Noise ratio: 0.8
2025-06-17 17:35:39,311 - __main__ - INFO - Namespace(dataset='wiki', seed=0, alpha=0.7, lamda=1, margin=0.9, lambd=5, barycenter_number=1, top_k=10, warm_up_epoch=0, MAX_EPOCH=100, batch_size=256, output_dim=512, lr=0.0001, noisy_ratio=0.8, noise_mode='sym', GPU=1, hard_weight=True, noisy_train=True, logging='wiki_ablation')
2025-06-17 17:38:33,099 - __main__ - INFO - ...Image to Text MAP = 0.4387257003308209
2025-06-17 17:38:33,199 - __main__ - INFO - ...Text to Image MAP = 0.41548517763911913
2025-06-17 17:38:33,200 - __main__ - INFO - ...Average MAP = 0.42710543898497
2025-06-17 17:40:40,299 - __main__ - INFO - Noise ratio: 0.8
2025-06-17 17:40:40,323 - __main__ - INFO - Namespace(dataset='wiki', seed=0, alpha=0.0, lamda=1, margin=0.9, lambd=5, barycenter_number=1, top_k=10, warm_up_epoch=0, MAX_EPOCH=100, batch_size=256, output_dim=512, lr=0.0001, noisy_ratio=0.8, noise_mode='sym', GPU=1, hard_weight=True, noisy_train=True, logging='wiki_ablation')
2025-06-17 17:43:47,065 - __main__ - INFO - ...Image to Text MAP = 0.1853795077259758
2025-06-17 17:43:47,175 - __main__ - INFO - ...Text to Image MAP = 0.20021975652408944
2025-06-17 17:43:47,192 - __main__ - INFO - ...Average MAP = 0.19279963212503262
2025-06-17 17:44:25,667 - __main__ - INFO - Noise ratio: 0.8
2025-06-17 17:44:25,670 - __main__ - INFO - Namespace(dataset='wiki', seed=0, alpha=0.7, lamda=1, margin=0.9, lambd=5, barycenter_number=1, top_k=10, warm_up_epoch=0, MAX_EPOCH=100, batch_size=256, output_dim=512, lr=0.0001, noisy_ratio=0.8, noise_mode='sym', GPU=1, hard_weight=True, noisy_train=False, logging='wiki_ablation')
2025-06-17 17:46:20,040 - __main__ - INFO - ...Image to Text MAP = 0.3966544835811031
2025-06-17 17:46:20,128 - __main__ - INFO - ...Text to Image MAP = 0.3833086519471057
2025-06-17 17:46:20,144 - __main__ - INFO - ...Average MAP = 0.3899815677641044
2025-06-17 17:48:03,545 - __main__ - INFO - Noise ratio: 0.8
2025-06-17 17:48:03,545 - __main__ - INFO - Namespace(dataset='wiki', seed=0, alpha=0.7, lamda=0.0, margin=0.9, lambd=5, barycenter_number=1, top_k=10, warm_up_epoch=0, MAX_EPOCH=100, batch_size=256, output_dim=512, lr=0.0001, noisy_ratio=0.8, noise_mode='sym', GPU=1, hard_weight=True, noisy_train=True, logging='wiki_ablation')
2025-06-17 17:50:58,123 - __main__ - INFO - ...Image to Text MAP = 0.41978013793458363
2025-06-17 17:50:58,338 - __main__ - INFO - ...Text to Image MAP = 0.4068066009320181
2025-06-17 17:50:58,357 - __main__ - INFO - ...Average MAP = 0.41329336943330086
2025-06-17 17:53:11,363 - __main__ - INFO - Noise ratio: 0.8
2025-06-17 17:53:11,380 - __main__ - INFO - Namespace(dataset='wiki', seed=0, alpha=0.7, lamda=1, margin=0.9, lambd=5, barycenter_number=1, top_k=10, warm_up_epoch=0, MAX_EPOCH=100, batch_size=256, output_dim=512, lr=0.0001, noisy_ratio=0.8, noise_mode='sym', GPU=1, hard_weight=False, noisy_train=True, logging='wiki_ablation')
2025-06-17 17:54:55,790 - __main__ - INFO - ...Image to Text MAP = 0.44964568501344593
2025-06-17 17:54:56,030 - __main__ - INFO - ...Text to Image MAP = 0.4338132912173064
2025-06-17 17:54:56,175 - __main__ - INFO - ...Average MAP = 0.44172948811537616
2025-06-17 17:58:30,110 - __main__ - INFO - Noise ratio: 0.2
2025-06-17 17:58:30,113 - __main__ - INFO - Namespace(dataset='wiki', seed=0, alpha=0.8, lamda=1, margin=0.9, lambd=5, barycenter_number=1, top_k=10, warm_up_epoch=0, MAX_EPOCH=100, batch_size=256, output_dim=512, lr=0.0001, noisy_ratio=0.2, noise_mode='sym', GPU=1, hard_weight=True, noisy_train=True, logging='wiki_ablation')
2025-06-17 18:01:01,686 - __main__ - INFO - ...Image to Text MAP = 0.5086273316644272
2025-06-17 18:01:01,776 - __main__ - INFO - ...Text to Image MAP = 0.463242416912957
2025-06-17 18:01:01,776 - __main__ - INFO - ...Average MAP = 0.4859348742886921
2025-06-17 18:01:08,003 - __main__ - INFO - Noise ratio: 0.2
2025-06-17 18:01:08,005 - __main__ - INFO - Namespace(dataset='wiki', seed=0, alpha=0.0, lamda=1, margin=0.9, lambd=5, barycenter_number=1, top_k=10, warm_up_epoch=0, MAX_EPOCH=100, batch_size=256, output_dim=512, lr=0.0001, noisy_ratio=0.2, noise_mode='sym', GPU=1, hard_weight=True, noisy_train=True, logging='wiki_ablation')
2025-06-17 18:03:38,516 - __main__ - INFO - ...Image to Text MAP = 0.38178047757143285
2025-06-17 18:03:38,687 - __main__ - INFO - ...Text to Image MAP = 0.3218737290846003
2025-06-17 18:03:38,687 - __main__ - INFO - ...Average MAP = 0.3518271033280166
2025-06-17 18:03:45,843 - __main__ - INFO - Noise ratio: 0.2
2025-06-17 18:03:45,845 - __main__ - INFO - Namespace(dataset='wiki', seed=0, alpha=0.8, lamda=1, margin=0.9, lambd=5, barycenter_number=1, top_k=10, warm_up_epoch=0, MAX_EPOCH=100, batch_size=256, output_dim=512, lr=0.0001, noisy_ratio=0.2, noise_mode='sym', GPU=1, hard_weight=True, noisy_train=False, logging='wiki_ablation')
2025-06-17 18:06:24,412 - __main__ - INFO - ...Image to Text MAP = 0.5190015098152104
2025-06-17 18:06:24,662 - __main__ - INFO - ...Text to Image MAP = 0.47367212545050735
2025-06-17 18:06:24,663 - __main__ - INFO - ...Average MAP = 0.49633681763285886
2025-06-17 18:06:32,321 - __main__ - INFO - Noise ratio: 0.2
2025-06-17 18:06:32,322 - __main__ - INFO - Namespace(dataset='wiki', seed=0, alpha=0.8, lamda=0.0, margin=0.9, lambd=5, barycenter_number=1, top_k=10, warm_up_epoch=0, MAX_EPOCH=100, batch_size=256, output_dim=512, lr=0.0001, noisy_ratio=0.2, noise_mode='sym', GPU=1, hard_weight=True, noisy_train=True, logging='wiki_ablation')
2025-06-17 18:09:44,570 - __main__ - INFO - ...Image to Text MAP = 0.4168357796552393
2025-06-17 18:09:44,667 - __main__ - INFO - ...Text to Image MAP = 0.39121827021255556
2025-06-17 18:09:44,668 - __main__ - INFO - ...Average MAP = 0.4040270249338974
2025-06-17 18:09:52,171 - __main__ - INFO - Noise ratio: 0.2
2025-06-17 18:09:52,171 - __main__ - INFO - Namespace(dataset='wiki', seed=0, alpha=0.8, lamda=1, margin=0.9, lambd=5, barycenter_number=1, top_k=10, warm_up_epoch=0, MAX_EPOCH=100, batch_size=256, output_dim=512, lr=0.0001, noisy_ratio=0.2, noise_mode='sym', GPU=1, hard_weight=False, noisy_train=True, logging='wiki_ablation')
2025-06-17 18:12:49,316 - __main__ - INFO - ...Image to Text MAP = 0.5119358179123377
2025-06-17 18:12:49,418 - __main__ - INFO - ...Text to Image MAP = 0.45427567158996607
2025-06-17 18:12:49,418 - __main__ - INFO - ...Average MAP = 0.48310574475115187
2025-06-17 18:12:57,365 - __main__ - INFO - Noise ratio: 0.4
2025-06-17 18:12:57,366 - __main__ - INFO - Namespace(dataset='wiki', seed=0, alpha=0.8, lamda=1, margin=0.9, lambd=5, barycenter_number=1, top_k=10, warm_up_epoch=0, MAX_EPOCH=100, batch_size=256, output_dim=512, lr=0.0001, noisy_ratio=0.4, noise_mode='sym', GPU=1, hard_weight=True, noisy_train=True, logging='wiki_ablation')
2025-06-17 18:16:40,927 - __main__ - INFO - ...Image to Text MAP = 0.49215902542508144
2025-06-17 18:16:41,019 - __main__ - INFO - ...Text to Image MAP = 0.4476207243426915
2025-06-17 18:16:41,019 - __main__ - INFO - ...Average MAP = 0.46988987488388645
2025-06-17 18:16:49,221 - __main__ - INFO - Noise ratio: 0.4
2025-06-17 18:16:49,223 - __main__ - INFO - Namespace(dataset='wiki', seed=0, alpha=0.0, lamda=1, margin=0.9, lambd=5, barycenter_number=1, top_k=10, warm_up_epoch=0, MAX_EPOCH=100, batch_size=256, output_dim=512, lr=0.0001, noisy_ratio=0.4, noise_mode='sym', GPU=1, hard_weight=True, noisy_train=True, logging='wiki_ablation')
2025-06-17 18:19:30,537 - __main__ - INFO - ...Image to Text MAP = 0.29077649966045316
2025-06-17 18:19:30,671 - __main__ - INFO - ...Text to Image MAP = 0.2824036897712542
2025-06-17 18:19:30,672 - __main__ - INFO - ...Average MAP = 0.28659009471585367
2025-06-17 18:19:40,229 - __main__ - INFO - Noise ratio: 0.4
2025-06-17 18:19:40,231 - __main__ - INFO - Namespace(dataset='wiki', seed=0, alpha=0.8, lamda=1, margin=0.9, lambd=5, barycenter_number=1, top_k=10, warm_up_epoch=0, MAX_EPOCH=100, batch_size=256, output_dim=512, lr=0.0001, noisy_ratio=0.4, noise_mode='sym', GPU=1, hard_weight=True, noisy_train=False, logging='wiki_ablation')
2025-06-17 18:22:26,041 - __main__ - INFO - ...Image to Text MAP = 0.4993937100441688
2025-06-17 18:22:26,128 - __main__ - INFO - ...Text to Image MAP = 0.4503219950599359
2025-06-17 18:22:26,129 - __main__ - INFO - ...Average MAP = 0.4748578525520524
2025-06-17 18:22:33,752 - __main__ - INFO - Noise ratio: 0.4
2025-06-17 18:22:33,752 - __main__ - INFO - Namespace(dataset='wiki', seed=0, alpha=0.8, lamda=0.0, margin=0.9, lambd=5, barycenter_number=1, top_k=10, warm_up_epoch=0, MAX_EPOCH=100, batch_size=256, output_dim=512, lr=0.0001, noisy_ratio=0.4, noise_mode='sym', GPU=1, hard_weight=True, noisy_train=True, logging='wiki_ablation')
2025-06-17 18:26:03,509 - __main__ - INFO - ...Image to Text MAP = 0.42177032078245963
2025-06-17 18:26:03,619 - __main__ - INFO - ...Text to Image MAP = 0.3977123916921243
2025-06-17 18:26:03,620 - __main__ - INFO - ...Average MAP = 0.40974135623729196
2025-06-17 18:26:12,339 - __main__ - INFO - Noise ratio: 0.4
2025-06-17 18:26:12,341 - __main__ - INFO - Namespace(dataset='wiki', seed=0, alpha=0.8, lamda=1, margin=0.9, lambd=5, barycenter_number=1, top_k=10, warm_up_epoch=0, MAX_EPOCH=100, batch_size=256, output_dim=512, lr=0.0001, noisy_ratio=0.4, noise_mode='sym', GPU=1, hard_weight=False, noisy_train=True, logging='wiki_ablation')
2025-06-17 18:29:27,622 - __main__ - INFO - ...Image to Text MAP = 0.4979122884091015
2025-06-17 18:29:27,754 - __main__ - INFO - ...Text to Image MAP = 0.4667692509578826
2025-06-17 18:29:27,754 - __main__ - INFO - ...Average MAP = 0.48234076968349204
2025-06-17 18:29:35,120 - __main__ - INFO - Noise ratio: 0.6
2025-06-17 18:29:35,122 - __main__ - INFO - Namespace(dataset='wiki', seed=0, alpha=0.8, lamda=1, margin=0.9, lambd=5, barycenter_number=1, top_k=10, warm_up_epoch=0, MAX_EPOCH=100, batch_size=256, output_dim=512, lr=0.0001, noisy_ratio=0.6, noise_mode='sym', GPU=1, hard_weight=True, noisy_train=True, logging='wiki_ablation')
2025-06-17 18:32:19,137 - __main__ - INFO - ...Image to Text MAP = 0.488985356245906
2025-06-17 18:32:19,220 - __main__ - INFO - ...Text to Image MAP = 0.45286095667358495
2025-06-17 18:32:19,220 - __main__ - INFO - ...Average MAP = 0.4709231564597455
2025-06-17 18:32:25,793 - __main__ - INFO - Noise ratio: 0.6
2025-06-17 18:32:25,795 - __main__ - INFO - Namespace(dataset='wiki', seed=0, alpha=0.0, lamda=1, margin=0.9, lambd=5, barycenter_number=1, top_k=10, warm_up_epoch=0, MAX_EPOCH=100, batch_size=256, output_dim=512, lr=0.0001, noisy_ratio=0.6, noise_mode='sym', GPU=1, hard_weight=True, noisy_train=True, logging='wiki_ablation')
2025-06-17 18:35:16,858 - __main__ - INFO - ...Image to Text MAP = 0.27362404789118344
2025-06-17 18:35:16,956 - __main__ - INFO - ...Text to Image MAP = 0.1993161306808218
2025-06-17 18:35:16,956 - __main__ - INFO - ...Average MAP = 0.2364700892860026
2025-06-17 18:35:24,483 - __main__ - INFO - Noise ratio: 0.6
2025-06-17 18:35:24,483 - __main__ - INFO - Namespace(dataset='wiki', seed=0, alpha=0.8, lamda=1, margin=0.9, lambd=5, barycenter_number=1, top_k=10, warm_up_epoch=0, MAX_EPOCH=100, batch_size=256, output_dim=512, lr=0.0001, noisy_ratio=0.6, noise_mode='sym', GPU=1, hard_weight=True, noisy_train=False, logging='wiki_ablation')
2025-06-17 18:38:02,459 - __main__ - INFO - ...Image to Text MAP = 0.4806347489869362
2025-06-17 18:38:02,562 - __main__ - INFO - ...Text to Image MAP = 0.43301228496738037
2025-06-17 18:38:02,563 - __main__ - INFO - ...Average MAP = 0.4568235169771583
2025-06-17 18:38:09,290 - __main__ - INFO - Noise ratio: 0.6
2025-06-17 18:38:09,290 - __main__ - INFO - Namespace(dataset='wiki', seed=0, alpha=0.8, lamda=0.0, margin=0.9, lambd=5, barycenter_number=1, top_k=10, warm_up_epoch=0, MAX_EPOCH=100, batch_size=256, output_dim=512, lr=0.0001, noisy_ratio=0.6, noise_mode='sym', GPU=1, hard_weight=True, noisy_train=True, logging='wiki_ablation')
2025-06-17 18:41:04,027 - __main__ - INFO - ...Image to Text MAP = 0.41298091104470297
2025-06-17 18:41:04,126 - __main__ - INFO - ...Text to Image MAP = 0.38788846624681717
2025-06-17 18:41:04,126 - __main__ - INFO - ...Average MAP = 0.40043468864576004
2025-06-17 18:41:11,430 - __main__ - INFO - Noise ratio: 0.6
2025-06-17 18:41:11,431 - __main__ - INFO - Namespace(dataset='wiki', seed=0, alpha=0.8, lamda=1, margin=0.9, lambd=5, barycenter_number=1, top_k=10, warm_up_epoch=0, MAX_EPOCH=100, batch_size=256, output_dim=512, lr=0.0001, noisy_ratio=0.6, noise_mode='sym', GPU=1, hard_weight=False, noisy_train=True, logging='wiki_ablation')
2025-06-17 18:44:01,796 - __main__ - INFO - ...Image to Text MAP = 0.4822754990887461
2025-06-17 18:44:01,878 - __main__ - INFO - ...Text to Image MAP = 0.4366283366599969
2025-06-17 18:44:01,882 - __main__ - INFO - ...Average MAP = 0.4594519178743715
2025-06-17 18:44:09,826 - __main__ - INFO - Noise ratio: 0.8
2025-06-17 18:44:09,827 - __main__ - INFO - Namespace(dataset='wiki', seed=0, alpha=0.8, lamda=1, margin=0.9, lambd=5, barycenter_number=1, top_k=10, warm_up_epoch=0, MAX_EPOCH=100, batch_size=256, output_dim=512, lr=0.0001, noisy_ratio=0.8, noise_mode='sym', GPU=1, hard_weight=True, noisy_train=True, logging='wiki_ablation')
2025-06-17 18:47:12,221 - __main__ - INFO - ...Image to Text MAP = 0.4364850272511103
2025-06-17 18:47:12,328 - __main__ - INFO - ...Text to Image MAP = 0.42098851852972813
2025-06-17 18:47:12,328 - __main__ - INFO - ...Average MAP = 0.4287367728904192
2025-06-17 18:47:20,054 - __main__ - INFO - Noise ratio: 0.8
2025-06-17 18:47:20,055 - __main__ - INFO - Namespace(dataset='wiki', seed=0, alpha=0.0, lamda=1, margin=0.9, lambd=5, barycenter_number=1, top_k=10, warm_up_epoch=0, MAX_EPOCH=100, batch_size=256, output_dim=512, lr=0.0001, noisy_ratio=0.8, noise_mode='sym', GPU=1, hard_weight=True, noisy_train=True, logging='wiki_ablation')
2025-06-17 18:50:39,975 - __main__ - INFO - ...Image to Text MAP = 0.1853795077259758
2025-06-17 18:50:40,182 - __main__ - INFO - ...Text to Image MAP = 0.20021975652408944
2025-06-17 18:50:40,185 - __main__ - INFO - ...Average MAP = 0.19279963212503262
2025-06-17 18:50:48,683 - __main__ - INFO - Noise ratio: 0.8
2025-06-17 18:50:48,683 - __main__ - INFO - Namespace(dataset='wiki', seed=0, alpha=0.8, lamda=1, margin=0.9, lambd=5, barycenter_number=1, top_k=10, warm_up_epoch=0, MAX_EPOCH=100, batch_size=256, output_dim=512, lr=0.0001, noisy_ratio=0.8, noise_mode='sym', GPU=1, hard_weight=True, noisy_train=False, logging='wiki_ablation')
2025-06-17 18:52:57,243 - __main__ - INFO - ...Image to Text MAP = 0.39258147249441894
2025-06-17 18:52:57,340 - __main__ - INFO - ...Text to Image MAP = 0.37849691501471316
2025-06-17 18:52:57,341 - __main__ - INFO - ...Average MAP = 0.385539193754566
2025-06-17 18:53:04,350 - __main__ - INFO - Noise ratio: 0.8
2025-06-17 18:53:04,350 - __main__ - INFO - Namespace(dataset='wiki', seed=0, alpha=0.8, lamda=0.0, margin=0.9, lambd=5, barycenter_number=1, top_k=10, warm_up_epoch=0, MAX_EPOCH=100, batch_size=256, output_dim=512, lr=0.0001, noisy_ratio=0.8, noise_mode='sym', GPU=1, hard_weight=True, noisy_train=True, logging='wiki_ablation')
2025-06-17 18:56:37,777 - __main__ - INFO - ...Image to Text MAP = 0.42502400367647264
2025-06-17 18:56:38,002 - __main__ - INFO - ...Text to Image MAP = 0.40843942301265146
2025-06-17 18:56:38,002 - __main__ - INFO - ...Average MAP = 0.41673171334456205
2025-06-17 18:56:45,953 - __main__ - INFO - Noise ratio: 0.8
2025-06-17 18:56:45,953 - __main__ - INFO - Namespace(dataset='wiki', seed=0, alpha=0.8, lamda=1, margin=0.9, lambd=5, barycenter_number=1, top_k=10, warm_up_epoch=0, MAX_EPOCH=100, batch_size=256, output_dim=512, lr=0.0001, noisy_ratio=0.8, noise_mode='sym', GPU=1, hard_weight=False, noisy_train=True, logging='wiki_ablation')
2025-06-17 18:59:54,590 - __main__ - INFO - ...Image to Text MAP = 0.449090748455141
2025-06-17 18:59:54,696 - __main__ - INFO - ...Text to Image MAP = 0.42480933504721763
2025-06-17 18:59:54,697 - __main__ - INFO - ...Average MAP = 0.43695004175117935
2025-06-17 19:00:02,155 - __main__ - INFO - Noise ratio: 0.2
2025-06-17 19:00:02,163 - __main__ - INFO - Namespace(dataset='wiki', seed=0, alpha=0.9, lamda=1, margin=0.9, lambd=5, barycenter_number=1, top_k=10, warm_up_epoch=0, MAX_EPOCH=100, batch_size=256, output_dim=512, lr=0.0001, noisy_ratio=0.2, noise_mode='sym', GPU=1, hard_weight=True, noisy_train=True, logging='wiki_ablation')
2025-06-17 19:03:37,967 - __main__ - INFO - ...Image to Text MAP = 0.5142272421359343
2025-06-17 19:03:38,232 - __main__ - INFO - ...Text to Image MAP = 0.46337791719059274
2025-06-17 19:03:38,233 - __main__ - INFO - ...Average MAP = 0.4888025796632635
2025-06-17 19:03:46,277 - __main__ - INFO - Noise ratio: 0.2
2025-06-17 19:03:46,280 - __main__ - INFO - Namespace(dataset='wiki', seed=0, alpha=0.0, lamda=1, margin=0.9, lambd=5, barycenter_number=1, top_k=10, warm_up_epoch=0, MAX_EPOCH=100, batch_size=256, output_dim=512, lr=0.0001, noisy_ratio=0.2, noise_mode='sym', GPU=1, hard_weight=True, noisy_train=True, logging='wiki_ablation')
2025-06-17 19:06:43,978 - __main__ - INFO - ...Image to Text MAP = 0.38178047757143285
2025-06-17 19:06:44,089 - __main__ - INFO - ...Text to Image MAP = 0.3218737290846003
2025-06-17 19:06:44,090 - __main__ - INFO - ...Average MAP = 0.3518271033280166
2025-06-17 19:06:52,064 - __main__ - INFO - Noise ratio: 0.2
2025-06-17 19:06:52,064 - __main__ - INFO - Namespace(dataset='wiki', seed=0, alpha=0.9, lamda=1, margin=0.9, lambd=5, barycenter_number=1, top_k=10, warm_up_epoch=0, MAX_EPOCH=100, batch_size=256, output_dim=512, lr=0.0001, noisy_ratio=0.2, noise_mode='sym', GPU=1, hard_weight=True, noisy_train=False, logging='wiki_ablation')
2025-06-17 19:10:02,817 - __main__ - INFO - ...Image to Text MAP = 0.5144859717343625
2025-06-17 19:10:02,924 - __main__ - INFO - ...Text to Image MAP = 0.46592912676611226
2025-06-17 19:10:02,925 - __main__ - INFO - ...Average MAP = 0.49020754925023735
2025-06-17 19:10:11,844 - __main__ - INFO - Noise ratio: 0.2
2025-06-17 19:10:11,846 - __main__ - INFO - Namespace(dataset='wiki', seed=0, alpha=0.9, lamda=0.0, margin=0.9, lambd=5, barycenter_number=1, top_k=10, warm_up_epoch=0, MAX_EPOCH=100, batch_size=256, output_dim=512, lr=0.0001, noisy_ratio=0.2, noise_mode='sym', GPU=1, hard_weight=True, noisy_train=True, logging='wiki_ablation')
2025-06-17 19:13:45,930 - __main__ - INFO - ...Image to Text MAP = 0.41739808541549017
2025-06-17 19:13:46,031 - __main__ - INFO - ...Text to Image MAP = 0.39104938651080257
2025-06-17 19:13:46,031 - __main__ - INFO - ...Average MAP = 0.40422373596314637
2025-06-17 19:13:54,679 - __main__ - INFO - Noise ratio: 0.2
2025-06-17 19:13:54,680 - __main__ - INFO - Namespace(dataset='wiki', seed=0, alpha=0.9, lamda=1, margin=0.9, lambd=5, barycenter_number=1, top_k=10, warm_up_epoch=0, MAX_EPOCH=100, batch_size=256, output_dim=512, lr=0.0001, noisy_ratio=0.2, noise_mode='sym', GPU=1, hard_weight=False, noisy_train=True, logging='wiki_ablation')
2025-06-17 19:17:21,098 - __main__ - INFO - ...Image to Text MAP = 0.5156094877760111
2025-06-17 19:17:21,231 - __main__ - INFO - ...Text to Image MAP = 0.46007496322759095
2025-06-17 19:17:21,232 - __main__ - INFO - ...Average MAP = 0.487842225501801
2025-06-17 19:17:28,961 - __main__ - INFO - Noise ratio: 0.4
2025-06-17 19:17:28,963 - __main__ - INFO - Namespace(dataset='wiki', seed=0, alpha=0.9, lamda=1, margin=0.9, lambd=5, barycenter_number=1, top_k=10, warm_up_epoch=0, MAX_EPOCH=100, batch_size=256, output_dim=512, lr=0.0001, noisy_ratio=0.4, noise_mode='sym', GPU=1, hard_weight=True, noisy_train=True, logging='wiki_ablation')
2025-06-17 19:20:29,784 - __main__ - INFO - ...Image to Text MAP = 0.5109392199533199
2025-06-17 19:20:29,885 - __main__ - INFO - ...Text to Image MAP = 0.4772038677867839
2025-06-17 19:20:29,886 - __main__ - INFO - ...Average MAP = 0.4940715438700519
2025-06-17 19:20:37,422 - __main__ - INFO - Noise ratio: 0.4
2025-06-17 19:20:37,428 - __main__ - INFO - Namespace(dataset='wiki', seed=0, alpha=0.0, lamda=1, margin=0.9, lambd=5, barycenter_number=1, top_k=10, warm_up_epoch=0, MAX_EPOCH=100, batch_size=256, output_dim=512, lr=0.0001, noisy_ratio=0.4, noise_mode='sym', GPU=1, hard_weight=True, noisy_train=True, logging='wiki_ablation')
2025-06-17 19:24:19,418 - __main__ - INFO - ...Image to Text MAP = 0.29077649966045316
2025-06-17 19:24:19,751 - __main__ - INFO - ...Text to Image MAP = 0.2824036897712542
2025-06-17 19:24:19,811 - __main__ - INFO - ...Average MAP = 0.28659009471585367
2025-06-17 19:24:35,225 - __main__ - INFO - Noise ratio: 0.4
2025-06-17 19:24:35,226 - __main__ - INFO - Namespace(dataset='wiki', seed=0, alpha=0.9, lamda=1, margin=0.9, lambd=5, barycenter_number=1, top_k=10, warm_up_epoch=0, MAX_EPOCH=100, batch_size=256, output_dim=512, lr=0.0001, noisy_ratio=0.4, noise_mode='sym', GPU=1, hard_weight=True, noisy_train=False, logging='wiki_ablation')
2025-06-17 19:27:44,424 - __main__ - INFO - ...Image to Text MAP = 0.4927081057071218
2025-06-17 19:27:44,572 - __main__ - INFO - ...Text to Image MAP = 0.45331419832733355
2025-06-17 19:27:44,573 - __main__ - INFO - ...Average MAP = 0.47301115201722765
2025-06-17 19:27:53,991 - __main__ - INFO - Noise ratio: 0.4
2025-06-17 19:27:53,993 - __main__ - INFO - Namespace(dataset='wiki', seed=0, alpha=0.9, lamda=0.0, margin=0.9, lambd=5, barycenter_number=1, top_k=10, warm_up_epoch=0, MAX_EPOCH=100, batch_size=256, output_dim=512, lr=0.0001, noisy_ratio=0.4, noise_mode='sym', GPU=1, hard_weight=True, noisy_train=True, logging='wiki_ablation')
2025-06-17 19:32:04,636 - __main__ - INFO - ...Image to Text MAP = 0.41996874022356045
2025-06-17 19:32:04,817 - __main__ - INFO - ...Text to Image MAP = 0.3969797598104225
2025-06-17 19:32:04,821 - __main__ - INFO - ...Average MAP = 0.40847425001699145
2025-06-17 19:32:14,593 - __main__ - INFO - Noise ratio: 0.4
2025-06-17 19:32:14,593 - __main__ - INFO - Namespace(dataset='wiki', seed=0, alpha=0.9, lamda=1, margin=0.9, lambd=5, barycenter_number=1, top_k=10, warm_up_epoch=0, MAX_EPOCH=100, batch_size=256, output_dim=512, lr=0.0001, noisy_ratio=0.4, noise_mode='sym', GPU=1, hard_weight=False, noisy_train=True, logging='wiki_ablation')
2025-06-17 19:35:32,431 - __main__ - INFO - ...Image to Text MAP = 0.5057645576537864
2025-06-17 19:35:32,575 - __main__ - INFO - ...Text to Image MAP = 0.45863943020895
2025-06-17 19:35:32,576 - __main__ - INFO - ...Average MAP = 0.4822019939313682
2025-06-17 19:35:39,502 - __main__ - INFO - Noise ratio: 0.6
2025-06-17 19:35:39,504 - __main__ - INFO - Namespace(dataset='wiki', seed=0, alpha=0.9, lamda=1, margin=0.9, lambd=5, barycenter_number=1, top_k=10, warm_up_epoch=0, MAX_EPOCH=100, batch_size=256, output_dim=512, lr=0.0001, noisy_ratio=0.6, noise_mode='sym', GPU=1, hard_weight=True, noisy_train=True, logging='wiki_ablation')
2025-06-17 19:38:58,397 - __main__ - INFO - ...Image to Text MAP = 0.47670085952512986
2025-06-17 19:38:58,494 - __main__ - INFO - ...Text to Image MAP = 0.4549053195276733
2025-06-17 19:38:58,495 - __main__ - INFO - ...Average MAP = 0.4658030895264016
2025-06-17 19:39:05,555 - __main__ - INFO - Noise ratio: 0.6
2025-06-17 19:39:05,556 - __main__ - INFO - Namespace(dataset='wiki', seed=0, alpha=0.0, lamda=1, margin=0.9, lambd=5, barycenter_number=1, top_k=10, warm_up_epoch=0, MAX_EPOCH=100, batch_size=256, output_dim=512, lr=0.0001, noisy_ratio=0.6, noise_mode='sym', GPU=1, hard_weight=True, noisy_train=True, logging='wiki_ablation')
2025-06-17 19:42:31,675 - __main__ - INFO - ...Image to Text MAP = 0.27362404789118344
2025-06-17 19:42:31,763 - __main__ - INFO - ...Text to Image MAP = 0.1993161306808218
2025-06-17 19:42:31,763 - __main__ - INFO - ...Average MAP = 0.2364700892860026
2025-06-17 19:42:38,453 - __main__ - INFO - Noise ratio: 0.6
2025-06-17 19:42:38,454 - __main__ - INFO - Namespace(dataset='wiki', seed=0, alpha=0.9, lamda=1, margin=0.9, lambd=5, barycenter_number=1, top_k=10, warm_up_epoch=0, MAX_EPOCH=100, batch_size=256, output_dim=512, lr=0.0001, noisy_ratio=0.6, noise_mode='sym', GPU=1, hard_weight=True, noisy_train=False, logging='wiki_ablation')
2025-06-17 19:45:06,116 - __main__ - INFO - ...Image to Text MAP = 0.47038061245324103
2025-06-17 19:45:06,247 - __main__ - INFO - ...Text to Image MAP = 0.4308441520084495
2025-06-17 19:45:06,248 - __main__ - INFO - ...Average MAP = 0.45061238223084527
2025-06-17 19:45:14,202 - __main__ - INFO - Noise ratio: 0.6
2025-06-17 19:45:14,202 - __main__ - INFO - Namespace(dataset='wiki', seed=0, alpha=0.9, lamda=0.0, margin=0.9, lambd=5, barycenter_number=1, top_k=10, warm_up_epoch=0, MAX_EPOCH=100, batch_size=256, output_dim=512, lr=0.0001, noisy_ratio=0.6, noise_mode='sym', GPU=1, hard_weight=True, noisy_train=True, logging='wiki_ablation')
2025-06-17 19:48:44,485 - __main__ - INFO - ...Image to Text MAP = 0.4120878636212397
2025-06-17 19:48:44,596 - __main__ - INFO - ...Text to Image MAP = 0.3972478687378702
2025-06-17 19:48:44,596 - __main__ - INFO - ...Average MAP = 0.40466786617955497
2025-06-17 19:48:53,977 - __main__ - INFO - Noise ratio: 0.6
2025-06-17 19:48:53,979 - __main__ - INFO - Namespace(dataset='wiki', seed=0, alpha=0.9, lamda=1, margin=0.9, lambd=5, barycenter_number=1, top_k=10, warm_up_epoch=0, MAX_EPOCH=100, batch_size=256, output_dim=512, lr=0.0001, noisy_ratio=0.6, noise_mode='sym', GPU=1, hard_weight=False, noisy_train=True, logging='wiki_ablation')
2025-06-17 19:52:55,099 - __main__ - INFO - ...Image to Text MAP = 0.4926505650050111
2025-06-17 19:52:55,481 - __main__ - INFO - ...Text to Image MAP = 0.4475393106323173
2025-06-17 19:52:55,482 - __main__ - INFO - ...Average MAP = 0.4700949378186642
2025-06-17 19:53:04,719 - __main__ - INFO - Noise ratio: 0.8
2025-06-17 19:53:04,720 - __main__ - INFO - Namespace(dataset='wiki', seed=0, alpha=0.9, lamda=1, margin=0.9, lambd=5, barycenter_number=1, top_k=10, warm_up_epoch=0, MAX_EPOCH=100, batch_size=256, output_dim=512, lr=0.0001, noisy_ratio=0.8, noise_mode='sym', GPU=1, hard_weight=True, noisy_train=True, logging='wiki_ablation')
2025-06-17 19:56:06,384 - __main__ - INFO - ...Image to Text MAP = 0.43525633659731056
2025-06-17 19:56:06,497 - __main__ - INFO - ...Text to Image MAP = 0.4201035284349175
2025-06-17 19:56:06,497 - __main__ - INFO - ...Average MAP = 0.427679932516114
2025-06-17 19:56:14,374 - __main__ - INFO - Noise ratio: 0.8
2025-06-17 19:56:14,376 - __main__ - INFO - Namespace(dataset='wiki', seed=0, alpha=0.0, lamda=1, margin=0.9, lambd=5, barycenter_number=1, top_k=10, warm_up_epoch=0, MAX_EPOCH=100, batch_size=256, output_dim=512, lr=0.0001, noisy_ratio=0.8, noise_mode='sym', GPU=1, hard_weight=True, noisy_train=True, logging='wiki_ablation')
2025-06-17 20:00:10,020 - __main__ - INFO - ...Image to Text MAP = 0.1853795077259758
2025-06-17 20:00:10,140 - __main__ - INFO - ...Text to Image MAP = 0.20021975652408944
2025-06-17 20:00:10,140 - __main__ - INFO - ...Average MAP = 0.19279963212503262
2025-06-17 20:00:19,289 - __main__ - INFO - Noise ratio: 0.8
2025-06-17 20:00:19,290 - __main__ - INFO - Namespace(dataset='wiki', seed=0, alpha=0.9, lamda=1, margin=0.9, lambd=5, barycenter_number=1, top_k=10, warm_up_epoch=0, MAX_EPOCH=100, batch_size=256, output_dim=512, lr=0.0001, noisy_ratio=0.8, noise_mode='sym', GPU=1, hard_weight=True, noisy_train=False, logging='wiki_ablation')
2025-06-17 20:03:15,802 - __main__ - INFO - ...Image to Text MAP = 0.38147115888562233
2025-06-17 20:03:15,939 - __main__ - INFO - ...Text to Image MAP = 0.3633209547465751
2025-06-17 20:03:15,939 - __main__ - INFO - ...Average MAP = 0.3723960568160987
2025-06-17 20:03:23,838 - __main__ - INFO - Noise ratio: 0.8
2025-06-17 20:03:23,839 - __main__ - INFO - Namespace(dataset='wiki', seed=0, alpha=0.9, lamda=0.0, margin=0.9, lambd=5, barycenter_number=1, top_k=10, warm_up_epoch=0, MAX_EPOCH=100, batch_size=256, output_dim=512, lr=0.0001, noisy_ratio=0.8, noise_mode='sym', GPU=1, hard_weight=True, noisy_train=True, logging='wiki_ablation')
2025-06-17 20:06:53,341 - __main__ - INFO - ...Image to Text MAP = 0.41488236323419475
2025-06-17 20:06:53,471 - __main__ - INFO - ...Text to Image MAP = 0.4081276530534944
2025-06-17 20:06:53,472 - __main__ - INFO - ...Average MAP = 0.4115050081438446
2025-06-17 20:07:01,353 - __main__ - INFO - Noise ratio: 0.8
2025-06-17 20:07:01,353 - __main__ - INFO - Namespace(dataset='wiki', seed=0, alpha=0.9, lamda=1, margin=0.9, lambd=5, barycenter_number=1, top_k=10, warm_up_epoch=0, MAX_EPOCH=100, batch_size=256, output_dim=512, lr=0.0001, noisy_ratio=0.8, noise_mode='sym', GPU=1, hard_weight=False, noisy_train=True, logging='wiki_ablation')
2025-06-17 20:10:47,264 - __main__ - INFO - ...Image to Text MAP = 0.4434051804194766
2025-06-17 20:10:47,350 - __main__ - INFO - ...Text to Image MAP = 0.4262082411730553
2025-06-17 20:10:47,350 - __main__ - INFO - ...Average MAP = 0.4348067107962659
2025-06-17 20:10:54,445 - __main__ - INFO - Noise ratio: 0.2
2025-06-17 20:10:54,448 - __main__ - INFO - Namespace(dataset='wiki', seed=0, alpha=1.0, lamda=1, margin=0.9, lambd=5, barycenter_number=1, top_k=10, warm_up_epoch=0, MAX_EPOCH=100, batch_size=256, output_dim=512, lr=0.0001, noisy_ratio=0.2, noise_mode='sym', GPU=1, hard_weight=True, noisy_train=True, logging='wiki_ablation')
2025-06-17 20:14:56,207 - __main__ - INFO - ...Image to Text MAP = 0.5102041471785257
2025-06-17 20:14:56,325 - __main__ - INFO - ...Text to Image MAP = 0.47062537086178685
2025-06-17 20:14:56,325 - __main__ - INFO - ...Average MAP = 0.4904147590201563
2025-06-17 20:15:06,070 - __main__ - INFO - Noise ratio: 0.2
2025-06-17 20:15:06,072 - __main__ - INFO - Namespace(dataset='wiki', seed=0, alpha=0.0, lamda=1, margin=0.9, lambd=5, barycenter_number=1, top_k=10, warm_up_epoch=0, MAX_EPOCH=100, batch_size=256, output_dim=512, lr=0.0001, noisy_ratio=0.2, noise_mode='sym', GPU=1, hard_weight=True, noisy_train=True, logging='wiki_ablation')
2025-06-17 20:19:00,181 - __main__ - INFO - ...Image to Text MAP = 0.38178047757143285
2025-06-17 20:19:00,275 - __main__ - INFO - ...Text to Image MAP = 0.3218737290846003
2025-06-17 20:19:00,276 - __main__ - INFO - ...Average MAP = 0.3518271033280166
2025-06-17 20:19:08,143 - __main__ - INFO - Noise ratio: 0.2
2025-06-17 20:19:08,143 - __main__ - INFO - Namespace(dataset='wiki', seed=0, alpha=1.0, lamda=1, margin=0.9, lambd=5, barycenter_number=1, top_k=10, warm_up_epoch=0, MAX_EPOCH=100, batch_size=256, output_dim=512, lr=0.0001, noisy_ratio=0.2, noise_mode='sym', GPU=1, hard_weight=True, noisy_train=False, logging='wiki_ablation')
2025-06-17 20:22:35,256 - __main__ - INFO - ...Image to Text MAP = 0.5196205876711408
2025-06-17 20:22:35,516 - __main__ - INFO - ...Text to Image MAP = 0.4781490203840668
2025-06-17 20:22:35,519 - __main__ - INFO - ...Average MAP = 0.4988848040276038
2025-06-17 20:22:42,084 - __main__ - INFO - Noise ratio: 0.2
2025-06-17 20:22:42,085 - __main__ - INFO - Namespace(dataset='wiki', seed=0, alpha=1.0, lamda=0.0, margin=0.9, lambd=5, barycenter_number=1, top_k=10, warm_up_epoch=0, MAX_EPOCH=100, batch_size=256, output_dim=512, lr=0.0001, noisy_ratio=0.2, noise_mode='sym', GPU=1, hard_weight=True, noisy_train=True, logging='wiki_ablation')
2025-06-17 20:26:08,983 - __main__ - INFO - ...Image to Text MAP = 0.41303594528127974
2025-06-17 20:26:09,066 - __main__ - INFO - ...Text to Image MAP = 0.3925328846889069
2025-06-17 20:26:09,066 - __main__ - INFO - ...Average MAP = 0.4027844149850933
2025-06-17 20:26:15,587 - __main__ - INFO - Noise ratio: 0.2
2025-06-17 20:26:15,587 - __main__ - INFO - Namespace(dataset='wiki', seed=0, alpha=1.0, lamda=1, margin=0.9, lambd=5, barycenter_number=1, top_k=10, warm_up_epoch=0, MAX_EPOCH=100, batch_size=256, output_dim=512, lr=0.0001, noisy_ratio=0.2, noise_mode='sym', GPU=1, hard_weight=False, noisy_train=True, logging='wiki_ablation')
2025-06-17 20:29:44,223 - __main__ - INFO - ...Image to Text MAP = 0.5072033260727469
2025-06-17 20:29:44,344 - __main__ - INFO - ...Text to Image MAP = 0.45450690311242503
2025-06-17 20:29:44,344 - __main__ - INFO - ...Average MAP = 0.48085511459258595
2025-06-17 20:29:53,454 - __main__ - INFO - Noise ratio: 0.4
2025-06-17 20:29:53,457 - __main__ - INFO - Namespace(dataset='wiki', seed=0, alpha=1.0, lamda=1, margin=0.9, lambd=5, barycenter_number=1, top_k=10, warm_up_epoch=0, MAX_EPOCH=100, batch_size=256, output_dim=512, lr=0.0001, noisy_ratio=0.4, noise_mode='sym', GPU=1, hard_weight=True, noisy_train=True, logging='wiki_ablation')
2025-06-17 20:33:14,122 - __main__ - INFO - ...Image to Text MAP = 0.5146502515795965
2025-06-17 20:33:14,243 - __main__ - INFO - ...Text to Image MAP = 0.468218016534054
2025-06-17 20:33:14,244 - __main__ - INFO - ...Average MAP = 0.49143413405682523
2025-06-17 20:33:23,596 - __main__ - INFO - Noise ratio: 0.4
2025-06-17 20:33:23,599 - __main__ - INFO - Namespace(dataset='wiki', seed=0, alpha=0.0, lamda=1, margin=0.9, lambd=5, barycenter_number=1, top_k=10, warm_up_epoch=0, MAX_EPOCH=100, batch_size=256, output_dim=512, lr=0.0001, noisy_ratio=0.4, noise_mode='sym', GPU=1, hard_weight=True, noisy_train=True, logging='wiki_ablation')
2025-06-17 20:36:48,933 - __main__ - INFO - ...Image to Text MAP = 0.29077649966045316
2025-06-17 20:36:49,181 - __main__ - INFO - ...Text to Image MAP = 0.2824036897712542
2025-06-17 20:36:49,182 - __main__ - INFO - ...Average MAP = 0.28659009471585367
2025-06-17 20:36:57,597 - __main__ - INFO - Noise ratio: 0.4
2025-06-17 20:36:57,598 - __main__ - INFO - Namespace(dataset='wiki', seed=0, alpha=1.0, lamda=1, margin=0.9, lambd=5, barycenter_number=1, top_k=10, warm_up_epoch=0, MAX_EPOCH=100, batch_size=256, output_dim=512, lr=0.0001, noisy_ratio=0.4, noise_mode='sym', GPU=1, hard_weight=True, noisy_train=False, logging='wiki_ablation')
2025-06-17 20:39:39,977 - __main__ - INFO - ...Image to Text MAP = 0.4958697027389399
2025-06-17 20:39:40,197 - __main__ - INFO - ...Text to Image MAP = 0.44991009662128445
2025-06-17 20:39:40,198 - __main__ - INFO - ...Average MAP = 0.4728898996801122
2025-06-17 20:39:48,953 - __main__ - INFO - Noise ratio: 0.4
2025-06-17 20:39:48,954 - __main__ - INFO - Namespace(dataset='wiki', seed=0, alpha=1.0, lamda=0.0, margin=0.9, lambd=5, barycenter_number=1, top_k=10, warm_up_epoch=0, MAX_EPOCH=100, batch_size=256, output_dim=512, lr=0.0001, noisy_ratio=0.4, noise_mode='sym', GPU=1, hard_weight=True, noisy_train=True, logging='wiki_ablation')
2025-06-17 20:43:17,716 - __main__ - INFO - ...Image to Text MAP = 0.4153627929273285
2025-06-17 20:43:17,830 - __main__ - INFO - ...Text to Image MAP = 0.39341420231911783
2025-06-17 20:43:17,831 - __main__ - INFO - ...Average MAP = 0.40438849762322315
2025-06-17 20:43:26,857 - __main__ - INFO - Noise ratio: 0.4
2025-06-17 20:43:26,860 - __main__ - INFO - Namespace(dataset='wiki', seed=0, alpha=1.0, lamda=1, margin=0.9, lambd=5, barycenter_number=1, top_k=10, warm_up_epoch=0, MAX_EPOCH=100, batch_size=256, output_dim=512, lr=0.0001, noisy_ratio=0.4, noise_mode='sym', GPU=1, hard_weight=False, noisy_train=True, logging='wiki_ablation')
2025-06-17 20:46:58,549 - __main__ - INFO - ...Image to Text MAP = 0.5187162110817529
2025-06-17 20:46:58,651 - __main__ - INFO - ...Text to Image MAP = 0.4622538805028347
2025-06-17 20:46:58,651 - __main__ - INFO - ...Average MAP = 0.4904850457922938
2025-06-17 20:47:07,115 - __main__ - INFO - Noise ratio: 0.6
2025-06-17 20:47:07,118 - __main__ - INFO - Namespace(dataset='wiki', seed=0, alpha=1.0, lamda=1, margin=0.9, lambd=5, barycenter_number=1, top_k=10, warm_up_epoch=0, MAX_EPOCH=100, batch_size=256, output_dim=512, lr=0.0001, noisy_ratio=0.6, noise_mode='sym', GPU=1, hard_weight=True, noisy_train=True, logging='wiki_ablation')
2025-06-17 20:50:49,771 - __main__ - INFO - ...Image to Text MAP = 0.4770241598925286
2025-06-17 20:50:50,066 - __main__ - INFO - ...Text to Image MAP = 0.45267886615970454
2025-06-17 20:50:50,072 - __main__ - INFO - ...Average MAP = 0.4648515130261166
2025-06-17 20:50:58,968 - __main__ - INFO - Noise ratio: 0.6
2025-06-17 20:50:58,971 - __main__ - INFO - Namespace(dataset='wiki', seed=0, alpha=0.0, lamda=1, margin=0.9, lambd=5, barycenter_number=1, top_k=10, warm_up_epoch=0, MAX_EPOCH=100, batch_size=256, output_dim=512, lr=0.0001, noisy_ratio=0.6, noise_mode='sym', GPU=1, hard_weight=True, noisy_train=True, logging='wiki_ablation')
2025-06-17 20:54:54,179 - __main__ - INFO - ...Image to Text MAP = 0.27362404789118344
2025-06-17 20:54:54,390 - __main__ - INFO - ...Text to Image MAP = 0.1993161306808218
2025-06-17 20:54:54,390 - __main__ - INFO - ...Average MAP = 0.2364700892860026
2025-06-17 20:55:04,512 - __main__ - INFO - Noise ratio: 0.6
2025-06-17 20:55:04,513 - __main__ - INFO - Namespace(dataset='wiki', seed=0, alpha=1.0, lamda=1, margin=0.9, lambd=5, barycenter_number=1, top_k=10, warm_up_epoch=0, MAX_EPOCH=100, batch_size=256, output_dim=512, lr=0.0001, noisy_ratio=0.6, noise_mode='sym', GPU=1, hard_weight=True, noisy_train=False, logging='wiki_ablation')
2025-06-17 20:58:02,203 - __main__ - INFO - ...Image to Text MAP = 0.46857728428966955
2025-06-17 20:58:02,354 - __main__ - INFO - ...Text to Image MAP = 0.4252130104892513
2025-06-17 20:58:02,355 - __main__ - INFO - ...Average MAP = 0.44689514738946046
2025-06-17 20:58:11,318 - __main__ - INFO - Noise ratio: 0.6
2025-06-17 20:58:11,319 - __main__ - INFO - Namespace(dataset='wiki', seed=0, alpha=1.0, lamda=0.0, margin=0.9, lambd=5, barycenter_number=1, top_k=10, warm_up_epoch=0, MAX_EPOCH=100, batch_size=256, output_dim=512, lr=0.0001, noisy_ratio=0.6, noise_mode='sym', GPU=1, hard_weight=True, noisy_train=True, logging='wiki_ablation')
2025-06-17 21:01:59,937 - __main__ - INFO - ...Image to Text MAP = 0.4152129959016955
2025-06-17 21:02:00,055 - __main__ - INFO - ...Text to Image MAP = 0.3936366194291933
2025-06-17 21:02:00,055 - __main__ - INFO - ...Average MAP = 0.4044248076654444
2025-06-17 21:02:10,473 - __main__ - INFO - Noise ratio: 0.6
2025-06-17 21:02:10,475 - __main__ - INFO - Namespace(dataset='wiki', seed=0, alpha=1.0, lamda=1, margin=0.9, lambd=5, barycenter_number=1, top_k=10, warm_up_epoch=0, MAX_EPOCH=100, batch_size=256, output_dim=512, lr=0.0001, noisy_ratio=0.6, noise_mode='sym', GPU=1, hard_weight=False, noisy_train=True, logging='wiki_ablation')
2025-06-17 21:05:57,366 - __main__ - INFO - ...Image to Text MAP = 0.48851084140155865
2025-06-17 21:05:57,468 - __main__ - INFO - ...Text to Image MAP = 0.4458539412073058
2025-06-17 21:05:57,468 - __main__ - INFO - ...Average MAP = 0.46718239130443223
2025-06-17 21:06:04,261 - __main__ - INFO - Noise ratio: 0.8
2025-06-17 21:06:04,263 - __main__ - INFO - Namespace(dataset='wiki', seed=0, alpha=1.0, lamda=1, margin=0.9, lambd=5, barycenter_number=1, top_k=10, warm_up_epoch=0, MAX_EPOCH=100, batch_size=256, output_dim=512, lr=0.0001, noisy_ratio=0.8, noise_mode='sym', GPU=1, hard_weight=True, noisy_train=True, logging='wiki_ablation')
2025-06-17 21:08:58,002 - __main__ - INFO - ...Image to Text MAP = 0.43108484335896086
2025-06-17 21:08:58,102 - __main__ - INFO - ...Text to Image MAP = 0.41766282966917856
2025-06-17 21:08:58,103 - __main__ - INFO - ...Average MAP = 0.4243738365140697
2025-06-17 21:09:04,776 - __main__ - INFO - Noise ratio: 0.8
2025-06-17 21:09:04,778 - __main__ - INFO - Namespace(dataset='wiki', seed=0, alpha=0.0, lamda=1, margin=0.9, lambd=5, barycenter_number=1, top_k=10, warm_up_epoch=0, MAX_EPOCH=100, batch_size=256, output_dim=512, lr=0.0001, noisy_ratio=0.8, noise_mode='sym', GPU=1, hard_weight=True, noisy_train=True, logging='wiki_ablation')
2025-06-17 21:12:47,396 - __main__ - INFO - ...Image to Text MAP = 0.1853795077259758
2025-06-17 21:12:47,521 - __main__ - INFO - ...Text to Image MAP = 0.20021975652408944
2025-06-17 21:12:47,522 - __main__ - INFO - ...Average MAP = 0.19279963212503262
2025-06-17 21:12:56,367 - __main__ - INFO - Noise ratio: 0.8
2025-06-17 21:12:56,368 - __main__ - INFO - Namespace(dataset='wiki', seed=0, alpha=1.0, lamda=1, margin=0.9, lambd=5, barycenter_number=1, top_k=10, warm_up_epoch=0, MAX_EPOCH=100, batch_size=256, output_dim=512, lr=0.0001, noisy_ratio=0.8, noise_mode='sym', GPU=1, hard_weight=True, noisy_train=False, logging='wiki_ablation')
2025-06-17 21:15:38,724 - __main__ - INFO - ...Image to Text MAP = 0.35976762394740763
2025-06-17 21:15:38,814 - __main__ - INFO - ...Text to Image MAP = 0.34552219521299615
2025-06-17 21:15:38,814 - __main__ - INFO - ...Average MAP = 0.3526449095802019
2025-06-17 21:15:46,166 - __main__ - INFO - Noise ratio: 0.8
2025-06-17 21:15:46,166 - __main__ - INFO - Namespace(dataset='wiki', seed=0, alpha=1.0, lamda=0.0, margin=0.9, lambd=5, barycenter_number=1, top_k=10, warm_up_epoch=0, MAX_EPOCH=100, batch_size=256, output_dim=512, lr=0.0001, noisy_ratio=0.8, noise_mode='sym', GPU=1, hard_weight=True, noisy_train=True, logging='wiki_ablation')
2025-06-17 21:18:56,459 - __main__ - INFO - ...Image to Text MAP = 0.4172226806523498
2025-06-17 21:18:56,569 - __main__ - INFO - ...Text to Image MAP = 0.4089901139819966
2025-06-17 21:18:56,570 - __main__ - INFO - ...Average MAP = 0.4131063973171732
2025-06-17 21:19:03,674 - __main__ - INFO - Noise ratio: 0.8
2025-06-17 21:19:03,674 - __main__ - INFO - Namespace(dataset='wiki', seed=0, alpha=1.0, lamda=1, margin=0.9, lambd=5, barycenter_number=1, top_k=10, warm_up_epoch=0, MAX_EPOCH=100, batch_size=256, output_dim=512, lr=0.0001, noisy_ratio=0.8, noise_mode='sym', GPU=1, hard_weight=False, noisy_train=True, logging='wiki_ablation')
2025-06-17 21:22:29,081 - __main__ - INFO - ...Image to Text MAP = 0.4408152256261448
2025-06-17 21:22:29,178 - __main__ - INFO - ...Text to Image MAP = 0.421363212552726
2025-06-17 21:22:29,179 - __main__ - INFO - ...Average MAP = 0.4310892190894354
2025-06-17 21:22:36,575 - __main__ - INFO - Noise ratio: 0.2
2025-06-17 21:22:36,577 - __main__ - INFO - Namespace(dataset='wiki', seed=0, alpha=2.0, lamda=1, margin=0.9, lambd=5, barycenter_number=1, top_k=10, warm_up_epoch=0, MAX_EPOCH=100, batch_size=256, output_dim=512, lr=0.0001, noisy_ratio=0.2, noise_mode='sym', GPU=1, hard_weight=True, noisy_train=True, logging='wiki_ablation')
2025-06-17 21:26:10,058 - __main__ - INFO - ...Image to Text MAP = 0.5152422186071047
2025-06-17 21:26:10,262 - __main__ - INFO - ...Text to Image MAP = 0.47743253111022443
2025-06-17 21:26:10,272 - __main__ - INFO - ...Average MAP = 0.4963373748586646
2025-06-17 21:26:19,093 - __main__ - INFO - Noise ratio: 0.2
2025-06-17 21:26:19,095 - __main__ - INFO - Namespace(dataset='wiki', seed=0, alpha=0.0, lamda=1, margin=0.9, lambd=5, barycenter_number=1, top_k=10, warm_up_epoch=0, MAX_EPOCH=100, batch_size=256, output_dim=512, lr=0.0001, noisy_ratio=0.2, noise_mode='sym', GPU=1, hard_weight=True, noisy_train=True, logging='wiki_ablation')
2025-06-17 21:29:50,950 - __main__ - INFO - ...Image to Text MAP = 0.38178047757143285
2025-06-17 21:29:51,051 - __main__ - INFO - ...Text to Image MAP = 0.3218737290846003
2025-06-17 21:29:51,051 - __main__ - INFO - ...Average MAP = 0.3518271033280166
2025-06-17 21:29:58,919 - __main__ - INFO - Noise ratio: 0.2
2025-06-17 21:29:58,919 - __main__ - INFO - Namespace(dataset='wiki', seed=0, alpha=2.0, lamda=1, margin=0.9, lambd=5, barycenter_number=1, top_k=10, warm_up_epoch=0, MAX_EPOCH=100, batch_size=256, output_dim=512, lr=0.0001, noisy_ratio=0.2, noise_mode='sym', GPU=1, hard_weight=True, noisy_train=False, logging='wiki_ablation')
2025-06-17 21:33:01,979 - __main__ - INFO - ...Image to Text MAP = 0.5159622484088294
2025-06-17 21:33:02,124 - __main__ - INFO - ...Text to Image MAP = 0.4749962801410764
2025-06-17 21:33:02,124 - __main__ - INFO - ...Average MAP = 0.4954792642749529
2025-06-17 21:33:10,480 - __main__ - INFO - Noise ratio: 0.2
2025-06-17 21:33:10,481 - __main__ - INFO - Namespace(dataset='wiki', seed=0, alpha=2.0, lamda=0.0, margin=0.9, lambd=5, barycenter_number=1, top_k=10, warm_up_epoch=0, MAX_EPOCH=100, batch_size=256, output_dim=512, lr=0.0001, noisy_ratio=0.2, noise_mode='sym', GPU=1, hard_weight=True, noisy_train=True, logging='wiki_ablation')
2025-06-17 21:36:47,673 - __main__ - INFO - ...Image to Text MAP = 0.40828142282096314
2025-06-17 21:36:47,812 - __main__ - INFO - ...Text to Image MAP = 0.39021771279439194
2025-06-17 21:36:47,812 - __main__ - INFO - ...Average MAP = 0.3992495678076775
2025-06-17 21:36:55,132 - __main__ - INFO - Noise ratio: 0.2
2025-06-17 21:36:55,132 - __main__ - INFO - Namespace(dataset='wiki', seed=0, alpha=2.0, lamda=1, margin=0.9, lambd=5, barycenter_number=1, top_k=10, warm_up_epoch=0, MAX_EPOCH=100, batch_size=256, output_dim=512, lr=0.0001, noisy_ratio=0.2, noise_mode='sym', GPU=1, hard_weight=False, noisy_train=True, logging='wiki_ablation')
2025-06-17 21:40:22,460 - __main__ - INFO - ...Image to Text MAP = 0.5106470206915911
2025-06-17 21:40:22,586 - __main__ - INFO - ...Text to Image MAP = 0.47878089643195965
2025-06-17 21:40:22,587 - __main__ - INFO - ...Average MAP = 0.49471395856177536
2025-06-17 21:40:29,840 - __main__ - INFO - Noise ratio: 0.4
2025-06-17 21:40:29,842 - __main__ - INFO - Namespace(dataset='wiki', seed=0, alpha=2.0, lamda=1, margin=0.9, lambd=5, barycenter_number=1, top_k=10, warm_up_epoch=0, MAX_EPOCH=100, batch_size=256, output_dim=512, lr=0.0001, noisy_ratio=0.4, noise_mode='sym', GPU=1, hard_weight=True, noisy_train=True, logging='wiki_ablation')
2025-06-17 21:44:35,687 - __main__ - INFO - ...Image to Text MAP = 0.47763156938301465
2025-06-17 21:44:35,789 - __main__ - INFO - ...Text to Image MAP = 0.44533614698975044
2025-06-17 21:44:35,790 - __main__ - INFO - ...Average MAP = 0.46148385818638255
2025-06-17 21:44:45,211 - __main__ - INFO - Noise ratio: 0.4
2025-06-17 21:44:45,215 - __main__ - INFO - Namespace(dataset='wiki', seed=0, alpha=0.0, lamda=1, margin=0.9, lambd=5, barycenter_number=1, top_k=10, warm_up_epoch=0, MAX_EPOCH=100, batch_size=256, output_dim=512, lr=0.0001, noisy_ratio=0.4, noise_mode='sym', GPU=1, hard_weight=True, noisy_train=True, logging='wiki_ablation')
2025-06-17 21:48:22,775 - __main__ - INFO - ...Image to Text MAP = 0.29077649966045316
2025-06-17 21:48:22,873 - __main__ - INFO - ...Text to Image MAP = 0.2824036897712542
2025-06-17 21:48:22,873 - __main__ - INFO - ...Average MAP = 0.28659009471585367
2025-06-17 21:48:30,261 - __main__ - INFO - Noise ratio: 0.4
2025-06-17 21:48:30,261 - __main__ - INFO - Namespace(dataset='wiki', seed=0, alpha=2.0, lamda=1, margin=0.9, lambd=5, barycenter_number=1, top_k=10, warm_up_epoch=0, MAX_EPOCH=100, batch_size=256, output_dim=512, lr=0.0001, noisy_ratio=0.4, noise_mode='sym', GPU=1, hard_weight=True, noisy_train=False, logging='wiki_ablation')
2025-06-17 21:51:30,791 - __main__ - INFO - ...Image to Text MAP = 0.4687630210871908
2025-06-17 21:51:30,892 - __main__ - INFO - ...Text to Image MAP = 0.43762020584889866
2025-06-17 21:51:30,892 - __main__ - INFO - ...Average MAP = 0.4531916134680447
2025-06-17 21:51:39,168 - __main__ - INFO - Noise ratio: 0.4
2025-06-17 21:51:39,168 - __main__ - INFO - Namespace(dataset='wiki', seed=0, alpha=2.0, lamda=0.0, margin=0.9, lambd=5, barycenter_number=1, top_k=10, warm_up_epoch=0, MAX_EPOCH=100, batch_size=256, output_dim=512, lr=0.0001, noisy_ratio=0.4, noise_mode='sym', GPU=1, hard_weight=True, noisy_train=True, logging='wiki_ablation')
2025-06-17 21:55:35,555 - __main__ - INFO - ...Image to Text MAP = 0.4180890867747755
2025-06-17 21:55:35,770 - __main__ - INFO - ...Text to Image MAP = 0.3956541930196679
2025-06-17 21:55:35,782 - __main__ - INFO - ...Average MAP = 0.40687163989722175
2025-06-17 21:55:45,588 - __main__ - INFO - Noise ratio: 0.4
2025-06-17 21:55:45,589 - __main__ - INFO - Namespace(dataset='wiki', seed=0, alpha=2.0, lamda=1, margin=0.9, lambd=5, barycenter_number=1, top_k=10, warm_up_epoch=0, MAX_EPOCH=100, batch_size=256, output_dim=512, lr=0.0001, noisy_ratio=0.4, noise_mode='sym', GPU=1, hard_weight=False, noisy_train=True, logging='wiki_ablation')
2025-06-17 21:59:36,154 - __main__ - INFO - ...Image to Text MAP = 0.49116737059868393
2025-06-17 21:59:36,250 - __main__ - INFO - ...Text to Image MAP = 0.45764791027409
2025-06-17 21:59:36,251 - __main__ - INFO - ...Average MAP = 0.47440764043638695
2025-06-17 21:59:45,860 - __main__ - INFO - Noise ratio: 0.6
2025-06-17 21:59:45,862 - __main__ - INFO - Namespace(dataset='wiki', seed=0, alpha=2.0, lamda=1, margin=0.9, lambd=5, barycenter_number=1, top_k=10, warm_up_epoch=0, MAX_EPOCH=100, batch_size=256, output_dim=512, lr=0.0001, noisy_ratio=0.6, noise_mode='sym', GPU=1, hard_weight=True, noisy_train=True, logging='wiki_ablation')
2025-06-17 22:03:58,393 - __main__ - INFO - ...Image to Text MAP = 0.4358699916651515
2025-06-17 22:03:58,660 - __main__ - INFO - ...Text to Image MAP = 0.41968009197460393
2025-06-17 22:03:58,662 - __main__ - INFO - ...Average MAP = 0.4277750418198777
2025-06-17 22:04:07,066 - __main__ - INFO - Noise ratio: 0.6
2025-06-17 22:04:07,068 - __main__ - INFO - Namespace(dataset='wiki', seed=0, alpha=0.0, lamda=1, margin=0.9, lambd=5, barycenter_number=1, top_k=10, warm_up_epoch=0, MAX_EPOCH=100, batch_size=256, output_dim=512, lr=0.0001, noisy_ratio=0.6, noise_mode='sym', GPU=1, hard_weight=True, noisy_train=True, logging='wiki_ablation')
2025-06-17 22:07:55,407 - __main__ - INFO - ...Image to Text MAP = 0.27362404789118344
2025-06-17 22:07:55,505 - __main__ - INFO - ...Text to Image MAP = 0.1993161306808218
2025-06-17 22:07:55,506 - __main__ - INFO - ...Average MAP = 0.2364700892860026
2025-06-17 22:08:03,634 - __main__ - INFO - Noise ratio: 0.6
2025-06-17 22:08:03,634 - __main__ - INFO - Namespace(dataset='wiki', seed=0, alpha=2.0, lamda=1, margin=0.9, lambd=5, barycenter_number=1, top_k=10, warm_up_epoch=0, MAX_EPOCH=100, batch_size=256, output_dim=512, lr=0.0001, noisy_ratio=0.6, noise_mode='sym', GPU=1, hard_weight=True, noisy_train=False, logging='wiki_ablation')
2025-06-17 22:10:50,278 - __main__ - INFO - ...Image to Text MAP = 0.37959374873338014
2025-06-17 22:10:50,390 - __main__ - INFO - ...Text to Image MAP = 0.35279382123285746
2025-06-17 22:10:50,391 - __main__ - INFO - ...Average MAP = 0.36619378498311883
2025-06-17 22:10:58,704 - __main__ - INFO - Noise ratio: 0.6
2025-06-17 22:10:58,704 - __main__ - INFO - Namespace(dataset='wiki', seed=0, alpha=2.0, lamda=0.0, margin=0.9, lambd=5, barycenter_number=1, top_k=10, warm_up_epoch=0, MAX_EPOCH=100, batch_size=256, output_dim=512, lr=0.0001, noisy_ratio=0.6, noise_mode='sym', GPU=1, hard_weight=True, noisy_train=True, logging='wiki_ablation')
2025-06-17 22:14:58,958 - __main__ - INFO - ...Image to Text MAP = 0.4221930432699597
2025-06-17 22:14:59,203 - __main__ - INFO - ...Text to Image MAP = 0.40056273066433085
2025-06-17 22:14:59,204 - __main__ - INFO - ...Average MAP = 0.4113778869671453
2025-06-17 22:15:07,162 - __main__ - INFO - Noise ratio: 0.6
2025-06-17 22:15:07,162 - __main__ - INFO - Namespace(dataset='wiki', seed=0, alpha=2.0, lamda=1, margin=0.9, lambd=5, barycenter_number=1, top_k=10, warm_up_epoch=0, MAX_EPOCH=100, batch_size=256, output_dim=512, lr=0.0001, noisy_ratio=0.6, noise_mode='sym', GPU=1, hard_weight=False, noisy_train=True, logging='wiki_ablation')
2025-06-17 22:17:52,500 - __main__ - INFO - ...Image to Text MAP = 0.4447523814328462
2025-06-17 22:17:52,720 - __main__ - INFO - ...Text to Image MAP = 0.42634216221007554
2025-06-17 22:17:52,721 - __main__ - INFO - ...Average MAP = 0.43554727182146086
2025-06-17 22:17:59,882 - __main__ - INFO - Noise ratio: 0.8
2025-06-17 22:17:59,883 - __main__ - INFO - Namespace(dataset='wiki', seed=0, alpha=2.0, lamda=1, margin=0.9, lambd=5, barycenter_number=1, top_k=10, warm_up_epoch=0, MAX_EPOCH=100, batch_size=256, output_dim=512, lr=0.0001, noisy_ratio=0.8, noise_mode='sym', GPU=1, hard_weight=True, noisy_train=True, logging='wiki_ablation')
2025-06-17 22:21:15,211 - __main__ - INFO - ...Image to Text MAP = 0.42811983828390515
2025-06-17 22:21:15,384 - __main__ - INFO - ...Text to Image MAP = 0.4137735538398396
2025-06-17 22:21:15,391 - __main__ - INFO - ...Average MAP = 0.4209466960618724
2025-06-17 22:21:22,489 - __main__ - INFO - Noise ratio: 0.8
2025-06-17 22:21:22,492 - __main__ - INFO - Namespace(dataset='wiki', seed=0, alpha=0.0, lamda=1, margin=0.9, lambd=5, barycenter_number=1, top_k=10, warm_up_epoch=0, MAX_EPOCH=100, batch_size=256, output_dim=512, lr=0.0001, noisy_ratio=0.8, noise_mode='sym', GPU=1, hard_weight=True, noisy_train=True, logging='wiki_ablation')
2025-06-17 22:24:42,143 - __main__ - INFO - ...Image to Text MAP = 0.1853795077259758
2025-06-17 22:24:42,381 - __main__ - INFO - ...Text to Image MAP = 0.20021975652408944
2025-06-17 22:24:42,382 - __main__ - INFO - ...Average MAP = 0.19279963212503262
2025-06-17 22:24:50,821 - __main__ - INFO - Noise ratio: 0.8
2025-06-17 22:24:50,826 - __main__ - INFO - Namespace(dataset='wiki', seed=0, alpha=2.0, lamda=1, margin=0.9, lambd=5, barycenter_number=1, top_k=10, warm_up_epoch=0, MAX_EPOCH=100, batch_size=256, output_dim=512, lr=0.0001, noisy_ratio=0.8, noise_mode='sym', GPU=1, hard_weight=True, noisy_train=False, logging='wiki_ablation')
2025-06-17 22:26:46,580 - __main__ - INFO - ...Image to Text MAP = 0.3682886272645668
2025-06-17 22:26:46,669 - __main__ - INFO - ...Text to Image MAP = 0.3364663002926908
2025-06-17 22:26:46,669 - __main__ - INFO - ...Average MAP = 0.3523774637786288
2025-06-17 22:26:52,921 - __main__ - INFO - Noise ratio: 0.8
2025-06-17 22:26:52,921 - __main__ - INFO - Namespace(dataset='wiki', seed=0, alpha=2.0, lamda=0.0, margin=0.9, lambd=5, barycenter_number=1, top_k=10, warm_up_epoch=0, MAX_EPOCH=100, batch_size=256, output_dim=512, lr=0.0001, noisy_ratio=0.8, noise_mode='sym', GPU=1, hard_weight=True, noisy_train=True, logging='wiki_ablation')
2025-06-17 22:30:14,381 - __main__ - INFO - ...Image to Text MAP = 0.4215023051763827
2025-06-17 22:30:14,490 - __main__ - INFO - ...Text to Image MAP = 0.40654364543662386
2025-06-17 22:30:14,491 - __main__ - INFO - ...Average MAP = 0.4140229753065033
2025-06-17 22:30:23,562 - __main__ - INFO - Noise ratio: 0.8
2025-06-17 22:30:23,565 - __main__ - INFO - Namespace(dataset='wiki', seed=0, alpha=2.0, lamda=1, margin=0.9, lambd=5, barycenter_number=1, top_k=10, warm_up_epoch=0, MAX_EPOCH=100, batch_size=256, output_dim=512, lr=0.0001, noisy_ratio=0.8, noise_mode='sym', GPU=1, hard_weight=False, noisy_train=True, logging='wiki_ablation')
2025-06-17 22:34:05,959 - __main__ - INFO - ...Image to Text MAP = 0.42789469127372504
2025-06-17 22:34:06,056 - __main__ - INFO - ...Text to Image MAP = 0.41088817708796876
2025-06-17 22:34:06,057 - __main__ - INFO - ...Average MAP = 0.4193914341808469
2025-06-17 22:34:13,070 - __main__ - INFO - Noise ratio: 0.2
2025-06-17 22:34:13,072 - __main__ - INFO - Namespace(dataset='wiki', seed=0, alpha=3.0, lamda=1, margin=0.9, lambd=5, barycenter_number=1, top_k=10, warm_up_epoch=0, MAX_EPOCH=100, batch_size=256, output_dim=512, lr=0.0001, noisy_ratio=0.2, noise_mode='sym', GPU=1, hard_weight=True, noisy_train=True, logging='wiki_ablation')
2025-06-17 22:37:37,329 - __main__ - INFO - ...Image to Text MAP = 0.450644429427935
2025-06-17 22:37:37,443 - __main__ - INFO - ...Text to Image MAP = 0.42706835372495566
2025-06-17 22:37:37,444 - __main__ - INFO - ...Average MAP = 0.4388563915764453
2025-06-17 22:37:46,034 - __main__ - INFO - Noise ratio: 0.2
2025-06-17 22:37:46,037 - __main__ - INFO - Namespace(dataset='wiki', seed=0, alpha=0.0, lamda=1, margin=0.9, lambd=5, barycenter_number=1, top_k=10, warm_up_epoch=0, MAX_EPOCH=100, batch_size=256, output_dim=512, lr=0.0001, noisy_ratio=0.2, noise_mode='sym', GPU=1, hard_weight=True, noisy_train=True, logging='wiki_ablation')
2025-06-17 22:41:28,439 - __main__ - INFO - ...Image to Text MAP = 0.38178047757143285
2025-06-17 22:41:28,587 - __main__ - INFO - ...Text to Image MAP = 0.3218737290846003
2025-06-17 22:41:28,598 - __main__ - INFO - ...Average MAP = 0.3518271033280166
2025-06-17 22:41:38,405 - __main__ - INFO - Noise ratio: 0.2
2025-06-17 22:41:38,410 - __main__ - INFO - Namespace(dataset='wiki', seed=0, alpha=3.0, lamda=1, margin=0.9, lambd=5, barycenter_number=1, top_k=10, warm_up_epoch=0, MAX_EPOCH=100, batch_size=256, output_dim=512, lr=0.0001, noisy_ratio=0.2, noise_mode='sym', GPU=1, hard_weight=True, noisy_train=False, logging='wiki_ablation')
2025-06-17 22:44:19,137 - __main__ - INFO - ...Image to Text MAP = 0.47332254262654533
2025-06-17 22:44:19,224 - __main__ - INFO - ...Text to Image MAP = 0.43592722307902965
2025-06-17 22:44:19,225 - __main__ - INFO - ...Average MAP = 0.45462488285278746
2025-06-17 22:44:25,598 - __main__ - INFO - Noise ratio: 0.2
2025-06-17 22:44:25,605 - __main__ - INFO - Namespace(dataset='wiki', seed=0, alpha=3.0, lamda=0.0, margin=0.9, lambd=5, barycenter_number=1, top_k=10, warm_up_epoch=0, MAX_EPOCH=100, batch_size=256, output_dim=512, lr=0.0001, noisy_ratio=0.2, noise_mode='sym', GPU=1, hard_weight=True, noisy_train=True, logging='wiki_ablation')
2025-06-17 22:47:52,010 - __main__ - INFO - ...Image to Text MAP = 0.413886367339032
2025-06-17 22:47:52,114 - __main__ - INFO - ...Text to Image MAP = 0.39369976529927647
2025-06-17 22:47:52,115 - __main__ - INFO - ...Average MAP = 0.40379306631915424
2025-06-17 22:47:59,195 - __main__ - INFO - Noise ratio: 0.2
2025-06-17 22:47:59,196 - __main__ - INFO - Namespace(dataset='wiki', seed=0, alpha=3.0, lamda=1, margin=0.9, lambd=5, barycenter_number=1, top_k=10, warm_up_epoch=0, MAX_EPOCH=100, batch_size=256, output_dim=512, lr=0.0001, noisy_ratio=0.2, noise_mode='sym', GPU=1, hard_weight=False, noisy_train=True, logging='wiki_ablation')
2025-06-17 22:52:05,295 - __main__ - INFO - ...Image to Text MAP = 0.4907843390742773
2025-06-17 22:52:05,522 - __main__ - INFO - ...Text to Image MAP = 0.45121756509316097
2025-06-17 22:52:05,522 - __main__ - INFO - ...Average MAP = 0.47100095208371917
2025-06-17 22:52:12,858 - __main__ - INFO - Noise ratio: 0.4
2025-06-17 22:52:12,861 - __main__ - INFO - Namespace(dataset='wiki', seed=0, alpha=3.0, lamda=1, margin=0.9, lambd=5, barycenter_number=1, top_k=10, warm_up_epoch=0, MAX_EPOCH=100, batch_size=256, output_dim=512, lr=0.0001, noisy_ratio=0.4, noise_mode='sym', GPU=1, hard_weight=True, noisy_train=True, logging='wiki_ablation')
2025-06-17 22:55:26,787 - __main__ - INFO - ...Image to Text MAP = 0.44679037403351096
2025-06-17 22:55:26,924 - __main__ - INFO - ...Text to Image MAP = 0.42399354708180237
2025-06-17 22:55:26,925 - __main__ - INFO - ...Average MAP = 0.43539196055765667
2025-06-17 22:55:35,162 - __main__ - INFO - Noise ratio: 0.4
2025-06-17 22:55:35,163 - __main__ - INFO - Namespace(dataset='wiki', seed=0, alpha=0.0, lamda=1, margin=0.9, lambd=5, barycenter_number=1, top_k=10, warm_up_epoch=0, MAX_EPOCH=100, batch_size=256, output_dim=512, lr=0.0001, noisy_ratio=0.4, noise_mode='sym', GPU=1, hard_weight=True, noisy_train=True, logging='wiki_ablation')
2025-06-17 22:59:15,196 - __main__ - INFO - ...Image to Text MAP = 0.29077649966045316
2025-06-17 22:59:15,296 - __main__ - INFO - ...Text to Image MAP = 0.2824036897712542
2025-06-17 22:59:15,306 - __main__ - INFO - ...Average MAP = 0.28659009471585367
2025-06-17 22:59:24,218 - __main__ - INFO - Noise ratio: 0.4
2025-06-17 22:59:24,219 - __main__ - INFO - Namespace(dataset='wiki', seed=0, alpha=3.0, lamda=1, margin=0.9, lambd=5, barycenter_number=1, top_k=10, warm_up_epoch=0, MAX_EPOCH=100, batch_size=256, output_dim=512, lr=0.0001, noisy_ratio=0.4, noise_mode='sym', GPU=1, hard_weight=True, noisy_train=False, logging='wiki_ablation')
2025-06-17 23:02:32,977 - __main__ - INFO - ...Image to Text MAP = 0.4039443170556102
2025-06-17 23:02:33,214 - __main__ - INFO - ...Text to Image MAP = 0.3818729068918522
2025-06-17 23:02:33,214 - __main__ - INFO - ...Average MAP = 0.39290861197373117
2025-06-17 23:02:39,937 - __main__ - INFO - Noise ratio: 0.4
2025-06-17 23:02:39,937 - __main__ - INFO - Namespace(dataset='wiki', seed=0, alpha=3.0, lamda=0.0, margin=0.9, lambd=5, barycenter_number=1, top_k=10, warm_up_epoch=0, MAX_EPOCH=100, batch_size=256, output_dim=512, lr=0.0001, noisy_ratio=0.4, noise_mode='sym', GPU=1, hard_weight=True, noisy_train=True, logging='wiki_ablation')
2025-06-17 23:05:27,142 - __main__ - INFO - ...Image to Text MAP = 0.4203945060544496
2025-06-17 23:05:27,436 - __main__ - INFO - ...Text to Image MAP = 0.39847563679937176
2025-06-17 23:05:27,437 - __main__ - INFO - ...Average MAP = 0.4094350714269107
2025-06-17 23:05:35,605 - __main__ - INFO - Noise ratio: 0.4
2025-06-17 23:05:35,606 - __main__ - INFO - Namespace(dataset='wiki', seed=0, alpha=3.0, lamda=1, margin=0.9, lambd=5, barycenter_number=1, top_k=10, warm_up_epoch=0, MAX_EPOCH=100, batch_size=256, output_dim=512, lr=0.0001, noisy_ratio=0.4, noise_mode='sym', GPU=1, hard_weight=False, noisy_train=True, logging='wiki_ablation')
2025-06-17 23:09:24,628 - __main__ - INFO - ...Image to Text MAP = 0.4543636926473844
2025-06-17 23:09:24,825 - __main__ - INFO - ...Text to Image MAP = 0.4345294997458729
2025-06-17 23:09:24,826 - __main__ - INFO - ...Average MAP = 0.44444659619662863
2025-06-17 23:09:32,751 - __main__ - INFO - Noise ratio: 0.6
2025-06-17 23:09:32,753 - __main__ - INFO - Namespace(dataset='wiki', seed=0, alpha=3.0, lamda=1, margin=0.9, lambd=5, barycenter_number=1, top_k=10, warm_up_epoch=0, MAX_EPOCH=100, batch_size=256, output_dim=512, lr=0.0001, noisy_ratio=0.6, noise_mode='sym', GPU=1, hard_weight=True, noisy_train=True, logging='wiki_ablation')
2025-06-17 23:13:08,520 - __main__ - INFO - ...Image to Text MAP = 0.43388368490413737
2025-06-17 23:13:08,651 - __main__ - INFO - ...Text to Image MAP = 0.4145323222021924
2025-06-17 23:13:08,652 - __main__ - INFO - ...Average MAP = 0.4242080035531649
2025-06-17 23:13:16,601 - __main__ - INFO - Noise ratio: 0.6
2025-06-17 23:13:16,602 - __main__ - INFO - Namespace(dataset='wiki', seed=0, alpha=0.0, lamda=1, margin=0.9, lambd=5, barycenter_number=1, top_k=10, warm_up_epoch=0, MAX_EPOCH=100, batch_size=256, output_dim=512, lr=0.0001, noisy_ratio=0.6, noise_mode='sym', GPU=1, hard_weight=True, noisy_train=True, logging='wiki_ablation')
2025-06-17 23:16:15,368 - __main__ - INFO - ...Image to Text MAP = 0.27362404789118344
2025-06-17 23:16:15,466 - __main__ - INFO - ...Text to Image MAP = 0.1993161306808218
2025-06-17 23:16:15,467 - __main__ - INFO - ...Average MAP = 0.2364700892860026
2025-06-17 23:16:22,768 - __main__ - INFO - Noise ratio: 0.6
2025-06-17 23:16:22,769 - __main__ - INFO - Namespace(dataset='wiki', seed=0, alpha=3.0, lamda=1, margin=0.9, lambd=5, barycenter_number=1, top_k=10, warm_up_epoch=0, MAX_EPOCH=100, batch_size=256, output_dim=512, lr=0.0001, noisy_ratio=0.6, noise_mode='sym', GPU=1, hard_weight=True, noisy_train=False, logging='wiki_ablation')
2025-06-17 23:19:23,811 - __main__ - INFO - ...Image to Text MAP = 0.36457288713625285
2025-06-17 23:19:23,969 - __main__ - INFO - ...Text to Image MAP = 0.34640622770674423
2025-06-17 23:19:23,970 - __main__ - INFO - ...Average MAP = 0.35548955742149857
2025-06-17 23:19:31,858 - __main__ - INFO - Noise ratio: 0.6
2025-06-17 23:19:31,859 - __main__ - INFO - Namespace(dataset='wiki', seed=0, alpha=3.0, lamda=0.0, margin=0.9, lambd=5, barycenter_number=1, top_k=10, warm_up_epoch=0, MAX_EPOCH=100, batch_size=256, output_dim=512, lr=0.0001, noisy_ratio=0.6, noise_mode='sym', GPU=1, hard_weight=True, noisy_train=True, logging='wiki_ablation')
2025-06-17 23:22:39,899 - __main__ - INFO - ...Image to Text MAP = 0.4177936096095128
2025-06-17 23:22:40,020 - __main__ - INFO - ...Text to Image MAP = 0.3981549380011035
2025-06-17 23:22:40,020 - __main__ - INFO - ...Average MAP = 0.40797427380530815
2025-06-17 23:22:46,697 - __main__ - INFO - Noise ratio: 0.6
2025-06-17 23:22:46,697 - __main__ - INFO - Namespace(dataset='wiki', seed=0, alpha=3.0, lamda=1, margin=0.9, lambd=5, barycenter_number=1, top_k=10, warm_up_epoch=0, MAX_EPOCH=100, batch_size=256, output_dim=512, lr=0.0001, noisy_ratio=0.6, noise_mode='sym', GPU=1, hard_weight=False, noisy_train=True, logging='wiki_ablation')
2025-06-17 23:26:15,106 - __main__ - INFO - ...Image to Text MAP = 0.44035348405531033
2025-06-17 23:26:15,206 - __main__ - INFO - ...Text to Image MAP = 0.422623489999051
2025-06-17 23:26:15,206 - __main__ - INFO - ...Average MAP = 0.4314884870271807
2025-06-17 23:26:23,448 - __main__ - INFO - Noise ratio: 0.8
2025-06-17 23:26:23,449 - __main__ - INFO - Namespace(dataset='wiki', seed=0, alpha=3.0, lamda=1, margin=0.9, lambd=5, barycenter_number=1, top_k=10, warm_up_epoch=0, MAX_EPOCH=100, batch_size=256, output_dim=512, lr=0.0001, noisy_ratio=0.8, noise_mode='sym', GPU=1, hard_weight=True, noisy_train=True, logging='wiki_ablation')
2025-06-17 23:30:40,063 - __main__ - INFO - ...Image to Text MAP = 0.420125494169774
2025-06-17 23:30:40,423 - __main__ - INFO - ...Text to Image MAP = 0.40822718921759804
2025-06-17 23:30:40,424 - __main__ - INFO - ...Average MAP = 0.414176341693686
2025-06-17 23:30:49,896 - __main__ - INFO - Noise ratio: 0.8
2025-06-17 23:30:49,898 - __main__ - INFO - Namespace(dataset='wiki', seed=0, alpha=0.0, lamda=1, margin=0.9, lambd=5, barycenter_number=1, top_k=10, warm_up_epoch=0, MAX_EPOCH=100, batch_size=256, output_dim=512, lr=0.0001, noisy_ratio=0.8, noise_mode='sym', GPU=1, hard_weight=True, noisy_train=True, logging='wiki_ablation')
2025-06-17 23:34:34,582 - __main__ - INFO - ...Image to Text MAP = 0.1853795077259758
2025-06-17 23:34:34,851 - __main__ - INFO - ...Text to Image MAP = 0.20021975652408944
2025-06-17 23:34:34,852 - __main__ - INFO - ...Average MAP = 0.19279963212503262
2025-06-17 23:34:43,668 - __main__ - INFO - Noise ratio: 0.8
2025-06-17 23:34:43,671 - __main__ - INFO - Namespace(dataset='wiki', seed=0, alpha=3.0, lamda=1, margin=0.9, lambd=5, barycenter_number=1, top_k=10, warm_up_epoch=0, MAX_EPOCH=100, batch_size=256, output_dim=512, lr=0.0001, noisy_ratio=0.8, noise_mode='sym', GPU=1, hard_weight=True, noisy_train=False, logging='wiki_ablation')
2025-06-17 23:37:16,397 - __main__ - INFO - ...Image to Text MAP = 0.36528281483744485
2025-06-17 23:37:16,517 - __main__ - INFO - ...Text to Image MAP = 0.3383155021389484
2025-06-17 23:37:16,518 - __main__ - INFO - ...Average MAP = 0.35179915848819665
2025-06-17 23:37:24,021 - __main__ - INFO - Noise ratio: 0.8
2025-06-17 23:37:24,023 - __main__ - INFO - Namespace(dataset='wiki', seed=0, alpha=3.0, lamda=0.0, margin=0.9, lambd=5, barycenter_number=1, top_k=10, warm_up_epoch=0, MAX_EPOCH=100, batch_size=256, output_dim=512, lr=0.0001, noisy_ratio=0.8, noise_mode='sym', GPU=1, hard_weight=True, noisy_train=True, logging='wiki_ablation')
2025-06-17 23:41:29,725 - __main__ - INFO - ...Image to Text MAP = 0.4128886338134347
2025-06-17 23:41:30,033 - __main__ - INFO - ...Text to Image MAP = 0.4030773988752301
2025-06-17 23:41:30,034 - __main__ - INFO - ...Average MAP = 0.4079830163443324
2025-06-17 23:41:38,214 - __main__ - INFO - Noise ratio: 0.8
2025-06-17 23:41:38,216 - __main__ - INFO - Namespace(dataset='wiki', seed=0, alpha=3.0, lamda=1, margin=0.9, lambd=5, barycenter_number=1, top_k=10, warm_up_epoch=0, MAX_EPOCH=100, batch_size=256, output_dim=512, lr=0.0001, noisy_ratio=0.8, noise_mode='sym', GPU=1, hard_weight=False, noisy_train=True, logging='wiki_ablation')
2025-06-17 23:45:25,062 - __main__ - INFO - ...Image to Text MAP = 0.42397261611025
2025-06-17 23:45:25,413 - __main__ - INFO - ...Text to Image MAP = 0.4122596207871247
2025-06-17 23:45:25,425 - __main__ - INFO - ...Average MAP = 0.41811611844868735
2025-06-17 23:45:34,024 - __main__ - INFO - Noise ratio: 0.2
2025-06-17 23:45:34,028 - __main__ - INFO - Namespace(dataset='wiki', seed=1, alpha=0.7, lamda=1, margin=0.9, lambd=5, barycenter_number=1, top_k=10, warm_up_epoch=0, MAX_EPOCH=100, batch_size=256, output_dim=512, lr=0.0001, noisy_ratio=0.2, noise_mode='sym', GPU=1, hard_weight=True, noisy_train=True, logging='wiki_ablation')
2025-06-17 23:49:11,749 - __main__ - INFO - ...Image to Text MAP = 0.5121991023475899
2025-06-17 23:49:11,842 - __main__ - INFO - ...Text to Image MAP = 0.45468798057831483
2025-06-17 23:49:11,843 - __main__ - INFO - ...Average MAP = 0.4834435414629524
2025-06-17 23:49:19,860 - __main__ - INFO - Noise ratio: 0.2
2025-06-17 23:49:19,862 - __main__ - INFO - Namespace(dataset='wiki', seed=1, alpha=0.0, lamda=1, margin=0.9, lambd=5, barycenter_number=1, top_k=10, warm_up_epoch=0, MAX_EPOCH=100, batch_size=256, output_dim=512, lr=0.0001, noisy_ratio=0.2, noise_mode='sym', GPU=1, hard_weight=True, noisy_train=True, logging='wiki_ablation')
2025-06-17 23:53:26,272 - __main__ - INFO - ...Image to Text MAP = 0.41106553478834573
2025-06-17 23:53:26,381 - __main__ - INFO - ...Text to Image MAP = 0.3560600435502839
2025-06-17 23:53:26,382 - __main__ - INFO - ...Average MAP = 0.38356278916931486
2025-06-17 23:53:33,740 - __main__ - INFO - Noise ratio: 0.2
2025-06-17 23:53:33,741 - __main__ - INFO - Namespace(dataset='wiki', seed=1, alpha=0.7, lamda=1, margin=0.9, lambd=5, barycenter_number=1, top_k=10, warm_up_epoch=0, MAX_EPOCH=100, batch_size=256, output_dim=512, lr=0.0001, noisy_ratio=0.2, noise_mode='sym', GPU=1, hard_weight=True, noisy_train=False, logging='wiki_ablation')
2025-06-17 23:56:45,720 - __main__ - INFO - ...Image to Text MAP = 0.5309680733871327
2025-06-17 23:56:45,825 - __main__ - INFO - ...Text to Image MAP = 0.4758037142281536
2025-06-17 23:56:45,826 - __main__ - INFO - ...Average MAP = 0.5033858938076432
2025-06-17 23:56:54,073 - __main__ - INFO - Noise ratio: 0.2
2025-06-17 23:56:54,073 - __main__ - INFO - Namespace(dataset='wiki', seed=1, alpha=0.7, lamda=0.0, margin=0.9, lambd=5, barycenter_number=1, top_k=10, warm_up_epoch=0, MAX_EPOCH=100, batch_size=256, output_dim=512, lr=0.0001, noisy_ratio=0.2, noise_mode='sym', GPU=1, hard_weight=True, noisy_train=True, logging='wiki_ablation')
2025-06-18 00:00:35,062 - __main__ - INFO - ...Image to Text MAP = 0.4106255343708425
2025-06-18 00:00:35,188 - __main__ - INFO - ...Text to Image MAP = 0.3917742828794723
2025-06-18 00:00:35,196 - __main__ - INFO - ...Average MAP = 0.4011999086251574
2025-06-18 00:00:43,157 - __main__ - INFO - Noise ratio: 0.2
2025-06-18 00:00:43,158 - __main__ - INFO - Namespace(dataset='wiki', seed=1, alpha=0.7, lamda=1, margin=0.9, lambd=5, barycenter_number=1, top_k=10, warm_up_epoch=0, MAX_EPOCH=100, batch_size=256, output_dim=512, lr=0.0001, noisy_ratio=0.2, noise_mode='sym', GPU=1, hard_weight=False, noisy_train=True, logging='wiki_ablation')
2025-06-18 00:03:35,207 - __main__ - INFO - ...Image to Text MAP = 0.5129745152033615
2025-06-18 00:03:35,421 - __main__ - INFO - ...Text to Image MAP = 0.4558138555992525
2025-06-18 00:03:35,422 - __main__ - INFO - ...Average MAP = 0.48439418540130696
2025-06-18 00:03:42,987 - __main__ - INFO - Noise ratio: 0.4
2025-06-18 00:03:42,993 - __main__ - INFO - Namespace(dataset='wiki', seed=1, alpha=0.7, lamda=1, margin=0.9, lambd=5, barycenter_number=1, top_k=10, warm_up_epoch=0, MAX_EPOCH=100, batch_size=256, output_dim=512, lr=0.0001, noisy_ratio=0.4, noise_mode='sym', GPU=1, hard_weight=True, noisy_train=True, logging='wiki_ablation')
2025-06-18 00:07:14,078 - __main__ - INFO - ...Image to Text MAP = 0.4950048785217348
2025-06-18 00:07:14,184 - __main__ - INFO - ...Text to Image MAP = 0.4509408660757753
2025-06-18 00:07:14,185 - __main__ - INFO - ...Average MAP = 0.47297287229875506
2025-06-18 00:07:22,133 - __main__ - INFO - Noise ratio: 0.4
2025-06-18 00:07:22,135 - __main__ - INFO - Namespace(dataset='wiki', seed=1, alpha=0.0, lamda=1, margin=0.9, lambd=5, barycenter_number=1, top_k=10, warm_up_epoch=0, MAX_EPOCH=100, batch_size=256, output_dim=512, lr=0.0001, noisy_ratio=0.4, noise_mode='sym', GPU=1, hard_weight=True, noisy_train=True, logging='wiki_ablation')
2025-06-18 00:10:49,348 - __main__ - INFO - ...Image to Text MAP = 0.296918304568817
2025-06-18 00:10:49,435 - __main__ - INFO - ...Text to Image MAP = 0.29711448254807016
2025-06-18 00:10:49,436 - __main__ - INFO - ...Average MAP = 0.29701639355844356
2025-06-18 00:10:58,647 - __main__ - INFO - Noise ratio: 0.4
2025-06-18 00:10:58,652 - __main__ - INFO - Namespace(dataset='wiki', seed=1, alpha=0.7, lamda=1, margin=0.9, lambd=5, barycenter_number=1, top_k=10, warm_up_epoch=0, MAX_EPOCH=100, batch_size=256, output_dim=512, lr=0.0001, noisy_ratio=0.4, noise_mode='sym', GPU=1, hard_weight=True, noisy_train=False, logging='wiki_ablation')
2025-06-18 00:13:42,583 - __main__ - INFO - ...Image to Text MAP = 0.5050088109246795
2025-06-18 00:13:42,709 - __main__ - INFO - ...Text to Image MAP = 0.4448671492002247
2025-06-18 00:13:42,710 - __main__ - INFO - ...Average MAP = 0.47493798006245214
2025-06-18 00:13:51,634 - __main__ - INFO - Noise ratio: 0.4
2025-06-18 00:13:51,635 - __main__ - INFO - Namespace(dataset='wiki', seed=1, alpha=0.7, lamda=0.0, margin=0.9, lambd=5, barycenter_number=1, top_k=10, warm_up_epoch=0, MAX_EPOCH=100, batch_size=256, output_dim=512, lr=0.0001, noisy_ratio=0.4, noise_mode='sym', GPU=1, hard_weight=True, noisy_train=True, logging='wiki_ablation')
2025-06-18 00:16:40,420 - __main__ - INFO - ...Image to Text MAP = 0.4200385542381254
2025-06-18 00:16:40,534 - __main__ - INFO - ...Text to Image MAP = 0.39469313794655886
2025-06-18 00:16:40,534 - __main__ - INFO - ...Average MAP = 0.40736584609234217
2025-06-18 00:16:47,606 - __main__ - INFO - Noise ratio: 0.4
2025-06-18 00:16:47,608 - __main__ - INFO - Namespace(dataset='wiki', seed=1, alpha=0.7, lamda=1, margin=0.9, lambd=5, barycenter_number=1, top_k=10, warm_up_epoch=0, MAX_EPOCH=100, batch_size=256, output_dim=512, lr=0.0001, noisy_ratio=0.4, noise_mode='sym', GPU=1, hard_weight=False, noisy_train=True, logging='wiki_ablation')
2025-06-18 00:19:30,200 - __main__ - INFO - ...Image to Text MAP = 0.4935593299686515
2025-06-18 00:19:30,327 - __main__ - INFO - ...Text to Image MAP = 0.4475154833709864
2025-06-18 00:19:30,328 - __main__ - INFO - ...Average MAP = 0.4705374066698189
2025-06-18 00:19:37,741 - __main__ - INFO - Noise ratio: 0.6
2025-06-18 00:19:37,743 - __main__ - INFO - Namespace(dataset='wiki', seed=1, alpha=0.7, lamda=1, margin=0.9, lambd=5, barycenter_number=1, top_k=10, warm_up_epoch=0, MAX_EPOCH=100, batch_size=256, output_dim=512, lr=0.0001, noisy_ratio=0.6, noise_mode='sym', GPU=1, hard_weight=True, noisy_train=True, logging='wiki_ablation')
2025-06-18 00:22:40,800 - __main__ - INFO - ...Image to Text MAP = 0.49278911878257153
2025-06-18 00:22:41,025 - __main__ - INFO - ...Text to Image MAP = 0.4666920654445558
2025-06-18 00:22:41,026 - __main__ - INFO - ...Average MAP = 0.4797405921135637
2025-06-18 00:22:48,167 - __main__ - INFO - Noise ratio: 0.6
2025-06-18 00:22:48,172 - __main__ - INFO - Namespace(dataset='wiki', seed=1, alpha=0.0, lamda=1, margin=0.9, lambd=5, barycenter_number=1, top_k=10, warm_up_epoch=0, MAX_EPOCH=100, batch_size=256, output_dim=512, lr=0.0001, noisy_ratio=0.6, noise_mode='sym', GPU=1, hard_weight=True, noisy_train=True, logging='wiki_ablation')
2025-06-18 00:26:09,908 - __main__ - INFO - ...Image to Text MAP = 0.2591645730309888
2025-06-18 00:26:10,008 - __main__ - INFO - ...Text to Image MAP = 0.22862273785432474
2025-06-18 00:26:10,008 - __main__ - INFO - ...Average MAP = 0.24389365544265676
2025-06-18 00:26:19,558 - __main__ - INFO - Noise ratio: 0.6
2025-06-18 00:26:19,558 - __main__ - INFO - Namespace(dataset='wiki', seed=1, alpha=0.7, lamda=1, margin=0.9, lambd=5, barycenter_number=1, top_k=10, warm_up_epoch=0, MAX_EPOCH=100, batch_size=256, output_dim=512, lr=0.0001, noisy_ratio=0.6, noise_mode='sym', GPU=1, hard_weight=True, noisy_train=False, logging='wiki_ablation')
2025-06-18 00:29:01,016 - __main__ - INFO - ...Image to Text MAP = 0.4843024077220323
2025-06-18 00:29:01,156 - __main__ - INFO - ...Text to Image MAP = 0.4384741157229889
2025-06-18 00:29:01,157 - __main__ - INFO - ...Average MAP = 0.4613882617225106
2025-06-18 00:29:09,802 - __main__ - INFO - Noise ratio: 0.6
2025-06-18 00:29:09,802 - __main__ - INFO - Namespace(dataset='wiki', seed=1, alpha=0.7, lamda=0.0, margin=0.9, lambd=5, barycenter_number=1, top_k=10, warm_up_epoch=0, MAX_EPOCH=100, batch_size=256, output_dim=512, lr=0.0001, noisy_ratio=0.6, noise_mode='sym', GPU=1, hard_weight=True, noisy_train=True, logging='wiki_ablation')
2025-06-18 00:32:33,960 - __main__ - INFO - ...Image to Text MAP = 0.4132857467738096
2025-06-18 00:32:34,090 - __main__ - INFO - ...Text to Image MAP = 0.3964542048627066
2025-06-18 00:32:34,092 - __main__ - INFO - ...Average MAP = 0.4048699758182581
2025-06-18 00:32:42,529 - __main__ - INFO - Noise ratio: 0.6
2025-06-18 00:32:42,532 - __main__ - INFO - Namespace(dataset='wiki', seed=1, alpha=0.7, lamda=1, margin=0.9, lambd=5, barycenter_number=1, top_k=10, warm_up_epoch=0, MAX_EPOCH=100, batch_size=256, output_dim=512, lr=0.0001, noisy_ratio=0.6, noise_mode='sym', GPU=1, hard_weight=False, noisy_train=True, logging='wiki_ablation')
2025-06-18 00:35:37,405 - __main__ - INFO - ...Image to Text MAP = 0.4836635796708345
2025-06-18 00:35:37,512 - __main__ - INFO - ...Text to Image MAP = 0.44080648540420786
2025-06-18 00:35:37,513 - __main__ - INFO - ...Average MAP = 0.4622350325375212
2025-06-18 00:35:44,910 - __main__ - INFO - Noise ratio: 0.8
2025-06-18 00:35:44,918 - __main__ - INFO - Namespace(dataset='wiki', seed=1, alpha=0.7, lamda=1, margin=0.9, lambd=5, barycenter_number=1, top_k=10, warm_up_epoch=0, MAX_EPOCH=100, batch_size=256, output_dim=512, lr=0.0001, noisy_ratio=0.8, noise_mode='sym', GPU=1, hard_weight=True, noisy_train=True, logging='wiki_ablation')
2025-06-18 00:39:10,393 - __main__ - INFO - ...Image to Text MAP = 0.4178574432485271
2025-06-18 00:39:10,508 - __main__ - INFO - ...Text to Image MAP = 0.4029743722898683
2025-06-18 00:39:10,508 - __main__ - INFO - ...Average MAP = 0.4104159077691977
2025-06-18 00:39:17,196 - __main__ - INFO - Noise ratio: 0.8
2025-06-18 00:39:17,198 - __main__ - INFO - Namespace(dataset='wiki', seed=1, alpha=0.0, lamda=1, margin=0.9, lambd=5, barycenter_number=1, top_k=10, warm_up_epoch=0, MAX_EPOCH=100, batch_size=256, output_dim=512, lr=0.0001, noisy_ratio=0.8, noise_mode='sym', GPU=1, hard_weight=True, noisy_train=True, logging='wiki_ablation')
2025-06-18 00:42:48,967 - __main__ - INFO - ...Image to Text MAP = 0.17376060393783196
2025-06-18 00:42:49,170 - __main__ - INFO - ...Text to Image MAP = 0.17302888278965722
2025-06-18 00:42:49,173 - __main__ - INFO - ...Average MAP = 0.1733947433637446
2025-06-18 00:42:57,828 - __main__ - INFO - Noise ratio: 0.8
2025-06-18 00:42:57,830 - __main__ - INFO - Namespace(dataset='wiki', seed=1, alpha=0.7, lamda=1, margin=0.9, lambd=5, barycenter_number=1, top_k=10, warm_up_epoch=0, MAX_EPOCH=100, batch_size=256, output_dim=512, lr=0.0001, noisy_ratio=0.8, noise_mode='sym', GPU=1, hard_weight=True, noisy_train=False, logging='wiki_ablation')
2025-06-18 00:45:23,994 - __main__ - INFO - ...Image to Text MAP = 0.40191929669916343
2025-06-18 00:45:24,097 - __main__ - INFO - ...Text to Image MAP = 0.392669133519391
2025-06-18 00:45:24,098 - __main__ - INFO - ...Average MAP = 0.3972942151092772
2025-06-18 00:45:31,167 - __main__ - INFO - Noise ratio: 0.8
2025-06-18 00:45:31,168 - __main__ - INFO - Namespace(dataset='wiki', seed=1, alpha=0.7, lamda=0.0, margin=0.9, lambd=5, barycenter_number=1, top_k=10, warm_up_epoch=0, MAX_EPOCH=100, batch_size=256, output_dim=512, lr=0.0001, noisy_ratio=0.8, noise_mode='sym', GPU=1, hard_weight=True, noisy_train=True, logging='wiki_ablation')
2025-06-18 00:48:33,023 - __main__ - INFO - ...Image to Text MAP = 0.4219706380737314
2025-06-18 00:48:33,103 - __main__ - INFO - ...Text to Image MAP = 0.4076823111160633
2025-06-18 00:48:33,103 - __main__ - INFO - ...Average MAP = 0.41482647459489735
2025-06-18 00:48:39,590 - __main__ - INFO - Noise ratio: 0.8
2025-06-18 00:48:39,590 - __main__ - INFO - Namespace(dataset='wiki', seed=1, alpha=0.7, lamda=1, margin=0.9, lambd=5, barycenter_number=1, top_k=10, warm_up_epoch=0, MAX_EPOCH=100, batch_size=256, output_dim=512, lr=0.0001, noisy_ratio=0.8, noise_mode='sym', GPU=1, hard_weight=False, noisy_train=True, logging='wiki_ablation')
2025-06-18 00:51:45,602 - __main__ - INFO - ...Image to Text MAP = 0.443032781039091
2025-06-18 00:51:45,731 - __main__ - INFO - ...Text to Image MAP = 0.431779805936058
2025-06-18 00:51:45,731 - __main__ - INFO - ...Average MAP = 0.43740629348757454
2025-06-18 00:51:54,510 - __main__ - INFO - Noise ratio: 0.2
2025-06-18 00:51:54,512 - __main__ - INFO - Namespace(dataset='wiki', seed=1, alpha=0.8, lamda=1, margin=0.9, lambd=5, barycenter_number=1, top_k=10, warm_up_epoch=0, MAX_EPOCH=100, batch_size=256, output_dim=512, lr=0.0001, noisy_ratio=0.2, noise_mode='sym', GPU=1, hard_weight=True, noisy_train=True, logging='wiki_ablation')
2025-06-18 00:54:51,163 - __main__ - INFO - ...Image to Text MAP = 0.5037277257879907
2025-06-18 00:54:51,257 - __main__ - INFO - ...Text to Image MAP = 0.44893283042874943
2025-06-18 00:54:51,257 - __main__ - INFO - ...Average MAP = 0.4763302781083701
2025-06-18 00:54:58,922 - __main__ - INFO - Noise ratio: 0.2
2025-06-18 00:54:58,924 - __main__ - INFO - Namespace(dataset='wiki', seed=1, alpha=0.0, lamda=1, margin=0.9, lambd=5, barycenter_number=1, top_k=10, warm_up_epoch=0, MAX_EPOCH=100, batch_size=256, output_dim=512, lr=0.0001, noisy_ratio=0.2, noise_mode='sym', GPU=1, hard_weight=True, noisy_train=True, logging='wiki_ablation')
2025-06-18 00:57:48,331 - __main__ - INFO - ...Image to Text MAP = 0.41106553478834573
2025-06-18 00:57:48,470 - __main__ - INFO - ...Text to Image MAP = 0.3560600435502839
2025-06-18 00:57:48,474 - __main__ - INFO - ...Average MAP = 0.38356278916931486
2025-06-18 00:57:57,449 - __main__ - INFO - Noise ratio: 0.2
2025-06-18 00:57:57,450 - __main__ - INFO - Namespace(dataset='wiki', seed=1, alpha=0.8, lamda=1, margin=0.9, lambd=5, barycenter_number=1, top_k=10, warm_up_epoch=0, MAX_EPOCH=100, batch_size=256, output_dim=512, lr=0.0001, noisy_ratio=0.2, noise_mode='sym', GPU=1, hard_weight=True, noisy_train=False, logging='wiki_ablation')
2025-06-18 01:00:43,038 - __main__ - INFO - ...Image to Text MAP = 0.5126263495607868
2025-06-18 01:00:43,149 - __main__ - INFO - ...Text to Image MAP = 0.4671579639803229
2025-06-18 01:00:43,150 - __main__ - INFO - ...Average MAP = 0.48989215677055487
2025-06-18 01:00:50,726 - __main__ - INFO - Noise ratio: 0.2
2025-06-18 01:00:50,726 - __main__ - INFO - Namespace(dataset='wiki', seed=1, alpha=0.8, lamda=0.0, margin=0.9, lambd=5, barycenter_number=1, top_k=10, warm_up_epoch=0, MAX_EPOCH=100, batch_size=256, output_dim=512, lr=0.0001, noisy_ratio=0.2, noise_mode='sym', GPU=1, hard_weight=True, noisy_train=True, logging='wiki_ablation')
2025-06-18 01:03:58,996 - __main__ - INFO - ...Image to Text MAP = 0.41295553151903436
2025-06-18 01:03:59,108 - __main__ - INFO - ...Text to Image MAP = 0.38479149414763025
2025-06-18 01:03:59,113 - __main__ - INFO - ...Average MAP = 0.3988735128333323
2025-06-18 01:04:06,562 - __main__ - INFO - Noise ratio: 0.2
2025-06-18 01:04:06,562 - __main__ - INFO - Namespace(dataset='wiki', seed=1, alpha=0.8, lamda=1, margin=0.9, lambd=5, barycenter_number=1, top_k=10, warm_up_epoch=0, MAX_EPOCH=100, batch_size=256, output_dim=512, lr=0.0001, noisy_ratio=0.2, noise_mode='sym', GPU=1, hard_weight=False, noisy_train=True, logging='wiki_ablation')
2025-06-18 01:07:02,387 - __main__ - INFO - ...Image to Text MAP = 0.5161636171923846
2025-06-18 01:07:02,483 - __main__ - INFO - ...Text to Image MAP = 0.46553026856463536
2025-06-18 01:07:02,484 - __main__ - INFO - ...Average MAP = 0.49084694287850994
2025-06-18 01:07:10,293 - __main__ - INFO - Noise ratio: 0.4
2025-06-18 01:07:10,294 - __main__ - INFO - Namespace(dataset='wiki', seed=1, alpha=0.8, lamda=1, margin=0.9, lambd=5, barycenter_number=1, top_k=10, warm_up_epoch=0, MAX_EPOCH=100, batch_size=256, output_dim=512, lr=0.0001, noisy_ratio=0.4, noise_mode='sym', GPU=1, hard_weight=True, noisy_train=True, logging='wiki_ablation')
2025-06-18 01:09:46,921 - __main__ - INFO - ...Image to Text MAP = 0.5109377496750284
2025-06-18 01:09:47,023 - __main__ - INFO - ...Text to Image MAP = 0.46752947958980756
2025-06-18 01:09:47,024 - __main__ - INFO - ...Average MAP = 0.489233614632418
2025-06-18 01:09:53,734 - __main__ - INFO - Noise ratio: 0.4
2025-06-18 01:09:53,735 - __main__ - INFO - Namespace(dataset='wiki', seed=1, alpha=0.0, lamda=1, margin=0.9, lambd=5, barycenter_number=1, top_k=10, warm_up_epoch=0, MAX_EPOCH=100, batch_size=256, output_dim=512, lr=0.0001, noisy_ratio=0.4, noise_mode='sym', GPU=1, hard_weight=True, noisy_train=True, logging='wiki_ablation')
2025-06-18 01:12:31,088 - __main__ - INFO - ...Image to Text MAP = 0.296918304568817
2025-06-18 01:12:31,180 - __main__ - INFO - ...Text to Image MAP = 0.29711448254807016
2025-06-18 01:12:31,180 - __main__ - INFO - ...Average MAP = 0.29701639355844356
2025-06-18 01:12:38,509 - __main__ - INFO - Noise ratio: 0.4
2025-06-18 01:12:38,510 - __main__ - INFO - Namespace(dataset='wiki', seed=1, alpha=0.8, lamda=1, margin=0.9, lambd=5, barycenter_number=1, top_k=10, warm_up_epoch=0, MAX_EPOCH=100, batch_size=256, output_dim=512, lr=0.0001, noisy_ratio=0.4, noise_mode='sym', GPU=1, hard_weight=True, noisy_train=False, logging='wiki_ablation')
2025-06-18 01:15:32,774 - __main__ - INFO - ...Image to Text MAP = 0.4842192610620042
2025-06-18 01:15:32,871 - __main__ - INFO - ...Text to Image MAP = 0.4419437726842808
2025-06-18 01:15:32,872 - __main__ - INFO - ...Average MAP = 0.4630815168731425
2025-06-18 01:15:41,828 - __main__ - INFO - Noise ratio: 0.4
2025-06-18 01:15:41,830 - __main__ - INFO - Namespace(dataset='wiki', seed=1, alpha=0.8, lamda=0.0, margin=0.9, lambd=5, barycenter_number=1, top_k=10, warm_up_epoch=0, MAX_EPOCH=100, batch_size=256, output_dim=512, lr=0.0001, noisy_ratio=0.4, noise_mode='sym', GPU=1, hard_weight=True, noisy_train=True, logging='wiki_ablation')
2025-06-18 01:18:38,983 - __main__ - INFO - ...Image to Text MAP = 0.41601943281146214
2025-06-18 01:18:39,117 - __main__ - INFO - ...Text to Image MAP = 0.39564705035367803
2025-06-18 01:18:39,118 - __main__ - INFO - ...Average MAP = 0.40583324158257006
2025-06-18 01:18:48,382 - __main__ - INFO - Noise ratio: 0.4
2025-06-18 01:18:48,384 - __main__ - INFO - Namespace(dataset='wiki', seed=1, alpha=0.8, lamda=1, margin=0.9, lambd=5, barycenter_number=1, top_k=10, warm_up_epoch=0, MAX_EPOCH=100, batch_size=256, output_dim=512, lr=0.0001, noisy_ratio=0.4, noise_mode='sym', GPU=1, hard_weight=False, noisy_train=True, logging='wiki_ablation')
2025-06-18 01:22:11,069 - __main__ - INFO - ...Image to Text MAP = 0.5004640832351059
2025-06-18 01:22:11,337 - __main__ - INFO - ...Text to Image MAP = 0.4530262691174101
2025-06-18 01:22:11,338 - __main__ - INFO - ...Average MAP = 0.476745176176258
2025-06-18 01:22:19,432 - __main__ - INFO - Noise ratio: 0.6
2025-06-18 01:22:19,439 - __main__ - INFO - Namespace(dataset='wiki', seed=1, alpha=0.8, lamda=1, margin=0.9, lambd=5, barycenter_number=1, top_k=10, warm_up_epoch=0, MAX_EPOCH=100, batch_size=256, output_dim=512, lr=0.0001, noisy_ratio=0.6, noise_mode='sym', GPU=1, hard_weight=True, noisy_train=True, logging='wiki_ablation')
2025-06-18 01:25:34,854 - __main__ - INFO - ...Image to Text MAP = 0.4835326914398686
2025-06-18 01:25:35,069 - __main__ - INFO - ...Text to Image MAP = 0.46403398556831466
2025-06-18 01:25:35,070 - __main__ - INFO - ...Average MAP = 0.4737833385040916
2025-06-18 01:25:43,863 - __main__ - INFO - Noise ratio: 0.6
2025-06-18 01:25:43,865 - __main__ - INFO - Namespace(dataset='wiki', seed=1, alpha=0.0, lamda=1, margin=0.9, lambd=5, barycenter_number=1, top_k=10, warm_up_epoch=0, MAX_EPOCH=100, batch_size=256, output_dim=512, lr=0.0001, noisy_ratio=0.6, noise_mode='sym', GPU=1, hard_weight=True, noisy_train=True, logging='wiki_ablation')
2025-06-18 01:29:23,948 - __main__ - INFO - ...Image to Text MAP = 0.2591645730309888
2025-06-18 01:29:24,165 - __main__ - INFO - ...Text to Image MAP = 0.22862273785432474
2025-06-18 01:29:24,165 - __main__ - INFO - ...Average MAP = 0.24389365544265676
2025-06-18 01:29:32,936 - __main__ - INFO - Noise ratio: 0.6
2025-06-18 01:29:32,939 - __main__ - INFO - Namespace(dataset='wiki', seed=1, alpha=0.8, lamda=1, margin=0.9, lambd=5, barycenter_number=1, top_k=10, warm_up_epoch=0, MAX_EPOCH=100, batch_size=256, output_dim=512, lr=0.0001, noisy_ratio=0.6, noise_mode='sym', GPU=1, hard_weight=True, noisy_train=False, logging='wiki_ablation')
2025-06-18 01:32:08,626 - __main__ - INFO - ...Image to Text MAP = 0.475747362646903
2025-06-18 01:32:08,819 - __main__ - INFO - ...Text to Image MAP = 0.4339733822744398
2025-06-18 01:32:08,820 - __main__ - INFO - ...Average MAP = 0.4548603724606714
2025-06-18 01:32:18,654 - __main__ - INFO - Noise ratio: 0.6
2025-06-18 01:32:18,655 - __main__ - INFO - Namespace(dataset='wiki', seed=1, alpha=0.8, lamda=0.0, margin=0.9, lambd=5, barycenter_number=1, top_k=10, warm_up_epoch=0, MAX_EPOCH=100, batch_size=256, output_dim=512, lr=0.0001, noisy_ratio=0.6, noise_mode='sym', GPU=1, hard_weight=True, noisy_train=True, logging='wiki_ablation')
2025-06-18 01:35:38,859 - __main__ - INFO - ...Image to Text MAP = 0.4165052897910454
2025-06-18 01:35:39,014 - __main__ - INFO - ...Text to Image MAP = 0.40434536863961745
2025-06-18 01:35:39,015 - __main__ - INFO - ...Average MAP = 0.4104253292153314
2025-06-18 01:35:47,276 - __main__ - INFO - Noise ratio: 0.6
2025-06-18 01:35:47,278 - __main__ - INFO - Namespace(dataset='wiki', seed=1, alpha=0.8, lamda=1, margin=0.9, lambd=5, barycenter_number=1, top_k=10, warm_up_epoch=0, MAX_EPOCH=100, batch_size=256, output_dim=512, lr=0.0001, noisy_ratio=0.6, noise_mode='sym', GPU=1, hard_weight=False, noisy_train=True, logging='wiki_ablation')
2025-06-18 01:38:53,562 - __main__ - INFO - ...Image to Text MAP = 0.4875702511784981
2025-06-18 01:38:53,732 - __main__ - INFO - ...Text to Image MAP = 0.4531389545519064
2025-06-18 01:38:53,732 - __main__ - INFO - ...Average MAP = 0.47035460286520225
2025-06-18 01:39:01,143 - __main__ - INFO - Noise ratio: 0.8
2025-06-18 01:39:01,146 - __main__ - INFO - Namespace(dataset='wiki', seed=1, alpha=0.8, lamda=1, margin=0.9, lambd=5, barycenter_number=1, top_k=10, warm_up_epoch=0, MAX_EPOCH=100, batch_size=256, output_dim=512, lr=0.0001, noisy_ratio=0.8, noise_mode='sym', GPU=1, hard_weight=True, noisy_train=True, logging='wiki_ablation')
2025-06-18 01:42:43,437 - __main__ - INFO - ...Image to Text MAP = 0.4275620213859783
2025-06-18 01:42:43,524 - __main__ - INFO - ...Text to Image MAP = 0.40704943497261004
2025-06-18 01:42:43,525 - __main__ - INFO - ...Average MAP = 0.4173057281792942
2025-06-18 01:42:51,300 - __main__ - INFO - Noise ratio: 0.8
2025-06-18 01:42:51,301 - __main__ - INFO - Namespace(dataset='wiki', seed=1, alpha=0.0, lamda=1, margin=0.9, lambd=5, barycenter_number=1, top_k=10, warm_up_epoch=0, MAX_EPOCH=100, batch_size=256, output_dim=512, lr=0.0001, noisy_ratio=0.8, noise_mode='sym', GPU=1, hard_weight=True, noisy_train=True, logging='wiki_ablation')
2025-06-18 01:46:22,108 - __main__ - INFO - ...Image to Text MAP = 0.17376060393783196
2025-06-18 01:46:22,204 - __main__ - INFO - ...Text to Image MAP = 0.17302888278965722
2025-06-18 01:46:22,205 - __main__ - INFO - ...Average MAP = 0.1733947433637446
2025-06-18 01:46:30,871 - __main__ - INFO - Noise ratio: 0.8
2025-06-18 01:46:30,871 - __main__ - INFO - Namespace(dataset='wiki', seed=1, alpha=0.8, lamda=1, margin=0.9, lambd=5, barycenter_number=1, top_k=10, warm_up_epoch=0, MAX_EPOCH=100, batch_size=256, output_dim=512, lr=0.0001, noisy_ratio=0.8, noise_mode='sym', GPU=1, hard_weight=True, noisy_train=False, logging='wiki_ablation')
2025-06-18 01:49:31,084 - __main__ - INFO - ...Image to Text MAP = 0.37154053875530657
2025-06-18 01:49:31,193 - __main__ - INFO - ...Text to Image MAP = 0.36352178987098727
2025-06-18 01:49:31,193 - __main__ - INFO - ...Average MAP = 0.3675311643131469
2025-06-18 01:49:40,031 - __main__ - INFO - Noise ratio: 0.8
2025-06-18 01:49:40,034 - __main__ - INFO - Namespace(dataset='wiki', seed=1, alpha=0.8, lamda=0.0, margin=0.9, lambd=5, barycenter_number=1, top_k=10, warm_up_epoch=0, MAX_EPOCH=100, batch_size=256, output_dim=512, lr=0.0001, noisy_ratio=0.8, noise_mode='sym', GPU=1, hard_weight=True, noisy_train=True, logging='wiki_ablation')
2025-06-18 01:52:48,395 - __main__ - INFO - ...Image to Text MAP = 0.4220471627396828
2025-06-18 01:52:48,507 - __main__ - INFO - ...Text to Image MAP = 0.40404871841087997
2025-06-18 01:52:48,508 - __main__ - INFO - ...Average MAP = 0.4130479405752814
2025-06-18 01:52:55,720 - __main__ - INFO - Noise ratio: 0.8
2025-06-18 01:52:55,721 - __main__ - INFO - Namespace(dataset='wiki', seed=1, alpha=0.8, lamda=1, margin=0.9, lambd=5, barycenter_number=1, top_k=10, warm_up_epoch=0, MAX_EPOCH=100, batch_size=256, output_dim=512, lr=0.0001, noisy_ratio=0.8, noise_mode='sym', GPU=1, hard_weight=False, noisy_train=True, logging='wiki_ablation')
2025-06-18 01:55:57,816 - __main__ - INFO - ...Image to Text MAP = 0.44187527695833234
2025-06-18 01:55:57,973 - __main__ - INFO - ...Text to Image MAP = 0.4190841206143872
2025-06-18 01:55:57,974 - __main__ - INFO - ...Average MAP = 0.4304796987863598
2025-06-18 01:56:05,539 - __main__ - INFO - Noise ratio: 0.2
2025-06-18 01:56:05,541 - __main__ - INFO - Namespace(dataset='wiki', seed=1, alpha=0.9, lamda=1, margin=0.9, lambd=5, barycenter_number=1, top_k=10, warm_up_epoch=0, MAX_EPOCH=100, batch_size=256, output_dim=512, lr=0.0001, noisy_ratio=0.2, noise_mode='sym', GPU=1, hard_weight=True, noisy_train=True, logging='wiki_ablation')
2025-06-18 01:59:25,405 - __main__ - INFO - ...Image to Text MAP = 0.5157062238025113
2025-06-18 01:59:25,508 - __main__ - INFO - ...Text to Image MAP = 0.4656476941328234
2025-06-18 01:59:25,509 - __main__ - INFO - ...Average MAP = 0.4906769589676674
2025-06-18 01:59:32,112 - __main__ - INFO - Noise ratio: 0.2
2025-06-18 01:59:32,116 - __main__ - INFO - Namespace(dataset='wiki', seed=1, alpha=0.0, lamda=1, margin=0.9, lambd=5, barycenter_number=1, top_k=10, warm_up_epoch=0, MAX_EPOCH=100, batch_size=256, output_dim=512, lr=0.0001, noisy_ratio=0.2, noise_mode='sym', GPU=1, hard_weight=True, noisy_train=True, logging='wiki_ablation')
2025-06-18 02:02:07,659 - __main__ - INFO - ...Image to Text MAP = 0.41106553478834573
2025-06-18 02:02:07,760 - __main__ - INFO - ...Text to Image MAP = 0.3560600435502839
2025-06-18 02:02:07,760 - __main__ - INFO - ...Average MAP = 0.38356278916931486
2025-06-18 02:02:15,268 - __main__ - INFO - Noise ratio: 0.2
2025-06-18 02:02:15,271 - __main__ - INFO - Namespace(dataset='wiki', seed=1, alpha=0.9, lamda=1, margin=0.9, lambd=5, barycenter_number=1, top_k=10, warm_up_epoch=0, MAX_EPOCH=100, batch_size=256, output_dim=512, lr=0.0001, noisy_ratio=0.2, noise_mode='sym', GPU=1, hard_weight=True, noisy_train=False, logging='wiki_ablation')
2025-06-18 02:04:49,224 - __main__ - INFO - ...Image to Text MAP = 0.525653755932965
2025-06-18 02:04:49,391 - __main__ - INFO - ...Text to Image MAP = 0.4752021051795749
2025-06-18 02:04:49,392 - __main__ - INFO - ...Average MAP = 0.50042793055627
2025-06-18 02:04:57,891 - __main__ - INFO - Noise ratio: 0.2
2025-06-18 02:04:57,892 - __main__ - INFO - Namespace(dataset='wiki', seed=1, alpha=0.9, lamda=0.0, margin=0.9, lambd=5, barycenter_number=1, top_k=10, warm_up_epoch=0, MAX_EPOCH=100, batch_size=256, output_dim=512, lr=0.0001, noisy_ratio=0.2, noise_mode='sym', GPU=1, hard_weight=True, noisy_train=True, logging='wiki_ablation')
2025-06-18 02:07:47,965 - __main__ - INFO - ...Image to Text MAP = 0.404649390470758
2025-06-18 02:07:48,080 - __main__ - INFO - ...Text to Image MAP = 0.38850073740662944
2025-06-18 02:07:48,081 - __main__ - INFO - ...Average MAP = 0.3965750639386937
2025-06-18 02:07:56,621 - __main__ - INFO - Noise ratio: 0.2
2025-06-18 02:07:56,626 - __main__ - INFO - Namespace(dataset='wiki', seed=1, alpha=0.9, lamda=1, margin=0.9, lambd=5, barycenter_number=1, top_k=10, warm_up_epoch=0, MAX_EPOCH=100, batch_size=256, output_dim=512, lr=0.0001, noisy_ratio=0.2, noise_mode='sym', GPU=1, hard_weight=False, noisy_train=True, logging='wiki_ablation')
2025-06-18 02:11:16,342 - __main__ - INFO - ...Image to Text MAP = 0.5116439855554852
2025-06-18 02:11:16,514 - __main__ - INFO - ...Text to Image MAP = 0.4508483302094352
2025-06-18 02:11:16,515 - __main__ - INFO - ...Average MAP = 0.48124615788246017
2025-06-18 02:11:25,880 - __main__ - INFO - Noise ratio: 0.4
2025-06-18 02:11:25,885 - __main__ - INFO - Namespace(dataset='wiki', seed=1, alpha=0.9, lamda=1, margin=0.9, lambd=5, barycenter_number=1, top_k=10, warm_up_epoch=0, MAX_EPOCH=100, batch_size=256, output_dim=512, lr=0.0001, noisy_ratio=0.4, noise_mode='sym', GPU=1, hard_weight=True, noisy_train=True, logging='wiki_ablation')
2025-06-18 02:14:51,729 - __main__ - INFO - ...Image to Text MAP = 0.5170864368534308
2025-06-18 02:14:51,842 - __main__ - INFO - ...Text to Image MAP = 0.4649302458111308
2025-06-18 02:14:51,842 - __main__ - INFO - ...Average MAP = 0.4910083413322808
2025-06-18 02:15:00,253 - __main__ - INFO - Noise ratio: 0.4
2025-06-18 02:15:00,255 - __main__ - INFO - Namespace(dataset='wiki', seed=1, alpha=0.0, lamda=1, margin=0.9, lambd=5, barycenter_number=1, top_k=10, warm_up_epoch=0, MAX_EPOCH=100, batch_size=256, output_dim=512, lr=0.0001, noisy_ratio=0.4, noise_mode='sym', GPU=1, hard_weight=True, noisy_train=True, logging='wiki_ablation')
2025-06-18 02:18:14,587 - __main__ - INFO - ...Image to Text MAP = 0.296918304568817
2025-06-18 02:18:14,668 - __main__ - INFO - ...Text to Image MAP = 0.29711448254807016
2025-06-18 02:18:14,669 - __main__ - INFO - ...Average MAP = 0.29701639355844356
2025-06-18 02:18:23,626 - __main__ - INFO - Noise ratio: 0.4
2025-06-18 02:18:23,628 - __main__ - INFO - Namespace(dataset='wiki', seed=1, alpha=0.9, lamda=1, margin=0.9, lambd=5, barycenter_number=1, top_k=10, warm_up_epoch=0, MAX_EPOCH=100, batch_size=256, output_dim=512, lr=0.0001, noisy_ratio=0.4, noise_mode='sym', GPU=1, hard_weight=True, noisy_train=False, logging='wiki_ablation')
2025-06-18 02:21:09,616 - __main__ - INFO - ...Image to Text MAP = 0.5064731930598161
2025-06-18 02:21:09,864 - __main__ - INFO - ...Text to Image MAP = 0.4579888193285279
2025-06-18 02:21:09,865 - __main__ - INFO - ...Average MAP = 0.48223100619417203
2025-06-18 02:21:18,879 - __main__ - INFO - Noise ratio: 0.4
2025-06-18 02:21:18,891 - __main__ - INFO - Namespace(dataset='wiki', seed=1, alpha=0.9, lamda=0.0, margin=0.9, lambd=5, barycenter_number=1, top_k=10, warm_up_epoch=0, MAX_EPOCH=100, batch_size=256, output_dim=512, lr=0.0001, noisy_ratio=0.4, noise_mode='sym', GPU=1, hard_weight=True, noisy_train=True, logging='wiki_ablation')
2025-06-18 02:24:44,723 - __main__ - INFO - ...Image to Text MAP = 0.414942533835799
2025-06-18 02:24:44,935 - __main__ - INFO - ...Text to Image MAP = 0.39088123920108825
2025-06-18 02:24:44,939 - __main__ - INFO - ...Average MAP = 0.4029118865184436
2025-06-18 02:24:53,493 - __main__ - INFO - Noise ratio: 0.4
2025-06-18 02:24:53,493 - __main__ - INFO - Namespace(dataset='wiki', seed=1, alpha=0.9, lamda=1, margin=0.9, lambd=5, barycenter_number=1, top_k=10, warm_up_epoch=0, MAX_EPOCH=100, batch_size=256, output_dim=512, lr=0.0001, noisy_ratio=0.4, noise_mode='sym', GPU=1, hard_weight=False, noisy_train=True, logging='wiki_ablation')
2025-06-18 02:27:48,915 - __main__ - INFO - ...Image to Text MAP = 0.5193550196009927
2025-06-18 02:27:49,021 - __main__ - INFO - ...Text to Image MAP = 0.4665492149007171
2025-06-18 02:27:49,022 - __main__ - INFO - ...Average MAP = 0.4929521172508549
2025-06-18 02:27:56,856 - __main__ - INFO - Noise ratio: 0.6
2025-06-18 02:27:56,857 - __main__ - INFO - Namespace(dataset='wiki', seed=1, alpha=0.9, lamda=1, margin=0.9, lambd=5, barycenter_number=1, top_k=10, warm_up_epoch=0, MAX_EPOCH=100, batch_size=256, output_dim=512, lr=0.0001, noisy_ratio=0.6, noise_mode='sym', GPU=1, hard_weight=True, noisy_train=True, logging='wiki_ablation')
2025-06-18 02:30:59,030 - __main__ - INFO - ...Image to Text MAP = 0.49176129537326835
2025-06-18 02:30:59,132 - __main__ - INFO - ...Text to Image MAP = 0.460594135712484
2025-06-18 02:30:59,133 - __main__ - INFO - ...Average MAP = 0.47617771554287613
2025-06-18 02:31:06,699 - __main__ - INFO - Noise ratio: 0.6
2025-06-18 02:31:06,701 - __main__ - INFO - Namespace(dataset='wiki', seed=1, alpha=0.0, lamda=1, margin=0.9, lambd=5, barycenter_number=1, top_k=10, warm_up_epoch=0, MAX_EPOCH=100, batch_size=256, output_dim=512, lr=0.0001, noisy_ratio=0.6, noise_mode='sym', GPU=1, hard_weight=True, noisy_train=True, logging='wiki_ablation')
2025-06-18 02:34:07,762 - __main__ - INFO - ...Image to Text MAP = 0.2591645730309888
2025-06-18 02:34:07,869 - __main__ - INFO - ...Text to Image MAP = 0.22862273785432474
2025-06-18 02:34:07,870 - __main__ - INFO - ...Average MAP = 0.24389365544265676
2025-06-18 02:34:15,847 - __main__ - INFO - Noise ratio: 0.6
2025-06-18 02:34:15,849 - __main__ - INFO - Namespace(dataset='wiki', seed=1, alpha=0.9, lamda=1, margin=0.9, lambd=5, barycenter_number=1, top_k=10, warm_up_epoch=0, MAX_EPOCH=100, batch_size=256, output_dim=512, lr=0.0001, noisy_ratio=0.6, noise_mode='sym', GPU=1, hard_weight=True, noisy_train=False, logging='wiki_ablation')
2025-06-18 02:37:18,272 - __main__ - INFO - ...Image to Text MAP = 0.4712926511447222
2025-06-18 02:37:18,377 - __main__ - INFO - ...Text to Image MAP = 0.42429245079762107
2025-06-18 02:37:18,378 - __main__ - INFO - ...Average MAP = 0.44779255097117165
2025-06-18 02:37:27,155 - __main__ - INFO - Noise ratio: 0.6
2025-06-18 02:37:27,156 - __main__ - INFO - Namespace(dataset='wiki', seed=1, alpha=0.9, lamda=0.0, margin=0.9, lambd=5, barycenter_number=1, top_k=10, warm_up_epoch=0, MAX_EPOCH=100, batch_size=256, output_dim=512, lr=0.0001, noisy_ratio=0.6, noise_mode='sym', GPU=1, hard_weight=True, noisy_train=True, logging='wiki_ablation')
2025-06-18 02:40:35,576 - __main__ - INFO - ...Image to Text MAP = 0.4117936196067736
2025-06-18 02:40:35,686 - __main__ - INFO - ...Text to Image MAP = 0.3979081074104782
2025-06-18 02:40:35,686 - __main__ - INFO - ...Average MAP = 0.40485086350862587
2025-06-18 02:40:43,508 - __main__ - INFO - Noise ratio: 0.6
2025-06-18 02:40:43,508 - __main__ - INFO - Namespace(dataset='wiki', seed=1, alpha=0.9, lamda=1, margin=0.9, lambd=5, barycenter_number=1, top_k=10, warm_up_epoch=0, MAX_EPOCH=100, batch_size=256, output_dim=512, lr=0.0001, noisy_ratio=0.6, noise_mode='sym', GPU=1, hard_weight=False, noisy_train=True, logging='wiki_ablation')
2025-06-18 02:43:54,560 - __main__ - INFO - ...Image to Text MAP = 0.4841328187077648
2025-06-18 02:43:54,731 - __main__ - INFO - ...Text to Image MAP = 0.45805704592870483
2025-06-18 02:43:54,732 - __main__ - INFO - ...Average MAP = 0.47109493231823485
2025-06-18 02:44:02,831 - __main__ - INFO - Noise ratio: 0.8
2025-06-18 02:44:02,833 - __main__ - INFO - Namespace(dataset='wiki', seed=1, alpha=0.9, lamda=1, margin=0.9, lambd=5, barycenter_number=1, top_k=10, warm_up_epoch=0, MAX_EPOCH=100, batch_size=256, output_dim=512, lr=0.0001, noisy_ratio=0.8, noise_mode='sym', GPU=1, hard_weight=True, noisy_train=True, logging='wiki_ablation')
2025-06-18 02:46:59,346 - __main__ - INFO - ...Image to Text MAP = 0.41680087776038194
2025-06-18 02:46:59,457 - __main__ - INFO - ...Text to Image MAP = 0.39404495610205253
2025-06-18 02:46:59,458 - __main__ - INFO - ...Average MAP = 0.40542291693121724
2025-06-18 02:47:07,371 - __main__ - INFO - Noise ratio: 0.8
2025-06-18 02:47:07,373 - __main__ - INFO - Namespace(dataset='wiki', seed=1, alpha=0.0, lamda=1, margin=0.9, lambd=5, barycenter_number=1, top_k=10, warm_up_epoch=0, MAX_EPOCH=100, batch_size=256, output_dim=512, lr=0.0001, noisy_ratio=0.8, noise_mode='sym', GPU=1, hard_weight=True, noisy_train=True, logging='wiki_ablation')
2025-06-18 02:50:34,933 - __main__ - INFO - ...Image to Text MAP = 0.17376060393783196
2025-06-18 02:50:35,065 - __main__ - INFO - ...Text to Image MAP = 0.17302888278965722
2025-06-18 02:50:35,066 - __main__ - INFO - ...Average MAP = 0.1733947433637446
2025-06-18 02:50:45,220 - __main__ - INFO - Noise ratio: 0.8
2025-06-18 02:50:45,220 - __main__ - INFO - Namespace(dataset='wiki', seed=1, alpha=0.9, lamda=1, margin=0.9, lambd=5, barycenter_number=1, top_k=10, warm_up_epoch=0, MAX_EPOCH=100, batch_size=256, output_dim=512, lr=0.0001, noisy_ratio=0.8, noise_mode='sym', GPU=1, hard_weight=True, noisy_train=False, logging='wiki_ablation')
2025-06-18 02:53:28,986 - __main__ - INFO - ...Image to Text MAP = 0.3940452566485816
2025-06-18 02:53:29,071 - __main__ - INFO - ...Text to Image MAP = 0.3781282268824149
2025-06-18 02:53:29,071 - __main__ - INFO - ...Average MAP = 0.38608674176549823
2025-06-18 02:53:36,460 - __main__ - INFO - Noise ratio: 0.8
2025-06-18 02:53:36,460 - __main__ - INFO - Namespace(dataset='wiki', seed=1, alpha=0.9, lamda=0.0, margin=0.9, lambd=5, barycenter_number=1, top_k=10, warm_up_epoch=0, MAX_EPOCH=100, batch_size=256, output_dim=512, lr=0.0001, noisy_ratio=0.8, noise_mode='sym', GPU=1, hard_weight=True, noisy_train=True, logging='wiki_ablation')
2025-06-18 02:56:21,525 - __main__ - INFO - ...Image to Text MAP = 0.4223371276634964
2025-06-18 02:56:21,634 - __main__ - INFO - ...Text to Image MAP = 0.40765766042223844
2025-06-18 02:56:21,635 - __main__ - INFO - ...Average MAP = 0.4149973940428674
2025-06-18 02:56:28,359 - __main__ - INFO - Noise ratio: 0.8
2025-06-18 02:56:28,360 - __main__ - INFO - Namespace(dataset='wiki', seed=1, alpha=0.9, lamda=1, margin=0.9, lambd=5, barycenter_number=1, top_k=10, warm_up_epoch=0, MAX_EPOCH=100, batch_size=256, output_dim=512, lr=0.0001, noisy_ratio=0.8, noise_mode='sym', GPU=1, hard_weight=False, noisy_train=True, logging='wiki_ablation')
2025-06-18 02:59:21,327 - __main__ - INFO - ...Image to Text MAP = 0.4373379842176734
2025-06-18 02:59:21,431 - __main__ - INFO - ...Text to Image MAP = 0.42827510994701357
2025-06-18 02:59:21,432 - __main__ - INFO - ...Average MAP = 0.43280654708234345
2025-06-18 02:59:28,299 - __main__ - INFO - Noise ratio: 0.2
2025-06-18 02:59:28,303 - __main__ - INFO - Namespace(dataset='wiki', seed=1, alpha=1.0, lamda=1, margin=0.9, lambd=5, barycenter_number=1, top_k=10, warm_up_epoch=0, MAX_EPOCH=100, batch_size=256, output_dim=512, lr=0.0001, noisy_ratio=0.2, noise_mode='sym', GPU=1, hard_weight=True, noisy_train=True, logging='wiki_ablation')
2025-06-18 03:02:19,546 - __main__ - INFO - ...Image to Text MAP = 0.5097911841423156
2025-06-18 03:02:19,667 - __main__ - INFO - ...Text to Image MAP = 0.46202746046543935
2025-06-18 03:02:19,668 - __main__ - INFO - ...Average MAP = 0.4859093223038775
2025-06-18 03:02:28,395 - __main__ - INFO - Noise ratio: 0.2
2025-06-18 03:02:28,397 - __main__ - INFO - Namespace(dataset='wiki', seed=1, alpha=0.0, lamda=1, margin=0.9, lambd=5, barycenter_number=1, top_k=10, warm_up_epoch=0, MAX_EPOCH=100, batch_size=256, output_dim=512, lr=0.0001, noisy_ratio=0.2, noise_mode='sym', GPU=1, hard_weight=True, noisy_train=True, logging='wiki_ablation')
2025-06-18 03:05:22,609 - __main__ - INFO - ...Image to Text MAP = 0.41106553478834573
2025-06-18 03:05:22,749 - __main__ - INFO - ...Text to Image MAP = 0.3560600435502839
2025-06-18 03:05:22,750 - __main__ - INFO - ...Average MAP = 0.38356278916931486
2025-06-18 03:05:31,138 - __main__ - INFO - Noise ratio: 0.2
2025-06-18 03:05:31,138 - __main__ - INFO - Namespace(dataset='wiki', seed=1, alpha=1.0, lamda=1, margin=0.9, lambd=5, barycenter_number=1, top_k=10, warm_up_epoch=0, MAX_EPOCH=100, batch_size=256, output_dim=512, lr=0.0001, noisy_ratio=0.2, noise_mode='sym', GPU=1, hard_weight=True, noisy_train=False, logging='wiki_ablation')
2025-06-18 03:08:20,393 - __main__ - INFO - ...Image to Text MAP = 0.5268661233736004
2025-06-18 03:08:20,499 - __main__ - INFO - ...Text to Image MAP = 0.47838141559447867
2025-06-18 03:08:20,510 - __main__ - INFO - ...Average MAP = 0.5026237694840395
2025-06-18 03:08:28,058 - __main__ - INFO - Noise ratio: 0.2
2025-06-18 03:08:28,058 - __main__ - INFO - Namespace(dataset='wiki', seed=1, alpha=1.0, lamda=0.0, margin=0.9, lambd=5, barycenter_number=1, top_k=10, warm_up_epoch=0, MAX_EPOCH=100, batch_size=256, output_dim=512, lr=0.0001, noisy_ratio=0.2, noise_mode='sym', GPU=1, hard_weight=True, noisy_train=True, logging='wiki_ablation')
2025-06-18 03:12:03,549 - __main__ - INFO - ...Image to Text MAP = 0.41183528660228497
2025-06-18 03:12:03,678 - __main__ - INFO - ...Text to Image MAP = 0.38752161512497874
2025-06-18 03:12:03,679 - __main__ - INFO - ...Average MAP = 0.39967845086363185
2025-06-18 03:12:13,044 - __main__ - INFO - Noise ratio: 0.2
2025-06-18 03:12:13,047 - __main__ - INFO - Namespace(dataset='wiki', seed=1, alpha=1.0, lamda=1, margin=0.9, lambd=5, barycenter_number=1, top_k=10, warm_up_epoch=0, MAX_EPOCH=100, batch_size=256, output_dim=512, lr=0.0001, noisy_ratio=0.2, noise_mode='sym', GPU=1, hard_weight=False, noisy_train=True, logging='wiki_ablation')
2025-06-18 03:15:34,902 - __main__ - INFO - ...Image to Text MAP = 0.5333301357417539
2025-06-18 03:15:35,114 - __main__ - INFO - ...Text to Image MAP = 0.4792640374708656
2025-06-18 03:15:35,123 - __main__ - INFO - ...Average MAP = 0.5062970866063098
2025-06-18 03:15:43,380 - __main__ - INFO - Noise ratio: 0.4
2025-06-18 03:15:43,382 - __main__ - INFO - Namespace(dataset='wiki', seed=1, alpha=1.0, lamda=1, margin=0.9, lambd=5, barycenter_number=1, top_k=10, warm_up_epoch=0, MAX_EPOCH=100, batch_size=256, output_dim=512, lr=0.0001, noisy_ratio=0.4, noise_mode='sym', GPU=1, hard_weight=True, noisy_train=True, logging='wiki_ablation')
2025-06-18 03:18:57,213 - __main__ - INFO - ...Image to Text MAP = 0.5182941707531195
2025-06-18 03:18:57,351 - __main__ - INFO - ...Text to Image MAP = 0.4722969330861296
2025-06-18 03:18:57,352 - __main__ - INFO - ...Average MAP = 0.4952955519196245
2025-06-18 03:19:06,489 - __main__ - INFO - Noise ratio: 0.4
2025-06-18 03:19:06,491 - __main__ - INFO - Namespace(dataset='wiki', seed=1, alpha=0.0, lamda=1, margin=0.9, lambd=5, barycenter_number=1, top_k=10, warm_up_epoch=0, MAX_EPOCH=100, batch_size=256, output_dim=512, lr=0.0001, noisy_ratio=0.4, noise_mode='sym', GPU=1, hard_weight=True, noisy_train=True, logging='wiki_ablation')
2025-06-18 03:22:46,956 - __main__ - INFO - ...Image to Text MAP = 0.296918304568817
2025-06-18 03:22:47,099 - __main__ - INFO - ...Text to Image MAP = 0.29711448254807016
2025-06-18 03:22:47,099 - __main__ - INFO - ...Average MAP = 0.29701639355844356
2025-06-18 03:22:55,506 - __main__ - INFO - Noise ratio: 0.4
2025-06-18 03:22:55,510 - __main__ - INFO - Namespace(dataset='wiki', seed=1, alpha=1.0, lamda=1, margin=0.9, lambd=5, barycenter_number=1, top_k=10, warm_up_epoch=0, MAX_EPOCH=100, batch_size=256, output_dim=512, lr=0.0001, noisy_ratio=0.4, noise_mode='sym', GPU=1, hard_weight=True, noisy_train=False, logging='wiki_ablation')
2025-06-18 03:25:50,026 - __main__ - INFO - ...Image to Text MAP = 0.5018769466413334
2025-06-18 03:25:50,155 - __main__ - INFO - ...Text to Image MAP = 0.4586348877428189
2025-06-18 03:25:50,155 - __main__ - INFO - ...Average MAP = 0.48025591719207616
2025-06-18 03:25:59,039 - __main__ - INFO - Noise ratio: 0.4
2025-06-18 03:25:59,044 - __main__ - INFO - Namespace(dataset='wiki', seed=1, alpha=1.0, lamda=0.0, margin=0.9, lambd=5, barycenter_number=1, top_k=10, warm_up_epoch=0, MAX_EPOCH=100, batch_size=256, output_dim=512, lr=0.0001, noisy_ratio=0.4, noise_mode='sym', GPU=1, hard_weight=True, noisy_train=True, logging='wiki_ablation')
2025-06-18 03:29:18,407 - __main__ - INFO - ...Image to Text MAP = 0.424313682014061
2025-06-18 03:29:18,532 - __main__ - INFO - ...Text to Image MAP = 0.39732790664582573
2025-06-18 03:29:18,533 - __main__ - INFO - ...Average MAP = 0.41082079432994334
2025-06-18 03:29:27,762 - __main__ - INFO - Noise ratio: 0.4
2025-06-18 03:29:27,763 - __main__ - INFO - Namespace(dataset='wiki', seed=1, alpha=1.0, lamda=1, margin=0.9, lambd=5, barycenter_number=1, top_k=10, warm_up_epoch=0, MAX_EPOCH=100, batch_size=256, output_dim=512, lr=0.0001, noisy_ratio=0.4, noise_mode='sym', GPU=1, hard_weight=False, noisy_train=True, logging='wiki_ablation')
2025-06-18 03:33:04,462 - __main__ - INFO - ...Image to Text MAP = 0.5082939817047493
2025-06-18 03:33:04,702 - __main__ - INFO - ...Text to Image MAP = 0.45529104348566307
2025-06-18 03:33:04,705 - __main__ - INFO - ...Average MAP = 0.48179251259520617
2025-06-18 03:33:13,570 - __main__ - INFO - Noise ratio: 0.6
2025-06-18 03:33:13,574 - __main__ - INFO - Namespace(dataset='wiki', seed=1, alpha=1.0, lamda=1, margin=0.9, lambd=5, barycenter_number=1, top_k=10, warm_up_epoch=0, MAX_EPOCH=100, batch_size=256, output_dim=512, lr=0.0001, noisy_ratio=0.6, noise_mode='sym', GPU=1, hard_weight=True, noisy_train=True, logging='wiki_ablation')
2025-06-18 03:36:16,332 - __main__ - INFO - ...Image to Text MAP = 0.4767906968712363
2025-06-18 03:36:16,503 - __main__ - INFO - ...Text to Image MAP = 0.44736754179546384
2025-06-18 03:36:16,504 - __main__ - INFO - ...Average MAP = 0.4620791193333501
2025-06-18 03:36:23,855 - __main__ - INFO - Noise ratio: 0.6
2025-06-18 03:36:23,857 - __main__ - INFO - Namespace(dataset='wiki', seed=1, alpha=0.0, lamda=1, margin=0.9, lambd=5, barycenter_number=1, top_k=10, warm_up_epoch=0, MAX_EPOCH=100, batch_size=256, output_dim=512, lr=0.0001, noisy_ratio=0.6, noise_mode='sym', GPU=1, hard_weight=True, noisy_train=True, logging='wiki_ablation')
2025-06-18 03:39:11,199 - __main__ - INFO - ...Image to Text MAP = 0.2591645730309888
2025-06-18 03:39:11,313 - __main__ - INFO - ...Text to Image MAP = 0.22862273785432474
2025-06-18 03:39:11,313 - __main__ - INFO - ...Average MAP = 0.24389365544265676
2025-06-18 03:39:18,488 - __main__ - INFO - Noise ratio: 0.6
2025-06-18 03:39:18,489 - __main__ - INFO - Namespace(dataset='wiki', seed=1, alpha=1.0, lamda=1, margin=0.9, lambd=5, barycenter_number=1, top_k=10, warm_up_epoch=0, MAX_EPOCH=100, batch_size=256, output_dim=512, lr=0.0001, noisy_ratio=0.6, noise_mode='sym', GPU=1, hard_weight=True, noisy_train=False, logging='wiki_ablation')
2025-06-18 03:41:39,799 - __main__ - INFO - ...Image to Text MAP = 0.4766912425492897
2025-06-18 03:41:39,898 - __main__ - INFO - ...Text to Image MAP = 0.43013243640631893
2025-06-18 03:41:39,899 - __main__ - INFO - ...Average MAP = 0.4534118394778043
2025-06-18 03:41:46,659 - __main__ - INFO - Noise ratio: 0.6
2025-06-18 03:41:46,659 - __main__ - INFO - Namespace(dataset='wiki', seed=1, alpha=1.0, lamda=0.0, margin=0.9, lambd=5, barycenter_number=1, top_k=10, warm_up_epoch=0, MAX_EPOCH=100, batch_size=256, output_dim=512, lr=0.0001, noisy_ratio=0.6, noise_mode='sym', GPU=1, hard_weight=True, noisy_train=True, logging='wiki_ablation')
2025-06-18 03:45:11,745 - __main__ - INFO - ...Image to Text MAP = 0.41489147531684206
2025-06-18 03:45:11,869 - __main__ - INFO - ...Text to Image MAP = 0.3939983664735949
2025-06-18 03:45:11,870 - __main__ - INFO - ...Average MAP = 0.40444492089521844
2025-06-18 03:45:18,282 - __main__ - INFO - Noise ratio: 0.6
2025-06-18 03:45:18,283 - __main__ - INFO - Namespace(dataset='wiki', seed=1, alpha=1.0, lamda=1, margin=0.9, lambd=5, barycenter_number=1, top_k=10, warm_up_epoch=0, MAX_EPOCH=100, batch_size=256, output_dim=512, lr=0.0001, noisy_ratio=0.6, noise_mode='sym', GPU=1, hard_weight=False, noisy_train=True, logging='wiki_ablation')
2025-06-18 03:48:13,626 - __main__ - INFO - ...Image to Text MAP = 0.4891605302859277
2025-06-18 03:48:13,726 - __main__ - INFO - ...Text to Image MAP = 0.45893812556337404
2025-06-18 03:48:13,727 - __main__ - INFO - ...Average MAP = 0.4740493279246509
2025-06-18 03:48:19,396 - __main__ - INFO - Noise ratio: 0.8
2025-06-18 03:48:19,397 - __main__ - INFO - Namespace(dataset='wiki', seed=1, alpha=1.0, lamda=1, margin=0.9, lambd=5, barycenter_number=1, top_k=10, warm_up_epoch=0, MAX_EPOCH=100, batch_size=256, output_dim=512, lr=0.0001, noisy_ratio=0.8, noise_mode='sym', GPU=1, hard_weight=True, noisy_train=True, logging='wiki_ablation')
2025-06-18 03:51:15,582 - __main__ - INFO - ...Image to Text MAP = 0.4362037100651467
2025-06-18 03:51:15,709 - __main__ - INFO - ...Text to Image MAP = 0.418619010166999
2025-06-18 03:51:15,710 - __main__ - INFO - ...Average MAP = 0.42741136011607284
2025-06-18 03:51:22,314 - __main__ - INFO - Noise ratio: 0.8
2025-06-18 03:51:22,317 - __main__ - INFO - Namespace(dataset='wiki', seed=1, alpha=0.0, lamda=1, margin=0.9, lambd=5, barycenter_number=1, top_k=10, warm_up_epoch=0, MAX_EPOCH=100, batch_size=256, output_dim=512, lr=0.0001, noisy_ratio=0.8, noise_mode='sym', GPU=1, hard_weight=True, noisy_train=True, logging='wiki_ablation')
2025-06-18 03:54:05,764 - __main__ - INFO - ...Image to Text MAP = 0.17376060393783196
2025-06-18 03:54:05,881 - __main__ - INFO - ...Text to Image MAP = 0.17302888278965722
2025-06-18 03:54:05,882 - __main__ - INFO - ...Average MAP = 0.1733947433637446
2025-06-18 03:54:13,035 - __main__ - INFO - Noise ratio: 0.8
2025-06-18 03:54:13,041 - __main__ - INFO - Namespace(dataset='wiki', seed=1, alpha=1.0, lamda=1, margin=0.9, lambd=5, barycenter_number=1, top_k=10, warm_up_epoch=0, MAX_EPOCH=100, batch_size=256, output_dim=512, lr=0.0001, noisy_ratio=0.8, noise_mode='sym', GPU=1, hard_weight=True, noisy_train=False, logging='wiki_ablation')
2025-06-18 03:56:18,756 - __main__ - INFO - ...Image to Text MAP = 0.38708147077319194
2025-06-18 03:56:18,908 - __main__ - INFO - ...Text to Image MAP = 0.3735390676492614
2025-06-18 03:56:18,909 - __main__ - INFO - ...Average MAP = 0.3803102692112267
2025-06-18 03:56:25,767 - __main__ - INFO - Noise ratio: 0.8
2025-06-18 03:56:25,768 - __main__ - INFO - Namespace(dataset='wiki', seed=1, alpha=1.0, lamda=0.0, margin=0.9, lambd=5, barycenter_number=1, top_k=10, warm_up_epoch=0, MAX_EPOCH=100, batch_size=256, output_dim=512, lr=0.0001, noisy_ratio=0.8, noise_mode='sym', GPU=1, hard_weight=True, noisy_train=True, logging='wiki_ablation')
2025-06-18 03:59:18,004 - __main__ - INFO - ...Image to Text MAP = 0.42113011093473596
2025-06-18 03:59:18,102 - __main__ - INFO - ...Text to Image MAP = 0.4063909723843074
2025-06-18 03:59:18,102 - __main__ - INFO - ...Average MAP = 0.4137605416595217
2025-06-18 03:59:25,743 - __main__ - INFO - Noise ratio: 0.8
2025-06-18 03:59:25,744 - __main__ - INFO - Namespace(dataset='wiki', seed=1, alpha=1.0, lamda=1, margin=0.9, lambd=5, barycenter_number=1, top_k=10, warm_up_epoch=0, MAX_EPOCH=100, batch_size=256, output_dim=512, lr=0.0001, noisy_ratio=0.8, noise_mode='sym', GPU=1, hard_weight=False, noisy_train=True, logging='wiki_ablation')
2025-06-18 04:02:28,389 - __main__ - INFO - ...Image to Text MAP = 0.43903388638210356
2025-06-18 04:02:28,471 - __main__ - INFO - ...Text to Image MAP = 0.4287067203714157
2025-06-18 04:02:28,472 - __main__ - INFO - ...Average MAP = 0.43387030337675964
2025-06-18 04:02:36,353 - __main__ - INFO - Noise ratio: 0.2
2025-06-18 04:02:36,355 - __main__ - INFO - Namespace(dataset='wiki', seed=1, alpha=2.0, lamda=1, margin=0.9, lambd=5, barycenter_number=1, top_k=10, warm_up_epoch=0, MAX_EPOCH=100, batch_size=256, output_dim=512, lr=0.0001, noisy_ratio=0.2, noise_mode='sym', GPU=1, hard_weight=True, noisy_train=True, logging='wiki_ablation')
2025-06-18 04:05:38,747 - __main__ - INFO - ...Image to Text MAP = 0.5165093703330351
2025-06-18 04:05:38,846 - __main__ - INFO - ...Text to Image MAP = 0.4883081298768745
2025-06-18 04:05:38,847 - __main__ - INFO - ...Average MAP = 0.5024087501049548
2025-06-18 04:05:47,618 - __main__ - INFO - Noise ratio: 0.2
2025-06-18 04:05:47,620 - __main__ - INFO - Namespace(dataset='wiki', seed=1, alpha=0.0, lamda=1, margin=0.9, lambd=5, barycenter_number=1, top_k=10, warm_up_epoch=0, MAX_EPOCH=100, batch_size=256, output_dim=512, lr=0.0001, noisy_ratio=0.2, noise_mode='sym', GPU=1, hard_weight=True, noisy_train=True, logging='wiki_ablation')
2025-06-18 04:09:17,010 - __main__ - INFO - ...Image to Text MAP = 0.41106553478834573
2025-06-18 04:09:17,211 - __main__ - INFO - ...Text to Image MAP = 0.3560600435502839
2025-06-18 04:09:17,212 - __main__ - INFO - ...Average MAP = 0.38356278916931486
2025-06-18 04:09:25,321 - __main__ - INFO - Noise ratio: 0.2
2025-06-18 04:09:25,323 - __main__ - INFO - Namespace(dataset='wiki', seed=1, alpha=2.0, lamda=1, margin=0.9, lambd=5, barycenter_number=1, top_k=10, warm_up_epoch=0, MAX_EPOCH=100, batch_size=256, output_dim=512, lr=0.0001, noisy_ratio=0.2, noise_mode='sym', GPU=1, hard_weight=True, noisy_train=False, logging='wiki_ablation')
2025-06-18 04:12:33,774 - __main__ - INFO - ...Image to Text MAP = 0.5183101569388482
2025-06-18 04:12:33,898 - __main__ - INFO - ...Text to Image MAP = 0.4706684276752364
2025-06-18 04:12:33,898 - __main__ - INFO - ...Average MAP = 0.4944892923070423
2025-06-18 04:12:43,295 - __main__ - INFO - Noise ratio: 0.2
2025-06-18 04:12:43,296 - __main__ - INFO - Namespace(dataset='wiki', seed=1, alpha=2.0, lamda=0.0, margin=0.9, lambd=5, barycenter_number=1, top_k=10, warm_up_epoch=0, MAX_EPOCH=100, batch_size=256, output_dim=512, lr=0.0001, noisy_ratio=0.2, noise_mode='sym', GPU=1, hard_weight=True, noisy_train=True, logging='wiki_ablation')
2025-06-18 04:16:29,043 - __main__ - INFO - ...Image to Text MAP = 0.40543192498817593
2025-06-18 04:16:29,184 - __main__ - INFO - ...Text to Image MAP = 0.38561654839336257
2025-06-18 04:16:29,185 - __main__ - INFO - ...Average MAP = 0.39552423669076925
2025-06-18 04:16:38,525 - __main__ - INFO - Noise ratio: 0.2
2025-06-18 04:16:38,525 - __main__ - INFO - Namespace(dataset='wiki', seed=1, alpha=2.0, lamda=1, margin=0.9, lambd=5, barycenter_number=1, top_k=10, warm_up_epoch=0, MAX_EPOCH=100, batch_size=256, output_dim=512, lr=0.0001, noisy_ratio=0.2, noise_mode='sym', GPU=1, hard_weight=False, noisy_train=True, logging='wiki_ablation')
2025-06-18 04:20:20,414 - __main__ - INFO - ...Image to Text MAP = 0.5200026351966555
2025-06-18 04:20:20,501 - __main__ - INFO - ...Text to Image MAP = 0.4780731066178548
2025-06-18 04:20:20,501 - __main__ - INFO - ...Average MAP = 0.49903787090725515
2025-06-18 04:20:27,814 - __main__ - INFO - Noise ratio: 0.4
2025-06-18 04:20:27,815 - __main__ - INFO - Namespace(dataset='wiki', seed=1, alpha=2.0, lamda=1, margin=0.9, lambd=5, barycenter_number=1, top_k=10, warm_up_epoch=0, MAX_EPOCH=100, batch_size=256, output_dim=512, lr=0.0001, noisy_ratio=0.4, noise_mode='sym', GPU=1, hard_weight=True, noisy_train=True, logging='wiki_ablation')
2025-06-18 04:23:12,024 - __main__ - INFO - ...Image to Text MAP = 0.48319198601383256
2025-06-18 04:23:12,147 - __main__ - INFO - ...Text to Image MAP = 0.4492981537710865
2025-06-18 04:23:12,148 - __main__ - INFO - ...Average MAP = 0.4662450698924595
2025-06-18 04:23:19,397 - __main__ - INFO - Noise ratio: 0.4
2025-06-18 04:23:19,398 - __main__ - INFO - Namespace(dataset='wiki', seed=1, alpha=0.0, lamda=1, margin=0.9, lambd=5, barycenter_number=1, top_k=10, warm_up_epoch=0, MAX_EPOCH=100, batch_size=256, output_dim=512, lr=0.0001, noisy_ratio=0.4, noise_mode='sym', GPU=1, hard_weight=True, noisy_train=True, logging='wiki_ablation')
2025-06-18 04:26:11,017 - __main__ - INFO - ...Image to Text MAP = 0.296918304568817
2025-06-18 04:26:11,104 - __main__ - INFO - ...Text to Image MAP = 0.29711448254807016
2025-06-18 04:26:11,106 - __main__ - INFO - ...Average MAP = 0.29701639355844356
2025-06-18 04:26:18,769 - __main__ - INFO - Noise ratio: 0.4
2025-06-18 04:26:18,769 - __main__ - INFO - Namespace(dataset='wiki', seed=1, alpha=2.0, lamda=1, margin=0.9, lambd=5, barycenter_number=1, top_k=10, warm_up_epoch=0, MAX_EPOCH=100, batch_size=256, output_dim=512, lr=0.0001, noisy_ratio=0.4, noise_mode='sym', GPU=1, hard_weight=True, noisy_train=False, logging='wiki_ablation')
2025-06-18 04:29:30,666 - __main__ - INFO - ...Image to Text MAP = 0.4681063562101802
2025-06-18 04:29:30,778 - __main__ - INFO - ...Text to Image MAP = 0.43004588259659376
2025-06-18 04:29:30,779 - __main__ - INFO - ...Average MAP = 0.449076119403387
2025-06-18 04:29:39,651 - __main__ - INFO - Noise ratio: 0.4
2025-06-18 04:29:39,652 - __main__ - INFO - Namespace(dataset='wiki', seed=1, alpha=2.0, lamda=0.0, margin=0.9, lambd=5, barycenter_number=1, top_k=10, warm_up_epoch=0, MAX_EPOCH=100, batch_size=256, output_dim=512, lr=0.0001, noisy_ratio=0.4, noise_mode='sym', GPU=1, hard_weight=True, noisy_train=True, logging='wiki_ablation')
2025-06-18 04:32:27,365 - __main__ - INFO - ...Image to Text MAP = 0.417795692561835
2025-06-18 04:32:27,623 - __main__ - INFO - ...Text to Image MAP = 0.39188043136841105
2025-06-18 04:32:27,624 - __main__ - INFO - ...Average MAP = 0.40483806196512306
2025-06-18 04:32:34,443 - __main__ - INFO - Noise ratio: 0.4
2025-06-18 04:32:34,446 - __main__ - INFO - Namespace(dataset='wiki', seed=1, alpha=2.0, lamda=1, margin=0.9, lambd=5, barycenter_number=1, top_k=10, warm_up_epoch=0, MAX_EPOCH=100, batch_size=256, output_dim=512, lr=0.0001, noisy_ratio=0.4, noise_mode='sym', GPU=1, hard_weight=False, noisy_train=True, logging='wiki_ablation')
2025-06-18 04:35:16,819 - __main__ - INFO - ...Image to Text MAP = 0.4923094133432897
2025-06-18 04:35:17,062 - __main__ - INFO - ...Text to Image MAP = 0.457330104078534
2025-06-18 04:35:17,063 - __main__ - INFO - ...Average MAP = 0.47481975871091187
2025-06-18 04:35:23,853 - __main__ - INFO - Noise ratio: 0.6
2025-06-18 04:35:23,855 - __main__ - INFO - Namespace(dataset='wiki', seed=1, alpha=2.0, lamda=1, margin=0.9, lambd=5, barycenter_number=1, top_k=10, warm_up_epoch=0, MAX_EPOCH=100, batch_size=256, output_dim=512, lr=0.0001, noisy_ratio=0.6, noise_mode='sym', GPU=1, hard_weight=True, noisy_train=True, logging='wiki_ablation')
2025-06-18 04:37:50,853 - __main__ - INFO - ...Image to Text MAP = 0.43145239604810764
2025-06-18 04:37:50,947 - __main__ - INFO - ...Text to Image MAP = 0.42180857280202744
2025-06-18 04:37:50,947 - __main__ - INFO - ...Average MAP = 0.42663048442506757
2025-06-18 04:37:57,319 - __main__ - INFO - Noise ratio: 0.6
2025-06-18 04:37:57,321 - __main__ - INFO - Namespace(dataset='wiki', seed=1, alpha=0.0, lamda=1, margin=0.9, lambd=5, barycenter_number=1, top_k=10, warm_up_epoch=0, MAX_EPOCH=100, batch_size=256, output_dim=512, lr=0.0001, noisy_ratio=0.6, noise_mode='sym', GPU=1, hard_weight=True, noisy_train=True, logging='wiki_ablation')
2025-06-18 04:41:17,913 - __main__ - INFO - ...Image to Text MAP = 0.2591645730309888
2025-06-18 04:41:18,055 - __main__ - INFO - ...Text to Image MAP = 0.22862273785432474
2025-06-18 04:41:18,056 - __main__ - INFO - ...Average MAP = 0.24389365544265676
2025-06-18 04:41:25,288 - __main__ - INFO - Noise ratio: 0.6
2025-06-18 04:41:25,288 - __main__ - INFO - Namespace(dataset='wiki', seed=1, alpha=2.0, lamda=1, margin=0.9, lambd=5, barycenter_number=1, top_k=10, warm_up_epoch=0, MAX_EPOCH=100, batch_size=256, output_dim=512, lr=0.0001, noisy_ratio=0.6, noise_mode='sym', GPU=1, hard_weight=True, noisy_train=False, logging='wiki_ablation')
2025-06-18 04:44:14,200 - __main__ - INFO - ...Image to Text MAP = 0.38589558563388177
2025-06-18 04:44:14,421 - __main__ - INFO - ...Text to Image MAP = 0.36723662366415244
2025-06-18 04:44:14,421 - __main__ - INFO - ...Average MAP = 0.3765661046490171
2025-06-18 04:44:22,708 - __main__ - INFO - Noise ratio: 0.6
2025-06-18 04:44:22,709 - __main__ - INFO - Namespace(dataset='wiki', seed=1, alpha=2.0, lamda=0.0, margin=0.9, lambd=5, barycenter_number=1, top_k=10, warm_up_epoch=0, MAX_EPOCH=100, batch_size=256, output_dim=512, lr=0.0001, noisy_ratio=0.6, noise_mode='sym', GPU=1, hard_weight=True, noisy_train=True, logging='wiki_ablation')
2025-06-18 04:47:31,764 - __main__ - INFO - ...Image to Text MAP = 0.41107005581449335
2025-06-18 04:47:31,863 - __main__ - INFO - ...Text to Image MAP = 0.39633339245898064
2025-06-18 04:47:31,865 - __main__ - INFO - ...Average MAP = 0.403701724136737
2025-06-18 04:47:39,002 - __main__ - INFO - Noise ratio: 0.6
2025-06-18 04:47:39,002 - __main__ - INFO - Namespace(dataset='wiki', seed=1, alpha=2.0, lamda=1, margin=0.9, lambd=5, barycenter_number=1, top_k=10, warm_up_epoch=0, MAX_EPOCH=100, batch_size=256, output_dim=512, lr=0.0001, noisy_ratio=0.6, noise_mode='sym', GPU=1, hard_weight=False, noisy_train=True, logging='wiki_ablation')
2025-06-18 04:51:15,749 - __main__ - INFO - ...Image to Text MAP = 0.4273725243053185
2025-06-18 04:51:15,883 - __main__ - INFO - ...Text to Image MAP = 0.4069813285334705
2025-06-18 04:51:15,883 - __main__ - INFO - ...Average MAP = 0.4171769264193945
2025-06-18 04:51:24,712 - __main__ - INFO - Noise ratio: 0.8
2025-06-18 04:51:24,714 - __main__ - INFO - Namespace(dataset='wiki', seed=1, alpha=2.0, lamda=1, margin=0.9, lambd=5, barycenter_number=1, top_k=10, warm_up_epoch=0, MAX_EPOCH=100, batch_size=256, output_dim=512, lr=0.0001, noisy_ratio=0.8, noise_mode='sym', GPU=1, hard_weight=True, noisy_train=True, logging='wiki_ablation')
2025-06-18 04:55:00,452 - __main__ - INFO - ...Image to Text MAP = 0.42921030529149984
2025-06-18 04:55:00,536 - __main__ - INFO - ...Text to Image MAP = 0.41398866042413535
2025-06-18 04:55:00,536 - __main__ - INFO - ...Average MAP = 0.42159948285781756
2025-06-18 04:55:08,284 - __main__ - INFO - Noise ratio: 0.8
2025-06-18 04:55:08,286 - __main__ - INFO - Namespace(dataset='wiki', seed=1, alpha=0.0, lamda=1, margin=0.9, lambd=5, barycenter_number=1, top_k=10, warm_up_epoch=0, MAX_EPOCH=100, batch_size=256, output_dim=512, lr=0.0001, noisy_ratio=0.8, noise_mode='sym', GPU=1, hard_weight=True, noisy_train=True, logging='wiki_ablation')
2025-06-18 04:58:30,494 - __main__ - INFO - ...Image to Text MAP = 0.17376060393783196
2025-06-18 04:58:30,634 - __main__ - INFO - ...Text to Image MAP = 0.17302888278965722
2025-06-18 04:58:30,634 - __main__ - INFO - ...Average MAP = 0.1733947433637446
2025-06-18 04:58:37,416 - __main__ - INFO - Noise ratio: 0.8
2025-06-18 04:58:37,417 - __main__ - INFO - Namespace(dataset='wiki', seed=1, alpha=2.0, lamda=1, margin=0.9, lambd=5, barycenter_number=1, top_k=10, warm_up_epoch=0, MAX_EPOCH=100, batch_size=256, output_dim=512, lr=0.0001, noisy_ratio=0.8, noise_mode='sym', GPU=1, hard_weight=True, noisy_train=False, logging='wiki_ablation')
2025-06-18 05:01:25,089 - __main__ - INFO - ...Image to Text MAP = 0.3761097332116128
2025-06-18 05:01:25,205 - __main__ - INFO - ...Text to Image MAP = 0.35379721846100715
2025-06-18 05:01:25,206 - __main__ - INFO - ...Average MAP = 0.36495347583631
2025-06-18 05:01:35,177 - __main__ - INFO - Noise ratio: 0.8
2025-06-18 05:01:35,177 - __main__ - INFO - Namespace(dataset='wiki', seed=1, alpha=2.0, lamda=0.0, margin=0.9, lambd=5, barycenter_number=1, top_k=10, warm_up_epoch=0, MAX_EPOCH=100, batch_size=256, output_dim=512, lr=0.0001, noisy_ratio=0.8, noise_mode='sym', GPU=1, hard_weight=True, noisy_train=True, logging='wiki_ablation')
2025-06-18 05:05:11,160 - __main__ - INFO - ...Image to Text MAP = 0.41638418779727304
2025-06-18 05:05:11,434 - __main__ - INFO - ...Text to Image MAP = 0.40824071633565456
2025-06-18 05:05:11,435 - __main__ - INFO - ...Average MAP = 0.41231245206646383
2025-06-18 05:05:20,510 - __main__ - INFO - Noise ratio: 0.8
2025-06-18 05:05:20,511 - __main__ - INFO - Namespace(dataset='wiki', seed=1, alpha=2.0, lamda=1, margin=0.9, lambd=5, barycenter_number=1, top_k=10, warm_up_epoch=0, MAX_EPOCH=100, batch_size=256, output_dim=512, lr=0.0001, noisy_ratio=0.8, noise_mode='sym', GPU=1, hard_weight=False, noisy_train=True, logging='wiki_ablation')
2025-06-18 05:08:54,839 - __main__ - INFO - ...Image to Text MAP = 0.4269131609013463
2025-06-18 05:08:54,959 - __main__ - INFO - ...Text to Image MAP = 0.405655059287048
2025-06-18 05:08:54,959 - __main__ - INFO - ...Average MAP = 0.41628411009419714
2025-06-18 05:09:02,373 - __main__ - INFO - Noise ratio: 0.2
2025-06-18 05:09:02,375 - __main__ - INFO - Namespace(dataset='wiki', seed=1, alpha=3.0, lamda=1, margin=0.9, lambd=5, barycenter_number=1, top_k=10, warm_up_epoch=0, MAX_EPOCH=100, batch_size=256, output_dim=512, lr=0.0001, noisy_ratio=0.2, noise_mode='sym', GPU=1, hard_weight=True, noisy_train=True, logging='wiki_ablation')
2025-06-18 05:12:04,530 - __main__ - INFO - ...Image to Text MAP = 0.459889406526961
2025-06-18 05:12:04,620 - __main__ - INFO - ...Text to Image MAP = 0.428089757660609
2025-06-18 05:12:04,620 - __main__ - INFO - ...Average MAP = 0.44398958209378503
2025-06-18 05:12:11,940 - __main__ - INFO - Noise ratio: 0.2
2025-06-18 05:12:11,944 - __main__ - INFO - Namespace(dataset='wiki', seed=1, alpha=0.0, lamda=1, margin=0.9, lambd=5, barycenter_number=1, top_k=10, warm_up_epoch=0, MAX_EPOCH=100, batch_size=256, output_dim=512, lr=0.0001, noisy_ratio=0.2, noise_mode='sym', GPU=1, hard_weight=True, noisy_train=True, logging='wiki_ablation')
2025-06-18 05:14:42,168 - __main__ - INFO - ...Image to Text MAP = 0.41106553478834573
2025-06-18 05:14:42,256 - __main__ - INFO - ...Text to Image MAP = 0.3560600435502839
2025-06-18 05:14:42,257 - __main__ - INFO - ...Average MAP = 0.38356278916931486
2025-06-18 05:14:48,609 - __main__ - INFO - Noise ratio: 0.2
2025-06-18 05:14:48,610 - __main__ - INFO - Namespace(dataset='wiki', seed=1, alpha=3.0, lamda=1, margin=0.9, lambd=5, barycenter_number=1, top_k=10, warm_up_epoch=0, MAX_EPOCH=100, batch_size=256, output_dim=512, lr=0.0001, noisy_ratio=0.2, noise_mode='sym', GPU=1, hard_weight=True, noisy_train=False, logging='wiki_ablation')
2025-06-18 05:17:08,560 - __main__ - INFO - ...Image to Text MAP = 0.4636423288821
2025-06-18 05:17:08,660 - __main__ - INFO - ...Text to Image MAP = 0.4328559240702144
2025-06-18 05:17:08,661 - __main__ - INFO - ...Average MAP = 0.4482491264761572
2025-06-18 05:17:15,339 - __main__ - INFO - Noise ratio: 0.2
2025-06-18 05:17:15,340 - __main__ - INFO - Namespace(dataset='wiki', seed=1, alpha=3.0, lamda=0.0, margin=0.9, lambd=5, barycenter_number=1, top_k=10, warm_up_epoch=0, MAX_EPOCH=100, batch_size=256, output_dim=512, lr=0.0001, noisy_ratio=0.2, noise_mode='sym', GPU=1, hard_weight=True, noisy_train=True, logging='wiki_ablation')
2025-06-18 05:19:58,226 - __main__ - INFO - ...Image to Text MAP = 0.4101821209787056
2025-06-18 05:19:58,324 - __main__ - INFO - ...Text to Image MAP = 0.3896043749692039
2025-06-18 05:19:58,325 - __main__ - INFO - ...Average MAP = 0.39989324797395476
2025-06-18 05:20:05,603 - __main__ - INFO - Noise ratio: 0.2
2025-06-18 05:20:05,604 - __main__ - INFO - Namespace(dataset='wiki', seed=1, alpha=3.0, lamda=1, margin=0.9, lambd=5, barycenter_number=1, top_k=10, warm_up_epoch=0, MAX_EPOCH=100, batch_size=256, output_dim=512, lr=0.0001, noisy_ratio=0.2, noise_mode='sym', GPU=1, hard_weight=False, noisy_train=True, logging='wiki_ablation')
2025-06-18 05:23:06,398 - __main__ - INFO - ...Image to Text MAP = 0.48937907971382816
2025-06-18 05:23:06,498 - __main__ - INFO - ...Text to Image MAP = 0.4565411822450293
2025-06-18 05:23:06,498 - __main__ - INFO - ...Average MAP = 0.47296013097942874
2025-06-18 05:23:14,220 - __main__ - INFO - Noise ratio: 0.4
2025-06-18 05:23:14,226 - __main__ - INFO - Namespace(dataset='wiki', seed=1, alpha=3.0, lamda=1, margin=0.9, lambd=5, barycenter_number=1, top_k=10, warm_up_epoch=0, MAX_EPOCH=100, batch_size=256, output_dim=512, lr=0.0001, noisy_ratio=0.4, noise_mode='sym', GPU=1, hard_weight=True, noisy_train=True, logging='wiki_ablation')
2025-06-18 05:25:57,666 - __main__ - INFO - ...Image to Text MAP = 0.44267113656892265
2025-06-18 05:25:57,790 - __main__ - INFO - ...Text to Image MAP = 0.42431751415080726
2025-06-18 05:25:57,790 - __main__ - INFO - ...Average MAP = 0.433494325359865
2025-06-18 05:26:04,994 - __main__ - INFO - Noise ratio: 0.4
2025-06-18 05:26:04,996 - __main__ - INFO - Namespace(dataset='wiki', seed=1, alpha=0.0, lamda=1, margin=0.9, lambd=5, barycenter_number=1, top_k=10, warm_up_epoch=0, MAX_EPOCH=100, batch_size=256, output_dim=512, lr=0.0001, noisy_ratio=0.4, noise_mode='sym', GPU=1, hard_weight=True, noisy_train=True, logging='wiki_ablation')
2025-06-18 05:28:29,815 - __main__ - INFO - ...Image to Text MAP = 0.296918304568817
2025-06-18 05:28:29,909 - __main__ - INFO - ...Text to Image MAP = 0.29711448254807016
2025-06-18 05:28:29,909 - __main__ - INFO - ...Average MAP = 0.29701639355844356
2025-06-18 05:28:36,548 - __main__ - INFO - Noise ratio: 0.4
2025-06-18 05:28:36,548 - __main__ - INFO - Namespace(dataset='wiki', seed=1, alpha=3.0, lamda=1, margin=0.9, lambd=5, barycenter_number=1, top_k=10, warm_up_epoch=0, MAX_EPOCH=100, batch_size=256, output_dim=512, lr=0.0001, noisy_ratio=0.4, noise_mode='sym', GPU=1, hard_weight=True, noisy_train=False, logging='wiki_ablation')
2025-06-18 05:31:36,661 - __main__ - INFO - ...Image to Text MAP = 0.403871441097615
2025-06-18 05:31:36,794 - __main__ - INFO - ...Text to Image MAP = 0.38602386257671645
2025-06-18 05:31:36,795 - __main__ - INFO - ...Average MAP = 0.39494765183716574
2025-06-18 05:31:46,495 - __main__ - INFO - Noise ratio: 0.4
2025-06-18 05:31:46,503 - __main__ - INFO - Namespace(dataset='wiki', seed=1, alpha=3.0, lamda=0.0, margin=0.9, lambd=5, barycenter_number=1, top_k=10, warm_up_epoch=0, MAX_EPOCH=100, batch_size=256, output_dim=512, lr=0.0001, noisy_ratio=0.4, noise_mode='sym', GPU=1, hard_weight=True, noisy_train=True, logging='wiki_ablation')
2025-06-18 05:35:15,810 - __main__ - INFO - ...Image to Text MAP = 0.4247949161234597
2025-06-18 05:35:16,203 - __main__ - INFO - ...Text to Image MAP = 0.3961941277774234
2025-06-18 05:35:16,204 - __main__ - INFO - ...Average MAP = 0.41049452195044156
2025-06-18 05:35:25,136 - __main__ - INFO - Noise ratio: 0.4
2025-06-18 05:35:25,137 - __main__ - INFO - Namespace(dataset='wiki', seed=1, alpha=3.0, lamda=1, margin=0.9, lambd=5, barycenter_number=1, top_k=10, warm_up_epoch=0, MAX_EPOCH=100, batch_size=256, output_dim=512, lr=0.0001, noisy_ratio=0.4, noise_mode='sym', GPU=1, hard_weight=False, noisy_train=True, logging='wiki_ablation')
2025-06-18 05:39:06,326 - __main__ - INFO - ...Image to Text MAP = 0.452554724021149
2025-06-18 05:39:06,437 - __main__ - INFO - ...Text to Image MAP = 0.4301185780344233
2025-06-18 05:39:06,438 - __main__ - INFO - ...Average MAP = 0.4413366510277862
2025-06-18 05:39:14,059 - __main__ - INFO - Noise ratio: 0.6
2025-06-18 05:39:14,064 - __main__ - INFO - Namespace(dataset='wiki', seed=1, alpha=3.0, lamda=1, margin=0.9, lambd=5, barycenter_number=1, top_k=10, warm_up_epoch=0, MAX_EPOCH=100, batch_size=256, output_dim=512, lr=0.0001, noisy_ratio=0.6, noise_mode='sym', GPU=1, hard_weight=True, noisy_train=True, logging='wiki_ablation')
2025-06-18 05:42:37,064 - __main__ - INFO - ...Image to Text MAP = 0.4247571537182767
2025-06-18 05:42:37,164 - __main__ - INFO - ...Text to Image MAP = 0.41042010816493296
2025-06-18 05:42:37,165 - __main__ - INFO - ...Average MAP = 0.4175886309416048
2025-06-18 05:42:44,970 - __main__ - INFO - Noise ratio: 0.6
2025-06-18 05:42:44,971 - __main__ - INFO - Namespace(dataset='wiki', seed=1, alpha=0.0, lamda=1, margin=0.9, lambd=5, barycenter_number=1, top_k=10, warm_up_epoch=0, MAX_EPOCH=100, batch_size=256, output_dim=512, lr=0.0001, noisy_ratio=0.6, noise_mode='sym', GPU=1, hard_weight=True, noisy_train=True, logging='wiki_ablation')
2025-06-18 05:46:13,270 - __main__ - INFO - ...Image to Text MAP = 0.2591645730309888
2025-06-18 05:46:13,420 - __main__ - INFO - ...Text to Image MAP = 0.22862273785432474
2025-06-18 05:46:13,427 - __main__ - INFO - ...Average MAP = 0.24389365544265676
2025-06-18 05:46:23,117 - __main__ - INFO - Noise ratio: 0.6
2025-06-18 05:46:23,117 - __main__ - INFO - Namespace(dataset='wiki', seed=1, alpha=3.0, lamda=1, margin=0.9, lambd=5, barycenter_number=1, top_k=10, warm_up_epoch=0, MAX_EPOCH=100, batch_size=256, output_dim=512, lr=0.0001, noisy_ratio=0.6, noise_mode='sym', GPU=1, hard_weight=True, noisy_train=False, logging='wiki_ablation')
2025-06-18 05:49:09,573 - __main__ - INFO - ...Image to Text MAP = 0.3736617088712455
2025-06-18 05:49:09,705 - __main__ - INFO - ...Text to Image MAP = 0.343332426578538
2025-06-18 05:49:09,706 - __main__ - INFO - ...Average MAP = 0.35849706772489176
2025-06-18 05:49:17,187 - __main__ - INFO - Noise ratio: 0.6
2025-06-18 05:49:17,187 - __main__ - INFO - Namespace(dataset='wiki', seed=1, alpha=3.0, lamda=0.0, margin=0.9, lambd=5, barycenter_number=1, top_k=10, warm_up_epoch=0, MAX_EPOCH=100, batch_size=256, output_dim=512, lr=0.0001, noisy_ratio=0.6, noise_mode='sym', GPU=1, hard_weight=True, noisy_train=True, logging='wiki_ablation')
2025-06-18 05:52:23,047 - __main__ - INFO - ...Image to Text MAP = 0.41928366607554596
2025-06-18 05:52:23,263 - __main__ - INFO - ...Text to Image MAP = 0.397417249530047
2025-06-18 05:52:23,263 - __main__ - INFO - ...Average MAP = 0.40835045780279644
2025-06-18 05:52:30,698 - __main__ - INFO - Noise ratio: 0.6
2025-06-18 05:52:30,699 - __main__ - INFO - Namespace(dataset='wiki', seed=1, alpha=3.0, lamda=1, margin=0.9, lambd=5, barycenter_number=1, top_k=10, warm_up_epoch=0, MAX_EPOCH=100, batch_size=256, output_dim=512, lr=0.0001, noisy_ratio=0.6, noise_mode='sym', GPU=1, hard_weight=False, noisy_train=True, logging='wiki_ablation')
2025-06-18 05:55:31,514 - __main__ - INFO - ...Image to Text MAP = 0.433347371227205
2025-06-18 05:55:31,682 - __main__ - INFO - ...Text to Image MAP = 0.4132658224802771
2025-06-18 05:55:31,683 - __main__ - INFO - ...Average MAP = 0.42330659685374106
2025-06-18 05:55:38,991 - __main__ - INFO - Noise ratio: 0.8
2025-06-18 05:55:38,993 - __main__ - INFO - Namespace(dataset='wiki', seed=1, alpha=3.0, lamda=1, margin=0.9, lambd=5, barycenter_number=1, top_k=10, warm_up_epoch=0, MAX_EPOCH=100, batch_size=256, output_dim=512, lr=0.0001, noisy_ratio=0.8, noise_mode='sym', GPU=1, hard_weight=True, noisy_train=True, logging='wiki_ablation')
2025-06-18 05:59:20,859 - __main__ - INFO - ...Image to Text MAP = 0.4216952682533273
2025-06-18 05:59:20,969 - __main__ - INFO - ...Text to Image MAP = 0.40667128888914716
2025-06-18 05:59:20,970 - __main__ - INFO - ...Average MAP = 0.41418327857123727
2025-06-18 05:59:27,563 - __main__ - INFO - Noise ratio: 0.8
2025-06-18 05:59:27,570 - __main__ - INFO - Namespace(dataset='wiki', seed=1, alpha=0.0, lamda=1, margin=0.9, lambd=5, barycenter_number=1, top_k=10, warm_up_epoch=0, MAX_EPOCH=100, batch_size=256, output_dim=512, lr=0.0001, noisy_ratio=0.8, noise_mode='sym', GPU=1, hard_weight=True, noisy_train=True, logging='wiki_ablation')
2025-06-18 06:02:32,366 - __main__ - INFO - ...Image to Text MAP = 0.17376060393783196
2025-06-18 06:02:32,471 - __main__ - INFO - ...Text to Image MAP = 0.17302888278965722
2025-06-18 06:02:32,471 - __main__ - INFO - ...Average MAP = 0.1733947433637446
2025-06-18 06:02:40,788 - __main__ - INFO - Noise ratio: 0.8
2025-06-18 06:02:40,789 - __main__ - INFO - Namespace(dataset='wiki', seed=1, alpha=3.0, lamda=1, margin=0.9, lambd=5, barycenter_number=1, top_k=10, warm_up_epoch=0, MAX_EPOCH=100, batch_size=256, output_dim=512, lr=0.0001, noisy_ratio=0.8, noise_mode='sym', GPU=1, hard_weight=True, noisy_train=False, logging='wiki_ablation')
2025-06-18 06:05:05,965 - __main__ - INFO - ...Image to Text MAP = 0.3756021108000987
2025-06-18 06:05:06,068 - __main__ - INFO - ...Text to Image MAP = 0.3502843291919379
2025-06-18 06:05:06,069 - __main__ - INFO - ...Average MAP = 0.3629432199960183
2025-06-18 06:05:14,366 - __main__ - INFO - Noise ratio: 0.8
2025-06-18 06:05:14,367 - __main__ - INFO - Namespace(dataset='wiki', seed=1, alpha=3.0, lamda=0.0, margin=0.9, lambd=5, barycenter_number=1, top_k=10, warm_up_epoch=0, MAX_EPOCH=100, batch_size=256, output_dim=512, lr=0.0001, noisy_ratio=0.8, noise_mode='sym', GPU=1, hard_weight=True, noisy_train=True, logging='wiki_ablation')
2025-06-18 06:08:21,876 - __main__ - INFO - ...Image to Text MAP = 0.41996237355504995
2025-06-18 06:08:22,117 - __main__ - INFO - ...Text to Image MAP = 0.40831053860272976
2025-06-18 06:08:22,118 - __main__ - INFO - ...Average MAP = 0.4141364560788898
2025-06-18 06:08:32,176 - __main__ - INFO - Noise ratio: 0.8
2025-06-18 06:08:32,176 - __main__ - INFO - Namespace(dataset='wiki', seed=1, alpha=3.0, lamda=1, margin=0.9, lambd=5, barycenter_number=1, top_k=10, warm_up_epoch=0, MAX_EPOCH=100, batch_size=256, output_dim=512, lr=0.0001, noisy_ratio=0.8, noise_mode='sym', GPU=1, hard_weight=False, noisy_train=True, logging='wiki_ablation')
2025-06-18 06:12:08,623 - __main__ - INFO - ...Image to Text MAP = 0.4213372449470243
2025-06-18 06:12:08,737 - __main__ - INFO - ...Text to Image MAP = 0.4137111557503768
2025-06-18 06:12:08,738 - __main__ - INFO - ...Average MAP = 0.4175242003487005
2025-06-18 06:12:16,736 - __main__ - INFO - Noise ratio: 0.2
2025-06-18 06:12:16,738 - __main__ - INFO - Namespace(dataset='wiki', seed=2, alpha=0.7, lamda=1, margin=0.9, lambd=5, barycenter_number=1, top_k=10, warm_up_epoch=0, MAX_EPOCH=100, batch_size=256, output_dim=512, lr=0.0001, noisy_ratio=0.2, noise_mode='sym', GPU=1, hard_weight=True, noisy_train=True, logging='wiki_ablation')
2025-06-18 06:15:06,922 - __main__ - INFO - ...Image to Text MAP = 0.509415146989835
2025-06-18 06:15:07,018 - __main__ - INFO - ...Text to Image MAP = 0.4569308487867368
2025-06-18 06:15:07,019 - __main__ - INFO - ...Average MAP = 0.48317299788828594
2025-06-18 06:15:14,258 - __main__ - INFO - Noise ratio: 0.2
2025-06-18 06:15:14,265 - __main__ - INFO - Namespace(dataset='wiki', seed=2, alpha=0.0, lamda=1, margin=0.9, lambd=5, barycenter_number=1, top_k=10, warm_up_epoch=0, MAX_EPOCH=100, batch_size=256, output_dim=512, lr=0.0001, noisy_ratio=0.2, noise_mode='sym', GPU=1, hard_weight=True, noisy_train=True, logging='wiki_ablation')
2025-06-18 06:17:47,302 - __main__ - INFO - ...Image to Text MAP = 0.3579350257380628
2025-06-18 06:17:47,421 - __main__ - INFO - ...Text to Image MAP = 0.3230534116522567
2025-06-18 06:17:47,421 - __main__ - INFO - ...Average MAP = 0.3404942186951597
2025-06-18 06:17:54,342 - __main__ - INFO - Noise ratio: 0.2
2025-06-18 06:17:54,343 - __main__ - INFO - Namespace(dataset='wiki', seed=2, alpha=0.7, lamda=1, margin=0.9, lambd=5, barycenter_number=1, top_k=10, warm_up_epoch=0, MAX_EPOCH=100, batch_size=256, output_dim=512, lr=0.0001, noisy_ratio=0.2, noise_mode='sym', GPU=1, hard_weight=True, noisy_train=False, logging='wiki_ablation')
2025-06-18 06:20:04,830 - __main__ - INFO - ...Image to Text MAP = 0.5212267706355641
2025-06-18 06:20:04,938 - __main__ - INFO - ...Text to Image MAP = 0.4679054134394446
2025-06-18 06:20:04,939 - __main__ - INFO - ...Average MAP = 0.49456609203750435
2025-06-18 06:20:10,738 - __main__ - INFO - Noise ratio: 0.2
2025-06-18 06:20:10,738 - __main__ - INFO - Namespace(dataset='wiki', seed=2, alpha=0.7, lamda=0.0, margin=0.9, lambd=5, barycenter_number=1, top_k=10, warm_up_epoch=0, MAX_EPOCH=100, batch_size=256, output_dim=512, lr=0.0001, noisy_ratio=0.2, noise_mode='sym', GPU=1, hard_weight=True, noisy_train=True, logging='wiki_ablation')
2025-06-18 06:22:59,289 - __main__ - INFO - ...Image to Text MAP = 0.4082668796133371
2025-06-18 06:22:59,390 - __main__ - INFO - ...Text to Image MAP = 0.38640650660760983
2025-06-18 06:22:59,390 - __main__ - INFO - ...Average MAP = 0.3973366931104735
2025-06-18 06:23:07,760 - __main__ - INFO - Noise ratio: 0.2
2025-06-18 06:23:07,762 - __main__ - INFO - Namespace(dataset='wiki', seed=2, alpha=0.7, lamda=1, margin=0.9, lambd=5, barycenter_number=1, top_k=10, warm_up_epoch=0, MAX_EPOCH=100, batch_size=256, output_dim=512, lr=0.0001, noisy_ratio=0.2, noise_mode='sym', GPU=1, hard_weight=False, noisy_train=True, logging='wiki_ablation')
2025-06-18 06:26:44,365 - __main__ - INFO - ...Image to Text MAP = 0.5096354552108484
2025-06-18 06:26:44,577 - __main__ - INFO - ...Text to Image MAP = 0.4427535476091704
2025-06-18 06:26:44,577 - __main__ - INFO - ...Average MAP = 0.4761945014100094
2025-06-18 06:26:53,200 - __main__ - INFO - Noise ratio: 0.4
2025-06-18 06:26:53,203 - __main__ - INFO - Namespace(dataset='wiki', seed=2, alpha=0.7, lamda=1, margin=0.9, lambd=5, barycenter_number=1, top_k=10, warm_up_epoch=0, MAX_EPOCH=100, batch_size=256, output_dim=512, lr=0.0001, noisy_ratio=0.4, noise_mode='sym', GPU=1, hard_weight=True, noisy_train=True, logging='wiki_ablation')
2025-06-18 06:30:11,505 - __main__ - INFO - ...Image to Text MAP = 0.5033563286274729
2025-06-18 06:30:11,618 - __main__ - INFO - ...Text to Image MAP = 0.46353028136770824
2025-06-18 06:30:11,619 - __main__ - INFO - ...Average MAP = 0.4834433049975906
2025-06-18 06:30:19,624 - __main__ - INFO - Noise ratio: 0.4
2025-06-18 06:30:19,627 - __main__ - INFO - Namespace(dataset='wiki', seed=2, alpha=0.0, lamda=1, margin=0.9, lambd=5, barycenter_number=1, top_k=10, warm_up_epoch=0, MAX_EPOCH=100, batch_size=256, output_dim=512, lr=0.0001, noisy_ratio=0.4, noise_mode='sym', GPU=1, hard_weight=True, noisy_train=True, logging='wiki_ablation')
2025-06-18 06:33:47,208 - __main__ - INFO - ...Image to Text MAP = 0.31550356145558267
2025-06-18 06:33:47,313 - __main__ - INFO - ...Text to Image MAP = 0.27904233959437924
2025-06-18 06:33:47,314 - __main__ - INFO - ...Average MAP = 0.29727295052498093
2025-06-18 06:33:57,748 - __main__ - INFO - Noise ratio: 0.4
2025-06-18 06:33:57,748 - __main__ - INFO - Namespace(dataset='wiki', seed=2, alpha=0.7, lamda=1, margin=0.9, lambd=5, barycenter_number=1, top_k=10, warm_up_epoch=0, MAX_EPOCH=100, batch_size=256, output_dim=512, lr=0.0001, noisy_ratio=0.4, noise_mode='sym', GPU=1, hard_weight=True, noisy_train=False, logging='wiki_ablation')
2025-06-18 06:36:29,961 - __main__ - INFO - ...Image to Text MAP = 0.4931836422431648
2025-06-18 06:36:30,044 - __main__ - INFO - ...Text to Image MAP = 0.4429933070766001
2025-06-18 06:36:30,044 - __main__ - INFO - ...Average MAP = 0.46808847465988246
2025-06-18 06:36:37,139 - __main__ - INFO - Noise ratio: 0.4
2025-06-18 06:36:37,140 - __main__ - INFO - Namespace(dataset='wiki', seed=2, alpha=0.7, lamda=0.0, margin=0.9, lambd=5, barycenter_number=1, top_k=10, warm_up_epoch=0, MAX_EPOCH=100, batch_size=256, output_dim=512, lr=0.0001, noisy_ratio=0.4, noise_mode='sym', GPU=1, hard_weight=True, noisy_train=True, logging='wiki_ablation')
2025-06-18 06:40:20,555 - __main__ - INFO - ...Image to Text MAP = 0.4141796767956292
2025-06-18 06:40:20,717 - __main__ - INFO - ...Text to Image MAP = 0.39135789476671123
2025-06-18 06:40:20,717 - __main__ - INFO - ...Average MAP = 0.40276878578117026
2025-06-18 06:40:29,714 - __main__ - INFO - Noise ratio: 0.4
2025-06-18 06:40:29,716 - __main__ - INFO - Namespace(dataset='wiki', seed=2, alpha=0.7, lamda=1, margin=0.9, lambd=5, barycenter_number=1, top_k=10, warm_up_epoch=0, MAX_EPOCH=100, batch_size=256, output_dim=512, lr=0.0001, noisy_ratio=0.4, noise_mode='sym', GPU=1, hard_weight=False, noisy_train=True, logging='wiki_ablation')
2025-06-18 06:44:11,297 - __main__ - INFO - ...Image to Text MAP = 0.4956362744371993
2025-06-18 06:44:11,582 - __main__ - INFO - ...Text to Image MAP = 0.4467664818691388
2025-06-18 06:44:12,463 - __main__ - INFO - ...Average MAP = 0.4712013781531691
2025-06-18 06:44:21,312 - __main__ - INFO - Noise ratio: 0.6
2025-06-18 06:44:21,314 - __main__ - INFO - Namespace(dataset='wiki', seed=2, alpha=0.7, lamda=1, margin=0.9, lambd=5, barycenter_number=1, top_k=10, warm_up_epoch=0, MAX_EPOCH=100, batch_size=256, output_dim=512, lr=0.0001, noisy_ratio=0.6, noise_mode='sym', GPU=1, hard_weight=True, noisy_train=True, logging='wiki_ablation')
2025-06-18 06:47:53,736 - __main__ - INFO - ...Image to Text MAP = 0.4897354477470518
2025-06-18 06:47:53,818 - __main__ - INFO - ...Text to Image MAP = 0.4519976244775996
2025-06-18 06:47:53,818 - __main__ - INFO - ...Average MAP = 0.4708665361123257
2025-06-18 06:48:02,009 - __main__ - INFO - Noise ratio: 0.6
2025-06-18 06:48:02,011 - __main__ - INFO - Namespace(dataset='wiki', seed=2, alpha=0.0, lamda=1, margin=0.9, lambd=5, barycenter_number=1, top_k=10, warm_up_epoch=0, MAX_EPOCH=100, batch_size=256, output_dim=512, lr=0.0001, noisy_ratio=0.6, noise_mode='sym', GPU=1, hard_weight=True, noisy_train=True, logging='wiki_ablation')
2025-06-18 06:51:33,539 - __main__ - INFO - ...Image to Text MAP = 0.2505217181103088
2025-06-18 06:51:33,790 - __main__ - INFO - ...Text to Image MAP = 0.2951310984757135
2025-06-18 06:51:33,791 - __main__ - INFO - ...Average MAP = 0.2728264082930112
2025-06-18 06:51:43,204 - __main__ - INFO - Noise ratio: 0.6
2025-06-18 06:51:43,205 - __main__ - INFO - Namespace(dataset='wiki', seed=2, alpha=0.7, lamda=1, margin=0.9, lambd=5, barycenter_number=1, top_k=10, warm_up_epoch=0, MAX_EPOCH=100, batch_size=256, output_dim=512, lr=0.0001, noisy_ratio=0.6, noise_mode='sym', GPU=1, hard_weight=True, noisy_train=False, logging='wiki_ablation')
2025-06-18 06:54:31,827 - __main__ - INFO - ...Image to Text MAP = 0.47505561625755
2025-06-18 06:54:31,937 - __main__ - INFO - ...Text to Image MAP = 0.42467420580426296
2025-06-18 06:54:31,938 - __main__ - INFO - ...Average MAP = 0.4498649110309065
2025-06-18 06:54:40,306 - __main__ - INFO - Noise ratio: 0.6
2025-06-18 06:54:40,323 - __main__ - INFO - Namespace(dataset='wiki', seed=2, alpha=0.7, lamda=0.0, margin=0.9, lambd=5, barycenter_number=1, top_k=10, warm_up_epoch=0, MAX_EPOCH=100, batch_size=256, output_dim=512, lr=0.0001, noisy_ratio=0.6, noise_mode='sym', GPU=1, hard_weight=True, noisy_train=True, logging='wiki_ablation')
2025-06-18 06:58:07,379 - __main__ - INFO - ...Image to Text MAP = 0.42059231304780537
2025-06-18 06:58:07,485 - __main__ - INFO - ...Text to Image MAP = 0.39990512288387536
2025-06-18 06:58:07,486 - __main__ - INFO - ...Average MAP = 0.4102487179658404
2025-06-18 06:58:15,068 - __main__ - INFO - Noise ratio: 0.6
2025-06-18 06:58:15,069 - __main__ - INFO - Namespace(dataset='wiki', seed=2, alpha=0.7, lamda=1, margin=0.9, lambd=5, barycenter_number=1, top_k=10, warm_up_epoch=0, MAX_EPOCH=100, batch_size=256, output_dim=512, lr=0.0001, noisy_ratio=0.6, noise_mode='sym', GPU=1, hard_weight=False, noisy_train=True, logging='wiki_ablation')
2025-06-18 07:02:00,885 - __main__ - INFO - ...Image to Text MAP = 0.48611210635241453
2025-06-18 07:02:01,224 - __main__ - INFO - ...Text to Image MAP = 0.45041599765637014
2025-06-18 07:02:01,225 - __main__ - INFO - ...Average MAP = 0.46826405200439236
2025-06-18 07:02:10,654 - __main__ - INFO - Noise ratio: 0.8
2025-06-18 07:02:10,655 - __main__ - INFO - Namespace(dataset='wiki', seed=2, alpha=0.7, lamda=1, margin=0.9, lambd=5, barycenter_number=1, top_k=10, warm_up_epoch=0, MAX_EPOCH=100, batch_size=256, output_dim=512, lr=0.0001, noisy_ratio=0.8, noise_mode='sym', GPU=1, hard_weight=True, noisy_train=True, logging='wiki_ablation')
2025-06-18 07:05:41,057 - __main__ - INFO - ...Image to Text MAP = 0.4219935366832392
2025-06-18 07:05:41,145 - __main__ - INFO - ...Text to Image MAP = 0.40538285185958306
2025-06-18 07:05:41,146 - __main__ - INFO - ...Average MAP = 0.4136881942714111
2025-06-18 07:05:48,986 - __main__ - INFO - Noise ratio: 0.8
2025-06-18 07:05:48,988 - __main__ - INFO - Namespace(dataset='wiki', seed=2, alpha=0.0, lamda=1, margin=0.9, lambd=5, barycenter_number=1, top_k=10, warm_up_epoch=0, MAX_EPOCH=100, batch_size=256, output_dim=512, lr=0.0001, noisy_ratio=0.8, noise_mode='sym', GPU=1, hard_weight=True, noisy_train=True, logging='wiki_ablation')
2025-06-18 07:08:27,453 - __main__ - INFO - ...Image to Text MAP = 0.15823455711683665
2025-06-18 07:08:27,559 - __main__ - INFO - ...Text to Image MAP = 0.17933712291140494
2025-06-18 07:08:27,559 - __main__ - INFO - ...Average MAP = 0.16878584001412078
2025-06-18 07:08:33,767 - __main__ - INFO - Noise ratio: 0.8
2025-06-18 07:08:33,768 - __main__ - INFO - Namespace(dataset='wiki', seed=2, alpha=0.7, lamda=1, margin=0.9, lambd=5, barycenter_number=1, top_k=10, warm_up_epoch=0, MAX_EPOCH=100, batch_size=256, output_dim=512, lr=0.0001, noisy_ratio=0.8, noise_mode='sym', GPU=1, hard_weight=True, noisy_train=False, logging='wiki_ablation')
2025-06-18 07:11:27,872 - __main__ - INFO - ...Image to Text MAP = 0.3999949944046494
2025-06-18 07:11:28,083 - __main__ - INFO - ...Text to Image MAP = 0.3832576980670291
2025-06-18 07:11:28,084 - __main__ - INFO - ...Average MAP = 0.39162634623583925
2025-06-18 07:11:37,869 - __main__ - INFO - Noise ratio: 0.8
2025-06-18 07:11:37,869 - __main__ - INFO - Namespace(dataset='wiki', seed=2, alpha=0.7, lamda=0.0, margin=0.9, lambd=5, barycenter_number=1, top_k=10, warm_up_epoch=0, MAX_EPOCH=100, batch_size=256, output_dim=512, lr=0.0001, noisy_ratio=0.8, noise_mode='sym', GPU=1, hard_weight=True, noisy_train=True, logging='wiki_ablation')
2025-06-18 07:14:41,023 - __main__ - INFO - ...Image to Text MAP = 0.4198280807406453
2025-06-18 07:14:41,141 - __main__ - INFO - ...Text to Image MAP = 0.40252111303496274
2025-06-18 07:14:41,142 - __main__ - INFO - ...Average MAP = 0.411174596887804
2025-06-18 07:14:50,694 - __main__ - INFO - Noise ratio: 0.8
2025-06-18 07:14:50,695 - __main__ - INFO - Namespace(dataset='wiki', seed=2, alpha=0.7, lamda=1, margin=0.9, lambd=5, barycenter_number=1, top_k=10, warm_up_epoch=0, MAX_EPOCH=100, batch_size=256, output_dim=512, lr=0.0001, noisy_ratio=0.8, noise_mode='sym', GPU=1, hard_weight=False, noisy_train=True, logging='wiki_ablation')
2025-06-18 07:18:26,286 - __main__ - INFO - ...Image to Text MAP = 0.4485022661737779
2025-06-18 07:18:26,390 - __main__ - INFO - ...Text to Image MAP = 0.43170946694619805
2025-06-18 07:18:26,391 - __main__ - INFO - ...Average MAP = 0.44010586655998796
2025-06-18 07:18:33,110 - __main__ - INFO - Noise ratio: 0.2
2025-06-18 07:18:33,112 - __main__ - INFO - Namespace(dataset='wiki', seed=2, alpha=0.8, lamda=1, margin=0.9, lambd=5, barycenter_number=1, top_k=10, warm_up_epoch=0, MAX_EPOCH=100, batch_size=256, output_dim=512, lr=0.0001, noisy_ratio=0.2, noise_mode='sym', GPU=1, hard_weight=True, noisy_train=True, logging='wiki_ablation')
2025-06-18 07:22:03,859 - __main__ - INFO - ...Image to Text MAP = 0.509884737862333
2025-06-18 07:22:04,302 - __main__ - INFO - ...Text to Image MAP = 0.45678963118139926
2025-06-18 07:22:04,303 - __main__ - INFO - ...Average MAP = 0.48333718452186614
2025-06-18 07:22:13,621 - __main__ - INFO - Noise ratio: 0.2
2025-06-18 07:22:13,623 - __main__ - INFO - Namespace(dataset='wiki', seed=2, alpha=0.0, lamda=1, margin=0.9, lambd=5, barycenter_number=1, top_k=10, warm_up_epoch=0, MAX_EPOCH=100, batch_size=256, output_dim=512, lr=0.0001, noisy_ratio=0.2, noise_mode='sym', GPU=1, hard_weight=True, noisy_train=True, logging='wiki_ablation')
2025-06-18 07:25:04,304 - __main__ - INFO - ...Image to Text MAP = 0.3579350257380628
2025-06-18 07:25:04,417 - __main__ - INFO - ...Text to Image MAP = 0.3230534116522567
2025-06-18 07:25:04,418 - __main__ - INFO - ...Average MAP = 0.3404942186951597
2025-06-18 07:25:11,391 - __main__ - INFO - Noise ratio: 0.2
2025-06-18 07:25:11,392 - __main__ - INFO - Namespace(dataset='wiki', seed=2, alpha=0.8, lamda=1, margin=0.9, lambd=5, barycenter_number=1, top_k=10, warm_up_epoch=0, MAX_EPOCH=100, batch_size=256, output_dim=512, lr=0.0001, noisy_ratio=0.2, noise_mode='sym', GPU=1, hard_weight=True, noisy_train=False, logging='wiki_ablation')
2025-06-18 07:28:06,765 - __main__ - INFO - ...Image to Text MAP = 0.5220977912170535
2025-06-18 07:28:06,864 - __main__ - INFO - ...Text to Image MAP = 0.4674474757046471
2025-06-18 07:28:06,865 - __main__ - INFO - ...Average MAP = 0.4947726334608503
2025-06-18 07:28:15,404 - __main__ - INFO - Noise ratio: 0.2
2025-06-18 07:28:15,404 - __main__ - INFO - Namespace(dataset='wiki', seed=2, alpha=0.8, lamda=0.0, margin=0.9, lambd=5, barycenter_number=1, top_k=10, warm_up_epoch=0, MAX_EPOCH=100, batch_size=256, output_dim=512, lr=0.0001, noisy_ratio=0.2, noise_mode='sym', GPU=1, hard_weight=True, noisy_train=True, logging='wiki_ablation')
2025-06-18 07:31:08,979 - __main__ - INFO - ...Image to Text MAP = 0.40852425323115305
2025-06-18 07:31:09,124 - __main__ - INFO - ...Text to Image MAP = 0.3846468388488147
2025-06-18 07:31:09,125 - __main__ - INFO - ...Average MAP = 0.39658554603998386
2025-06-18 07:31:15,582 - __main__ - INFO - Noise ratio: 0.2
2025-06-18 07:31:15,583 - __main__ - INFO - Namespace(dataset='wiki', seed=2, alpha=0.8, lamda=1, margin=0.9, lambd=5, barycenter_number=1, top_k=10, warm_up_epoch=0, MAX_EPOCH=100, batch_size=256, output_dim=512, lr=0.0001, noisy_ratio=0.2, noise_mode='sym', GPU=1, hard_weight=False, noisy_train=True, logging='wiki_ablation')
2025-06-18 07:34:05,276 - __main__ - INFO - ...Image to Text MAP = 0.5156177950103756
2025-06-18 07:34:05,379 - __main__ - INFO - ...Text to Image MAP = 0.45693119378322683
2025-06-18 07:34:05,380 - __main__ - INFO - ...Average MAP = 0.48627449439680126
2025-06-18 07:34:12,215 - __main__ - INFO - Noise ratio: 0.4
2025-06-18 07:34:12,217 - __main__ - INFO - Namespace(dataset='wiki', seed=2, alpha=0.8, lamda=1, margin=0.9, lambd=5, barycenter_number=1, top_k=10, warm_up_epoch=0, MAX_EPOCH=100, batch_size=256, output_dim=512, lr=0.0001, noisy_ratio=0.4, noise_mode='sym', GPU=1, hard_weight=True, noisy_train=True, logging='wiki_ablation')
2025-06-18 07:36:55,902 - __main__ - INFO - ...Image to Text MAP = 0.5152116073982395
2025-06-18 07:36:56,205 - __main__ - INFO - ...Text to Image MAP = 0.46746751545616966
2025-06-18 07:36:56,206 - __main__ - INFO - ...Average MAP = 0.4913395614272046
2025-06-18 07:37:03,498 - __main__ - INFO - Noise ratio: 0.4
2025-06-18 07:37:03,501 - __main__ - INFO - Namespace(dataset='wiki', seed=2, alpha=0.0, lamda=1, margin=0.9, lambd=5, barycenter_number=1, top_k=10, warm_up_epoch=0, MAX_EPOCH=100, batch_size=256, output_dim=512, lr=0.0001, noisy_ratio=0.4, noise_mode='sym', GPU=1, hard_weight=True, noisy_train=True, logging='wiki_ablation')
2025-06-18 07:39:58,431 - __main__ - INFO - ...Image to Text MAP = 0.31550356145558267
2025-06-18 07:39:58,517 - __main__ - INFO - ...Text to Image MAP = 0.27904233959437924
2025-06-18 07:39:58,525 - __main__ - INFO - ...Average MAP = 0.29727295052498093
2025-06-18 07:41:25,192 - __main__ - INFO - Noise ratio: 0.4
2025-06-18 07:41:25,193 - __main__ - INFO - Namespace(dataset='wiki', seed=2, alpha=0.8, lamda=1, margin=0.9, lambd=5, barycenter_number=1, top_k=10, warm_up_epoch=0, MAX_EPOCH=100, batch_size=256, output_dim=512, lr=0.0001, noisy_ratio=0.4, noise_mode='sym', GPU=1, hard_weight=True, noisy_train=False, logging='wiki_ablation')
2025-06-18 07:43:47,448 - __main__ - INFO - ...Image to Text MAP = 0.5022529916271455
2025-06-18 07:43:47,626 - __main__ - INFO - ...Text to Image MAP = 0.4533411932721662
2025-06-18 07:43:47,630 - __main__ - INFO - ...Average MAP = 0.47779709244965585
2025-06-18 07:46:16,542 - __main__ - INFO - Noise ratio: 0.4
2025-06-18 07:46:16,546 - __main__ - INFO - Namespace(dataset='wiki', seed=2, alpha=0.8, lamda=0.0, margin=0.9, lambd=5, barycenter_number=1, top_k=10, warm_up_epoch=0, MAX_EPOCH=100, batch_size=256, output_dim=512, lr=0.0001, noisy_ratio=0.4, noise_mode='sym', GPU=1, hard_weight=True, noisy_train=True, logging='wiki_ablation')
2025-06-18 07:50:10,791 - __main__ - INFO - ...Image to Text MAP = 0.4158473988459416
2025-06-18 07:50:10,875 - __main__ - INFO - ...Text to Image MAP = 0.39710465137664763
2025-06-18 07:50:10,887 - __main__ - INFO - ...Average MAP = 0.4064760251112946
2025-06-18 07:51:56,192 - __main__ - INFO - Noise ratio: 0.4
2025-06-18 07:51:56,192 - __main__ - INFO - Namespace(dataset='wiki', seed=2, alpha=0.8, lamda=1, margin=0.9, lambd=5, barycenter_number=1, top_k=10, warm_up_epoch=0, MAX_EPOCH=100, batch_size=256, output_dim=512, lr=0.0001, noisy_ratio=0.4, noise_mode='sym', GPU=1, hard_weight=False, noisy_train=True, logging='wiki_ablation')
2025-06-18 07:54:28,563 - __main__ - INFO - ...Image to Text MAP = 0.49055510597499336
2025-06-18 07:54:28,670 - __main__ - INFO - ...Text to Image MAP = 0.44144506124596156
2025-06-18 07:54:28,679 - __main__ - INFO - ...Average MAP = 0.46600008361047746
2025-06-18 07:56:31,406 - __main__ - INFO - Noise ratio: 0.6
2025-06-18 07:56:31,433 - __main__ - INFO - Namespace(dataset='wiki', seed=2, alpha=0.8, lamda=1, margin=0.9, lambd=5, barycenter_number=1, top_k=10, warm_up_epoch=0, MAX_EPOCH=100, batch_size=256, output_dim=512, lr=0.0001, noisy_ratio=0.6, noise_mode='sym', GPU=1, hard_weight=True, noisy_train=True, logging='wiki_ablation')
2025-06-18 07:58:52,677 - __main__ - INFO - ...Image to Text MAP = 0.4901856930013898
2025-06-18 07:58:52,886 - __main__ - INFO - ...Text to Image MAP = 0.4526246054155516
2025-06-18 07:58:52,894 - __main__ - INFO - ...Average MAP = 0.4714051492084707
2025-06-18 08:00:35,051 - __main__ - INFO - Noise ratio: 0.6
2025-06-18 08:00:35,053 - __main__ - INFO - Namespace(dataset='wiki', seed=2, alpha=0.0, lamda=1, margin=0.9, lambd=5, barycenter_number=1, top_k=10, warm_up_epoch=0, MAX_EPOCH=100, batch_size=256, output_dim=512, lr=0.0001, noisy_ratio=0.6, noise_mode='sym', GPU=1, hard_weight=True, noisy_train=True, logging='wiki_ablation')
2025-06-18 08:03:55,396 - __main__ - INFO - ...Image to Text MAP = 0.2505217181103088
2025-06-18 08:03:55,525 - __main__ - INFO - ...Text to Image MAP = 0.2951310984757135
2025-06-18 08:03:55,531 - __main__ - INFO - ...Average MAP = 0.2728264082930112
2025-06-18 08:05:31,660 - __main__ - INFO - Noise ratio: 0.6
2025-06-18 08:05:31,661 - __main__ - INFO - Namespace(dataset='wiki', seed=2, alpha=0.8, lamda=1, margin=0.9, lambd=5, barycenter_number=1, top_k=10, warm_up_epoch=0, MAX_EPOCH=100, batch_size=256, output_dim=512, lr=0.0001, noisy_ratio=0.6, noise_mode='sym', GPU=1, hard_weight=True, noisy_train=False, logging='wiki_ablation')
2025-06-18 08:08:23,305 - __main__ - INFO - ...Image to Text MAP = 0.4838047012531362
2025-06-18 08:08:23,470 - __main__ - INFO - ...Text to Image MAP = 0.443688948020323
2025-06-18 08:08:23,483 - __main__ - INFO - ...Average MAP = 0.46374682463672956
2025-06-18 08:10:52,449 - __main__ - INFO - Noise ratio: 0.6
2025-06-18 08:10:52,463 - __main__ - INFO - Namespace(dataset='wiki', seed=2, alpha=0.8, lamda=0.0, margin=0.9, lambd=5, barycenter_number=1, top_k=10, warm_up_epoch=0, MAX_EPOCH=100, batch_size=256, output_dim=512, lr=0.0001, noisy_ratio=0.6, noise_mode='sym', GPU=1, hard_weight=True, noisy_train=True, logging='wiki_ablation')
2025-06-18 08:14:18,121 - __main__ - INFO - ...Image to Text MAP = 0.4093844022667012
2025-06-18 08:14:18,219 - __main__ - INFO - ...Text to Image MAP = 0.3950459573760266
2025-06-18 08:14:18,243 - __main__ - INFO - ...Average MAP = 0.4022151798213639
2025-06-18 08:16:17,119 - __main__ - INFO - Noise ratio: 0.6
2025-06-18 08:16:17,159 - __main__ - INFO - Namespace(dataset='wiki', seed=2, alpha=0.8, lamda=1, margin=0.9, lambd=5, barycenter_number=1, top_k=10, warm_up_epoch=0, MAX_EPOCH=100, batch_size=256, output_dim=512, lr=0.0001, noisy_ratio=0.6, noise_mode='sym', GPU=1, hard_weight=False, noisy_train=True, logging='wiki_ablation')
2025-06-18 08:19:06,210 - __main__ - INFO - ...Image to Text MAP = 0.4764315568482634
2025-06-18 08:19:06,306 - __main__ - INFO - ...Text to Image MAP = 0.44695711836179863
2025-06-18 08:19:06,306 - __main__ - INFO - ...Average MAP = 0.461694337605031
2025-06-18 08:21:32,774 - __main__ - INFO - Noise ratio: 0.8
2025-06-18 08:21:32,781 - __main__ - INFO - Namespace(dataset='wiki', seed=2, alpha=0.8, lamda=1, margin=0.9, lambd=5, barycenter_number=1, top_k=10, warm_up_epoch=0, MAX_EPOCH=100, batch_size=256, output_dim=512, lr=0.0001, noisy_ratio=0.8, noise_mode='sym', GPU=1, hard_weight=True, noisy_train=True, logging='wiki_ablation')
2025-06-18 08:24:51,954 - __main__ - INFO - ...Image to Text MAP = 0.43444329394365455
2025-06-18 08:24:52,129 - __main__ - INFO - ...Text to Image MAP = 0.4172374983786329
2025-06-18 08:24:52,133 - __main__ - INFO - ...Average MAP = 0.4258403961611437
2025-06-18 08:26:40,709 - __main__ - INFO - Noise ratio: 0.8
2025-06-18 08:26:40,718 - __main__ - INFO - Namespace(dataset='wiki', seed=2, alpha=0.0, lamda=1, margin=0.9, lambd=5, barycenter_number=1, top_k=10, warm_up_epoch=0, MAX_EPOCH=100, batch_size=256, output_dim=512, lr=0.0001, noisy_ratio=0.8, noise_mode='sym', GPU=1, hard_weight=True, noisy_train=True, logging='wiki_ablation')
2025-06-18 08:29:56,407 - __main__ - INFO - ...Image to Text MAP = 0.15823455711683665
2025-06-18 08:29:56,514 - __main__ - INFO - ...Text to Image MAP = 0.17933712291140494
2025-06-18 08:29:56,520 - __main__ - INFO - ...Average MAP = 0.16878584001412078
2025-06-18 08:32:14,072 - __main__ - INFO - Noise ratio: 0.8
2025-06-18 08:32:14,080 - __main__ - INFO - Namespace(dataset='wiki', seed=2, alpha=0.8, lamda=1, margin=0.9, lambd=5, barycenter_number=1, top_k=10, warm_up_epoch=0, MAX_EPOCH=100, batch_size=256, output_dim=512, lr=0.0001, noisy_ratio=0.8, noise_mode='sym', GPU=1, hard_weight=True, noisy_train=False, logging='wiki_ablation')
2025-06-18 08:34:39,433 - __main__ - INFO - ...Image to Text MAP = 0.39226248893495064
2025-06-18 08:34:39,553 - __main__ - INFO - ...Text to Image MAP = 0.3837311944284733
2025-06-18 08:34:39,556 - __main__ - INFO - ...Average MAP = 0.387996841681712
2025-06-18 08:36:40,272 - __main__ - INFO - Noise ratio: 0.8
2025-06-18 08:36:40,275 - __main__ - INFO - Namespace(dataset='wiki', seed=2, alpha=0.8, lamda=0.0, margin=0.9, lambd=5, barycenter_number=1, top_k=10, warm_up_epoch=0, MAX_EPOCH=100, batch_size=256, output_dim=512, lr=0.0001, noisy_ratio=0.8, noise_mode='sym', GPU=1, hard_weight=True, noisy_train=True, logging='wiki_ablation')
2025-06-18 08:39:19,998 - __main__ - INFO - ...Image to Text MAP = 0.40982447359326774
2025-06-18 08:39:20,135 - __main__ - INFO - ...Text to Image MAP = 0.4014049476181517
2025-06-18 08:39:20,136 - __main__ - INFO - ...Average MAP = 0.40561471060570975
2025-06-18 08:39:59,605 - __main__ - INFO - Noise ratio: 0.8
2025-06-18 08:39:59,612 - __main__ - INFO - Namespace(dataset='wiki', seed=2, alpha=0.8, lamda=1, margin=0.9, lambd=5, barycenter_number=1, top_k=10, warm_up_epoch=0, MAX_EPOCH=100, batch_size=256, output_dim=512, lr=0.0001, noisy_ratio=0.8, noise_mode='sym', GPU=1, hard_weight=False, noisy_train=True, logging='wiki_ablation')
2025-06-18 08:43:38,570 - __main__ - INFO - ...Image to Text MAP = 0.4433043508211273
2025-06-18 08:43:38,661 - __main__ - INFO - ...Text to Image MAP = 0.4293552636236946
2025-06-18 08:43:38,664 - __main__ - INFO - ...Average MAP = 0.43632980722241094
2025-06-18 08:44:27,156 - __main__ - INFO - Noise ratio: 0.2
2025-06-18 08:44:27,158 - __main__ - INFO - Namespace(dataset='wiki', seed=2, alpha=0.9, lamda=1, margin=0.9, lambd=5, barycenter_number=1, top_k=10, warm_up_epoch=0, MAX_EPOCH=100, batch_size=256, output_dim=512, lr=0.0001, noisy_ratio=0.2, noise_mode='sym', GPU=1, hard_weight=True, noisy_train=True, logging='wiki_ablation')
2025-06-18 08:47:55,887 - __main__ - INFO - ...Image to Text MAP = 0.5081326607782422
2025-06-18 08:47:56,054 - __main__ - INFO - ...Text to Image MAP = 0.4555500055242393
2025-06-18 08:47:56,079 - __main__ - INFO - ...Average MAP = 0.4818413331512407
2025-06-18 08:48:31,480 - __main__ - INFO - Noise ratio: 0.2
2025-06-18 08:48:31,483 - __main__ - INFO - Namespace(dataset='wiki', seed=2, alpha=0.0, lamda=1, margin=0.9, lambd=5, barycenter_number=1, top_k=10, warm_up_epoch=0, MAX_EPOCH=100, batch_size=256, output_dim=512, lr=0.0001, noisy_ratio=0.2, noise_mode='sym', GPU=1, hard_weight=True, noisy_train=True, logging='wiki_ablation')
2025-06-18 08:52:07,815 - __main__ - INFO - ...Image to Text MAP = 0.3579350257380628
2025-06-18 08:52:07,904 - __main__ - INFO - ...Text to Image MAP = 0.3230534116522567
2025-06-18 08:52:07,913 - __main__ - INFO - ...Average MAP = 0.3404942186951597
2025-06-18 08:53:34,602 - __main__ - INFO - Noise ratio: 0.2
2025-06-18 08:53:34,617 - __main__ - INFO - Namespace(dataset='wiki', seed=2, alpha=0.9, lamda=1, margin=0.9, lambd=5, barycenter_number=1, top_k=10, warm_up_epoch=0, MAX_EPOCH=100, batch_size=256, output_dim=512, lr=0.0001, noisy_ratio=0.2, noise_mode='sym', GPU=1, hard_weight=True, noisy_train=False, logging='wiki_ablation')
2025-06-18 08:56:22,745 - __main__ - INFO - ...Image to Text MAP = 0.5392220645225769
2025-06-18 08:56:22,836 - __main__ - INFO - ...Text to Image MAP = 0.4847712339725577
2025-06-18 08:56:22,836 - __main__ - INFO - ...Average MAP = 0.5119966492475674
2025-06-18 08:57:20,497 - __main__ - INFO - Noise ratio: 0.2
2025-06-18 08:57:20,503 - __main__ - INFO - Namespace(dataset='wiki', seed=2, alpha=0.9, lamda=0.0, margin=0.9, lambd=5, barycenter_number=1, top_k=10, warm_up_epoch=0, MAX_EPOCH=100, batch_size=256, output_dim=512, lr=0.0001, noisy_ratio=0.2, noise_mode='sym', GPU=1, hard_weight=True, noisy_train=True, logging='wiki_ablation')
2025-06-18 09:00:18,374 - __main__ - INFO - ...Image to Text MAP = 0.4081092899370592
2025-06-18 09:00:18,598 - __main__ - INFO - ...Text to Image MAP = 0.37776386307665294
2025-06-18 09:00:18,602 - __main__ - INFO - ...Average MAP = 0.3929365765068561
2025-06-18 09:02:22,790 - __main__ - INFO - Noise ratio: 0.2
2025-06-18 09:02:22,830 - __main__ - INFO - Namespace(dataset='wiki', seed=2, alpha=0.9, lamda=1, margin=0.9, lambd=5, barycenter_number=1, top_k=10, warm_up_epoch=0, MAX_EPOCH=100, batch_size=256, output_dim=512, lr=0.0001, noisy_ratio=0.2, noise_mode='sym', GPU=1, hard_weight=False, noisy_train=True, logging='wiki_ablation')
2025-06-18 09:05:43,071 - __main__ - INFO - ...Image to Text MAP = 0.5185844628215359
2025-06-18 09:05:43,218 - __main__ - INFO - ...Text to Image MAP = 0.45570600245194176
2025-06-18 09:05:43,219 - __main__ - INFO - ...Average MAP = 0.4871452326367388
2025-06-18 09:07:15,482 - __main__ - INFO - Noise ratio: 0.4
2025-06-18 09:07:15,498 - __main__ - INFO - Namespace(dataset='wiki', seed=2, alpha=0.9, lamda=1, margin=0.9, lambd=5, barycenter_number=1, top_k=10, warm_up_epoch=0, MAX_EPOCH=100, batch_size=256, output_dim=512, lr=0.0001, noisy_ratio=0.4, noise_mode='sym', GPU=1, hard_weight=True, noisy_train=True, logging='wiki_ablation')
2025-06-18 09:09:56,667 - __main__ - INFO - ...Image to Text MAP = 0.5043731211403867
2025-06-18 09:09:56,763 - __main__ - INFO - ...Text to Image MAP = 0.4603503798339478
2025-06-18 09:09:56,764 - __main__ - INFO - ...Average MAP = 0.48236175048716723
2025-06-18 09:12:56,775 - __main__ - INFO - Noise ratio: 0.4
2025-06-18 09:12:56,800 - __main__ - INFO - Namespace(dataset='wiki', seed=2, alpha=0.0, lamda=1, margin=0.9, lambd=5, barycenter_number=1, top_k=10, warm_up_epoch=0, MAX_EPOCH=100, batch_size=256, output_dim=512, lr=0.0001, noisy_ratio=0.4, noise_mode='sym', GPU=1, hard_weight=True, noisy_train=True, logging='wiki_ablation')
2025-06-18 09:14:58,236 - __main__ - INFO - ...Image to Text MAP = 0.31550356145558267
2025-06-18 09:14:58,482 - __main__ - INFO - ...Text to Image MAP = 0.27904233959437924
2025-06-18 09:14:58,536 - __main__ - INFO - ...Average MAP = 0.29727295052498093
2025-06-18 09:17:06,840 - __main__ - INFO - Noise ratio: 0.4
2025-06-18 09:17:06,840 - __main__ - INFO - Namespace(dataset='wiki', seed=2, alpha=0.9, lamda=1, margin=0.9, lambd=5, barycenter_number=1, top_k=10, warm_up_epoch=0, MAX_EPOCH=100, batch_size=256, output_dim=512, lr=0.0001, noisy_ratio=0.4, noise_mode='sym', GPU=1, hard_weight=True, noisy_train=False, logging='wiki_ablation')
2025-06-18 09:19:21,687 - __main__ - INFO - ...Image to Text MAP = 0.48678933357642723
2025-06-18 09:19:21,838 - __main__ - INFO - ...Text to Image MAP = 0.4414924109993287
2025-06-18 09:19:21,841 - __main__ - INFO - ...Average MAP = 0.4641408722878779
2025-06-18 09:19:35,840 - __main__ - INFO - Noise ratio: 0.4
2025-06-18 09:19:35,840 - __main__ - INFO - Namespace(dataset='wiki', seed=2, alpha=0.9, lamda=0.0, margin=0.9, lambd=5, barycenter_number=1, top_k=10, warm_up_epoch=0, MAX_EPOCH=100, batch_size=256, output_dim=512, lr=0.0001, noisy_ratio=0.4, noise_mode='sym', GPU=1, hard_weight=True, noisy_train=True, logging='wiki_ablation')
2025-06-18 09:21:51,657 - __main__ - INFO - ...Image to Text MAP = 0.41799199038481977
2025-06-18 09:21:51,740 - __main__ - INFO - ...Text to Image MAP = 0.401441538816057
2025-06-18 09:21:51,741 - __main__ - INFO - ...Average MAP = 0.4097167646004384
2025-06-18 09:25:29,430 - __main__ - INFO - Noise ratio: 0.4
2025-06-18 09:25:29,465 - __main__ - INFO - Namespace(dataset='wiki', seed=2, alpha=0.9, lamda=1, margin=0.9, lambd=5, barycenter_number=1, top_k=10, warm_up_epoch=0, MAX_EPOCH=100, batch_size=256, output_dim=512, lr=0.0001, noisy_ratio=0.4, noise_mode='sym', GPU=1, hard_weight=False, noisy_train=True, logging='wiki_ablation')
2025-06-18 09:27:54,689 - __main__ - INFO - ...Image to Text MAP = 0.4982760038666885
2025-06-18 09:27:54,825 - __main__ - INFO - ...Text to Image MAP = 0.45903299718162327
2025-06-18 09:27:54,901 - __main__ - INFO - ...Average MAP = 0.4786545005241559
2025-06-18 09:30:00,211 - __main__ - INFO - Noise ratio: 0.6
2025-06-18 09:30:00,216 - __main__ - INFO - Namespace(dataset='wiki', seed=2, alpha=0.9, lamda=1, margin=0.9, lambd=5, barycenter_number=1, top_k=10, warm_up_epoch=0, MAX_EPOCH=100, batch_size=256, output_dim=512, lr=0.0001, noisy_ratio=0.6, noise_mode='sym', GPU=1, hard_weight=True, noisy_train=True, logging='wiki_ablation')
2025-06-18 09:32:59,921 - __main__ - INFO - ...Image to Text MAP = 0.4769027547246195
2025-06-18 09:33:00,099 - __main__ - INFO - ...Text to Image MAP = 0.4489058365288901
2025-06-18 09:33:00,105 - __main__ - INFO - ...Average MAP = 0.46290429562675484
2025-06-18 09:33:51,107 - __main__ - INFO - Noise ratio: 0.6
2025-06-18 09:33:51,109 - __main__ - INFO - Namespace(dataset='wiki', seed=2, alpha=0.0, lamda=1, margin=0.9, lambd=5, barycenter_number=1, top_k=10, warm_up_epoch=0, MAX_EPOCH=100, batch_size=256, output_dim=512, lr=0.0001, noisy_ratio=0.6, noise_mode='sym', GPU=1, hard_weight=True, noisy_train=True, logging='wiki_ablation')
2025-06-18 09:36:23,249 - __main__ - INFO - ...Image to Text MAP = 0.2505217181103088
2025-06-18 09:36:23,366 - __main__ - INFO - ...Text to Image MAP = 0.2951310984757135
2025-06-18 09:36:23,381 - __main__ - INFO - ...Average MAP = 0.2728264082930112
2025-06-18 09:37:25,234 - __main__ - INFO - Noise ratio: 0.6
2025-06-18 09:37:25,265 - __main__ - INFO - Namespace(dataset='wiki', seed=2, alpha=0.9, lamda=1, margin=0.9, lambd=5, barycenter_number=1, top_k=10, warm_up_epoch=0, MAX_EPOCH=100, batch_size=256, output_dim=512, lr=0.0001, noisy_ratio=0.6, noise_mode='sym', GPU=1, hard_weight=True, noisy_train=False, logging='wiki_ablation')
2025-06-18 09:40:15,778 - __main__ - INFO - ...Image to Text MAP = 0.4738801368228663
2025-06-18 09:40:15,910 - __main__ - INFO - ...Text to Image MAP = 0.42994278137231584
2025-06-18 09:40:15,929 - __main__ - INFO - ...Average MAP = 0.45191145909759106
2025-06-18 09:40:48,639 - __main__ - INFO - Noise ratio: 0.6
2025-06-18 09:40:48,640 - __main__ - INFO - Namespace(dataset='wiki', seed=2, alpha=0.9, lamda=0.0, margin=0.9, lambd=5, barycenter_number=1, top_k=10, warm_up_epoch=0, MAX_EPOCH=100, batch_size=256, output_dim=512, lr=0.0001, noisy_ratio=0.6, noise_mode='sym', GPU=1, hard_weight=True, noisy_train=True, logging='wiki_ablation')
2025-06-18 09:44:17,182 - __main__ - INFO - ...Image to Text MAP = 0.4161155814470837
2025-06-18 09:44:17,437 - __main__ - INFO - ...Text to Image MAP = 0.3993875772144399
2025-06-18 09:44:17,440 - __main__ - INFO - ...Average MAP = 0.4077515793307618
2025-06-18 09:44:26,022 - __main__ - INFO - Noise ratio: 0.6
2025-06-18 09:44:26,022 - __main__ - INFO - Namespace(dataset='wiki', seed=2, alpha=0.9, lamda=1, margin=0.9, lambd=5, barycenter_number=1, top_k=10, warm_up_epoch=0, MAX_EPOCH=100, batch_size=256, output_dim=512, lr=0.0001, noisy_ratio=0.6, noise_mode='sym', GPU=1, hard_weight=False, noisy_train=True, logging='wiki_ablation')
2025-06-18 09:47:33,827 - __main__ - INFO - ...Image to Text MAP = 0.4752872662059746
2025-06-18 09:47:33,959 - __main__ - INFO - ...Text to Image MAP = 0.43893701088030634
2025-06-18 09:47:33,960 - __main__ - INFO - ...Average MAP = 0.4571121385431405
2025-06-18 09:47:41,736 - __main__ - INFO - Noise ratio: 0.8
2025-06-18 09:47:41,739 - __main__ - INFO - Namespace(dataset='wiki', seed=2, alpha=0.9, lamda=1, margin=0.9, lambd=5, barycenter_number=1, top_k=10, warm_up_epoch=0, MAX_EPOCH=100, batch_size=256, output_dim=512, lr=0.0001, noisy_ratio=0.8, noise_mode='sym', GPU=1, hard_weight=True, noisy_train=True, logging='wiki_ablation')
2025-06-18 09:51:25,267 - __main__ - INFO - ...Image to Text MAP = 0.43481794686921965
2025-06-18 09:51:25,396 - __main__ - INFO - ...Text to Image MAP = 0.41669194552376454
2025-06-18 09:51:25,396 - __main__ - INFO - ...Average MAP = 0.4257549461964921
2025-06-18 09:51:33,238 - __main__ - INFO - Noise ratio: 0.8
2025-06-18 09:51:33,239 - __main__ - INFO - Namespace(dataset='wiki', seed=2, alpha=0.0, lamda=1, margin=0.9, lambd=5, barycenter_number=1, top_k=10, warm_up_epoch=0, MAX_EPOCH=100, batch_size=256, output_dim=512, lr=0.0001, noisy_ratio=0.8, noise_mode='sym', GPU=1, hard_weight=True, noisy_train=True, logging='wiki_ablation')
2025-06-18 09:54:56,293 - __main__ - INFO - ...Image to Text MAP = 0.15823455711683665
2025-06-18 09:54:56,493 - __main__ - INFO - ...Text to Image MAP = 0.17933712291140494
2025-06-18 09:54:56,493 - __main__ - INFO - ...Average MAP = 0.16878584001412078
2025-06-18 09:55:05,432 - __main__ - INFO - Noise ratio: 0.8
2025-06-18 09:55:05,433 - __main__ - INFO - Namespace(dataset='wiki', seed=2, alpha=0.9, lamda=1, margin=0.9, lambd=5, barycenter_number=1, top_k=10, warm_up_epoch=0, MAX_EPOCH=100, batch_size=256, output_dim=512, lr=0.0001, noisy_ratio=0.8, noise_mode='sym', GPU=1, hard_weight=True, noisy_train=False, logging='wiki_ablation')
2025-06-18 09:57:26,508 - __main__ - INFO - ...Image to Text MAP = 0.38212065368089587
2025-06-18 09:57:26,606 - __main__ - INFO - ...Text to Image MAP = 0.3701094424212891
2025-06-18 09:57:26,607 - __main__ - INFO - ...Average MAP = 0.3761150480510925
2025-06-18 09:57:33,450 - __main__ - INFO - Noise ratio: 0.8
2025-06-18 09:57:33,450 - __main__ - INFO - Namespace(dataset='wiki', seed=2, alpha=0.9, lamda=0.0, margin=0.9, lambd=5, barycenter_number=1, top_k=10, warm_up_epoch=0, MAX_EPOCH=100, batch_size=256, output_dim=512, lr=0.0001, noisy_ratio=0.8, noise_mode='sym', GPU=1, hard_weight=True, noisy_train=True, logging='wiki_ablation')
2025-06-18 10:01:06,416 - __main__ - INFO - ...Image to Text MAP = 0.4209303192534564
2025-06-18 10:01:06,568 - __main__ - INFO - ...Text to Image MAP = 0.3992991411636295
2025-06-18 10:01:06,569 - __main__ - INFO - ...Average MAP = 0.41011473020854294
2025-06-18 10:01:13,773 - __main__ - INFO - Noise ratio: 0.8
2025-06-18 10:01:13,773 - __main__ - INFO - Namespace(dataset='wiki', seed=2, alpha=0.9, lamda=1, margin=0.9, lambd=5, barycenter_number=1, top_k=10, warm_up_epoch=0, MAX_EPOCH=100, batch_size=256, output_dim=512, lr=0.0001, noisy_ratio=0.8, noise_mode='sym', GPU=1, hard_weight=False, noisy_train=True, logging='wiki_ablation')
2025-06-18 10:04:42,443 - __main__ - INFO - ...Image to Text MAP = 0.43976665262800524
2025-06-18 10:04:42,555 - __main__ - INFO - ...Text to Image MAP = 0.42813209641730904
2025-06-18 10:04:42,556 - __main__ - INFO - ...Average MAP = 0.43394937452265714
2025-06-18 10:04:50,284 - __main__ - INFO - Noise ratio: 0.2
2025-06-18 10:04:50,285 - __main__ - INFO - Namespace(dataset='wiki', seed=2, alpha=1.0, lamda=1, margin=0.9, lambd=5, barycenter_number=1, top_k=10, warm_up_epoch=0, MAX_EPOCH=100, batch_size=256, output_dim=512, lr=0.0001, noisy_ratio=0.2, noise_mode='sym', GPU=1, hard_weight=True, noisy_train=True, logging='wiki_ablation')
2025-06-18 10:07:45,998 - __main__ - INFO - ...Image to Text MAP = 0.5201106243021425
2025-06-18 10:07:46,188 - __main__ - INFO - ...Text to Image MAP = 0.4598790994151735
2025-06-18 10:07:46,189 - __main__ - INFO - ...Average MAP = 0.48999486185865804
2025-06-18 10:07:54,632 - __main__ - INFO - Noise ratio: 0.2
2025-06-18 10:07:54,634 - __main__ - INFO - Namespace(dataset='wiki', seed=2, alpha=0.0, lamda=1, margin=0.9, lambd=5, barycenter_number=1, top_k=10, warm_up_epoch=0, MAX_EPOCH=100, batch_size=256, output_dim=512, lr=0.0001, noisy_ratio=0.2, noise_mode='sym', GPU=1, hard_weight=True, noisy_train=True, logging='wiki_ablation')
2025-06-18 10:10:19,355 - __main__ - INFO - ...Image to Text MAP = 0.3579350257380628
2025-06-18 10:10:19,508 - __main__ - INFO - ...Text to Image MAP = 0.3230534116522567
2025-06-18 10:10:19,509 - __main__ - INFO - ...Average MAP = 0.3404942186951597
2025-06-18 10:10:26,148 - __main__ - INFO - Noise ratio: 0.2
2025-06-18 10:10:26,148 - __main__ - INFO - Namespace(dataset='wiki', seed=2, alpha=1.0, lamda=1, margin=0.9, lambd=5, barycenter_number=1, top_k=10, warm_up_epoch=0, MAX_EPOCH=100, batch_size=256, output_dim=512, lr=0.0001, noisy_ratio=0.2, noise_mode='sym', GPU=1, hard_weight=True, noisy_train=False, logging='wiki_ablation')
2025-06-18 10:13:03,107 - __main__ - INFO - ...Image to Text MAP = 0.5123776698846548
2025-06-18 10:13:03,232 - __main__ - INFO - ...Text to Image MAP = 0.46960236308612385
2025-06-18 10:13:03,232 - __main__ - INFO - ...Average MAP = 0.4909900164853893
2025-06-18 10:13:13,966 - __main__ - INFO - Noise ratio: 0.2
2025-06-18 10:13:13,968 - __main__ - INFO - Namespace(dataset='wiki', seed=2, alpha=1.0, lamda=0.0, margin=0.9, lambd=5, barycenter_number=1, top_k=10, warm_up_epoch=0, MAX_EPOCH=100, batch_size=256, output_dim=512, lr=0.0001, noisy_ratio=0.2, noise_mode='sym', GPU=1, hard_weight=True, noisy_train=True, logging='wiki_ablation')
2025-06-18 10:15:59,944 - __main__ - INFO - ...Image to Text MAP = 0.4103889154546719
2025-06-18 10:16:00,042 - __main__ - INFO - ...Text to Image MAP = 0.39170790507973474
2025-06-18 10:16:00,042 - __main__ - INFO - ...Average MAP = 0.4010484102672033
2025-06-18 10:16:07,458 - __main__ - INFO - Noise ratio: 0.2
2025-06-18 10:16:07,459 - __main__ - INFO - Namespace(dataset='wiki', seed=2, alpha=1.0, lamda=1, margin=0.9, lambd=5, barycenter_number=1, top_k=10, warm_up_epoch=0, MAX_EPOCH=100, batch_size=256, output_dim=512, lr=0.0001, noisy_ratio=0.2, noise_mode='sym', GPU=1, hard_weight=False, noisy_train=True, logging='wiki_ablation')
2025-06-18 10:18:22,974 - __main__ - INFO - ...Image to Text MAP = 0.5129661310908628
2025-06-18 10:18:23,080 - __main__ - INFO - ...Text to Image MAP = 0.4582729411036939
2025-06-18 10:18:23,080 - __main__ - INFO - ...Average MAP = 0.4856195360972783
2025-06-18 10:18:30,737 - __main__ - INFO - Noise ratio: 0.4
2025-06-18 10:18:30,739 - __main__ - INFO - Namespace(dataset='wiki', seed=2, alpha=1.0, lamda=1, margin=0.9, lambd=5, barycenter_number=1, top_k=10, warm_up_epoch=0, MAX_EPOCH=100, batch_size=256, output_dim=512, lr=0.0001, noisy_ratio=0.4, noise_mode='sym', GPU=1, hard_weight=True, noisy_train=True, logging='wiki_ablation')
2025-06-18 10:20:56,446 - __main__ - INFO - ...Image to Text MAP = 0.5124507024649918
2025-06-18 10:20:56,579 - __main__ - INFO - ...Text to Image MAP = 0.47080872231339654
2025-06-18 10:20:56,580 - __main__ - INFO - ...Average MAP = 0.4916297123891942
2025-06-18 10:21:06,533 - __main__ - INFO - Noise ratio: 0.4
2025-06-18 10:21:06,538 - __main__ - INFO - Namespace(dataset='wiki', seed=2, alpha=0.0, lamda=1, margin=0.9, lambd=5, barycenter_number=1, top_k=10, warm_up_epoch=0, MAX_EPOCH=100, batch_size=256, output_dim=512, lr=0.0001, noisy_ratio=0.4, noise_mode='sym', GPU=1, hard_weight=True, noisy_train=True, logging='wiki_ablation')
2025-06-18 10:24:06,579 - __main__ - INFO - ...Image to Text MAP = 0.31550356145558267
2025-06-18 10:24:06,839 - __main__ - INFO - ...Text to Image MAP = 0.27904233959437924
2025-06-18 10:24:06,865 - __main__ - INFO - ...Average MAP = 0.29727295052498093
2025-06-18 10:25:00,737 - __main__ - INFO - Noise ratio: 0.4
2025-06-18 10:25:00,738 - __main__ - INFO - Namespace(dataset='wiki', seed=2, alpha=1.0, lamda=1, margin=0.9, lambd=5, barycenter_number=1, top_k=10, warm_up_epoch=0, MAX_EPOCH=100, batch_size=256, output_dim=512, lr=0.0001, noisy_ratio=0.4, noise_mode='sym', GPU=1, hard_weight=True, noisy_train=False, logging='wiki_ablation')
2025-06-18 10:27:18,575 - __main__ - INFO - ...Image to Text MAP = 0.5049216081112924
2025-06-18 10:27:19,016 - __main__ - INFO - ...Text to Image MAP = 0.4600120204107105
2025-06-18 10:27:19,036 - __main__ - INFO - ...Average MAP = 0.48246681426100146
2025-06-18 10:27:25,598 - __main__ - INFO - Noise ratio: 0.4
2025-06-18 10:27:25,599 - __main__ - INFO - Namespace(dataset='wiki', seed=2, alpha=1.0, lamda=0.0, margin=0.9, lambd=5, barycenter_number=1, top_k=10, warm_up_epoch=0, MAX_EPOCH=100, batch_size=256, output_dim=512, lr=0.0001, noisy_ratio=0.4, noise_mode='sym', GPU=1, hard_weight=True, noisy_train=True, logging='wiki_ablation')
2025-06-18 10:30:09,669 - __main__ - INFO - ...Image to Text MAP = 0.41893405782624776
2025-06-18 10:30:09,757 - __main__ - INFO - ...Text to Image MAP = 0.39401747484065414
2025-06-18 10:30:09,757 - __main__ - INFO - ...Average MAP = 0.40647576633345095
2025-06-18 10:30:17,291 - __main__ - INFO - Noise ratio: 0.4
2025-06-18 10:30:17,291 - __main__ - INFO - Namespace(dataset='wiki', seed=2, alpha=1.0, lamda=1, margin=0.9, lambd=5, barycenter_number=1, top_k=10, warm_up_epoch=0, MAX_EPOCH=100, batch_size=256, output_dim=512, lr=0.0001, noisy_ratio=0.4, noise_mode='sym', GPU=1, hard_weight=False, noisy_train=True, logging='wiki_ablation')
2025-06-18 10:33:12,985 - __main__ - INFO - ...Image to Text MAP = 0.5028812515369784
2025-06-18 10:33:13,095 - __main__ - INFO - ...Text to Image MAP = 0.4649432107925892
2025-06-18 10:33:13,096 - __main__ - INFO - ...Average MAP = 0.48391223116478377
2025-06-18 10:33:20,776 - __main__ - INFO - Noise ratio: 0.6
2025-06-18 10:33:20,782 - __main__ - INFO - Namespace(dataset='wiki', seed=2, alpha=1.0, lamda=1, margin=0.9, lambd=5, barycenter_number=1, top_k=10, warm_up_epoch=0, MAX_EPOCH=100, batch_size=256, output_dim=512, lr=0.0001, noisy_ratio=0.6, noise_mode='sym', GPU=1, hard_weight=True, noisy_train=True, logging='wiki_ablation')
2025-06-18 10:36:50,475 - __main__ - INFO - ...Image to Text MAP = 0.4837504073316845
2025-06-18 10:36:50,584 - __main__ - INFO - ...Text to Image MAP = 0.456320589927627
2025-06-18 10:36:50,584 - __main__ - INFO - ...Average MAP = 0.47003549862965577
2025-06-18 10:36:57,753 - __main__ - INFO - Noise ratio: 0.6
2025-06-18 10:36:57,756 - __main__ - INFO - Namespace(dataset='wiki', seed=2, alpha=0.0, lamda=1, margin=0.9, lambd=5, barycenter_number=1, top_k=10, warm_up_epoch=0, MAX_EPOCH=100, batch_size=256, output_dim=512, lr=0.0001, noisy_ratio=0.6, noise_mode='sym', GPU=1, hard_weight=True, noisy_train=True, logging='wiki_ablation')
2025-06-18 10:39:47,431 - __main__ - INFO - ...Image to Text MAP = 0.2505217181103088
2025-06-18 10:39:47,543 - __main__ - INFO - ...Text to Image MAP = 0.2951310984757135
2025-06-18 10:39:47,544 - __main__ - INFO - ...Average MAP = 0.2728264082930112
2025-06-18 10:39:54,410 - __main__ - INFO - Noise ratio: 0.6
2025-06-18 10:39:54,412 - __main__ - INFO - Namespace(dataset='wiki', seed=2, alpha=1.0, lamda=1, margin=0.9, lambd=5, barycenter_number=1, top_k=10, warm_up_epoch=0, MAX_EPOCH=100, batch_size=256, output_dim=512, lr=0.0001, noisy_ratio=0.6, noise_mode='sym', GPU=1, hard_weight=True, noisy_train=False, logging='wiki_ablation')
2025-06-18 10:42:31,411 - __main__ - INFO - ...Image to Text MAP = 0.4700598726447326
2025-06-18 10:42:31,545 - __main__ - INFO - ...Text to Image MAP = 0.42634982357912626
2025-06-18 10:42:31,546 - __main__ - INFO - ...Average MAP = 0.4482048481119294
2025-06-18 10:42:38,808 - __main__ - INFO - Noise ratio: 0.6
2025-06-18 10:42:38,812 - __main__ - INFO - Namespace(dataset='wiki', seed=2, alpha=1.0, lamda=0.0, margin=0.9, lambd=5, barycenter_number=1, top_k=10, warm_up_epoch=0, MAX_EPOCH=100, batch_size=256, output_dim=512, lr=0.0001, noisy_ratio=0.6, noise_mode='sym', GPU=1, hard_weight=True, noisy_train=True, logging='wiki_ablation')
2025-06-18 10:46:05,397 - __main__ - INFO - ...Image to Text MAP = 0.4180062675139973
2025-06-18 10:46:05,604 - __main__ - INFO - ...Text to Image MAP = 0.39455020255481815
2025-06-18 10:46:05,609 - __main__ - INFO - ...Average MAP = 0.40627823503440774
2025-06-18 10:46:14,183 - __main__ - INFO - Noise ratio: 0.6
2025-06-18 10:46:14,186 - __main__ - INFO - Namespace(dataset='wiki', seed=2, alpha=1.0, lamda=1, margin=0.9, lambd=5, barycenter_number=1, top_k=10, warm_up_epoch=0, MAX_EPOCH=100, batch_size=256, output_dim=512, lr=0.0001, noisy_ratio=0.6, noise_mode='sym', GPU=1, hard_weight=False, noisy_train=True, logging='wiki_ablation')
2025-06-18 10:49:47,879 - __main__ - INFO - ...Image to Text MAP = 0.49385405522071446
2025-06-18 10:49:47,984 - __main__ - INFO - ...Text to Image MAP = 0.4578859533582158
2025-06-18 10:49:47,985 - __main__ - INFO - ...Average MAP = 0.47587000428946513
2025-06-18 10:49:56,483 - __main__ - INFO - Noise ratio: 0.8
2025-06-18 10:49:56,484 - __main__ - INFO - Namespace(dataset='wiki', seed=2, alpha=1.0, lamda=1, margin=0.9, lambd=5, barycenter_number=1, top_k=10, warm_up_epoch=0, MAX_EPOCH=100, batch_size=256, output_dim=512, lr=0.0001, noisy_ratio=0.8, noise_mode='sym', GPU=1, hard_weight=True, noisy_train=True, logging='wiki_ablation')
2025-06-18 10:53:07,530 - __main__ - INFO - ...Image to Text MAP = 0.4270889686118129
2025-06-18 10:53:07,715 - __main__ - INFO - ...Text to Image MAP = 0.41343710888626356
2025-06-18 10:53:07,716 - __main__ - INFO - ...Average MAP = 0.42026303874903825
2025-06-18 10:53:16,455 - __main__ - INFO - Noise ratio: 0.8
2025-06-18 10:53:16,457 - __main__ - INFO - Namespace(dataset='wiki', seed=2, alpha=0.0, lamda=1, margin=0.9, lambd=5, barycenter_number=1, top_k=10, warm_up_epoch=0, MAX_EPOCH=100, batch_size=256, output_dim=512, lr=0.0001, noisy_ratio=0.8, noise_mode='sym', GPU=1, hard_weight=True, noisy_train=True, logging='wiki_ablation')
2025-06-18 10:56:42,317 - __main__ - INFO - ...Image to Text MAP = 0.15823455711683665
2025-06-18 10:56:42,427 - __main__ - INFO - ...Text to Image MAP = 0.17933712291140494
2025-06-18 10:56:42,428 - __main__ - INFO - ...Average MAP = 0.16878584001412078
2025-06-18 10:56:49,668 - __main__ - INFO - Noise ratio: 0.8
2025-06-18 10:56:49,668 - __main__ - INFO - Namespace(dataset='wiki', seed=2, alpha=1.0, lamda=1, margin=0.9, lambd=5, barycenter_number=1, top_k=10, warm_up_epoch=0, MAX_EPOCH=100, batch_size=256, output_dim=512, lr=0.0001, noisy_ratio=0.8, noise_mode='sym', GPU=1, hard_weight=True, noisy_train=False, logging='wiki_ablation')
2025-06-18 10:59:33,061 - __main__ - INFO - ...Image to Text MAP = 0.3695508020459424
2025-06-18 10:59:33,166 - __main__ - INFO - ...Text to Image MAP = 0.3544066830803094
2025-06-18 10:59:33,167 - __main__ - INFO - ...Average MAP = 0.3619787425631259
2025-06-18 10:59:40,711 - __main__ - INFO - Noise ratio: 0.8
2025-06-18 10:59:40,712 - __main__ - INFO - Namespace(dataset='wiki', seed=2, alpha=1.0, lamda=0.0, margin=0.9, lambd=5, barycenter_number=1, top_k=10, warm_up_epoch=0, MAX_EPOCH=100, batch_size=256, output_dim=512, lr=0.0001, noisy_ratio=0.8, noise_mode='sym', GPU=1, hard_weight=True, noisy_train=True, logging='wiki_ablation')
2025-06-18 11:02:41,063 - __main__ - INFO - ...Image to Text MAP = 0.42196781627226587
2025-06-18 11:02:41,254 - __main__ - INFO - ...Text to Image MAP = 0.406745766957325
2025-06-18 11:02:41,255 - __main__ - INFO - ...Average MAP = 0.41435679161479544
2025-06-18 11:02:49,400 - __main__ - INFO - Noise ratio: 0.8
2025-06-18 11:02:49,400 - __main__ - INFO - Namespace(dataset='wiki', seed=2, alpha=1.0, lamda=1, margin=0.9, lambd=5, barycenter_number=1, top_k=10, warm_up_epoch=0, MAX_EPOCH=100, batch_size=256, output_dim=512, lr=0.0001, noisy_ratio=0.8, noise_mode='sym', GPU=1, hard_weight=False, noisy_train=True, logging='wiki_ablation')
2025-06-18 11:05:54,271 - __main__ - INFO - ...Image to Text MAP = 0.43681916329886916
2025-06-18 11:05:54,484 - __main__ - INFO - ...Text to Image MAP = 0.4131204631504635
2025-06-18 11:05:54,485 - __main__ - INFO - ...Average MAP = 0.4249698132246663
2025-06-18 11:06:02,675 - __main__ - INFO - Noise ratio: 0.2
2025-06-18 11:06:02,677 - __main__ - INFO - Namespace(dataset='wiki', seed=2, alpha=2.0, lamda=1, margin=0.9, lambd=5, barycenter_number=1, top_k=10, warm_up_epoch=0, MAX_EPOCH=100, batch_size=256, output_dim=512, lr=0.0001, noisy_ratio=0.2, noise_mode='sym', GPU=1, hard_weight=True, noisy_train=True, logging='wiki_ablation')
2025-06-18 11:09:23,312 - __main__ - INFO - ...Image to Text MAP = 0.5125752798277621
2025-06-18 11:09:23,415 - __main__ - INFO - ...Text to Image MAP = 0.4850057601532539
2025-06-18 11:09:23,416 - __main__ - INFO - ...Average MAP = 0.498790519990508
2025-06-18 11:09:31,786 - __main__ - INFO - Noise ratio: 0.2
2025-06-18 11:09:31,790 - __main__ - INFO - Namespace(dataset='wiki', seed=2, alpha=0.0, lamda=1, margin=0.9, lambd=5, barycenter_number=1, top_k=10, warm_up_epoch=0, MAX_EPOCH=100, batch_size=256, output_dim=512, lr=0.0001, noisy_ratio=0.2, noise_mode='sym', GPU=1, hard_weight=True, noisy_train=True, logging='wiki_ablation')
2025-06-18 11:12:53,853 - __main__ - INFO - ...Image to Text MAP = 0.3579350257380628
2025-06-18 11:12:53,978 - __main__ - INFO - ...Text to Image MAP = 0.3230534116522567
2025-06-18 11:12:53,979 - __main__ - INFO - ...Average MAP = 0.3404942186951597
2025-06-18 11:13:01,304 - __main__ - INFO - Noise ratio: 0.2
2025-06-18 11:13:01,304 - __main__ - INFO - Namespace(dataset='wiki', seed=2, alpha=2.0, lamda=1, margin=0.9, lambd=5, barycenter_number=1, top_k=10, warm_up_epoch=0, MAX_EPOCH=100, batch_size=256, output_dim=512, lr=0.0001, noisy_ratio=0.2, noise_mode='sym', GPU=1, hard_weight=True, noisy_train=False, logging='wiki_ablation')
2025-06-18 11:15:46,024 - __main__ - INFO - ...Image to Text MAP = 0.5149653574301858
2025-06-18 11:15:46,138 - __main__ - INFO - ...Text to Image MAP = 0.48432064280836634
2025-06-18 11:15:46,138 - __main__ - INFO - ...Average MAP = 0.4996430001192761
2025-06-18 11:15:53,631 - __main__ - INFO - Noise ratio: 0.2
2025-06-18 11:15:53,632 - __main__ - INFO - Namespace(dataset='wiki', seed=2, alpha=2.0, lamda=0.0, margin=0.9, lambd=5, barycenter_number=1, top_k=10, warm_up_epoch=0, MAX_EPOCH=100, batch_size=256, output_dim=512, lr=0.0001, noisy_ratio=0.2, noise_mode='sym', GPU=1, hard_weight=True, noisy_train=True, logging='wiki_ablation')
2025-06-18 11:18:58,545 - __main__ - INFO - ...Image to Text MAP = 0.4010168917818411
2025-06-18 11:18:58,683 - __main__ - INFO - ...Text to Image MAP = 0.37871783645826507
2025-06-18 11:18:58,684 - __main__ - INFO - ...Average MAP = 0.3898673641200531
2025-06-18 11:19:08,462 - __main__ - INFO - Noise ratio: 0.2
2025-06-18 11:19:08,466 - __main__ - INFO - Namespace(dataset='wiki', seed=2, alpha=2.0, lamda=1, margin=0.9, lambd=5, barycenter_number=1, top_k=10, warm_up_epoch=0, MAX_EPOCH=100, batch_size=256, output_dim=512, lr=0.0001, noisy_ratio=0.2, noise_mode='sym', GPU=1, hard_weight=False, noisy_train=True, logging='wiki_ablation')
2025-06-18 11:22:10,954 - __main__ - INFO - ...Image to Text MAP = 0.5114327385107075
2025-06-18 11:22:11,062 - __main__ - INFO - ...Text to Image MAP = 0.4778497839100495
2025-06-18 11:22:11,062 - __main__ - INFO - ...Average MAP = 0.4946412612103785
2025-06-18 11:22:20,302 - __main__ - INFO - Noise ratio: 0.4
2025-06-18 11:22:20,320 - __main__ - INFO - Namespace(dataset='wiki', seed=2, alpha=2.0, lamda=1, margin=0.9, lambd=5, barycenter_number=1, top_k=10, warm_up_epoch=0, MAX_EPOCH=100, batch_size=256, output_dim=512, lr=0.0001, noisy_ratio=0.4, noise_mode='sym', GPU=1, hard_weight=True, noisy_train=True, logging='wiki_ablation')
2025-06-18 11:25:49,914 - __main__ - INFO - ...Image to Text MAP = 0.48659341447639926
2025-06-18 11:25:50,206 - __main__ - INFO - ...Text to Image MAP = 0.4542563661449812
2025-06-18 11:25:50,207 - __main__ - INFO - ...Average MAP = 0.47042489031069024
2025-06-18 11:25:58,535 - __main__ - INFO - Noise ratio: 0.4
2025-06-18 11:25:58,539 - __main__ - INFO - Namespace(dataset='wiki', seed=2, alpha=0.0, lamda=1, margin=0.9, lambd=5, barycenter_number=1, top_k=10, warm_up_epoch=0, MAX_EPOCH=100, batch_size=256, output_dim=512, lr=0.0001, noisy_ratio=0.4, noise_mode='sym', GPU=1, hard_weight=True, noisy_train=True, logging='wiki_ablation')
2025-06-18 11:29:21,417 - __main__ - INFO - ...Image to Text MAP = 0.31550356145558267
2025-06-18 11:29:21,515 - __main__ - INFO - ...Text to Image MAP = 0.27904233959437924
2025-06-18 11:29:21,516 - __main__ - INFO - ...Average MAP = 0.29727295052498093
2025-06-18 11:29:28,915 - __main__ - INFO - Noise ratio: 0.4
2025-06-18 11:29:28,920 - __main__ - INFO - Namespace(dataset='wiki', seed=2, alpha=2.0, lamda=1, margin=0.9, lambd=5, barycenter_number=1, top_k=10, warm_up_epoch=0, MAX_EPOCH=100, batch_size=256, output_dim=512, lr=0.0001, noisy_ratio=0.4, noise_mode='sym', GPU=1, hard_weight=True, noisy_train=False, logging='wiki_ablation')
2025-06-18 11:32:05,493 - __main__ - INFO - ...Image to Text MAP = 0.4763779307128868
2025-06-18 11:32:05,608 - __main__ - INFO - ...Text to Image MAP = 0.4335606088940872
2025-06-18 11:32:05,609 - __main__ - INFO - ...Average MAP = 0.454969269803487
2025-06-18 11:32:13,657 - __main__ - INFO - Noise ratio: 0.4
2025-06-18 11:32:13,657 - __main__ - INFO - Namespace(dataset='wiki', seed=2, alpha=2.0, lamda=0.0, margin=0.9, lambd=5, barycenter_number=1, top_k=10, warm_up_epoch=0, MAX_EPOCH=100, batch_size=256, output_dim=512, lr=0.0001, noisy_ratio=0.4, noise_mode='sym', GPU=1, hard_weight=True, noisy_train=True, logging='wiki_ablation')
2025-06-18 11:35:26,819 - __main__ - INFO - ...Image to Text MAP = 0.41597388004713276
2025-06-18 11:35:26,996 - __main__ - INFO - ...Text to Image MAP = 0.39198783737948506
2025-06-18 11:35:26,996 - __main__ - INFO - ...Average MAP = 0.4039808587133089
2025-06-18 11:35:36,061 - __main__ - INFO - Noise ratio: 0.4
2025-06-18 11:35:36,062 - __main__ - INFO - Namespace(dataset='wiki', seed=2, alpha=2.0, lamda=1, margin=0.9, lambd=5, barycenter_number=1, top_k=10, warm_up_epoch=0, MAX_EPOCH=100, batch_size=256, output_dim=512, lr=0.0001, noisy_ratio=0.4, noise_mode='sym', GPU=1, hard_weight=False, noisy_train=True, logging='wiki_ablation')
2025-06-18 11:38:41,301 - __main__ - INFO - ...Image to Text MAP = 0.49794378631799613
2025-06-18 11:38:41,463 - __main__ - INFO - ...Text to Image MAP = 0.4567549273037661
2025-06-18 11:38:41,464 - __main__ - INFO - ...Average MAP = 0.4773493568108811
2025-06-18 11:38:50,838 - __main__ - INFO - Noise ratio: 0.6
2025-06-18 11:38:50,840 - __main__ - INFO - Namespace(dataset='wiki', seed=2, alpha=2.0, lamda=1, margin=0.9, lambd=5, barycenter_number=1, top_k=10, warm_up_epoch=0, MAX_EPOCH=100, batch_size=256, output_dim=512, lr=0.0001, noisy_ratio=0.6, noise_mode='sym', GPU=1, hard_weight=True, noisy_train=True, logging='wiki_ablation')
2025-06-18 11:41:50,794 - __main__ - INFO - ...Image to Text MAP = 0.4402922438861107
2025-06-18 11:41:50,909 - __main__ - INFO - ...Text to Image MAP = 0.41978738512398833
2025-06-18 11:41:50,910 - __main__ - INFO - ...Average MAP = 0.4300398145050495
2025-06-18 11:42:00,218 - __main__ - INFO - Noise ratio: 0.6
2025-06-18 11:42:00,220 - __main__ - INFO - Namespace(dataset='wiki', seed=2, alpha=0.0, lamda=1, margin=0.9, lambd=5, barycenter_number=1, top_k=10, warm_up_epoch=0, MAX_EPOCH=100, batch_size=256, output_dim=512, lr=0.0001, noisy_ratio=0.6, noise_mode='sym', GPU=1, hard_weight=True, noisy_train=True, logging='wiki_ablation')
2025-06-18 11:45:09,077 - __main__ - INFO - ...Image to Text MAP = 0.2505217181103088
2025-06-18 11:45:09,181 - __main__ - INFO - ...Text to Image MAP = 0.2951310984757135
2025-06-18 11:45:09,182 - __main__ - INFO - ...Average MAP = 0.2728264082930112
2025-06-18 11:45:18,573 - __main__ - INFO - Noise ratio: 0.6
2025-06-18 11:45:18,573 - __main__ - INFO - Namespace(dataset='wiki', seed=2, alpha=2.0, lamda=1, margin=0.9, lambd=5, barycenter_number=1, top_k=10, warm_up_epoch=0, MAX_EPOCH=100, batch_size=256, output_dim=512, lr=0.0001, noisy_ratio=0.6, noise_mode='sym', GPU=1, hard_weight=True, noisy_train=False, logging='wiki_ablation')
2025-06-18 11:48:02,408 - __main__ - INFO - ...Image to Text MAP = 0.37643591016754435
2025-06-18 11:48:02,540 - __main__ - INFO - ...Text to Image MAP = 0.3399406250239048
2025-06-18 11:48:02,541 - __main__ - INFO - ...Average MAP = 0.3581882675957246
2025-06-18 11:48:10,402 - __main__ - INFO - Noise ratio: 0.6
2025-06-18 11:48:10,402 - __main__ - INFO - Namespace(dataset='wiki', seed=2, alpha=2.0, lamda=0.0, margin=0.9, lambd=5, barycenter_number=1, top_k=10, warm_up_epoch=0, MAX_EPOCH=100, batch_size=256, output_dim=512, lr=0.0001, noisy_ratio=0.6, noise_mode='sym', GPU=1, hard_weight=True, noisy_train=True, logging='wiki_ablation')
2025-06-18 11:51:56,738 - __main__ - INFO - ...Image to Text MAP = 0.41418178723335675
2025-06-18 11:51:56,837 - __main__ - INFO - ...Text to Image MAP = 0.39711475127355883
2025-06-18 11:51:56,838 - __main__ - INFO - ...Average MAP = 0.40564826925345776
2025-06-18 11:52:06,076 - __main__ - INFO - Noise ratio: 0.6
2025-06-18 11:52:06,081 - __main__ - INFO - Namespace(dataset='wiki', seed=2, alpha=2.0, lamda=1, margin=0.9, lambd=5, barycenter_number=1, top_k=10, warm_up_epoch=0, MAX_EPOCH=100, batch_size=256, output_dim=512, lr=0.0001, noisy_ratio=0.6, noise_mode='sym', GPU=1, hard_weight=False, noisy_train=True, logging='wiki_ablation')
2025-06-18 11:55:01,891 - __main__ - INFO - ...Image to Text MAP = 0.4475695916419452
2025-06-18 11:55:02,001 - __main__ - INFO - ...Text to Image MAP = 0.4322613712156772
2025-06-18 11:55:02,002 - __main__ - INFO - ...Average MAP = 0.4399154814288112
2025-06-18 11:55:10,599 - __main__ - INFO - Noise ratio: 0.8
2025-06-18 11:55:10,602 - __main__ - INFO - Namespace(dataset='wiki', seed=2, alpha=2.0, lamda=1, margin=0.9, lambd=5, barycenter_number=1, top_k=10, warm_up_epoch=0, MAX_EPOCH=100, batch_size=256, output_dim=512, lr=0.0001, noisy_ratio=0.8, noise_mode='sym', GPU=1, hard_weight=True, noisy_train=True, logging='wiki_ablation')
2025-06-18 11:58:06,163 - __main__ - INFO - ...Image to Text MAP = 0.4281099231384784
2025-06-18 11:58:06,261 - __main__ - INFO - ...Text to Image MAP = 0.412376452029931
2025-06-18 11:58:06,262 - __main__ - INFO - ...Average MAP = 0.4202431875842047
2025-06-18 11:58:16,183 - __main__ - INFO - Noise ratio: 0.8
2025-06-18 11:58:16,188 - __main__ - INFO - Namespace(dataset='wiki', seed=2, alpha=0.0, lamda=1, margin=0.9, lambd=5, barycenter_number=1, top_k=10, warm_up_epoch=0, MAX_EPOCH=100, batch_size=256, output_dim=512, lr=0.0001, noisy_ratio=0.8, noise_mode='sym', GPU=1, hard_weight=True, noisy_train=True, logging='wiki_ablation')
2025-06-18 12:01:33,584 - __main__ - INFO - ...Image to Text MAP = 0.15823455711683665
2025-06-18 12:01:33,711 - __main__ - INFO - ...Text to Image MAP = 0.17933712291140494
2025-06-18 12:01:33,712 - __main__ - INFO - ...Average MAP = 0.16878584001412078
2025-06-18 12:01:42,319 - __main__ - INFO - Noise ratio: 0.8
2025-06-18 12:01:42,320 - __main__ - INFO - Namespace(dataset='wiki', seed=2, alpha=2.0, lamda=1, margin=0.9, lambd=5, barycenter_number=1, top_k=10, warm_up_epoch=0, MAX_EPOCH=100, batch_size=256, output_dim=512, lr=0.0001, noisy_ratio=0.8, noise_mode='sym', GPU=1, hard_weight=True, noisy_train=False, logging='wiki_ablation')
2025-06-18 12:04:08,978 - __main__ - INFO - ...Image to Text MAP = 0.3558303182432041
2025-06-18 12:04:09,082 - __main__ - INFO - ...Text to Image MAP = 0.33847213933335163
2025-06-18 12:04:09,083 - __main__ - INFO - ...Average MAP = 0.34715122878827787
2025-06-18 12:04:16,518 - __main__ - INFO - Noise ratio: 0.8
2025-06-18 12:04:16,521 - __main__ - INFO - Namespace(dataset='wiki', seed=2, alpha=2.0, lamda=0.0, margin=0.9, lambd=5, barycenter_number=1, top_k=10, warm_up_epoch=0, MAX_EPOCH=100, batch_size=256, output_dim=512, lr=0.0001, noisy_ratio=0.8, noise_mode='sym', GPU=1, hard_weight=True, noisy_train=True, logging='wiki_ablation')
2025-06-18 12:07:42,665 - __main__ - INFO - ...Image to Text MAP = 0.41701801396035115
2025-06-18 12:07:42,775 - __main__ - INFO - ...Text to Image MAP = 0.40001892231902336
2025-06-18 12:07:42,775 - __main__ - INFO - ...Average MAP = 0.4085184681396873
2025-06-18 12:07:53,188 - __main__ - INFO - Noise ratio: 0.8
2025-06-18 12:07:53,189 - __main__ - INFO - Namespace(dataset='wiki', seed=2, alpha=2.0, lamda=1, margin=0.9, lambd=5, barycenter_number=1, top_k=10, warm_up_epoch=0, MAX_EPOCH=100, batch_size=256, output_dim=512, lr=0.0001, noisy_ratio=0.8, noise_mode='sym', GPU=1, hard_weight=False, noisy_train=True, logging='wiki_ablation')
2025-06-18 12:10:46,377 - __main__ - INFO - ...Image to Text MAP = 0.43036230741271775
2025-06-18 12:10:46,489 - __main__ - INFO - ...Text to Image MAP = 0.41323391928913966
2025-06-18 12:10:46,489 - __main__ - INFO - ...Average MAP = 0.4217981133509287
2025-06-18 12:10:54,653 - __main__ - INFO - Noise ratio: 0.2
2025-06-18 12:10:54,657 - __main__ - INFO - Namespace(dataset='wiki', seed=2, alpha=3.0, lamda=1, margin=0.9, lambd=5, barycenter_number=1, top_k=10, warm_up_epoch=0, MAX_EPOCH=100, batch_size=256, output_dim=512, lr=0.0001, noisy_ratio=0.2, noise_mode='sym', GPU=1, hard_weight=True, noisy_train=True, logging='wiki_ablation')
2025-06-18 12:14:08,980 - __main__ - INFO - ...Image to Text MAP = 0.45375516833335666
2025-06-18 12:14:09,258 - __main__ - INFO - ...Text to Image MAP = 0.4240499131678527
2025-06-18 12:14:09,259 - __main__ - INFO - ...Average MAP = 0.43890254075060464
2025-06-18 12:14:19,511 - __main__ - INFO - Noise ratio: 0.2
2025-06-18 12:14:19,512 - __main__ - INFO - Namespace(dataset='wiki', seed=2, alpha=0.0, lamda=1, margin=0.9, lambd=5, barycenter_number=1, top_k=10, warm_up_epoch=0, MAX_EPOCH=100, batch_size=256, output_dim=512, lr=0.0001, noisy_ratio=0.2, noise_mode='sym', GPU=1, hard_weight=True, noisy_train=True, logging='wiki_ablation')
2025-06-18 12:17:07,220 - __main__ - INFO - ...Image to Text MAP = 0.3579350257380628
2025-06-18 12:17:07,356 - __main__ - INFO - ...Text to Image MAP = 0.3230534116522567
2025-06-18 12:17:07,356 - __main__ - INFO - ...Average MAP = 0.3404942186951597
2025-06-18 12:17:15,149 - __main__ - INFO - Noise ratio: 0.2
2025-06-18 12:17:15,150 - __main__ - INFO - Namespace(dataset='wiki', seed=2, alpha=3.0, lamda=1, margin=0.9, lambd=5, barycenter_number=1, top_k=10, warm_up_epoch=0, MAX_EPOCH=100, batch_size=256, output_dim=512, lr=0.0001, noisy_ratio=0.2, noise_mode='sym', GPU=1, hard_weight=True, noisy_train=False, logging='wiki_ablation')
2025-06-18 12:19:59,386 - __main__ - INFO - ...Image to Text MAP = 0.46092852965899467
2025-06-18 12:19:59,542 - __main__ - INFO - ...Text to Image MAP = 0.42662441104777604
2025-06-18 12:19:59,542 - __main__ - INFO - ...Average MAP = 0.44377647035338535
2025-06-18 12:20:06,633 - __main__ - INFO - Noise ratio: 0.2
2025-06-18 12:20:06,636 - __main__ - INFO - Namespace(dataset='wiki', seed=2, alpha=3.0, lamda=0.0, margin=0.9, lambd=5, barycenter_number=1, top_k=10, warm_up_epoch=0, MAX_EPOCH=100, batch_size=256, output_dim=512, lr=0.0001, noisy_ratio=0.2, noise_mode='sym', GPU=1, hard_weight=True, noisy_train=True, logging='wiki_ablation')
2025-06-18 12:23:11,647 - __main__ - INFO - ...Image to Text MAP = 0.4055829488382441
2025-06-18 12:23:11,806 - __main__ - INFO - ...Text to Image MAP = 0.38934621736018593
2025-06-18 12:23:11,806 - __main__ - INFO - ...Average MAP = 0.397464583099215
2025-06-18 12:23:20,338 - __main__ - INFO - Noise ratio: 0.2
2025-06-18 12:23:20,338 - __main__ - INFO - Namespace(dataset='wiki', seed=2, alpha=3.0, lamda=1, margin=0.9, lambd=5, barycenter_number=1, top_k=10, warm_up_epoch=0, MAX_EPOCH=100, batch_size=256, output_dim=512, lr=0.0001, noisy_ratio=0.2, noise_mode='sym', GPU=1, hard_weight=False, noisy_train=True, logging='wiki_ablation')
2025-06-18 12:26:53,366 - __main__ - INFO - ...Image to Text MAP = 0.4900656543407329
2025-06-18 12:26:53,490 - __main__ - INFO - ...Text to Image MAP = 0.45177545559848514
2025-06-18 12:26:53,491 - __main__ - INFO - ...Average MAP = 0.47092055496960905
2025-06-18 12:27:01,437 - __main__ - INFO - Noise ratio: 0.4
2025-06-18 12:27:01,439 - __main__ - INFO - Namespace(dataset='wiki', seed=2, alpha=3.0, lamda=1, margin=0.9, lambd=5, barycenter_number=1, top_k=10, warm_up_epoch=0, MAX_EPOCH=100, batch_size=256, output_dim=512, lr=0.0001, noisy_ratio=0.4, noise_mode='sym', GPU=1, hard_weight=True, noisy_train=True, logging='wiki_ablation')
2025-06-18 12:30:24,982 - __main__ - INFO - ...Image to Text MAP = 0.4468175093988862
2025-06-18 12:30:25,090 - __main__ - INFO - ...Text to Image MAP = 0.42901671135585323
2025-06-18 12:30:25,091 - __main__ - INFO - ...Average MAP = 0.4379171103773697
2025-06-18 12:30:32,568 - __main__ - INFO - Noise ratio: 0.4
2025-06-18 12:30:32,570 - __main__ - INFO - Namespace(dataset='wiki', seed=2, alpha=0.0, lamda=1, margin=0.9, lambd=5, barycenter_number=1, top_k=10, warm_up_epoch=0, MAX_EPOCH=100, batch_size=256, output_dim=512, lr=0.0001, noisy_ratio=0.4, noise_mode='sym', GPU=1, hard_weight=True, noisy_train=True, logging='wiki_ablation')
2025-06-18 12:33:57,847 - __main__ - INFO - ...Image to Text MAP = 0.31550356145558267
2025-06-18 12:33:57,953 - __main__ - INFO - ...Text to Image MAP = 0.27904233959437924
2025-06-18 12:33:57,953 - __main__ - INFO - ...Average MAP = 0.29727295052498093
2025-06-18 12:34:05,692 - __main__ - INFO - Noise ratio: 0.4
2025-06-18 12:34:05,693 - __main__ - INFO - Namespace(dataset='wiki', seed=2, alpha=3.0, lamda=1, margin=0.9, lambd=5, barycenter_number=1, top_k=10, warm_up_epoch=0, MAX_EPOCH=100, batch_size=256, output_dim=512, lr=0.0001, noisy_ratio=0.4, noise_mode='sym', GPU=1, hard_weight=True, noisy_train=False, logging='wiki_ablation')
2025-06-18 12:36:54,522 - __main__ - INFO - ...Image to Text MAP = 0.40706230962588325
2025-06-18 12:36:54,654 - __main__ - INFO - ...Text to Image MAP = 0.37952053424626947
2025-06-18 12:36:54,655 - __main__ - INFO - ...Average MAP = 0.39329142193607636
2025-06-18 12:37:02,195 - __main__ - INFO - Noise ratio: 0.4
2025-06-18 12:37:02,196 - __main__ - INFO - Namespace(dataset='wiki', seed=2, alpha=3.0, lamda=0.0, margin=0.9, lambd=5, barycenter_number=1, top_k=10, warm_up_epoch=0, MAX_EPOCH=100, batch_size=256, output_dim=512, lr=0.0001, noisy_ratio=0.4, noise_mode='sym', GPU=1, hard_weight=True, noisy_train=True, logging='wiki_ablation')
2025-06-18 12:39:58,854 - __main__ - INFO - ...Image to Text MAP = 0.417104224353712
2025-06-18 12:39:58,946 - __main__ - INFO - ...Text to Image MAP = 0.3974140712760798
2025-06-18 12:39:58,947 - __main__ - INFO - ...Average MAP = 0.4072591478148959
2025-06-18 12:40:06,688 - __main__ - INFO - Noise ratio: 0.4
2025-06-18 12:40:06,688 - __main__ - INFO - Namespace(dataset='wiki', seed=2, alpha=3.0, lamda=1, margin=0.9, lambd=5, barycenter_number=1, top_k=10, warm_up_epoch=0, MAX_EPOCH=100, batch_size=256, output_dim=512, lr=0.0001, noisy_ratio=0.4, noise_mode='sym', GPU=1, hard_weight=False, noisy_train=True, logging='wiki_ablation')
2025-06-18 12:43:15,479 - __main__ - INFO - ...Image to Text MAP = 0.4544933849493302
2025-06-18 12:43:15,607 - __main__ - INFO - ...Text to Image MAP = 0.4312261664458104
2025-06-18 12:43:15,608 - __main__ - INFO - ...Average MAP = 0.4428597756975703
2025-06-18 12:43:22,314 - __main__ - INFO - Noise ratio: 0.6
2025-06-18 12:43:22,316 - __main__ - INFO - Namespace(dataset='wiki', seed=2, alpha=3.0, lamda=1, margin=0.9, lambd=5, barycenter_number=1, top_k=10, warm_up_epoch=0, MAX_EPOCH=100, batch_size=256, output_dim=512, lr=0.0001, noisy_ratio=0.6, noise_mode='sym', GPU=1, hard_weight=True, noisy_train=True, logging='wiki_ablation')
2025-06-18 12:46:45,187 - __main__ - INFO - ...Image to Text MAP = 0.429244077710862
2025-06-18 12:46:45,352 - __main__ - INFO - ...Text to Image MAP = 0.4067573216679756
2025-06-18 12:46:45,352 - __main__ - INFO - ...Average MAP = 0.4180006996894188
2025-06-18 12:46:53,256 - __main__ - INFO - Noise ratio: 0.6
2025-06-18 12:46:53,258 - __main__ - INFO - Namespace(dataset='wiki', seed=2, alpha=0.0, lamda=1, margin=0.9, lambd=5, barycenter_number=1, top_k=10, warm_up_epoch=0, MAX_EPOCH=100, batch_size=256, output_dim=512, lr=0.0001, noisy_ratio=0.6, noise_mode='sym', GPU=1, hard_weight=True, noisy_train=True, logging='wiki_ablation')
2025-06-18 12:50:18,986 - __main__ - INFO - ...Image to Text MAP = 0.2505217181103088
2025-06-18 12:50:19,091 - __main__ - INFO - ...Text to Image MAP = 0.2951310984757135
2025-06-18 12:50:19,091 - __main__ - INFO - ...Average MAP = 0.2728264082930112
2025-06-18 12:50:26,524 - __main__ - INFO - Noise ratio: 0.6
2025-06-18 12:50:26,525 - __main__ - INFO - Namespace(dataset='wiki', seed=2, alpha=3.0, lamda=1, margin=0.9, lambd=5, barycenter_number=1, top_k=10, warm_up_epoch=0, MAX_EPOCH=100, batch_size=256, output_dim=512, lr=0.0001, noisy_ratio=0.6, noise_mode='sym', GPU=1, hard_weight=True, noisy_train=False, logging='wiki_ablation')
2025-06-18 12:53:19,321 - __main__ - INFO - ...Image to Text MAP = 0.3663013991562555
2025-06-18 12:53:19,430 - __main__ - INFO - ...Text to Image MAP = 0.3378474931683953
2025-06-18 12:53:19,430 - __main__ - INFO - ...Average MAP = 0.3520744461623254
2025-06-18 12:53:28,162 - __main__ - INFO - Noise ratio: 0.6
2025-06-18 12:53:28,165 - __main__ - INFO - Namespace(dataset='wiki', seed=2, alpha=3.0, lamda=0.0, margin=0.9, lambd=5, barycenter_number=1, top_k=10, warm_up_epoch=0, MAX_EPOCH=100, batch_size=256, output_dim=512, lr=0.0001, noisy_ratio=0.6, noise_mode='sym', GPU=1, hard_weight=True, noisy_train=True, logging='wiki_ablation')
2025-06-18 12:57:00,722 - __main__ - INFO - ...Image to Text MAP = 0.41564468495631157
2025-06-18 12:57:00,826 - __main__ - INFO - ...Text to Image MAP = 0.398603414988557
2025-06-18 12:57:00,827 - __main__ - INFO - ...Average MAP = 0.4071240499724343
2025-06-18 12:57:09,136 - __main__ - INFO - Noise ratio: 0.6
2025-06-18 12:57:09,136 - __main__ - INFO - Namespace(dataset='wiki', seed=2, alpha=3.0, lamda=1, margin=0.9, lambd=5, barycenter_number=1, top_k=10, warm_up_epoch=0, MAX_EPOCH=100, batch_size=256, output_dim=512, lr=0.0001, noisy_ratio=0.6, noise_mode='sym', GPU=1, hard_weight=False, noisy_train=True, logging='wiki_ablation')
2025-06-18 13:00:15,162 - __main__ - INFO - ...Image to Text MAP = 0.43630398707788615
2025-06-18 13:00:15,327 - __main__ - INFO - ...Text to Image MAP = 0.4173700416653854
2025-06-18 13:00:15,330 - __main__ - INFO - ...Average MAP = 0.4268370143716358
2025-06-18 13:00:23,649 - __main__ - INFO - Noise ratio: 0.8
2025-06-18 13:00:23,650 - __main__ - INFO - Namespace(dataset='wiki', seed=2, alpha=3.0, lamda=1, margin=0.9, lambd=5, barycenter_number=1, top_k=10, warm_up_epoch=0, MAX_EPOCH=100, batch_size=256, output_dim=512, lr=0.0001, noisy_ratio=0.8, noise_mode='sym', GPU=1, hard_weight=True, noisy_train=True, logging='wiki_ablation')
2025-06-18 13:03:22,759 - __main__ - INFO - ...Image to Text MAP = 0.4257583729218309
2025-06-18 13:03:22,868 - __main__ - INFO - ...Text to Image MAP = 0.40702599252238414
2025-06-18 13:03:22,868 - __main__ - INFO - ...Average MAP = 0.41639218272210754
2025-06-18 13:03:29,652 - __main__ - INFO - Noise ratio: 0.8
2025-06-18 13:03:29,653 - __main__ - INFO - Namespace(dataset='wiki', seed=2, alpha=0.0, lamda=1, margin=0.9, lambd=5, barycenter_number=1, top_k=10, warm_up_epoch=0, MAX_EPOCH=100, batch_size=256, output_dim=512, lr=0.0001, noisy_ratio=0.8, noise_mode='sym', GPU=1, hard_weight=True, noisy_train=True, logging='wiki_ablation')
2025-06-18 13:06:36,295 - __main__ - INFO - ...Image to Text MAP = 0.15823455711683665
2025-06-18 13:06:36,439 - __main__ - INFO - ...Text to Image MAP = 0.17933712291140494
2025-06-18 13:06:36,440 - __main__ - INFO - ...Average MAP = 0.16878584001412078
2025-06-18 13:06:43,433 - __main__ - INFO - Noise ratio: 0.8
2025-06-18 13:06:43,436 - __main__ - INFO - Namespace(dataset='wiki', seed=2, alpha=3.0, lamda=1, margin=0.9, lambd=5, barycenter_number=1, top_k=10, warm_up_epoch=0, MAX_EPOCH=100, batch_size=256, output_dim=512, lr=0.0001, noisy_ratio=0.8, noise_mode='sym', GPU=1, hard_weight=True, noisy_train=False, logging='wiki_ablation')
2025-06-18 13:09:37,007 - __main__ - INFO - ...Image to Text MAP = 0.35866959788336183
2025-06-18 13:09:37,239 - __main__ - INFO - ...Text to Image MAP = 0.33544314854307344
2025-06-18 13:09:37,240 - __main__ - INFO - ...Average MAP = 0.34705637321321764
2025-06-18 13:09:45,282 - __main__ - INFO - Noise ratio: 0.8
2025-06-18 13:09:45,283 - __main__ - INFO - Namespace(dataset='wiki', seed=2, alpha=3.0, lamda=0.0, margin=0.9, lambd=5, barycenter_number=1, top_k=10, warm_up_epoch=0, MAX_EPOCH=100, batch_size=256, output_dim=512, lr=0.0001, noisy_ratio=0.8, noise_mode='sym', GPU=1, hard_weight=True, noisy_train=True, logging='wiki_ablation')
2025-06-18 13:12:51,403 - __main__ - INFO - ...Image to Text MAP = 0.4218093857145941
2025-06-18 13:12:51,510 - __main__ - INFO - ...Text to Image MAP = 0.40125934301151706
2025-06-18 13:12:51,511 - __main__ - INFO - ...Average MAP = 0.41153436436305557
2025-06-18 13:12:59,163 - __main__ - INFO - Noise ratio: 0.8
2025-06-18 13:12:59,169 - __main__ - INFO - Namespace(dataset='wiki', seed=2, alpha=3.0, lamda=1, margin=0.9, lambd=5, barycenter_number=1, top_k=10, warm_up_epoch=0, MAX_EPOCH=100, batch_size=256, output_dim=512, lr=0.0001, noisy_ratio=0.8, noise_mode='sym', GPU=1, hard_weight=False, noisy_train=True, logging='wiki_ablation')
2025-06-18 13:16:21,854 - __main__ - INFO - ...Image to Text MAP = 0.42535171177304976
2025-06-18 13:16:21,965 - __main__ - INFO - ...Text to Image MAP = 0.40976736323786567
2025-06-18 13:16:21,966 - __main__ - INFO - ...Average MAP = 0.4175595375054577
2025-06-18 13:16:31,438 - __main__ - INFO - Noise ratio: 0.2
2025-06-18 13:16:31,443 - __main__ - INFO - Namespace(dataset='wiki', seed=3, alpha=0.7, lamda=1, margin=0.9, lambd=5, barycenter_number=1, top_k=10, warm_up_epoch=0, MAX_EPOCH=100, batch_size=256, output_dim=512, lr=0.0001, noisy_ratio=0.2, noise_mode='sym', GPU=1, hard_weight=True, noisy_train=True, logging='wiki_ablation')
2025-06-18 13:19:33,452 - __main__ - INFO - ...Image to Text MAP = 0.5097356349054539
2025-06-18 13:19:33,549 - __main__ - INFO - ...Text to Image MAP = 0.4571859842473761
2025-06-18 13:19:33,549 - __main__ - INFO - ...Average MAP = 0.483460809576415
2025-06-18 13:19:40,434 - __main__ - INFO - Noise ratio: 0.2
2025-06-18 13:19:40,435 - __main__ - INFO - Namespace(dataset='wiki', seed=3, alpha=0.0, lamda=1, margin=0.9, lambd=5, barycenter_number=1, top_k=10, warm_up_epoch=0, MAX_EPOCH=100, batch_size=256, output_dim=512, lr=0.0001, noisy_ratio=0.2, noise_mode='sym', GPU=1, hard_weight=True, noisy_train=True, logging='wiki_ablation')
2025-06-18 13:22:36,880 - __main__ - INFO - ...Image to Text MAP = 0.41894393587586254
2025-06-18 13:22:37,013 - __main__ - INFO - ...Text to Image MAP = 0.3650800029384805
2025-06-18 13:22:37,014 - __main__ - INFO - ...Average MAP = 0.39201196940717153
2025-06-18 13:22:44,742 - __main__ - INFO - Noise ratio: 0.2
2025-06-18 13:22:44,742 - __main__ - INFO - Namespace(dataset='wiki', seed=3, alpha=0.7, lamda=1, margin=0.9, lambd=5, barycenter_number=1, top_k=10, warm_up_epoch=0, MAX_EPOCH=100, batch_size=256, output_dim=512, lr=0.0001, noisy_ratio=0.2, noise_mode='sym', GPU=1, hard_weight=True, noisy_train=False, logging='wiki_ablation')
2025-06-18 13:25:34,382 - __main__ - INFO - ...Image to Text MAP = 0.5294542842246186
2025-06-18 13:25:34,568 - __main__ - INFO - ...Text to Image MAP = 0.4635510511946512
2025-06-18 13:25:34,569 - __main__ - INFO - ...Average MAP = 0.4965026677096349
2025-06-18 13:25:41,527 - __main__ - INFO - Noise ratio: 0.2
2025-06-18 13:25:41,528 - __main__ - INFO - Namespace(dataset='wiki', seed=3, alpha=0.7, lamda=0.0, margin=0.9, lambd=5, barycenter_number=1, top_k=10, warm_up_epoch=0, MAX_EPOCH=100, batch_size=256, output_dim=512, lr=0.0001, noisy_ratio=0.2, noise_mode='sym', GPU=1, hard_weight=True, noisy_train=True, logging='wiki_ablation')
2025-06-18 13:28:52,872 - __main__ - INFO - ...Image to Text MAP = 0.39617131653248183
2025-06-18 13:28:53,069 - __main__ - INFO - ...Text to Image MAP = 0.3731354158825003
2025-06-18 13:28:53,070 - __main__ - INFO - ...Average MAP = 0.3846533662074911
2025-06-18 13:29:00,736 - __main__ - INFO - Noise ratio: 0.2
2025-06-18 13:29:00,737 - __main__ - INFO - Namespace(dataset='wiki', seed=3, alpha=0.7, lamda=1, margin=0.9, lambd=5, barycenter_number=1, top_k=10, warm_up_epoch=0, MAX_EPOCH=100, batch_size=256, output_dim=512, lr=0.0001, noisy_ratio=0.2, noise_mode='sym', GPU=1, hard_weight=False, noisy_train=True, logging='wiki_ablation')
2025-06-18 13:32:27,654 - __main__ - INFO - ...Image to Text MAP = 0.5221231769639213
2025-06-18 13:32:27,749 - __main__ - INFO - ...Text to Image MAP = 0.46885876777018426
2025-06-18 13:32:27,750 - __main__ - INFO - ...Average MAP = 0.49549097236705275
2025-06-18 13:32:34,739 - __main__ - INFO - Noise ratio: 0.4
2025-06-18 13:32:34,742 - __main__ - INFO - Namespace(dataset='wiki', seed=3, alpha=0.7, lamda=1, margin=0.9, lambd=5, barycenter_number=1, top_k=10, warm_up_epoch=0, MAX_EPOCH=100, batch_size=256, output_dim=512, lr=0.0001, noisy_ratio=0.4, noise_mode='sym', GPU=1, hard_weight=True, noisy_train=True, logging='wiki_ablation')
2025-06-18 13:35:11,974 - __main__ - INFO - ...Image to Text MAP = 0.5076509507237945
2025-06-18 13:35:12,056 - __main__ - INFO - ...Text to Image MAP = 0.4472491292352004
2025-06-18 13:35:12,057 - __main__ - INFO - ...Average MAP = 0.4774500399794974
2025-06-18 13:35:19,793 - __main__ - INFO - Noise ratio: 0.4
2025-06-18 13:35:19,798 - __main__ - INFO - Namespace(dataset='wiki', seed=3, alpha=0.0, lamda=1, margin=0.9, lambd=5, barycenter_number=1, top_k=10, warm_up_epoch=0, MAX_EPOCH=100, batch_size=256, output_dim=512, lr=0.0001, noisy_ratio=0.4, noise_mode='sym', GPU=1, hard_weight=True, noisy_train=True, logging='wiki_ablation')
2025-06-18 13:38:58,720 - __main__ - INFO - ...Image to Text MAP = 0.27399996479950417
2025-06-18 13:38:58,850 - __main__ - INFO - ...Text to Image MAP = 0.2733878551188203
2025-06-18 13:38:58,850 - __main__ - INFO - ...Average MAP = 0.2736939099591622
2025-06-18 13:39:06,992 - __main__ - INFO - Noise ratio: 0.4
2025-06-18 13:39:06,992 - __main__ - INFO - Namespace(dataset='wiki', seed=3, alpha=0.7, lamda=1, margin=0.9, lambd=5, barycenter_number=1, top_k=10, warm_up_epoch=0, MAX_EPOCH=100, batch_size=256, output_dim=512, lr=0.0001, noisy_ratio=0.4, noise_mode='sym', GPU=1, hard_weight=True, noisy_train=False, logging='wiki_ablation')
2025-06-18 13:42:06,342 - __main__ - INFO - ...Image to Text MAP = 0.4988153870989267
2025-06-18 13:42:06,549 - __main__ - INFO - ...Text to Image MAP = 0.44787719708261203
2025-06-18 13:42:06,554 - __main__ - INFO - ...Average MAP = 0.4733462920907694
2025-06-18 13:42:14,941 - __main__ - INFO - Noise ratio: 0.4
2025-06-18 13:42:14,941 - __main__ - INFO - Namespace(dataset='wiki', seed=3, alpha=0.7, lamda=0.0, margin=0.9, lambd=5, barycenter_number=1, top_k=10, warm_up_epoch=0, MAX_EPOCH=100, batch_size=256, output_dim=512, lr=0.0001, noisy_ratio=0.4, noise_mode='sym', GPU=1, hard_weight=True, noisy_train=True, logging='wiki_ablation')
2025-06-18 13:45:16,180 - __main__ - INFO - ...Image to Text MAP = 0.4185312089085894
2025-06-18 13:45:16,270 - __main__ - INFO - ...Text to Image MAP = 0.39387692370953653
2025-06-18 13:45:16,270 - __main__ - INFO - ...Average MAP = 0.40620406630906297
2025-06-18 13:45:23,188 - __main__ - INFO - Noise ratio: 0.4
2025-06-18 13:45:23,189 - __main__ - INFO - Namespace(dataset='wiki', seed=3, alpha=0.7, lamda=1, margin=0.9, lambd=5, barycenter_number=1, top_k=10, warm_up_epoch=0, MAX_EPOCH=100, batch_size=256, output_dim=512, lr=0.0001, noisy_ratio=0.4, noise_mode='sym', GPU=1, hard_weight=False, noisy_train=True, logging='wiki_ablation')
2025-06-18 13:48:33,686 - __main__ - INFO - ...Image to Text MAP = 0.4934938289426754
2025-06-18 13:48:33,792 - __main__ - INFO - ...Text to Image MAP = 0.4447399220459579
2025-06-18 13:48:33,793 - __main__ - INFO - ...Average MAP = 0.4691168754943167
2025-06-18 13:48:43,398 - __main__ - INFO - Noise ratio: 0.6
2025-06-18 13:48:43,402 - __main__ - INFO - Namespace(dataset='wiki', seed=3, alpha=0.7, lamda=1, margin=0.9, lambd=5, barycenter_number=1, top_k=10, warm_up_epoch=0, MAX_EPOCH=100, batch_size=256, output_dim=512, lr=0.0001, noisy_ratio=0.6, noise_mode='sym', GPU=1, hard_weight=True, noisy_train=True, logging='wiki_ablation')
2025-06-18 13:51:38,849 - __main__ - INFO - ...Image to Text MAP = 0.4803324172055127
2025-06-18 13:51:38,933 - __main__ - INFO - ...Text to Image MAP = 0.45432511791860636
2025-06-18 13:51:38,933 - __main__ - INFO - ...Average MAP = 0.46732876756205954
2025-06-18 13:51:47,022 - __main__ - INFO - Noise ratio: 0.6
2025-06-18 13:51:47,024 - __main__ - INFO - Namespace(dataset='wiki', seed=3, alpha=0.0, lamda=1, margin=0.9, lambd=5, barycenter_number=1, top_k=10, warm_up_epoch=0, MAX_EPOCH=100, batch_size=256, output_dim=512, lr=0.0001, noisy_ratio=0.6, noise_mode='sym', GPU=1, hard_weight=True, noisy_train=True, logging='wiki_ablation')
2025-06-18 13:54:29,349 - __main__ - INFO - ...Image to Text MAP = 0.27283272026004846
2025-06-18 13:54:29,489 - __main__ - INFO - ...Text to Image MAP = 0.29157488836551737
2025-06-18 13:54:29,490 - __main__ - INFO - ...Average MAP = 0.2822038043127829
2025-06-18 13:54:37,988 - __main__ - INFO - Noise ratio: 0.6
2025-06-18 13:54:37,988 - __main__ - INFO - Namespace(dataset='wiki', seed=3, alpha=0.7, lamda=1, margin=0.9, lambd=5, barycenter_number=1, top_k=10, warm_up_epoch=0, MAX_EPOCH=100, batch_size=256, output_dim=512, lr=0.0001, noisy_ratio=0.6, noise_mode='sym', GPU=1, hard_weight=True, noisy_train=False, logging='wiki_ablation')
2025-06-18 13:57:05,072 - __main__ - INFO - ...Image to Text MAP = 0.47123536774399566
2025-06-18 13:57:05,152 - __main__ - INFO - ...Text to Image MAP = 0.42095108663896635
2025-06-18 13:57:05,153 - __main__ - INFO - ...Average MAP = 0.44609322719148103
2025-06-18 13:57:13,112 - __main__ - INFO - Noise ratio: 0.6
2025-06-18 13:57:13,113 - __main__ - INFO - Namespace(dataset='wiki', seed=3, alpha=0.7, lamda=0.0, margin=0.9, lambd=5, barycenter_number=1, top_k=10, warm_up_epoch=0, MAX_EPOCH=100, batch_size=256, output_dim=512, lr=0.0001, noisy_ratio=0.6, noise_mode='sym', GPU=1, hard_weight=True, noisy_train=True, logging='wiki_ablation')
2025-06-18 14:00:12,507 - __main__ - INFO - ...Image to Text MAP = 0.4018308670254407
2025-06-18 14:00:12,603 - __main__ - INFO - ...Text to Image MAP = 0.384411014923667
2025-06-18 14:00:12,603 - __main__ - INFO - ...Average MAP = 0.39312094097455386
2025-06-18 14:00:19,531 - __main__ - INFO - Noise ratio: 0.6
2025-06-18 14:00:19,531 - __main__ - INFO - Namespace(dataset='wiki', seed=3, alpha=0.7, lamda=1, margin=0.9, lambd=5, barycenter_number=1, top_k=10, warm_up_epoch=0, MAX_EPOCH=100, batch_size=256, output_dim=512, lr=0.0001, noisy_ratio=0.6, noise_mode='sym', GPU=1, hard_weight=False, noisy_train=True, logging='wiki_ablation')
2025-06-18 14:04:01,421 - __main__ - INFO - ...Image to Text MAP = 0.48754769992877117
2025-06-18 14:04:01,632 - __main__ - INFO - ...Text to Image MAP = 0.4557881498963517
2025-06-18 14:04:01,634 - __main__ - INFO - ...Average MAP = 0.47166792491256143
2025-06-18 14:04:10,595 - __main__ - INFO - Noise ratio: 0.8
2025-06-18 14:04:10,597 - __main__ - INFO - Namespace(dataset='wiki', seed=3, alpha=0.7, lamda=1, margin=0.9, lambd=5, barycenter_number=1, top_k=10, warm_up_epoch=0, MAX_EPOCH=100, batch_size=256, output_dim=512, lr=0.0001, noisy_ratio=0.8, noise_mode='sym', GPU=1, hard_weight=True, noisy_train=True, logging='wiki_ablation')
2025-06-18 14:07:47,813 - __main__ - INFO - ...Image to Text MAP = 0.43125196084988576
2025-06-18 14:07:48,016 - __main__ - INFO - ...Text to Image MAP = 0.416766927134665
2025-06-18 14:07:48,017 - __main__ - INFO - ...Average MAP = 0.42400944399227536
2025-06-18 14:07:56,878 - __main__ - INFO - Noise ratio: 0.8
2025-06-18 14:07:56,879 - __main__ - INFO - Namespace(dataset='wiki', seed=3, alpha=0.0, lamda=1, margin=0.9, lambd=5, barycenter_number=1, top_k=10, warm_up_epoch=0, MAX_EPOCH=100, batch_size=256, output_dim=512, lr=0.0001, noisy_ratio=0.8, noise_mode='sym', GPU=1, hard_weight=True, noisy_train=True, logging='wiki_ablation')
2025-06-18 14:10:42,234 - __main__ - INFO - ...Image to Text MAP = 0.19919598976446334
2025-06-18 14:10:42,336 - __main__ - INFO - ...Text to Image MAP = 0.1819536946681469
2025-06-18 14:10:42,336 - __main__ - INFO - ...Average MAP = 0.1905748422163051
2025-06-18 14:10:49,673 - __main__ - INFO - Noise ratio: 0.8
2025-06-18 14:10:49,673 - __main__ - INFO - Namespace(dataset='wiki', seed=3, alpha=0.7, lamda=1, margin=0.9, lambd=5, barycenter_number=1, top_k=10, warm_up_epoch=0, MAX_EPOCH=100, batch_size=256, output_dim=512, lr=0.0001, noisy_ratio=0.8, noise_mode='sym', GPU=1, hard_weight=True, noisy_train=False, logging='wiki_ablation')
2025-06-18 14:12:53,000 - __main__ - INFO - ...Image to Text MAP = 0.39046440285965917
2025-06-18 14:12:53,112 - __main__ - INFO - ...Text to Image MAP = 0.37286653364000516
2025-06-18 14:12:53,112 - __main__ - INFO - ...Average MAP = 0.38166546824983216
2025-06-18 14:13:00,996 - __main__ - INFO - Noise ratio: 0.8
2025-06-18 14:13:00,999 - __main__ - INFO - Namespace(dataset='wiki', seed=3, alpha=0.7, lamda=0.0, margin=0.9, lambd=5, barycenter_number=1, top_k=10, warm_up_epoch=0, MAX_EPOCH=100, batch_size=256, output_dim=512, lr=0.0001, noisy_ratio=0.8, noise_mode='sym', GPU=1, hard_weight=True, noisy_train=True, logging='wiki_ablation')
2025-06-18 14:16:05,176 - __main__ - INFO - ...Image to Text MAP = 0.4144813880852409
2025-06-18 14:16:05,557 - __main__ - INFO - ...Text to Image MAP = 0.4003513152904461
2025-06-18 14:16:05,557 - __main__ - INFO - ...Average MAP = 0.4074163516878435
2025-06-18 14:16:13,387 - __main__ - INFO - Noise ratio: 0.8
2025-06-18 14:16:13,389 - __main__ - INFO - Namespace(dataset='wiki', seed=3, alpha=0.7, lamda=1, margin=0.9, lambd=5, barycenter_number=1, top_k=10, warm_up_epoch=0, MAX_EPOCH=100, batch_size=256, output_dim=512, lr=0.0001, noisy_ratio=0.8, noise_mode='sym', GPU=1, hard_weight=False, noisy_train=True, logging='wiki_ablation')
2025-06-18 14:19:10,904 - __main__ - INFO - ...Image to Text MAP = 0.4364720406790674
2025-06-18 14:19:11,094 - __main__ - INFO - ...Text to Image MAP = 0.41868922307272377
2025-06-18 14:19:11,094 - __main__ - INFO - ...Average MAP = 0.42758063187589557
2025-06-18 14:19:18,344 - __main__ - INFO - Noise ratio: 0.2
2025-06-18 14:19:18,350 - __main__ - INFO - Namespace(dataset='wiki', seed=3, alpha=0.8, lamda=1, margin=0.9, lambd=5, barycenter_number=1, top_k=10, warm_up_epoch=0, MAX_EPOCH=100, batch_size=256, output_dim=512, lr=0.0001, noisy_ratio=0.2, noise_mode='sym', GPU=1, hard_weight=True, noisy_train=True, logging='wiki_ablation')
2025-06-18 14:22:38,928 - __main__ - INFO - ...Image to Text MAP = 0.512500636704842
2025-06-18 14:22:39,098 - __main__ - INFO - ...Text to Image MAP = 0.44889841748319004
2025-06-18 14:22:39,098 - __main__ - INFO - ...Average MAP = 0.48069952709401603
2025-06-18 14:22:47,234 - __main__ - INFO - Noise ratio: 0.2
2025-06-18 14:22:47,236 - __main__ - INFO - Namespace(dataset='wiki', seed=3, alpha=0.0, lamda=1, margin=0.9, lambd=5, barycenter_number=1, top_k=10, warm_up_epoch=0, MAX_EPOCH=100, batch_size=256, output_dim=512, lr=0.0001, noisy_ratio=0.2, noise_mode='sym', GPU=1, hard_weight=True, noisy_train=True, logging='wiki_ablation')
2025-06-18 14:26:13,061 - __main__ - INFO - ...Image to Text MAP = 0.41894393587586254
2025-06-18 14:26:13,296 - __main__ - INFO - ...Text to Image MAP = 0.3650800029384805
2025-06-18 14:26:13,297 - __main__ - INFO - ...Average MAP = 0.39201196940717153
2025-06-18 14:26:23,244 - __main__ - INFO - Noise ratio: 0.2
2025-06-18 14:26:23,248 - __main__ - INFO - Namespace(dataset='wiki', seed=3, alpha=0.8, lamda=1, margin=0.9, lambd=5, barycenter_number=1, top_k=10, warm_up_epoch=0, MAX_EPOCH=100, batch_size=256, output_dim=512, lr=0.0001, noisy_ratio=0.2, noise_mode='sym', GPU=1, hard_weight=True, noisy_train=False, logging='wiki_ablation')
2025-06-18 14:29:33,464 - __main__ - INFO - ...Image to Text MAP = 0.5249076558636958
2025-06-18 14:29:33,561 - __main__ - INFO - ...Text to Image MAP = 0.47581432711005084
2025-06-18 14:29:33,562 - __main__ - INFO - ...Average MAP = 0.5003609914868733
2025-06-18 14:29:42,318 - __main__ - INFO - Noise ratio: 0.2
2025-06-18 14:29:42,318 - __main__ - INFO - Namespace(dataset='wiki', seed=3, alpha=0.8, lamda=0.0, margin=0.9, lambd=5, barycenter_number=1, top_k=10, warm_up_epoch=0, MAX_EPOCH=100, batch_size=256, output_dim=512, lr=0.0001, noisy_ratio=0.2, noise_mode='sym', GPU=1, hard_weight=True, noisy_train=True, logging='wiki_ablation')
2025-06-18 14:32:21,467 - __main__ - INFO - ...Image to Text MAP = 0.4067976753621313
2025-06-18 14:32:21,563 - __main__ - INFO - ...Text to Image MAP = 0.3775166315957642
2025-06-18 14:32:21,564 - __main__ - INFO - ...Average MAP = 0.39215715347894775
2025-06-18 14:32:27,749 - __main__ - INFO - Noise ratio: 0.2
2025-06-18 14:32:27,749 - __main__ - INFO - Namespace(dataset='wiki', seed=3, alpha=0.8, lamda=1, margin=0.9, lambd=5, barycenter_number=1, top_k=10, warm_up_epoch=0, MAX_EPOCH=100, batch_size=256, output_dim=512, lr=0.0001, noisy_ratio=0.2, noise_mode='sym', GPU=1, hard_weight=False, noisy_train=True, logging='wiki_ablation')
2025-06-18 14:34:57,039 - __main__ - INFO - ...Image to Text MAP = 0.5197726350103887
2025-06-18 14:34:57,266 - __main__ - INFO - ...Text to Image MAP = 0.4609165896019208
2025-06-18 14:34:57,266 - __main__ - INFO - ...Average MAP = 0.4903446123061548
2025-06-18 14:35:04,391 - __main__ - INFO - Noise ratio: 0.4
2025-06-18 14:35:04,393 - __main__ - INFO - Namespace(dataset='wiki', seed=3, alpha=0.8, lamda=1, margin=0.9, lambd=5, barycenter_number=1, top_k=10, warm_up_epoch=0, MAX_EPOCH=100, batch_size=256, output_dim=512, lr=0.0001, noisy_ratio=0.4, noise_mode='sym', GPU=1, hard_weight=True, noisy_train=True, logging='wiki_ablation')
2025-06-18 14:37:52,902 - __main__ - INFO - ...Image to Text MAP = 0.5060245738178561
2025-06-18 14:37:53,053 - __main__ - INFO - ...Text to Image MAP = 0.46730108400996484
2025-06-18 14:37:53,053 - __main__ - INFO - ...Average MAP = 0.4866628289139105
2025-06-18 14:38:00,481 - __main__ - INFO - Noise ratio: 0.4
2025-06-18 14:38:00,483 - __main__ - INFO - Namespace(dataset='wiki', seed=3, alpha=0.0, lamda=1, margin=0.9, lambd=5, barycenter_number=1, top_k=10, warm_up_epoch=0, MAX_EPOCH=100, batch_size=256, output_dim=512, lr=0.0001, noisy_ratio=0.4, noise_mode='sym', GPU=1, hard_weight=True, noisy_train=True, logging='wiki_ablation')
2025-06-18 14:40:59,986 - __main__ - INFO - ...Image to Text MAP = 0.27399996479950417
2025-06-18 14:41:00,090 - __main__ - INFO - ...Text to Image MAP = 0.2733878551188203
2025-06-18 14:41:00,090 - __main__ - INFO - ...Average MAP = 0.2736939099591622
2025-06-18 14:41:06,480 - __main__ - INFO - Noise ratio: 0.4
2025-06-18 14:41:06,483 - __main__ - INFO - Namespace(dataset='wiki', seed=3, alpha=0.8, lamda=1, margin=0.9, lambd=5, barycenter_number=1, top_k=10, warm_up_epoch=0, MAX_EPOCH=100, batch_size=256, output_dim=512, lr=0.0001, noisy_ratio=0.4, noise_mode='sym', GPU=1, hard_weight=True, noisy_train=False, logging='wiki_ablation')
2025-06-18 14:43:42,367 - __main__ - INFO - ...Image to Text MAP = 0.49729664721139255
2025-06-18 14:43:42,462 - __main__ - INFO - ...Text to Image MAP = 0.44580513889445267
2025-06-18 14:43:42,462 - __main__ - INFO - ...Average MAP = 0.47155089305292264
2025-06-18 14:43:49,925 - __main__ - INFO - Noise ratio: 0.4
2025-06-18 14:43:49,925 - __main__ - INFO - Namespace(dataset='wiki', seed=3, alpha=0.8, lamda=0.0, margin=0.9, lambd=5, barycenter_number=1, top_k=10, warm_up_epoch=0, MAX_EPOCH=100, batch_size=256, output_dim=512, lr=0.0001, noisy_ratio=0.4, noise_mode='sym', GPU=1, hard_weight=True, noisy_train=True, logging='wiki_ablation')
2025-06-18 14:46:36,132 - __main__ - INFO - ...Image to Text MAP = 0.4094890061672856
2025-06-18 14:46:36,223 - __main__ - INFO - ...Text to Image MAP = 0.39055370670330947
2025-06-18 14:46:36,223 - __main__ - INFO - ...Average MAP = 0.40002135643529757
2025-06-18 14:46:43,508 - __main__ - INFO - Noise ratio: 0.4
2025-06-18 14:46:43,511 - __main__ - INFO - Namespace(dataset='wiki', seed=3, alpha=0.8, lamda=1, margin=0.9, lambd=5, barycenter_number=1, top_k=10, warm_up_epoch=0, MAX_EPOCH=100, batch_size=256, output_dim=512, lr=0.0001, noisy_ratio=0.4, noise_mode='sym', GPU=1, hard_weight=False, noisy_train=True, logging='wiki_ablation')
2025-06-18 14:49:34,264 - __main__ - INFO - ...Image to Text MAP = 0.5005555251710301
2025-06-18 14:49:34,566 - __main__ - INFO - ...Text to Image MAP = 0.45256327349330394
2025-06-18 14:49:34,567 - __main__ - INFO - ...Average MAP = 0.476559399332167
2025-06-18 14:49:43,524 - __main__ - INFO - Noise ratio: 0.6
2025-06-18 14:49:43,533 - __main__ - INFO - Namespace(dataset='wiki', seed=3, alpha=0.8, lamda=1, margin=0.9, lambd=5, barycenter_number=1, top_k=10, warm_up_epoch=0, MAX_EPOCH=100, batch_size=256, output_dim=512, lr=0.0001, noisy_ratio=0.6, noise_mode='sym', GPU=1, hard_weight=True, noisy_train=True, logging='wiki_ablation')
2025-06-18 14:53:32,904 - __main__ - INFO - ...Image to Text MAP = 0.4864456009834357
2025-06-18 14:53:33,009 - __main__ - INFO - ...Text to Image MAP = 0.4620849755282454
2025-06-18 14:53:33,009 - __main__ - INFO - ...Average MAP = 0.4742652882558406
2025-06-18 14:53:41,175 - __main__ - INFO - Noise ratio: 0.6
2025-06-18 14:53:41,179 - __main__ - INFO - Namespace(dataset='wiki', seed=3, alpha=0.0, lamda=1, margin=0.9, lambd=5, barycenter_number=1, top_k=10, warm_up_epoch=0, MAX_EPOCH=100, batch_size=256, output_dim=512, lr=0.0001, noisy_ratio=0.6, noise_mode='sym', GPU=1, hard_weight=True, noisy_train=True, logging='wiki_ablation')
2025-06-18 14:57:09,121 - __main__ - INFO - ...Image to Text MAP = 0.27283272026004846
2025-06-18 14:57:09,377 - __main__ - INFO - ...Text to Image MAP = 0.29157488836551737
2025-06-18 14:57:09,396 - __main__ - INFO - ...Average MAP = 0.2822038043127829
2025-06-18 14:57:18,309 - __main__ - INFO - Noise ratio: 0.6
2025-06-18 14:57:18,309 - __main__ - INFO - Namespace(dataset='wiki', seed=3, alpha=0.8, lamda=1, margin=0.9, lambd=5, barycenter_number=1, top_k=10, warm_up_epoch=0, MAX_EPOCH=100, batch_size=256, output_dim=512, lr=0.0001, noisy_ratio=0.6, noise_mode='sym', GPU=1, hard_weight=True, noisy_train=False, logging='wiki_ablation')
2025-06-18 14:59:45,391 - __main__ - INFO - ...Image to Text MAP = 0.4763481366008022
2025-06-18 14:59:45,503 - __main__ - INFO - ...Text to Image MAP = 0.421833021677621
2025-06-18 14:59:45,504 - __main__ - INFO - ...Average MAP = 0.4490905791392116
2025-06-18 14:59:52,696 - __main__ - INFO - Noise ratio: 0.6
2025-06-18 14:59:52,696 - __main__ - INFO - Namespace(dataset='wiki', seed=3, alpha=0.8, lamda=0.0, margin=0.9, lambd=5, barycenter_number=1, top_k=10, warm_up_epoch=0, MAX_EPOCH=100, batch_size=256, output_dim=512, lr=0.0001, noisy_ratio=0.6, noise_mode='sym', GPU=1, hard_weight=True, noisy_train=True, logging='wiki_ablation')
2025-06-18 15:02:41,524 - __main__ - INFO - ...Image to Text MAP = 0.41105791788917245
2025-06-18 15:02:41,635 - __main__ - INFO - ...Text to Image MAP = 0.3910830374428809
2025-06-18 15:02:41,636 - __main__ - INFO - ...Average MAP = 0.40107047766602666
2025-06-18 15:02:47,821 - __main__ - INFO - Noise ratio: 0.6
2025-06-18 15:02:47,822 - __main__ - INFO - Namespace(dataset='wiki', seed=3, alpha=0.8, lamda=1, margin=0.9, lambd=5, barycenter_number=1, top_k=10, warm_up_epoch=0, MAX_EPOCH=100, batch_size=256, output_dim=512, lr=0.0001, noisy_ratio=0.6, noise_mode='sym', GPU=1, hard_weight=False, noisy_train=True, logging='wiki_ablation')
2025-06-18 15:05:42,703 - __main__ - INFO - ...Image to Text MAP = 0.47789632997638326
2025-06-18 15:05:42,864 - __main__ - INFO - ...Text to Image MAP = 0.43141249953597666
2025-06-18 15:05:42,865 - __main__ - INFO - ...Average MAP = 0.45465441475617996
2025-06-18 15:05:49,888 - __main__ - INFO - Noise ratio: 0.8
2025-06-18 15:05:49,890 - __main__ - INFO - Namespace(dataset='wiki', seed=3, alpha=0.8, lamda=1, margin=0.9, lambd=5, barycenter_number=1, top_k=10, warm_up_epoch=0, MAX_EPOCH=100, batch_size=256, output_dim=512, lr=0.0001, noisy_ratio=0.8, noise_mode='sym', GPU=1, hard_weight=True, noisy_train=True, logging='wiki_ablation')
2025-06-18 15:08:43,587 - __main__ - INFO - ...Image to Text MAP = 0.4285749057291565
2025-06-18 15:08:43,690 - __main__ - INFO - ...Text to Image MAP = 0.4146819546295296
2025-06-18 15:08:43,698 - __main__ - INFO - ...Average MAP = 0.42162843017934304
2025-06-18 15:08:53,614 - __main__ - INFO - Noise ratio: 0.8
2025-06-18 15:08:53,618 - __main__ - INFO - Namespace(dataset='wiki', seed=3, alpha=0.0, lamda=1, margin=0.9, lambd=5, barycenter_number=1, top_k=10, warm_up_epoch=0, MAX_EPOCH=100, batch_size=256, output_dim=512, lr=0.0001, noisy_ratio=0.8, noise_mode='sym', GPU=1, hard_weight=True, noisy_train=True, logging='wiki_ablation')
2025-06-18 15:12:29,289 - __main__ - INFO - ...Image to Text MAP = 0.19919598976446334
2025-06-18 15:12:29,480 - __main__ - INFO - ...Text to Image MAP = 0.1819536946681469
2025-06-18 15:12:29,481 - __main__ - INFO - ...Average MAP = 0.1905748422163051
2025-06-18 15:12:38,629 - __main__ - INFO - Noise ratio: 0.8
2025-06-18 15:12:38,639 - __main__ - INFO - Namespace(dataset='wiki', seed=3, alpha=0.8, lamda=1, margin=0.9, lambd=5, barycenter_number=1, top_k=10, warm_up_epoch=0, MAX_EPOCH=100, batch_size=256, output_dim=512, lr=0.0001, noisy_ratio=0.8, noise_mode='sym', GPU=1, hard_weight=True, noisy_train=False, logging='wiki_ablation')
2025-06-18 15:15:34,976 - __main__ - INFO - ...Image to Text MAP = 0.38261536929141254
2025-06-18 15:15:35,214 - __main__ - INFO - ...Text to Image MAP = 0.367135064132512
2025-06-18 15:15:35,214 - __main__ - INFO - ...Average MAP = 0.3748752167119623
2025-06-18 15:15:44,750 - __main__ - INFO - Noise ratio: 0.8
2025-06-18 15:15:44,750 - __main__ - INFO - Namespace(dataset='wiki', seed=3, alpha=0.8, lamda=0.0, margin=0.9, lambd=5, barycenter_number=1, top_k=10, warm_up_epoch=0, MAX_EPOCH=100, batch_size=256, output_dim=512, lr=0.0001, noisy_ratio=0.8, noise_mode='sym', GPU=1, hard_weight=True, noisy_train=True, logging='wiki_ablation')
2025-06-18 15:19:02,885 - __main__ - INFO - ...Image to Text MAP = 0.41589926451362924
2025-06-18 15:19:03,047 - __main__ - INFO - ...Text to Image MAP = 0.3992905344370989
2025-06-18 15:19:03,047 - __main__ - INFO - ...Average MAP = 0.4075948994753641
2025-06-18 15:19:13,507 - __main__ - INFO - Noise ratio: 0.8
2025-06-18 15:19:13,510 - __main__ - INFO - Namespace(dataset='wiki', seed=3, alpha=0.8, lamda=1, margin=0.9, lambd=5, barycenter_number=1, top_k=10, warm_up_epoch=0, MAX_EPOCH=100, batch_size=256, output_dim=512, lr=0.0001, noisy_ratio=0.8, noise_mode='sym', GPU=1, hard_weight=False, noisy_train=True, logging='wiki_ablation')
2025-06-18 15:22:23,822 - __main__ - INFO - ...Image to Text MAP = 0.4393389074358595
2025-06-18 15:22:24,054 - __main__ - INFO - ...Text to Image MAP = 0.41943077517752936
2025-06-18 15:22:24,055 - __main__ - INFO - ...Average MAP = 0.4293848413066944
2025-06-18 15:22:32,391 - __main__ - INFO - Noise ratio: 0.2
2025-06-18 15:22:32,393 - __main__ - INFO - Namespace(dataset='wiki', seed=3, alpha=0.9, lamda=1, margin=0.9, lambd=5, barycenter_number=1, top_k=10, warm_up_epoch=0, MAX_EPOCH=100, batch_size=256, output_dim=512, lr=0.0001, noisy_ratio=0.2, noise_mode='sym', GPU=1, hard_weight=True, noisy_train=True, logging='wiki_ablation')
2025-06-18 15:25:59,842 - __main__ - INFO - ...Image to Text MAP = 0.5092929863086202
2025-06-18 15:25:59,948 - __main__ - INFO - ...Text to Image MAP = 0.45222006676788556
2025-06-18 15:25:59,949 - __main__ - INFO - ...Average MAP = 0.48075652653825285
2025-06-18 15:26:10,677 - __main__ - INFO - Noise ratio: 0.2
2025-06-18 15:26:10,680 - __main__ - INFO - Namespace(dataset='wiki', seed=3, alpha=0.0, lamda=1, margin=0.9, lambd=5, barycenter_number=1, top_k=10, warm_up_epoch=0, MAX_EPOCH=100, batch_size=256, output_dim=512, lr=0.0001, noisy_ratio=0.2, noise_mode='sym', GPU=1, hard_weight=True, noisy_train=True, logging='wiki_ablation')
2025-06-18 15:29:57,555 - __main__ - INFO - ...Image to Text MAP = 0.41894393587586254
2025-06-18 15:29:57,760 - __main__ - INFO - ...Text to Image MAP = 0.3650800029384805
2025-06-18 15:29:57,780 - __main__ - INFO - ...Average MAP = 0.39201196940717153
2025-06-18 15:30:07,117 - __main__ - INFO - Noise ratio: 0.2
2025-06-18 15:30:07,119 - __main__ - INFO - Namespace(dataset='wiki', seed=3, alpha=0.9, lamda=1, margin=0.9, lambd=5, barycenter_number=1, top_k=10, warm_up_epoch=0, MAX_EPOCH=100, batch_size=256, output_dim=512, lr=0.0001, noisy_ratio=0.2, noise_mode='sym', GPU=1, hard_weight=True, noisy_train=False, logging='wiki_ablation')
2025-06-18 15:33:08,191 - __main__ - INFO - ...Image to Text MAP = 0.5170650331636514
2025-06-18 15:33:08,332 - __main__ - INFO - ...Text to Image MAP = 0.46191182735962477
2025-06-18 15:33:08,333 - __main__ - INFO - ...Average MAP = 0.4894884302616381
2025-06-18 15:33:15,702 - __main__ - INFO - Noise ratio: 0.2
2025-06-18 15:33:15,703 - __main__ - INFO - Namespace(dataset='wiki', seed=3, alpha=0.9, lamda=0.0, margin=0.9, lambd=5, barycenter_number=1, top_k=10, warm_up_epoch=0, MAX_EPOCH=100, batch_size=256, output_dim=512, lr=0.0001, noisy_ratio=0.2, noise_mode='sym', GPU=1, hard_weight=True, noisy_train=True, logging='wiki_ablation')
2025-06-18 15:36:01,196 - __main__ - INFO - ...Image to Text MAP = 0.409301985407218
2025-06-18 15:36:01,408 - __main__ - INFO - ...Text to Image MAP = 0.377583857770477
2025-06-18 15:36:01,412 - __main__ - INFO - ...Average MAP = 0.3934429215888475
2025-06-18 15:36:08,517 - __main__ - INFO - Noise ratio: 0.2
2025-06-18 15:36:08,517 - __main__ - INFO - Namespace(dataset='wiki', seed=3, alpha=0.9, lamda=1, margin=0.9, lambd=5, barycenter_number=1, top_k=10, warm_up_epoch=0, MAX_EPOCH=100, batch_size=256, output_dim=512, lr=0.0001, noisy_ratio=0.2, noise_mode='sym', GPU=1, hard_weight=False, noisy_train=True, logging='wiki_ablation')
2025-06-18 15:39:36,708 - __main__ - INFO - ...Image to Text MAP = 0.523855522696997
2025-06-18 15:39:36,817 - __main__ - INFO - ...Text to Image MAP = 0.4700579034115782
2025-06-18 15:39:36,817 - __main__ - INFO - ...Average MAP = 0.49695671305428757
2025-06-18 15:39:45,393 - __main__ - INFO - Noise ratio: 0.4
2025-06-18 15:39:45,395 - __main__ - INFO - Namespace(dataset='wiki', seed=3, alpha=0.9, lamda=1, margin=0.9, lambd=5, barycenter_number=1, top_k=10, warm_up_epoch=0, MAX_EPOCH=100, batch_size=256, output_dim=512, lr=0.0001, noisy_ratio=0.4, noise_mode='sym', GPU=1, hard_weight=True, noisy_train=True, logging='wiki_ablation')
2025-06-18 15:43:22,475 - __main__ - INFO - ...Image to Text MAP = 0.49932907703234214
2025-06-18 15:43:22,652 - __main__ - INFO - ...Text to Image MAP = 0.45675616285888687
2025-06-18 15:43:22,653 - __main__ - INFO - ...Average MAP = 0.4780426199456145
2025-06-18 15:43:30,098 - __main__ - INFO - Noise ratio: 0.4
2025-06-18 15:43:30,102 - __main__ - INFO - Namespace(dataset='wiki', seed=3, alpha=0.0, lamda=1, margin=0.9, lambd=5, barycenter_number=1, top_k=10, warm_up_epoch=0, MAX_EPOCH=100, batch_size=256, output_dim=512, lr=0.0001, noisy_ratio=0.4, noise_mode='sym', GPU=1, hard_weight=True, noisy_train=True, logging='wiki_ablation')
2025-06-18 15:47:04,557 - __main__ - INFO - ...Image to Text MAP = 0.27399996479950417
2025-06-18 15:47:04,699 - __main__ - INFO - ...Text to Image MAP = 0.2733878551188203
2025-06-18 15:47:04,699 - __main__ - INFO - ...Average MAP = 0.2736939099591622
2025-06-18 15:47:14,522 - __main__ - INFO - Noise ratio: 0.4
2025-06-18 15:47:14,522 - __main__ - INFO - Namespace(dataset='wiki', seed=3, alpha=0.9, lamda=1, margin=0.9, lambd=5, barycenter_number=1, top_k=10, warm_up_epoch=0, MAX_EPOCH=100, batch_size=256, output_dim=512, lr=0.0001, noisy_ratio=0.4, noise_mode='sym', GPU=1, hard_weight=True, noisy_train=False, logging='wiki_ablation')
2025-06-18 15:50:26,685 - __main__ - INFO - ...Image to Text MAP = 0.4847030247863393
2025-06-18 15:50:26,791 - __main__ - INFO - ...Text to Image MAP = 0.44174443407583996
2025-06-18 15:50:26,792 - __main__ - INFO - ...Average MAP = 0.46322372943108964
2025-06-18 15:50:36,212 - __main__ - INFO - Noise ratio: 0.4
2025-06-18 15:50:36,213 - __main__ - INFO - Namespace(dataset='wiki', seed=3, alpha=0.9, lamda=0.0, margin=0.9, lambd=5, barycenter_number=1, top_k=10, warm_up_epoch=0, MAX_EPOCH=100, batch_size=256, output_dim=512, lr=0.0001, noisy_ratio=0.4, noise_mode='sym', GPU=1, hard_weight=True, noisy_train=True, logging='wiki_ablation')
2025-06-18 15:53:56,822 - __main__ - INFO - ...Image to Text MAP = 0.4118293609254179
2025-06-18 15:53:56,940 - __main__ - INFO - ...Text to Image MAP = 0.3973005783068451
2025-06-18 15:53:56,941 - __main__ - INFO - ...Average MAP = 0.40456496961613153
2025-06-18 15:54:05,466 - __main__ - INFO - Noise ratio: 0.4
2025-06-18 15:54:05,473 - __main__ - INFO - Namespace(dataset='wiki', seed=3, alpha=0.9, lamda=1, margin=0.9, lambd=5, barycenter_number=1, top_k=10, warm_up_epoch=0, MAX_EPOCH=100, batch_size=256, output_dim=512, lr=0.0001, noisy_ratio=0.4, noise_mode='sym', GPU=1, hard_weight=False, noisy_train=True, logging='wiki_ablation')
2025-06-18 15:57:39,158 - __main__ - INFO - ...Image to Text MAP = 0.5055061532683008
2025-06-18 15:57:39,396 - __main__ - INFO - ...Text to Image MAP = 0.4443807457013161
2025-06-18 15:57:39,397 - __main__ - INFO - ...Average MAP = 0.4749434494848085
2025-06-18 15:57:48,385 - __main__ - INFO - Noise ratio: 0.6
2025-06-18 15:57:48,392 - __main__ - INFO - Namespace(dataset='wiki', seed=3, alpha=0.9, lamda=1, margin=0.9, lambd=5, barycenter_number=1, top_k=10, warm_up_epoch=0, MAX_EPOCH=100, batch_size=256, output_dim=512, lr=0.0001, noisy_ratio=0.6, noise_mode='sym', GPU=1, hard_weight=True, noisy_train=True, logging='wiki_ablation')
2025-06-18 16:01:15,585 - __main__ - INFO - ...Image to Text MAP = 0.4902971395868219
2025-06-18 16:01:15,730 - __main__ - INFO - ...Text to Image MAP = 0.4548539022999707
2025-06-18 16:01:15,730 - __main__ - INFO - ...Average MAP = 0.4725755209433963
2025-06-18 16:01:24,559 - __main__ - INFO - Noise ratio: 0.6
2025-06-18 16:01:24,561 - __main__ - INFO - Namespace(dataset='wiki', seed=3, alpha=0.0, lamda=1, margin=0.9, lambd=5, barycenter_number=1, top_k=10, warm_up_epoch=0, MAX_EPOCH=100, batch_size=256, output_dim=512, lr=0.0001, noisy_ratio=0.6, noise_mode='sym', GPU=1, hard_weight=True, noisy_train=True, logging='wiki_ablation')
2025-06-18 16:04:28,986 - __main__ - INFO - ...Image to Text MAP = 0.27283272026004846
2025-06-18 16:04:29,072 - __main__ - INFO - ...Text to Image MAP = 0.29157488836551737
2025-06-18 16:04:29,073 - __main__ - INFO - ...Average MAP = 0.2822038043127829
2025-06-18 16:04:38,186 - __main__ - INFO - Noise ratio: 0.6
2025-06-18 16:04:38,187 - __main__ - INFO - Namespace(dataset='wiki', seed=3, alpha=0.9, lamda=1, margin=0.9, lambd=5, barycenter_number=1, top_k=10, warm_up_epoch=0, MAX_EPOCH=100, batch_size=256, output_dim=512, lr=0.0001, noisy_ratio=0.6, noise_mode='sym', GPU=1, hard_weight=True, noisy_train=False, logging='wiki_ablation')
2025-06-18 16:07:11,098 - __main__ - INFO - ...Image to Text MAP = 0.46096125382098485
2025-06-18 16:07:11,555 - __main__ - INFO - ...Text to Image MAP = 0.4216621109591115
2025-06-18 16:07:11,556 - __main__ - INFO - ...Average MAP = 0.44131168239004814
2025-06-18 16:07:20,437 - __main__ - INFO - Noise ratio: 0.6
2025-06-18 16:07:20,437 - __main__ - INFO - Namespace(dataset='wiki', seed=3, alpha=0.9, lamda=0.0, margin=0.9, lambd=5, barycenter_number=1, top_k=10, warm_up_epoch=0, MAX_EPOCH=100, batch_size=256, output_dim=512, lr=0.0001, noisy_ratio=0.6, noise_mode='sym', GPU=1, hard_weight=True, noisy_train=True, logging='wiki_ablation')
2025-06-18 16:09:45,342 - __main__ - INFO - ...Image to Text MAP = 0.41480599552919084
2025-06-18 16:09:45,452 - __main__ - INFO - ...Text to Image MAP = 0.4014692029325641
2025-06-18 16:09:45,464 - __main__ - INFO - ...Average MAP = 0.40813759923087745
2025-06-18 16:09:52,590 - __main__ - INFO - Noise ratio: 0.6
2025-06-18 16:09:52,590 - __main__ - INFO - Namespace(dataset='wiki', seed=3, alpha=0.9, lamda=1, margin=0.9, lambd=5, barycenter_number=1, top_k=10, warm_up_epoch=0, MAX_EPOCH=100, batch_size=256, output_dim=512, lr=0.0001, noisy_ratio=0.6, noise_mode='sym', GPU=1, hard_weight=False, noisy_train=True, logging='wiki_ablation')
2025-06-18 16:12:54,373 - __main__ - INFO - ...Image to Text MAP = 0.49439710679854987
2025-06-18 16:12:54,565 - __main__ - INFO - ...Text to Image MAP = 0.4607189886785149
2025-06-18 16:12:54,565 - __main__ - INFO - ...Average MAP = 0.4775580477385324
2025-06-18 16:13:03,055 - __main__ - INFO - Noise ratio: 0.8
2025-06-18 16:13:03,056 - __main__ - INFO - Namespace(dataset='wiki', seed=3, alpha=0.9, lamda=1, margin=0.9, lambd=5, barycenter_number=1, top_k=10, warm_up_epoch=0, MAX_EPOCH=100, batch_size=256, output_dim=512, lr=0.0001, noisy_ratio=0.8, noise_mode='sym', GPU=1, hard_weight=True, noisy_train=True, logging='wiki_ablation')
2025-06-18 16:15:54,312 - __main__ - INFO - ...Image to Text MAP = 0.4269549141283987
2025-06-18 16:15:54,411 - __main__ - INFO - ...Text to Image MAP = 0.40820407090613514
2025-06-18 16:15:54,411 - __main__ - INFO - ...Average MAP = 0.4175794925172669
2025-06-18 16:16:01,591 - __main__ - INFO - Noise ratio: 0.8
2025-06-18 16:16:01,593 - __main__ - INFO - Namespace(dataset='wiki', seed=3, alpha=0.0, lamda=1, margin=0.9, lambd=5, barycenter_number=1, top_k=10, warm_up_epoch=0, MAX_EPOCH=100, batch_size=256, output_dim=512, lr=0.0001, noisy_ratio=0.8, noise_mode='sym', GPU=1, hard_weight=True, noisy_train=True, logging='wiki_ablation')
2025-06-18 16:18:59,734 - __main__ - INFO - ...Image to Text MAP = 0.19919598976446334
2025-06-18 16:18:59,996 - __main__ - INFO - ...Text to Image MAP = 0.1819536946681469
2025-06-18 16:18:59,996 - __main__ - INFO - ...Average MAP = 0.1905748422163051
2025-06-18 16:19:07,265 - __main__ - INFO - Noise ratio: 0.8
2025-06-18 16:19:07,265 - __main__ - INFO - Namespace(dataset='wiki', seed=3, alpha=0.9, lamda=1, margin=0.9, lambd=5, barycenter_number=1, top_k=10, warm_up_epoch=0, MAX_EPOCH=100, batch_size=256, output_dim=512, lr=0.0001, noisy_ratio=0.8, noise_mode='sym', GPU=1, hard_weight=True, noisy_train=False, logging='wiki_ablation')
2025-06-18 16:21:17,295 - __main__ - INFO - ...Image to Text MAP = 0.37621353127307944
2025-06-18 16:21:17,434 - __main__ - INFO - ...Text to Image MAP = 0.3547276939131994
2025-06-18 16:21:17,435 - __main__ - INFO - ...Average MAP = 0.3654706125931394
2025-06-18 16:21:25,111 - __main__ - INFO - Noise ratio: 0.8
2025-06-18 16:21:25,112 - __main__ - INFO - Namespace(dataset='wiki', seed=3, alpha=0.9, lamda=0.0, margin=0.9, lambd=5, barycenter_number=1, top_k=10, warm_up_epoch=0, MAX_EPOCH=100, batch_size=256, output_dim=512, lr=0.0001, noisy_ratio=0.8, noise_mode='sym', GPU=1, hard_weight=True, noisy_train=True, logging='wiki_ablation')
2025-06-18 16:23:50,033 - __main__ - INFO - ...Image to Text MAP = 0.41797140352388173
2025-06-18 16:23:50,141 - __main__ - INFO - ...Text to Image MAP = 0.4009922360063801
2025-06-18 16:23:50,141 - __main__ - INFO - ...Average MAP = 0.4094818197651309
2025-06-18 16:23:57,500 - __main__ - INFO - Noise ratio: 0.8
2025-06-18 16:23:57,503 - __main__ - INFO - Namespace(dataset='wiki', seed=3, alpha=0.9, lamda=1, margin=0.9, lambd=5, barycenter_number=1, top_k=10, warm_up_epoch=0, MAX_EPOCH=100, batch_size=256, output_dim=512, lr=0.0001, noisy_ratio=0.8, noise_mode='sym', GPU=1, hard_weight=False, noisy_train=True, logging='wiki_ablation')
2025-06-18 16:26:36,174 - __main__ - INFO - ...Image to Text MAP = 0.43921502441585675
2025-06-18 16:26:36,292 - __main__ - INFO - ...Text to Image MAP = 0.41901298051145897
2025-06-18 16:26:36,292 - __main__ - INFO - ...Average MAP = 0.42911400246365783
2025-06-18 16:26:43,982 - __main__ - INFO - Noise ratio: 0.2
2025-06-18 16:26:43,983 - __main__ - INFO - Namespace(dataset='wiki', seed=3, alpha=1.0, lamda=1, margin=0.9, lambd=5, barycenter_number=1, top_k=10, warm_up_epoch=0, MAX_EPOCH=100, batch_size=256, output_dim=512, lr=0.0001, noisy_ratio=0.2, noise_mode='sym', GPU=1, hard_weight=True, noisy_train=True, logging='wiki_ablation')
2025-06-18 16:29:25,790 - __main__ - INFO - ...Image to Text MAP = 0.5093633607515845
2025-06-18 16:29:25,902 - __main__ - INFO - ...Text to Image MAP = 0.45857900230919024
2025-06-18 16:29:25,903 - __main__ - INFO - ...Average MAP = 0.4839711815303874
2025-06-18 16:29:33,141 - __main__ - INFO - Noise ratio: 0.2
2025-06-18 16:29:33,143 - __main__ - INFO - Namespace(dataset='wiki', seed=3, alpha=0.0, lamda=1, margin=0.9, lambd=5, barycenter_number=1, top_k=10, warm_up_epoch=0, MAX_EPOCH=100, batch_size=256, output_dim=512, lr=0.0001, noisy_ratio=0.2, noise_mode='sym', GPU=1, hard_weight=True, noisy_train=True, logging='wiki_ablation')
2025-06-18 16:32:12,780 - __main__ - INFO - ...Image to Text MAP = 0.41894393587586254
2025-06-18 16:32:12,983 - __main__ - INFO - ...Text to Image MAP = 0.3650800029384805
2025-06-18 16:32:12,984 - __main__ - INFO - ...Average MAP = 0.39201196940717153
2025-06-18 16:32:20,005 - __main__ - INFO - Noise ratio: 0.2
2025-06-18 16:32:20,006 - __main__ - INFO - Namespace(dataset='wiki', seed=3, alpha=1.0, lamda=1, margin=0.9, lambd=5, barycenter_number=1, top_k=10, warm_up_epoch=0, MAX_EPOCH=100, batch_size=256, output_dim=512, lr=0.0001, noisy_ratio=0.2, noise_mode='sym', GPU=1, hard_weight=True, noisy_train=False, logging='wiki_ablation')
2025-06-18 16:34:54,274 - __main__ - INFO - ...Image to Text MAP = 0.516149873913808
2025-06-18 16:34:54,383 - __main__ - INFO - ...Text to Image MAP = 0.4703896848954511
2025-06-18 16:34:54,384 - __main__ - INFO - ...Average MAP = 0.4932697794046295
2025-06-18 16:35:01,468 - __main__ - INFO - Noise ratio: 0.2
2025-06-18 16:35:01,469 - __main__ - INFO - Namespace(dataset='wiki', seed=3, alpha=1.0, lamda=0.0, margin=0.9, lambd=5, barycenter_number=1, top_k=10, warm_up_epoch=0, MAX_EPOCH=100, batch_size=256, output_dim=512, lr=0.0001, noisy_ratio=0.2, noise_mode='sym', GPU=1, hard_weight=True, noisy_train=True, logging='wiki_ablation')
2025-06-18 16:38:18,974 - __main__ - INFO - ...Image to Text MAP = 0.40835014765670075
2025-06-18 16:38:19,081 - __main__ - INFO - ...Text to Image MAP = 0.38584391733847334
2025-06-18 16:38:19,082 - __main__ - INFO - ...Average MAP = 0.39709703249758704
2025-06-18 16:38:26,344 - __main__ - INFO - Noise ratio: 0.2
2025-06-18 16:38:26,345 - __main__ - INFO - Namespace(dataset='wiki', seed=3, alpha=1.0, lamda=1, margin=0.9, lambd=5, barycenter_number=1, top_k=10, warm_up_epoch=0, MAX_EPOCH=100, batch_size=256, output_dim=512, lr=0.0001, noisy_ratio=0.2, noise_mode='sym', GPU=1, hard_weight=False, noisy_train=True, logging='wiki_ablation')
2025-06-18 16:41:30,338 - __main__ - INFO - ...Image to Text MAP = 0.508655204542041
2025-06-18 16:41:30,442 - __main__ - INFO - ...Text to Image MAP = 0.45796389312900904
2025-06-18 16:41:30,443 - __main__ - INFO - ...Average MAP = 0.483309548835525
2025-06-18 16:41:38,203 - __main__ - INFO - Noise ratio: 0.4
2025-06-18 16:41:38,206 - __main__ - INFO - Namespace(dataset='wiki', seed=3, alpha=1.0, lamda=1, margin=0.9, lambd=5, barycenter_number=1, top_k=10, warm_up_epoch=0, MAX_EPOCH=100, batch_size=256, output_dim=512, lr=0.0001, noisy_ratio=0.4, noise_mode='sym', GPU=1, hard_weight=True, noisy_train=True, logging='wiki_ablation')
2025-06-18 16:44:50,688 - __main__ - INFO - ...Image to Text MAP = 0.5044171150074844
2025-06-18 16:44:50,899 - __main__ - INFO - ...Text to Image MAP = 0.4637218950905076
2025-06-18 16:44:50,900 - __main__ - INFO - ...Average MAP = 0.48406950504899604
2025-06-18 16:44:58,486 - __main__ - INFO - Noise ratio: 0.4
2025-06-18 16:44:58,488 - __main__ - INFO - Namespace(dataset='wiki', seed=3, alpha=0.0, lamda=1, margin=0.9, lambd=5, barycenter_number=1, top_k=10, warm_up_epoch=0, MAX_EPOCH=100, batch_size=256, output_dim=512, lr=0.0001, noisy_ratio=0.4, noise_mode='sym', GPU=1, hard_weight=True, noisy_train=True, logging='wiki_ablation')
2025-06-18 16:48:04,952 - __main__ - INFO - ...Image to Text MAP = 0.27399996479950417
2025-06-18 16:48:05,290 - __main__ - INFO - ...Text to Image MAP = 0.2733878551188203
2025-06-18 16:48:05,292 - __main__ - INFO - ...Average MAP = 0.2736939099591622
2025-06-18 16:48:13,566 - __main__ - INFO - Noise ratio: 0.4
2025-06-18 16:48:13,567 - __main__ - INFO - Namespace(dataset='wiki', seed=3, alpha=1.0, lamda=1, margin=0.9, lambd=5, barycenter_number=1, top_k=10, warm_up_epoch=0, MAX_EPOCH=100, batch_size=256, output_dim=512, lr=0.0001, noisy_ratio=0.4, noise_mode='sym', GPU=1, hard_weight=True, noisy_train=False, logging='wiki_ablation')
2025-06-18 16:51:05,047 - __main__ - INFO - ...Image to Text MAP = 0.49702606067933874
2025-06-18 16:51:05,172 - __main__ - INFO - ...Text to Image MAP = 0.45425926409474265
2025-06-18 16:51:05,172 - __main__ - INFO - ...Average MAP = 0.47564266238704067
2025-06-18 16:51:13,597 - __main__ - INFO - Noise ratio: 0.4
2025-06-18 16:51:13,597 - __main__ - INFO - Namespace(dataset='wiki', seed=3, alpha=1.0, lamda=0.0, margin=0.9, lambd=5, barycenter_number=1, top_k=10, warm_up_epoch=0, MAX_EPOCH=100, batch_size=256, output_dim=512, lr=0.0001, noisy_ratio=0.4, noise_mode='sym', GPU=1, hard_weight=True, noisy_train=True, logging='wiki_ablation')
2025-06-18 16:53:54,380 - __main__ - INFO - ...Image to Text MAP = 0.4162328443669088
2025-06-18 16:53:54,483 - __main__ - INFO - ...Text to Image MAP = 0.39758274127730214
2025-06-18 16:53:54,484 - __main__ - INFO - ...Average MAP = 0.4069077928221055
2025-06-18 16:54:00,816 - __main__ - INFO - Noise ratio: 0.4
2025-06-18 16:54:00,816 - __main__ - INFO - Namespace(dataset='wiki', seed=3, alpha=1.0, lamda=1, margin=0.9, lambd=5, barycenter_number=1, top_k=10, warm_up_epoch=0, MAX_EPOCH=100, batch_size=256, output_dim=512, lr=0.0001, noisy_ratio=0.4, noise_mode='sym', GPU=1, hard_weight=False, noisy_train=True, logging='wiki_ablation')
2025-06-18 16:56:21,924 - __main__ - INFO - ...Image to Text MAP = 0.5065186899112665
2025-06-18 16:56:22,110 - __main__ - INFO - ...Text to Image MAP = 0.45923417498770674
2025-06-18 16:56:22,111 - __main__ - INFO - ...Average MAP = 0.48287643244948664
2025-06-18 16:56:30,334 - __main__ - INFO - Noise ratio: 0.6
2025-06-18 16:56:30,336 - __main__ - INFO - Namespace(dataset='wiki', seed=3, alpha=1.0, lamda=1, margin=0.9, lambd=5, barycenter_number=1, top_k=10, warm_up_epoch=0, MAX_EPOCH=100, batch_size=256, output_dim=512, lr=0.0001, noisy_ratio=0.6, noise_mode='sym', GPU=1, hard_weight=True, noisy_train=True, logging='wiki_ablation')
2025-06-18 16:59:06,625 - __main__ - INFO - ...Image to Text MAP = 0.4833076918055183
2025-06-18 16:59:06,729 - __main__ - INFO - ...Text to Image MAP = 0.4506852127436611
2025-06-18 16:59:06,730 - __main__ - INFO - ...Average MAP = 0.4669964522745897
2025-06-18 16:59:14,926 - __main__ - INFO - Noise ratio: 0.6
2025-06-18 16:59:14,927 - __main__ - INFO - Namespace(dataset='wiki', seed=3, alpha=0.0, lamda=1, margin=0.9, lambd=5, barycenter_number=1, top_k=10, warm_up_epoch=0, MAX_EPOCH=100, batch_size=256, output_dim=512, lr=0.0001, noisy_ratio=0.6, noise_mode='sym', GPU=1, hard_weight=True, noisy_train=True, logging='wiki_ablation')
2025-06-18 17:01:36,241 - __main__ - INFO - ...Image to Text MAP = 0.27283272026004846
2025-06-18 17:01:36,343 - __main__ - INFO - ...Text to Image MAP = 0.29157488836551737
2025-06-18 17:01:36,344 - __main__ - INFO - ...Average MAP = 0.2822038043127829
2025-06-18 17:01:43,285 - __main__ - INFO - Noise ratio: 0.6
2025-06-18 17:01:43,286 - __main__ - INFO - Namespace(dataset='wiki', seed=3, alpha=1.0, lamda=1, margin=0.9, lambd=5, barycenter_number=1, top_k=10, warm_up_epoch=0, MAX_EPOCH=100, batch_size=256, output_dim=512, lr=0.0001, noisy_ratio=0.6, noise_mode='sym', GPU=1, hard_weight=True, noisy_train=False, logging='wiki_ablation')
2025-06-18 17:03:29,541 - __main__ - INFO - ...Image to Text MAP = 0.46513466565658423
2025-06-18 17:03:29,636 - __main__ - INFO - ...Text to Image MAP = 0.4289256447437858
2025-06-18 17:03:29,636 - __main__ - INFO - ...Average MAP = 0.447030155200185
2025-06-18 17:03:36,709 - __main__ - INFO - Noise ratio: 0.6
2025-06-18 17:03:36,709 - __main__ - INFO - Namespace(dataset='wiki', seed=3, alpha=1.0, lamda=0.0, margin=0.9, lambd=5, barycenter_number=1, top_k=10, warm_up_epoch=0, MAX_EPOCH=100, batch_size=256, output_dim=512, lr=0.0001, noisy_ratio=0.6, noise_mode='sym', GPU=1, hard_weight=True, noisy_train=True, logging='wiki_ablation')
2025-06-18 17:05:55,976 - __main__ - INFO - ...Image to Text MAP = 0.417014957539232
2025-06-18 17:05:56,082 - __main__ - INFO - ...Text to Image MAP = 0.39808979533150457
2025-06-18 17:05:56,083 - __main__ - INFO - ...Average MAP = 0.4075523764353683
2025-06-18 17:06:03,844 - __main__ - INFO - Noise ratio: 0.6
2025-06-18 17:06:03,844 - __main__ - INFO - Namespace(dataset='wiki', seed=3, alpha=1.0, lamda=1, margin=0.9, lambd=5, barycenter_number=1, top_k=10, warm_up_epoch=0, MAX_EPOCH=100, batch_size=256, output_dim=512, lr=0.0001, noisy_ratio=0.6, noise_mode='sym', GPU=1, hard_weight=False, noisy_train=True, logging='wiki_ablation')
2025-06-18 17:08:55,987 - __main__ - INFO - ...Image to Text MAP = 0.48450922164217636
2025-06-18 17:08:56,216 - __main__ - INFO - ...Text to Image MAP = 0.4538927434537219
2025-06-18 17:08:56,217 - __main__ - INFO - ...Average MAP = 0.4692009825479491
2025-06-18 17:09:09,479 - __main__ - INFO - Noise ratio: 0.8
2025-06-18 17:09:09,487 - __main__ - INFO - Namespace(dataset='wiki', seed=3, alpha=1.0, lamda=1, margin=0.9, lambd=5, barycenter_number=1, top_k=10, warm_up_epoch=0, MAX_EPOCH=100, batch_size=256, output_dim=512, lr=0.0001, noisy_ratio=0.8, noise_mode='sym', GPU=1, hard_weight=True, noisy_train=True, logging='wiki_ablation')
2025-06-18 17:11:50,668 - __main__ - INFO - ...Image to Text MAP = 0.4289707342898713
2025-06-18 17:11:50,767 - __main__ - INFO - ...Text to Image MAP = 0.41317717516825087
2025-06-18 17:11:50,768 - __main__ - INFO - ...Average MAP = 0.42107395472906106
2025-06-18 17:11:57,913 - __main__ - INFO - Noise ratio: 0.8
2025-06-18 17:11:57,915 - __main__ - INFO - Namespace(dataset='wiki', seed=3, alpha=0.0, lamda=1, margin=0.9, lambd=5, barycenter_number=1, top_k=10, warm_up_epoch=0, MAX_EPOCH=100, batch_size=256, output_dim=512, lr=0.0001, noisy_ratio=0.8, noise_mode='sym', GPU=1, hard_weight=True, noisy_train=True, logging='wiki_ablation')
2025-06-18 17:14:01,789 - __main__ - INFO - ...Image to Text MAP = 0.19919598976446334
2025-06-18 17:14:01,877 - __main__ - INFO - ...Text to Image MAP = 0.1819536946681469
2025-06-18 17:14:01,878 - __main__ - INFO - ...Average MAP = 0.1905748422163051
2025-06-18 17:14:09,448 - __main__ - INFO - Noise ratio: 0.8
2025-06-18 17:14:09,452 - __main__ - INFO - Namespace(dataset='wiki', seed=3, alpha=1.0, lamda=1, margin=0.9, lambd=5, barycenter_number=1, top_k=10, warm_up_epoch=0, MAX_EPOCH=100, batch_size=256, output_dim=512, lr=0.0001, noisy_ratio=0.8, noise_mode='sym', GPU=1, hard_weight=True, noisy_train=False, logging='wiki_ablation')
2025-06-18 17:16:18,268 - __main__ - INFO - ...Image to Text MAP = 0.3651313356154152
2025-06-18 17:16:18,582 - __main__ - INFO - ...Text to Image MAP = 0.35054252724815876
2025-06-18 17:16:18,634 - __main__ - INFO - ...Average MAP = 0.35783693143178696
2025-06-18 17:20:21,008 - __main__ - INFO - Noise ratio: 0.8
2025-06-18 17:20:21,008 - __main__ - INFO - Namespace(dataset='wiki', seed=3, alpha=1.0, lamda=0.0, margin=0.9, lambd=5, barycenter_number=1, top_k=10, warm_up_epoch=0, MAX_EPOCH=100, batch_size=256, output_dim=512, lr=0.0001, noisy_ratio=0.8, noise_mode='sym', GPU=1, hard_weight=True, noisy_train=True, logging='wiki_ablation')
2025-06-18 17:23:03,867 - __main__ - INFO - ...Image to Text MAP = 0.4179525676698085
2025-06-18 17:23:04,034 - __main__ - INFO - ...Text to Image MAP = 0.3980375933917157
2025-06-18 17:23:04,037 - __main__ - INFO - ...Average MAP = 0.40799508053076206
2025-06-18 17:23:35,207 - __main__ - INFO - Noise ratio: 0.8
2025-06-18 17:23:35,207 - __main__ - INFO - Namespace(dataset='wiki', seed=3, alpha=1.0, lamda=1, margin=0.9, lambd=5, barycenter_number=1, top_k=10, warm_up_epoch=0, MAX_EPOCH=100, batch_size=256, output_dim=512, lr=0.0001, noisy_ratio=0.8, noise_mode='sym', GPU=1, hard_weight=False, noisy_train=True, logging='wiki_ablation')
2025-06-18 17:26:29,019 - __main__ - INFO - ...Image to Text MAP = 0.43224849855191905
2025-06-18 17:26:29,134 - __main__ - INFO - ...Text to Image MAP = 0.4114321165769741
2025-06-18 17:26:29,135 - __main__ - INFO - ...Average MAP = 0.42184030756444657
2025-06-18 17:26:37,319 - __main__ - INFO - Noise ratio: 0.2
2025-06-18 17:26:37,321 - __main__ - INFO - Namespace(dataset='wiki', seed=3, alpha=2.0, lamda=1, margin=0.9, lambd=5, barycenter_number=1, top_k=10, warm_up_epoch=0, MAX_EPOCH=100, batch_size=256, output_dim=512, lr=0.0001, noisy_ratio=0.2, noise_mode='sym', GPU=1, hard_weight=True, noisy_train=True, logging='wiki_ablation')
2025-06-18 17:29:07,860 - __main__ - INFO - ...Image to Text MAP = 0.5123520134906399
2025-06-18 17:29:07,960 - __main__ - INFO - ...Text to Image MAP = 0.4866547727712525
2025-06-18 17:29:07,960 - __main__ - INFO - ...Average MAP = 0.49950339313094616
2025-06-18 17:29:14,567 - __main__ - INFO - Noise ratio: 0.2
2025-06-18 17:29:14,568 - __main__ - INFO - Namespace(dataset='wiki', seed=3, alpha=0.0, lamda=1, margin=0.9, lambd=5, barycenter_number=1, top_k=10, warm_up_epoch=0, MAX_EPOCH=100, batch_size=256, output_dim=512, lr=0.0001, noisy_ratio=0.2, noise_mode='sym', GPU=1, hard_weight=True, noisy_train=True, logging='wiki_ablation')
2025-06-18 17:31:36,601 - __main__ - INFO - ...Image to Text MAP = 0.41894393587586254
2025-06-18 17:31:36,960 - __main__ - INFO - ...Text to Image MAP = 0.3650800029384805
2025-06-18 17:31:36,961 - __main__ - INFO - ...Average MAP = 0.39201196940717153
2025-06-18 17:31:44,574 - __main__ - INFO - Noise ratio: 0.2
2025-06-18 17:31:44,574 - __main__ - INFO - Namespace(dataset='wiki', seed=3, alpha=2.0, lamda=1, margin=0.9, lambd=5, barycenter_number=1, top_k=10, warm_up_epoch=0, MAX_EPOCH=100, batch_size=256, output_dim=512, lr=0.0001, noisy_ratio=0.2, noise_mode='sym', GPU=1, hard_weight=True, noisy_train=False, logging='wiki_ablation')
2025-06-18 17:34:08,540 - __main__ - INFO - ...Image to Text MAP = 0.5199486462695274
2025-06-18 17:34:08,681 - __main__ - INFO - ...Text to Image MAP = 0.4789299505284323
2025-06-18 17:34:08,682 - __main__ - INFO - ...Average MAP = 0.4994392983989798
2025-06-18 17:34:15,332 - __main__ - INFO - Noise ratio: 0.2
2025-06-18 17:34:15,332 - __main__ - INFO - Namespace(dataset='wiki', seed=3, alpha=2.0, lamda=0.0, margin=0.9, lambd=5, barycenter_number=1, top_k=10, warm_up_epoch=0, MAX_EPOCH=100, batch_size=256, output_dim=512, lr=0.0001, noisy_ratio=0.2, noise_mode='sym', GPU=1, hard_weight=True, noisy_train=True, logging='wiki_ablation')
2025-06-18 17:36:37,663 - __main__ - INFO - ...Image to Text MAP = 0.39997199584347054
2025-06-18 17:36:37,880 - __main__ - INFO - ...Text to Image MAP = 0.3813748721417533
2025-06-18 17:36:37,881 - __main__ - INFO - ...Average MAP = 0.3906734339926119
2025-06-18 17:36:44,642 - __main__ - INFO - Noise ratio: 0.2
2025-06-18 17:36:44,642 - __main__ - INFO - Namespace(dataset='wiki', seed=3, alpha=2.0, lamda=1, margin=0.9, lambd=5, barycenter_number=1, top_k=10, warm_up_epoch=0, MAX_EPOCH=100, batch_size=256, output_dim=512, lr=0.0001, noisy_ratio=0.2, noise_mode='sym', GPU=1, hard_weight=False, noisy_train=True, logging='wiki_ablation')
2025-06-18 17:39:03,488 - __main__ - INFO - ...Image to Text MAP = 0.5177154186632
2025-06-18 17:39:03,616 - __main__ - INFO - ...Text to Image MAP = 0.48032773000031953
2025-06-18 17:39:03,617 - __main__ - INFO - ...Average MAP = 0.49902157433175975
2025-06-18 17:39:10,695 - __main__ - INFO - Noise ratio: 0.4
2025-06-18 17:39:10,697 - __main__ - INFO - Namespace(dataset='wiki', seed=3, alpha=2.0, lamda=1, margin=0.9, lambd=5, barycenter_number=1, top_k=10, warm_up_epoch=0, MAX_EPOCH=100, batch_size=256, output_dim=512, lr=0.0001, noisy_ratio=0.4, noise_mode='sym', GPU=1, hard_weight=True, noisy_train=True, logging='wiki_ablation')
2025-06-18 17:41:53,715 - __main__ - INFO - ...Image to Text MAP = 0.48156429988079413
2025-06-18 17:41:53,930 - __main__ - INFO - ...Text to Image MAP = 0.44512049871795734
2025-06-18 17:41:53,933 - __main__ - INFO - ...Average MAP = 0.4633423992993757
2025-06-18 17:42:00,965 - __main__ - INFO - Noise ratio: 0.4
2025-06-18 17:42:00,966 - __main__ - INFO - Namespace(dataset='wiki', seed=3, alpha=0.0, lamda=1, margin=0.9, lambd=5, barycenter_number=1, top_k=10, warm_up_epoch=0, MAX_EPOCH=100, batch_size=256, output_dim=512, lr=0.0001, noisy_ratio=0.4, noise_mode='sym', GPU=1, hard_weight=True, noisy_train=True, logging='wiki_ablation')
2025-06-18 17:44:24,721 - __main__ - INFO - ...Image to Text MAP = 0.27399996479950417
2025-06-18 17:44:24,819 - __main__ - INFO - ...Text to Image MAP = 0.2733878551188203
2025-06-18 17:44:24,820 - __main__ - INFO - ...Average MAP = 0.2736939099591622
2025-06-18 17:44:32,177 - __main__ - INFO - Noise ratio: 0.4
2025-06-18 17:44:32,178 - __main__ - INFO - Namespace(dataset='wiki', seed=3, alpha=2.0, lamda=1, margin=0.9, lambd=5, barycenter_number=1, top_k=10, warm_up_epoch=0, MAX_EPOCH=100, batch_size=256, output_dim=512, lr=0.0001, noisy_ratio=0.4, noise_mode='sym', GPU=1, hard_weight=True, noisy_train=False, logging='wiki_ablation')
2025-06-18 17:46:50,303 - __main__ - INFO - ...Image to Text MAP = 0.48083785199086737
2025-06-18 17:46:50,400 - __main__ - INFO - ...Text to Image MAP = 0.44118709772786546
2025-06-18 17:46:50,400 - __main__ - INFO - ...Average MAP = 0.4610124748593664
2025-06-18 17:46:59,058 - __main__ - INFO - Noise ratio: 0.4
2025-06-18 17:46:59,058 - __main__ - INFO - Namespace(dataset='wiki', seed=3, alpha=2.0, lamda=0.0, margin=0.9, lambd=5, barycenter_number=1, top_k=10, warm_up_epoch=0, MAX_EPOCH=100, batch_size=256, output_dim=512, lr=0.0001, noisy_ratio=0.4, noise_mode='sym', GPU=1, hard_weight=True, noisy_train=True, logging='wiki_ablation')
2025-06-18 17:49:28,962 - __main__ - INFO - ...Image to Text MAP = 0.41420961690074576
2025-06-18 17:49:29,220 - __main__ - INFO - ...Text to Image MAP = 0.3931726874480977
2025-06-18 17:49:29,222 - __main__ - INFO - ...Average MAP = 0.40369115217442175
2025-06-18 17:49:36,325 - __main__ - INFO - Noise ratio: 0.4
2025-06-18 17:49:36,325 - __main__ - INFO - Namespace(dataset='wiki', seed=3, alpha=2.0, lamda=1, margin=0.9, lambd=5, barycenter_number=1, top_k=10, warm_up_epoch=0, MAX_EPOCH=100, batch_size=256, output_dim=512, lr=0.0001, noisy_ratio=0.4, noise_mode='sym', GPU=1, hard_weight=False, noisy_train=True, logging='wiki_ablation')
2025-06-18 17:52:07,009 - __main__ - INFO - ...Image to Text MAP = 0.4966072864444974
2025-06-18 17:52:07,164 - __main__ - INFO - ...Text to Image MAP = 0.45940077456869755
2025-06-18 17:52:07,165 - __main__ - INFO - ...Average MAP = 0.47800403050659745
2025-06-18 17:52:15,048 - __main__ - INFO - Noise ratio: 0.6
2025-06-18 17:52:15,050 - __main__ - INFO - Namespace(dataset='wiki', seed=3, alpha=2.0, lamda=1, margin=0.9, lambd=5, barycenter_number=1, top_k=10, warm_up_epoch=0, MAX_EPOCH=100, batch_size=256, output_dim=512, lr=0.0001, noisy_ratio=0.6, noise_mode='sym', GPU=1, hard_weight=True, noisy_train=True, logging='wiki_ablation')
2025-06-18 17:54:51,640 - __main__ - INFO - ...Image to Text MAP = 0.4297967659710137
2025-06-18 17:54:51,726 - __main__ - INFO - ...Text to Image MAP = 0.4124255381550578
2025-06-18 17:54:51,726 - __main__ - INFO - ...Average MAP = 0.42111115206303573
2025-06-18 17:55:01,580 - __main__ - INFO - Noise ratio: 0.6
2025-06-18 17:55:01,582 - __main__ - INFO - Namespace(dataset='wiki', seed=3, alpha=0.0, lamda=1, margin=0.9, lambd=5, barycenter_number=1, top_k=10, warm_up_epoch=0, MAX_EPOCH=100, batch_size=256, output_dim=512, lr=0.0001, noisy_ratio=0.6, noise_mode='sym', GPU=1, hard_weight=True, noisy_train=True, logging='wiki_ablation')
2025-06-18 17:57:21,081 - __main__ - INFO - ...Image to Text MAP = 0.27283272026004846
2025-06-18 17:57:21,194 - __main__ - INFO - ...Text to Image MAP = 0.29157488836551737
2025-06-18 17:57:21,195 - __main__ - INFO - ...Average MAP = 0.2822038043127829
2025-06-18 17:57:28,516 - __main__ - INFO - Noise ratio: 0.6
2025-06-18 17:57:28,518 - __main__ - INFO - Namespace(dataset='wiki', seed=3, alpha=2.0, lamda=1, margin=0.9, lambd=5, barycenter_number=1, top_k=10, warm_up_epoch=0, MAX_EPOCH=100, batch_size=256, output_dim=512, lr=0.0001, noisy_ratio=0.6, noise_mode='sym', GPU=1, hard_weight=True, noisy_train=False, logging='wiki_ablation')
2025-06-18 17:59:29,494 - __main__ - INFO - ...Image to Text MAP = 0.3761150686779013
2025-06-18 17:59:29,624 - __main__ - INFO - ...Text to Image MAP = 0.3509100702316285
2025-06-18 17:59:29,624 - __main__ - INFO - ...Average MAP = 0.3635125694547649
2025-06-18 17:59:36,245 - __main__ - INFO - Noise ratio: 0.6
2025-06-18 17:59:36,246 - __main__ - INFO - Namespace(dataset='wiki', seed=3, alpha=2.0, lamda=0.0, margin=0.9, lambd=5, barycenter_number=1, top_k=10, warm_up_epoch=0, MAX_EPOCH=100, batch_size=256, output_dim=512, lr=0.0001, noisy_ratio=0.6, noise_mode='sym', GPU=1, hard_weight=True, noisy_train=True, logging='wiki_ablation')
2025-06-18 18:01:36,487 - __main__ - INFO - ...Image to Text MAP = 0.4023201597460614
2025-06-18 18:01:36,572 - __main__ - INFO - ...Text to Image MAP = 0.3881111976333502
2025-06-18 18:01:36,573 - __main__ - INFO - ...Average MAP = 0.3952156786897058
2025-06-18 18:01:43,333 - __main__ - INFO - Noise ratio: 0.6
2025-06-18 18:01:43,333 - __main__ - INFO - Namespace(dataset='wiki', seed=3, alpha=2.0, lamda=1, margin=0.9, lambd=5, barycenter_number=1, top_k=10, warm_up_epoch=0, MAX_EPOCH=100, batch_size=256, output_dim=512, lr=0.0001, noisy_ratio=0.6, noise_mode='sym', GPU=1, hard_weight=False, noisy_train=True, logging='wiki_ablation')
2025-06-18 18:03:53,969 - __main__ - INFO - ...Image to Text MAP = 0.444647212765463
2025-06-18 18:03:54,071 - __main__ - INFO - ...Text to Image MAP = 0.42623932295956185
2025-06-18 18:03:54,072 - __main__ - INFO - ...Average MAP = 0.4354432678625124
2025-06-18 18:04:00,362 - __main__ - INFO - Noise ratio: 0.8
2025-06-18 18:04:00,366 - __main__ - INFO - Namespace(dataset='wiki', seed=3, alpha=2.0, lamda=1, margin=0.9, lambd=5, barycenter_number=1, top_k=10, warm_up_epoch=0, MAX_EPOCH=100, batch_size=256, output_dim=512, lr=0.0001, noisy_ratio=0.8, noise_mode='sym', GPU=1, hard_weight=True, noisy_train=True, logging='wiki_ablation')
2025-06-18 18:06:17,847 - __main__ - INFO - ...Image to Text MAP = 0.42409274210225173
2025-06-18 18:06:18,058 - __main__ - INFO - ...Text to Image MAP = 0.40760364343934
2025-06-18 18:06:18,058 - __main__ - INFO - ...Average MAP = 0.4158481927707959
2025-06-18 18:06:24,621 - __main__ - INFO - Noise ratio: 0.8
2025-06-18 18:06:24,622 - __main__ - INFO - Namespace(dataset='wiki', seed=3, alpha=0.0, lamda=1, margin=0.9, lambd=5, barycenter_number=1, top_k=10, warm_up_epoch=0, MAX_EPOCH=100, batch_size=256, output_dim=512, lr=0.0001, noisy_ratio=0.8, noise_mode='sym', GPU=1, hard_weight=True, noisy_train=True, logging='wiki_ablation')
2025-06-18 18:08:37,182 - __main__ - INFO - ...Image to Text MAP = 0.19919598976446334
2025-06-18 18:08:37,310 - __main__ - INFO - ...Text to Image MAP = 0.1819536946681469
2025-06-18 18:08:37,311 - __main__ - INFO - ...Average MAP = 0.1905748422163051
2025-06-18 18:08:44,236 - __main__ - INFO - Noise ratio: 0.8
2025-06-18 18:08:44,236 - __main__ - INFO - Namespace(dataset='wiki', seed=3, alpha=2.0, lamda=1, margin=0.9, lambd=5, barycenter_number=1, top_k=10, warm_up_epoch=0, MAX_EPOCH=100, batch_size=256, output_dim=512, lr=0.0001, noisy_ratio=0.8, noise_mode='sym', GPU=1, hard_weight=True, noisy_train=False, logging='wiki_ablation')
2025-06-18 18:10:24,719 - __main__ - INFO - ...Image to Text MAP = 0.3696893050639544
2025-06-18 18:10:24,846 - __main__ - INFO - ...Text to Image MAP = 0.3424803732454287
2025-06-18 18:10:24,846 - __main__ - INFO - ...Average MAP = 0.3560848391546916
2025-06-18 18:10:30,473 - __main__ - INFO - Noise ratio: 0.8
2025-06-18 18:10:30,474 - __main__ - INFO - Namespace(dataset='wiki', seed=3, alpha=2.0, lamda=0.0, margin=0.9, lambd=5, barycenter_number=1, top_k=10, warm_up_epoch=0, MAX_EPOCH=100, batch_size=256, output_dim=512, lr=0.0001, noisy_ratio=0.8, noise_mode='sym', GPU=1, hard_weight=True, noisy_train=True, logging='wiki_ablation')
2025-06-18 18:12:25,997 - __main__ - INFO - ...Image to Text MAP = 0.4170303998507617
2025-06-18 18:12:26,093 - __main__ - INFO - ...Text to Image MAP = 0.396715289693657
2025-06-18 18:12:26,093 - __main__ - INFO - ...Average MAP = 0.4068728447722093
2025-06-18 18:12:31,355 - __main__ - INFO - Noise ratio: 0.8
2025-06-18 18:12:31,355 - __main__ - INFO - Namespace(dataset='wiki', seed=3, alpha=2.0, lamda=1, margin=0.9, lambd=5, barycenter_number=1, top_k=10, warm_up_epoch=0, MAX_EPOCH=100, batch_size=256, output_dim=512, lr=0.0001, noisy_ratio=0.8, noise_mode='sym', GPU=1, hard_weight=False, noisy_train=True, logging='wiki_ablation')
2025-06-18 18:14:23,685 - __main__ - INFO - ...Image to Text MAP = 0.4282703057340831
2025-06-18 18:14:23,786 - __main__ - INFO - ...Text to Image MAP = 0.40965268605790983
2025-06-18 18:14:23,787 - __main__ - INFO - ...Average MAP = 0.41896149589599646
2025-06-18 18:14:29,980 - __main__ - INFO - Noise ratio: 0.2
2025-06-18 18:14:29,981 - __main__ - INFO - Namespace(dataset='wiki', seed=3, alpha=3.0, lamda=1, margin=0.9, lambd=5, barycenter_number=1, top_k=10, warm_up_epoch=0, MAX_EPOCH=100, batch_size=256, output_dim=512, lr=0.0001, noisy_ratio=0.2, noise_mode='sym', GPU=1, hard_weight=True, noisy_train=True, logging='wiki_ablation')
2025-06-18 18:16:40,677 - __main__ - INFO - ...Image to Text MAP = 0.46861261343530236
2025-06-18 18:16:40,788 - __main__ - INFO - ...Text to Image MAP = 0.4358788404086148
2025-06-18 18:16:40,789 - __main__ - INFO - ...Average MAP = 0.4522457269219586
2025-06-18 18:16:47,559 - __main__ - INFO - Noise ratio: 0.2
2025-06-18 18:16:47,560 - __main__ - INFO - Namespace(dataset='wiki', seed=3, alpha=0.0, lamda=1, margin=0.9, lambd=5, barycenter_number=1, top_k=10, warm_up_epoch=0, MAX_EPOCH=100, batch_size=256, output_dim=512, lr=0.0001, noisy_ratio=0.2, noise_mode='sym', GPU=1, hard_weight=True, noisy_train=True, logging='wiki_ablation')
2025-06-18 18:18:48,558 - __main__ - INFO - ...Image to Text MAP = 0.41894393587586254
2025-06-18 18:18:48,653 - __main__ - INFO - ...Text to Image MAP = 0.3650800029384805
2025-06-18 18:18:48,653 - __main__ - INFO - ...Average MAP = 0.39201196940717153
2025-06-18 18:18:54,199 - __main__ - INFO - Noise ratio: 0.2
2025-06-18 18:18:54,199 - __main__ - INFO - Namespace(dataset='wiki', seed=3, alpha=3.0, lamda=1, margin=0.9, lambd=5, barycenter_number=1, top_k=10, warm_up_epoch=0, MAX_EPOCH=100, batch_size=256, output_dim=512, lr=0.0001, noisy_ratio=0.2, noise_mode='sym', GPU=1, hard_weight=True, noisy_train=False, logging='wiki_ablation')
2025-06-18 18:20:52,096 - __main__ - INFO - ...Image to Text MAP = 0.47699728711392686
2025-06-18 18:20:52,214 - __main__ - INFO - ...Text to Image MAP = 0.43968105518960937
2025-06-18 18:20:52,215 - __main__ - INFO - ...Average MAP = 0.45833917115176814
2025-06-18 18:20:58,218 - __main__ - INFO - Noise ratio: 0.2
2025-06-18 18:20:58,218 - __main__ - INFO - Namespace(dataset='wiki', seed=3, alpha=3.0, lamda=0.0, margin=0.9, lambd=5, barycenter_number=1, top_k=10, warm_up_epoch=0, MAX_EPOCH=100, batch_size=256, output_dim=512, lr=0.0001, noisy_ratio=0.2, noise_mode='sym', GPU=1, hard_weight=True, noisy_train=True, logging='wiki_ablation')
2025-06-18 18:23:07,035 - __main__ - INFO - ...Image to Text MAP = 0.40537915219136317
2025-06-18 18:23:07,123 - __main__ - INFO - ...Text to Image MAP = 0.38462376846288615
2025-06-18 18:23:07,123 - __main__ - INFO - ...Average MAP = 0.3950014603271247
2025-06-18 18:23:12,584 - __main__ - INFO - Noise ratio: 0.2
2025-06-18 18:23:12,584 - __main__ - INFO - Namespace(dataset='wiki', seed=3, alpha=3.0, lamda=1, margin=0.9, lambd=5, barycenter_number=1, top_k=10, warm_up_epoch=0, MAX_EPOCH=100, batch_size=256, output_dim=512, lr=0.0001, noisy_ratio=0.2, noise_mode='sym', GPU=1, hard_weight=False, noisy_train=True, logging='wiki_ablation')
2025-06-18 18:25:20,031 - __main__ - INFO - ...Image to Text MAP = 0.49746946237604983
2025-06-18 18:25:20,128 - __main__ - INFO - ...Text to Image MAP = 0.4637592886790427
2025-06-18 18:25:20,129 - __main__ - INFO - ...Average MAP = 0.48061437552754627
2025-06-18 18:25:25,517 - __main__ - INFO - Noise ratio: 0.4
2025-06-18 18:25:25,518 - __main__ - INFO - Namespace(dataset='wiki', seed=3, alpha=3.0, lamda=1, margin=0.9, lambd=5, barycenter_number=1, top_k=10, warm_up_epoch=0, MAX_EPOCH=100, batch_size=256, output_dim=512, lr=0.0001, noisy_ratio=0.4, noise_mode='sym', GPU=1, hard_weight=True, noisy_train=True, logging='wiki_ablation')
2025-06-18 18:27:41,992 - __main__ - INFO - ...Image to Text MAP = 0.4504330951053676
2025-06-18 18:27:42,087 - __main__ - INFO - ...Text to Image MAP = 0.42603765916600517
2025-06-18 18:27:42,088 - __main__ - INFO - ...Average MAP = 0.4382353771356864
2025-06-18 18:27:48,353 - __main__ - INFO - Noise ratio: 0.4
2025-06-18 18:27:48,354 - __main__ - INFO - Namespace(dataset='wiki', seed=3, alpha=0.0, lamda=1, margin=0.9, lambd=5, barycenter_number=1, top_k=10, warm_up_epoch=0, MAX_EPOCH=100, batch_size=256, output_dim=512, lr=0.0001, noisy_ratio=0.4, noise_mode='sym', GPU=1, hard_weight=True, noisy_train=True, logging='wiki_ablation')
2025-06-18 18:29:49,772 - __main__ - INFO - ...Image to Text MAP = 0.27399996479950417
2025-06-18 18:29:49,873 - __main__ - INFO - ...Text to Image MAP = 0.2733878551188203
2025-06-18 18:29:49,874 - __main__ - INFO - ...Average MAP = 0.2736939099591622
2025-06-18 18:29:56,396 - __main__ - INFO - Noise ratio: 0.4
2025-06-18 18:29:56,397 - __main__ - INFO - Namespace(dataset='wiki', seed=3, alpha=3.0, lamda=1, margin=0.9, lambd=5, barycenter_number=1, top_k=10, warm_up_epoch=0, MAX_EPOCH=100, batch_size=256, output_dim=512, lr=0.0001, noisy_ratio=0.4, noise_mode='sym', GPU=1, hard_weight=True, noisy_train=False, logging='wiki_ablation')
2025-06-18 18:31:32,992 - __main__ - INFO - ...Image to Text MAP = 0.4052708525540997
2025-06-18 18:31:33,124 - __main__ - INFO - ...Text to Image MAP = 0.38255769673521006
2025-06-18 18:31:33,126 - __main__ - INFO - ...Average MAP = 0.3939142746446549
2025-06-18 18:31:39,588 - __main__ - INFO - Noise ratio: 0.4
2025-06-18 18:31:39,589 - __main__ - INFO - Namespace(dataset='wiki', seed=3, alpha=3.0, lamda=0.0, margin=0.9, lambd=5, barycenter_number=1, top_k=10, warm_up_epoch=0, MAX_EPOCH=100, batch_size=256, output_dim=512, lr=0.0001, noisy_ratio=0.4, noise_mode='sym', GPU=1, hard_weight=True, noisy_train=True, logging='wiki_ablation')
2025-06-18 18:33:36,239 - __main__ - INFO - ...Image to Text MAP = 0.4108004940214205
2025-06-18 18:33:36,336 - __main__ - INFO - ...Text to Image MAP = 0.3969766641980332
2025-06-18 18:33:36,337 - __main__ - INFO - ...Average MAP = 0.40388857910972686
2025-06-18 18:33:41,774 - __main__ - INFO - Noise ratio: 0.4
2025-06-18 18:33:41,774 - __main__ - INFO - Namespace(dataset='wiki', seed=3, alpha=3.0, lamda=1, margin=0.9, lambd=5, barycenter_number=1, top_k=10, warm_up_epoch=0, MAX_EPOCH=100, batch_size=256, output_dim=512, lr=0.0001, noisy_ratio=0.4, noise_mode='sym', GPU=1, hard_weight=False, noisy_train=True, logging='wiki_ablation')
2025-06-18 18:35:39,034 - __main__ - INFO - ...Image to Text MAP = 0.46168794593101165
2025-06-18 18:35:39,156 - __main__ - INFO - ...Text to Image MAP = 0.44117394788402564
2025-06-18 18:35:39,157 - __main__ - INFO - ...Average MAP = 0.4514309469075186
2025-06-18 18:35:45,011 - __main__ - INFO - Noise ratio: 0.6
2025-06-18 18:35:45,012 - __main__ - INFO - Namespace(dataset='wiki', seed=3, alpha=3.0, lamda=1, margin=0.9, lambd=5, barycenter_number=1, top_k=10, warm_up_epoch=0, MAX_EPOCH=100, batch_size=256, output_dim=512, lr=0.0001, noisy_ratio=0.6, noise_mode='sym', GPU=1, hard_weight=True, noisy_train=True, logging='wiki_ablation')
2025-06-18 18:37:57,683 - __main__ - INFO - ...Image to Text MAP = 0.42020667394873995
2025-06-18 18:37:57,780 - __main__ - INFO - ...Text to Image MAP = 0.4045481229784317
2025-06-18 18:37:57,780 - __main__ - INFO - ...Average MAP = 0.4123773984635858
2025-06-18 18:38:04,185 - __main__ - INFO - Noise ratio: 0.6
2025-06-18 18:38:04,186 - __main__ - INFO - Namespace(dataset='wiki', seed=3, alpha=0.0, lamda=1, margin=0.9, lambd=5, barycenter_number=1, top_k=10, warm_up_epoch=0, MAX_EPOCH=100, batch_size=256, output_dim=512, lr=0.0001, noisy_ratio=0.6, noise_mode='sym', GPU=1, hard_weight=True, noisy_train=True, logging='wiki_ablation')
2025-06-18 18:39:59,347 - __main__ - INFO - ...Image to Text MAP = 0.27283272026004846
2025-06-18 18:39:59,444 - __main__ - INFO - ...Text to Image MAP = 0.29157488836551737
2025-06-18 18:39:59,445 - __main__ - INFO - ...Average MAP = 0.2822038043127829
2025-06-18 18:40:06,502 - __main__ - INFO - Noise ratio: 0.6
2025-06-18 18:40:06,502 - __main__ - INFO - Namespace(dataset='wiki', seed=3, alpha=3.0, lamda=1, margin=0.9, lambd=5, barycenter_number=1, top_k=10, warm_up_epoch=0, MAX_EPOCH=100, batch_size=256, output_dim=512, lr=0.0001, noisy_ratio=0.6, noise_mode='sym', GPU=1, hard_weight=True, noisy_train=False, logging='wiki_ablation')
2025-06-18 18:41:45,485 - __main__ - INFO - ...Image to Text MAP = 0.36909920979135113
2025-06-18 18:41:45,598 - __main__ - INFO - ...Text to Image MAP = 0.353519285785189
2025-06-18 18:41:45,598 - __main__ - INFO - ...Average MAP = 0.36130924778827006
2025-06-18 18:41:51,615 - __main__ - INFO - Noise ratio: 0.6
2025-06-18 18:41:51,616 - __main__ - INFO - Namespace(dataset='wiki', seed=3, alpha=3.0, lamda=0.0, margin=0.9, lambd=5, barycenter_number=1, top_k=10, warm_up_epoch=0, MAX_EPOCH=100, batch_size=256, output_dim=512, lr=0.0001, noisy_ratio=0.6, noise_mode='sym', GPU=1, hard_weight=True, noisy_train=True, logging='wiki_ablation')
2025-06-18 18:44:05,968 - __main__ - INFO - ...Image to Text MAP = 0.41037113230275185
2025-06-18 18:44:06,059 - __main__ - INFO - ...Text to Image MAP = 0.3972629317589521
2025-06-18 18:44:06,060 - __main__ - INFO - ...Average MAP = 0.40381703203085195
2025-06-18 18:44:12,616 - __main__ - INFO - Noise ratio: 0.6
2025-06-18 18:44:12,617 - __main__ - INFO - Namespace(dataset='wiki', seed=3, alpha=3.0, lamda=1, margin=0.9, lambd=5, barycenter_number=1, top_k=10, warm_up_epoch=0, MAX_EPOCH=100, batch_size=256, output_dim=512, lr=0.0001, noisy_ratio=0.6, noise_mode='sym', GPU=1, hard_weight=False, noisy_train=True, logging='wiki_ablation')
2025-06-18 18:46:20,641 - __main__ - INFO - ...Image to Text MAP = 0.43142406952351225
2025-06-18 18:46:20,730 - __main__ - INFO - ...Text to Image MAP = 0.41374599183529054
2025-06-18 18:46:20,731 - __main__ - INFO - ...Average MAP = 0.4225850306794014
2025-06-18 18:46:27,024 - __main__ - INFO - Noise ratio: 0.8
2025-06-18 18:46:27,026 - __main__ - INFO - Namespace(dataset='wiki', seed=3, alpha=3.0, lamda=1, margin=0.9, lambd=5, barycenter_number=1, top_k=10, warm_up_epoch=0, MAX_EPOCH=100, batch_size=256, output_dim=512, lr=0.0001, noisy_ratio=0.8, noise_mode='sym', GPU=1, hard_weight=True, noisy_train=True, logging='wiki_ablation')
2025-06-18 18:48:36,050 - __main__ - INFO - ...Image to Text MAP = 0.42028599931350136
2025-06-18 18:48:36,209 - __main__ - INFO - ...Text to Image MAP = 0.4040383901163596
2025-06-18 18:48:36,210 - __main__ - INFO - ...Average MAP = 0.4121621947149305
2025-06-18 18:48:42,956 - __main__ - INFO - Noise ratio: 0.8
2025-06-18 18:48:42,957 - __main__ - INFO - Namespace(dataset='wiki', seed=3, alpha=0.0, lamda=1, margin=0.9, lambd=5, barycenter_number=1, top_k=10, warm_up_epoch=0, MAX_EPOCH=100, batch_size=256, output_dim=512, lr=0.0001, noisy_ratio=0.8, noise_mode='sym', GPU=1, hard_weight=True, noisy_train=True, logging='wiki_ablation')
2025-06-18 18:50:45,255 - __main__ - INFO - ...Image to Text MAP = 0.19919598976446334
2025-06-18 18:50:45,373 - __main__ - INFO - ...Text to Image MAP = 0.1819536946681469
2025-06-18 18:50:45,373 - __main__ - INFO - ...Average MAP = 0.1905748422163051
2025-06-18 18:50:51,182 - __main__ - INFO - Noise ratio: 0.8
2025-06-18 18:50:51,182 - __main__ - INFO - Namespace(dataset='wiki', seed=3, alpha=3.0, lamda=1, margin=0.9, lambd=5, barycenter_number=1, top_k=10, warm_up_epoch=0, MAX_EPOCH=100, batch_size=256, output_dim=512, lr=0.0001, noisy_ratio=0.8, noise_mode='sym', GPU=1, hard_weight=True, noisy_train=False, logging='wiki_ablation')
2025-06-18 18:52:24,324 - __main__ - INFO - ...Image to Text MAP = 0.36036488194693633
2025-06-18 18:52:24,411 - __main__ - INFO - ...Text to Image MAP = 0.3390415773140444
2025-06-18 18:52:24,412 - __main__ - INFO - ...Average MAP = 0.3497032296304904
2025-06-18 18:52:30,475 - __main__ - INFO - Noise ratio: 0.8
2025-06-18 18:52:30,476 - __main__ - INFO - Namespace(dataset='wiki', seed=3, alpha=3.0, lamda=0.0, margin=0.9, lambd=5, barycenter_number=1, top_k=10, warm_up_epoch=0, MAX_EPOCH=100, batch_size=256, output_dim=512, lr=0.0001, noisy_ratio=0.8, noise_mode='sym', GPU=1, hard_weight=True, noisy_train=True, logging='wiki_ablation')
2025-06-18 18:54:27,002 - __main__ - INFO - ...Image to Text MAP = 0.4139336028183035
2025-06-18 18:54:27,102 - __main__ - INFO - ...Text to Image MAP = 0.3985553807859923
2025-06-18 18:54:27,102 - __main__ - INFO - ...Average MAP = 0.4062444918021479
2025-06-18 18:54:33,840 - __main__ - INFO - Noise ratio: 0.8
2025-06-18 18:54:33,841 - __main__ - INFO - Namespace(dataset='wiki', seed=3, alpha=3.0, lamda=1, margin=0.9, lambd=5, barycenter_number=1, top_k=10, warm_up_epoch=0, MAX_EPOCH=100, batch_size=256, output_dim=512, lr=0.0001, noisy_ratio=0.8, noise_mode='sym', GPU=1, hard_weight=False, noisy_train=True, logging='wiki_ablation')
2025-06-18 18:56:36,335 - __main__ - INFO - ...Image to Text MAP = 0.42091720833898566
2025-06-18 18:56:36,415 - __main__ - INFO - ...Text to Image MAP = 0.40217800456428604
2025-06-18 18:56:36,415 - __main__ - INFO - ...Average MAP = 0.41154760645163585
2025-06-18 18:56:42,499 - __main__ - INFO - Noise ratio: 0.2
2025-06-18 18:56:42,502 - __main__ - INFO - Namespace(dataset='wiki', seed=4, alpha=0.7, lamda=1, margin=0.9, lambd=5, barycenter_number=1, top_k=10, warm_up_epoch=0, MAX_EPOCH=100, batch_size=256, output_dim=512, lr=0.0001, noisy_ratio=0.2, noise_mode='sym', GPU=1, hard_weight=True, noisy_train=True, logging='wiki_ablation')
2025-06-18 18:58:38,811 - __main__ - INFO - ...Image to Text MAP = 0.49835572466873207
2025-06-18 18:58:38,925 - __main__ - INFO - ...Text to Image MAP = 0.44457746073602483
2025-06-18 18:58:38,925 - __main__ - INFO - ...Average MAP = 0.47146659270237845
2025-06-18 18:58:44,841 - __main__ - INFO - Noise ratio: 0.2
2025-06-18 18:58:44,842 - __main__ - INFO - Namespace(dataset='wiki', seed=4, alpha=0.0, lamda=1, margin=0.9, lambd=5, barycenter_number=1, top_k=10, warm_up_epoch=0, MAX_EPOCH=100, batch_size=256, output_dim=512, lr=0.0001, noisy_ratio=0.2, noise_mode='sym', GPU=1, hard_weight=True, noisy_train=True, logging='wiki_ablation')
2025-06-18 19:00:33,484 - __main__ - INFO - ...Image to Text MAP = 0.3576414571445532
2025-06-18 19:00:33,571 - __main__ - INFO - ...Text to Image MAP = 0.31769009077546584
2025-06-18 19:00:33,571 - __main__ - INFO - ...Average MAP = 0.3376657739600095
2025-06-18 19:00:40,031 - __main__ - INFO - Noise ratio: 0.2
2025-06-18 19:00:40,032 - __main__ - INFO - Namespace(dataset='wiki', seed=4, alpha=0.7, lamda=1, margin=0.9, lambd=5, barycenter_number=1, top_k=10, warm_up_epoch=0, MAX_EPOCH=100, batch_size=256, output_dim=512, lr=0.0001, noisy_ratio=0.2, noise_mode='sym', GPU=1, hard_weight=True, noisy_train=False, logging='wiki_ablation')
2025-06-18 19:02:22,016 - __main__ - INFO - ...Image to Text MAP = 0.5190868544723555
2025-06-18 19:02:22,102 - __main__ - INFO - ...Text to Image MAP = 0.46464457810918486
2025-06-18 19:02:22,102 - __main__ - INFO - ...Average MAP = 0.49186571629077014
2025-06-18 19:02:27,779 - __main__ - INFO - Noise ratio: 0.2
2025-06-18 19:02:27,779 - __main__ - INFO - Namespace(dataset='wiki', seed=4, alpha=0.7, lamda=0.0, margin=0.9, lambd=5, barycenter_number=1, top_k=10, warm_up_epoch=0, MAX_EPOCH=100, batch_size=256, output_dim=512, lr=0.0001, noisy_ratio=0.2, noise_mode='sym', GPU=1, hard_weight=True, noisy_train=True, logging='wiki_ablation')
2025-06-18 19:04:48,425 - __main__ - INFO - ...Image to Text MAP = 0.3990668422925945
2025-06-18 19:04:48,528 - __main__ - INFO - ...Text to Image MAP = 0.3867605526545582
2025-06-18 19:04:48,529 - __main__ - INFO - ...Average MAP = 0.39291369747357635
2025-06-18 19:04:55,793 - __main__ - INFO - Noise ratio: 0.2
2025-06-18 19:04:55,793 - __main__ - INFO - Namespace(dataset='wiki', seed=4, alpha=0.7, lamda=1, margin=0.9, lambd=5, barycenter_number=1, top_k=10, warm_up_epoch=0, MAX_EPOCH=100, batch_size=256, output_dim=512, lr=0.0001, noisy_ratio=0.2, noise_mode='sym', GPU=1, hard_weight=False, noisy_train=True, logging='wiki_ablation')
2025-06-18 19:07:06,378 - __main__ - INFO - ...Image to Text MAP = 0.5151640490547343
2025-06-18 19:07:06,478 - __main__ - INFO - ...Text to Image MAP = 0.46544770446823186
2025-06-18 19:07:06,478 - __main__ - INFO - ...Average MAP = 0.4903058767614831
2025-06-18 19:07:12,902 - __main__ - INFO - Noise ratio: 0.4
2025-06-18 19:07:12,904 - __main__ - INFO - Namespace(dataset='wiki', seed=4, alpha=0.7, lamda=1, margin=0.9, lambd=5, barycenter_number=1, top_k=10, warm_up_epoch=0, MAX_EPOCH=100, batch_size=256, output_dim=512, lr=0.0001, noisy_ratio=0.4, noise_mode='sym', GPU=1, hard_weight=True, noisy_train=True, logging='wiki_ablation')
2025-06-18 19:09:13,193 - __main__ - INFO - ...Image to Text MAP = 0.5087991926606743
2025-06-18 19:09:13,279 - __main__ - INFO - ...Text to Image MAP = 0.46508388409679363
2025-06-18 19:09:13,280 - __main__ - INFO - ...Average MAP = 0.486941538378734
2025-06-18 19:09:19,732 - __main__ - INFO - Noise ratio: 0.4
2025-06-18 19:09:19,734 - __main__ - INFO - Namespace(dataset='wiki', seed=4, alpha=0.0, lamda=1, margin=0.9, lambd=5, barycenter_number=1, top_k=10, warm_up_epoch=0, MAX_EPOCH=100, batch_size=256, output_dim=512, lr=0.0001, noisy_ratio=0.4, noise_mode='sym', GPU=1, hard_weight=True, noisy_train=True, logging='wiki_ablation')
2025-06-18 19:11:42,036 - __main__ - INFO - ...Image to Text MAP = 0.2984214351715027
2025-06-18 19:11:42,205 - __main__ - INFO - ...Text to Image MAP = 0.312843637110357
2025-06-18 19:11:42,205 - __main__ - INFO - ...Average MAP = 0.3056325361409299
2025-06-18 19:11:49,137 - __main__ - INFO - Noise ratio: 0.4
2025-06-18 19:11:49,137 - __main__ - INFO - Namespace(dataset='wiki', seed=4, alpha=0.7, lamda=1, margin=0.9, lambd=5, barycenter_number=1, top_k=10, warm_up_epoch=0, MAX_EPOCH=100, batch_size=256, output_dim=512, lr=0.0001, noisy_ratio=0.4, noise_mode='sym', GPU=1, hard_weight=True, noisy_train=False, logging='wiki_ablation')
2025-06-18 19:13:42,788 - __main__ - INFO - ...Image to Text MAP = 0.49499933481399333
2025-06-18 19:13:42,981 - __main__ - INFO - ...Text to Image MAP = 0.4441825349762855
2025-06-18 19:13:42,982 - __main__ - INFO - ...Average MAP = 0.4695909348951394
2025-06-18 19:13:49,334 - __main__ - INFO - Noise ratio: 0.4
2025-06-18 19:13:49,335 - __main__ - INFO - Namespace(dataset='wiki', seed=4, alpha=0.7, lamda=0.0, margin=0.9, lambd=5, barycenter_number=1, top_k=10, warm_up_epoch=0, MAX_EPOCH=100, batch_size=256, output_dim=512, lr=0.0001, noisy_ratio=0.4, noise_mode='sym', GPU=1, hard_weight=True, noisy_train=True, logging='wiki_ablation')
2025-06-18 19:16:04,032 - __main__ - INFO - ...Image to Text MAP = 0.41370852690954496
2025-06-18 19:16:04,140 - __main__ - INFO - ...Text to Image MAP = 0.3933622003638276
2025-06-18 19:16:04,141 - __main__ - INFO - ...Average MAP = 0.4035353636366863
2025-06-18 19:16:10,837 - __main__ - INFO - Noise ratio: 0.4
2025-06-18 19:16:10,837 - __main__ - INFO - Namespace(dataset='wiki', seed=4, alpha=0.7, lamda=1, margin=0.9, lambd=5, barycenter_number=1, top_k=10, warm_up_epoch=0, MAX_EPOCH=100, batch_size=256, output_dim=512, lr=0.0001, noisy_ratio=0.4, noise_mode='sym', GPU=1, hard_weight=False, noisy_train=True, logging='wiki_ablation')
2025-06-18 19:18:02,657 - __main__ - INFO - ...Image to Text MAP = 0.4886208031898833
2025-06-18 19:18:02,748 - __main__ - INFO - ...Text to Image MAP = 0.44792188926873666
2025-06-18 19:18:02,749 - __main__ - INFO - ...Average MAP = 0.46827134622931
2025-06-18 19:18:08,615 - __main__ - INFO - Noise ratio: 0.6
2025-06-18 19:18:08,617 - __main__ - INFO - Namespace(dataset='wiki', seed=4, alpha=0.7, lamda=1, margin=0.9, lambd=5, barycenter_number=1, top_k=10, warm_up_epoch=0, MAX_EPOCH=100, batch_size=256, output_dim=512, lr=0.0001, noisy_ratio=0.6, noise_mode='sym', GPU=1, hard_weight=True, noisy_train=True, logging='wiki_ablation')
2025-06-18 19:20:17,725 - __main__ - INFO - ...Image to Text MAP = 0.4957005007100543
2025-06-18 19:20:17,870 - __main__ - INFO - ...Text to Image MAP = 0.4579759670894538
2025-06-18 19:20:17,871 - __main__ - INFO - ...Average MAP = 0.47683823389975405
2025-06-18 19:20:24,227 - __main__ - INFO - Noise ratio: 0.6
2025-06-18 19:20:24,229 - __main__ - INFO - Namespace(dataset='wiki', seed=4, alpha=0.0, lamda=1, margin=0.9, lambd=5, barycenter_number=1, top_k=10, warm_up_epoch=0, MAX_EPOCH=100, batch_size=256, output_dim=512, lr=0.0001, noisy_ratio=0.6, noise_mode='sym', GPU=1, hard_weight=True, noisy_train=True, logging='wiki_ablation')
2025-06-18 19:22:41,692 - __main__ - INFO - ...Image to Text MAP = 0.2630060188666376
2025-06-18 19:22:41,812 - __main__ - INFO - ...Text to Image MAP = 0.2563801817353478
2025-06-18 19:22:41,813 - __main__ - INFO - ...Average MAP = 0.2596931003009927
2025-06-18 19:22:48,140 - __main__ - INFO - Noise ratio: 0.6
2025-06-18 19:22:48,142 - __main__ - INFO - Namespace(dataset='wiki', seed=4, alpha=0.7, lamda=1, margin=0.9, lambd=5, barycenter_number=1, top_k=10, warm_up_epoch=0, MAX_EPOCH=100, batch_size=256, output_dim=512, lr=0.0001, noisy_ratio=0.6, noise_mode='sym', GPU=1, hard_weight=True, noisy_train=False, logging='wiki_ablation')
2025-06-18 19:24:24,155 - __main__ - INFO - ...Image to Text MAP = 0.4736488103756994
2025-06-18 19:24:24,276 - __main__ - INFO - ...Text to Image MAP = 0.43419108721289645
2025-06-18 19:24:24,276 - __main__ - INFO - ...Average MAP = 0.4539199487942979
2025-06-18 19:24:30,068 - __main__ - INFO - Noise ratio: 0.6
2025-06-18 19:24:30,069 - __main__ - INFO - Namespace(dataset='wiki', seed=4, alpha=0.7, lamda=0.0, margin=0.9, lambd=5, barycenter_number=1, top_k=10, warm_up_epoch=0, MAX_EPOCH=100, batch_size=256, output_dim=512, lr=0.0001, noisy_ratio=0.6, noise_mode='sym', GPU=1, hard_weight=True, noisy_train=True, logging='wiki_ablation')
2025-06-18 19:26:23,854 - __main__ - INFO - ...Image to Text MAP = 0.41163584368105227
2025-06-18 19:26:23,970 - __main__ - INFO - ...Text to Image MAP = 0.39770408029451754
2025-06-18 19:26:23,974 - __main__ - INFO - ...Average MAP = 0.40466996198778493
2025-06-18 19:26:30,061 - __main__ - INFO - Noise ratio: 0.6
2025-06-18 19:26:30,062 - __main__ - INFO - Namespace(dataset='wiki', seed=4, alpha=0.7, lamda=1, margin=0.9, lambd=5, barycenter_number=1, top_k=10, warm_up_epoch=0, MAX_EPOCH=100, batch_size=256, output_dim=512, lr=0.0001, noisy_ratio=0.6, noise_mode='sym', GPU=1, hard_weight=False, noisy_train=True, logging='wiki_ablation')
2025-06-18 19:28:52,170 - __main__ - INFO - ...Image to Text MAP = 0.49557455258136096
2025-06-18 19:28:52,365 - __main__ - INFO - ...Text to Image MAP = 0.4654347688728167
2025-06-18 19:28:52,365 - __main__ - INFO - ...Average MAP = 0.48050466072708886
2025-06-18 19:28:59,138 - __main__ - INFO - Noise ratio: 0.8
2025-06-18 19:28:59,140 - __main__ - INFO - Namespace(dataset='wiki', seed=4, alpha=0.7, lamda=1, margin=0.9, lambd=5, barycenter_number=1, top_k=10, warm_up_epoch=0, MAX_EPOCH=100, batch_size=256, output_dim=512, lr=0.0001, noisy_ratio=0.8, noise_mode='sym', GPU=1, hard_weight=True, noisy_train=True, logging='wiki_ablation')
2025-06-18 19:31:11,593 - __main__ - INFO - ...Image to Text MAP = 0.4333924330591192
2025-06-18 19:31:11,688 - __main__ - INFO - ...Text to Image MAP = 0.41755302761295304
2025-06-18 19:31:11,689 - __main__ - INFO - ...Average MAP = 0.4254727303360361
2025-06-18 19:31:17,166 - __main__ - INFO - Noise ratio: 0.8
2025-06-18 19:31:17,172 - __main__ - INFO - Namespace(dataset='wiki', seed=4, alpha=0.0, lamda=1, margin=0.9, lambd=5, barycenter_number=1, top_k=10, warm_up_epoch=0, MAX_EPOCH=100, batch_size=256, output_dim=512, lr=0.0001, noisy_ratio=0.8, noise_mode='sym', GPU=1, hard_weight=True, noisy_train=True, logging='wiki_ablation')
2025-06-18 19:33:10,841 - __main__ - INFO - ...Image to Text MAP = 0.18740209665858715
2025-06-18 19:33:10,973 - __main__ - INFO - ...Text to Image MAP = 0.1817636704271475
2025-06-18 19:33:10,973 - __main__ - INFO - ...Average MAP = 0.18458288354286734
2025-06-18 19:33:17,831 - __main__ - INFO - Noise ratio: 0.8
2025-06-18 19:33:17,832 - __main__ - INFO - Namespace(dataset='wiki', seed=4, alpha=0.7, lamda=1, margin=0.9, lambd=5, barycenter_number=1, top_k=10, warm_up_epoch=0, MAX_EPOCH=100, batch_size=256, output_dim=512, lr=0.0001, noisy_ratio=0.8, noise_mode='sym', GPU=1, hard_weight=True, noisy_train=False, logging='wiki_ablation')
2025-06-18 19:34:49,458 - __main__ - INFO - ...Image to Text MAP = 0.39372351258679594
2025-06-18 19:34:49,593 - __main__ - INFO - ...Text to Image MAP = 0.37927828557253956
2025-06-18 19:34:49,593 - __main__ - INFO - ...Average MAP = 0.3865008990796678
2025-06-18 19:34:55,618 - __main__ - INFO - Noise ratio: 0.8
2025-06-18 19:34:55,618 - __main__ - INFO - Namespace(dataset='wiki', seed=4, alpha=0.7, lamda=0.0, margin=0.9, lambd=5, barycenter_number=1, top_k=10, warm_up_epoch=0, MAX_EPOCH=100, batch_size=256, output_dim=512, lr=0.0001, noisy_ratio=0.8, noise_mode='sym', GPU=1, hard_weight=True, noisy_train=True, logging='wiki_ablation')
2025-06-18 19:36:57,716 - __main__ - INFO - ...Image to Text MAP = 0.4178891522464121
2025-06-18 19:36:57,821 - __main__ - INFO - ...Text to Image MAP = 0.4026190943904633
2025-06-18 19:36:57,822 - __main__ - INFO - ...Average MAP = 0.4102541233184377
2025-06-18 19:37:03,860 - __main__ - INFO - Noise ratio: 0.8
2025-06-18 19:37:03,860 - __main__ - INFO - Namespace(dataset='wiki', seed=4, alpha=0.7, lamda=1, margin=0.9, lambd=5, barycenter_number=1, top_k=10, warm_up_epoch=0, MAX_EPOCH=100, batch_size=256, output_dim=512, lr=0.0001, noisy_ratio=0.8, noise_mode='sym', GPU=1, hard_weight=False, noisy_train=True, logging='wiki_ablation')
2025-06-18 19:38:52,300 - __main__ - INFO - ...Image to Text MAP = 0.4453879130811014
2025-06-18 19:38:52,401 - __main__ - INFO - ...Text to Image MAP = 0.42359121531170574
2025-06-18 19:38:52,401 - __main__ - INFO - ...Average MAP = 0.4344895641964036
2025-06-18 19:38:58,401 - __main__ - INFO - Noise ratio: 0.2
2025-06-18 19:38:58,403 - __main__ - INFO - Namespace(dataset='wiki', seed=4, alpha=0.8, lamda=1, margin=0.9, lambd=5, barycenter_number=1, top_k=10, warm_up_epoch=0, MAX_EPOCH=100, batch_size=256, output_dim=512, lr=0.0001, noisy_ratio=0.2, noise_mode='sym', GPU=1, hard_weight=True, noisy_train=True, logging='wiki_ablation')
2025-06-18 19:40:54,172 - __main__ - INFO - ...Image to Text MAP = 0.5027953560905959
2025-06-18 19:40:54,266 - __main__ - INFO - ...Text to Image MAP = 0.45035816420613717
2025-06-18 19:40:54,266 - __main__ - INFO - ...Average MAP = 0.47657676014836653
2025-06-18 19:41:00,427 - __main__ - INFO - Noise ratio: 0.2
2025-06-18 19:41:00,429 - __main__ - INFO - Namespace(dataset='wiki', seed=4, alpha=0.0, lamda=1, margin=0.9, lambd=5, barycenter_number=1, top_k=10, warm_up_epoch=0, MAX_EPOCH=100, batch_size=256, output_dim=512, lr=0.0001, noisy_ratio=0.2, noise_mode='sym', GPU=1, hard_weight=True, noisy_train=True, logging='wiki_ablation')
2025-06-18 19:42:56,417 - __main__ - INFO - ...Image to Text MAP = 0.3576414571445532
2025-06-18 19:42:56,509 - __main__ - INFO - ...Text to Image MAP = 0.31769009077546584
2025-06-18 19:42:56,510 - __main__ - INFO - ...Average MAP = 0.3376657739600095
2025-06-18 19:43:02,967 - __main__ - INFO - Noise ratio: 0.2
2025-06-18 19:43:02,967 - __main__ - INFO - Namespace(dataset='wiki', seed=4, alpha=0.8, lamda=1, margin=0.9, lambd=5, barycenter_number=1, top_k=10, warm_up_epoch=0, MAX_EPOCH=100, batch_size=256, output_dim=512, lr=0.0001, noisy_ratio=0.2, noise_mode='sym', GPU=1, hard_weight=True, noisy_train=False, logging='wiki_ablation')
2025-06-18 19:44:46,684 - __main__ - INFO - ...Image to Text MAP = 0.5157413172015692
2025-06-18 19:44:46,788 - __main__ - INFO - ...Text to Image MAP = 0.46027464038515287
2025-06-18 19:44:46,789 - __main__ - INFO - ...Average MAP = 0.48800797879336105
2025-06-18 19:44:52,556 - __main__ - INFO - Noise ratio: 0.2
2025-06-18 19:44:52,557 - __main__ - INFO - Namespace(dataset='wiki', seed=4, alpha=0.8, lamda=0.0, margin=0.9, lambd=5, barycenter_number=1, top_k=10, warm_up_epoch=0, MAX_EPOCH=100, batch_size=256, output_dim=512, lr=0.0001, noisy_ratio=0.2, noise_mode='sym', GPU=1, hard_weight=True, noisy_train=True, logging='wiki_ablation')
2025-06-18 19:47:00,478 - __main__ - INFO - ...Image to Text MAP = 0.3977322358894073
2025-06-18 19:47:00,618 - __main__ - INFO - ...Text to Image MAP = 0.3810427470655646
2025-06-18 19:47:00,619 - __main__ - INFO - ...Average MAP = 0.38938749147748597
2025-06-18 19:47:06,656 - __main__ - INFO - Noise ratio: 0.2
2025-06-18 19:47:06,657 - __main__ - INFO - Namespace(dataset='wiki', seed=4, alpha=0.8, lamda=1, margin=0.9, lambd=5, barycenter_number=1, top_k=10, warm_up_epoch=0, MAX_EPOCH=100, batch_size=256, output_dim=512, lr=0.0001, noisy_ratio=0.2, noise_mode='sym', GPU=1, hard_weight=False, noisy_train=True, logging='wiki_ablation')
2025-06-18 19:49:21,642 - __main__ - INFO - ...Image to Text MAP = 0.5171082127158222
2025-06-18 19:49:21,764 - __main__ - INFO - ...Text to Image MAP = 0.4533839003800921
2025-06-18 19:49:21,778 - __main__ - INFO - ...Average MAP = 0.48524605654795716
2025-06-18 19:49:28,339 - __main__ - INFO - Noise ratio: 0.4
2025-06-18 19:49:28,340 - __main__ - INFO - Namespace(dataset='wiki', seed=4, alpha=0.8, lamda=1, margin=0.9, lambd=5, barycenter_number=1, top_k=10, warm_up_epoch=0, MAX_EPOCH=100, batch_size=256, output_dim=512, lr=0.0001, noisy_ratio=0.4, noise_mode='sym', GPU=1, hard_weight=True, noisy_train=True, logging='wiki_ablation')
2025-06-18 19:51:34,156 - __main__ - INFO - ...Image to Text MAP = 0.5051372133338801
2025-06-18 19:51:34,249 - __main__ - INFO - ...Text to Image MAP = 0.45603921524835744
2025-06-18 19:51:34,249 - __main__ - INFO - ...Average MAP = 0.48058821429111875
2025-06-18 19:51:39,327 - __main__ - INFO - Noise ratio: 0.4
2025-06-18 19:51:39,328 - __main__ - INFO - Namespace(dataset='wiki', seed=4, alpha=0.0, lamda=1, margin=0.9, lambd=5, barycenter_number=1, top_k=10, warm_up_epoch=0, MAX_EPOCH=100, batch_size=256, output_dim=512, lr=0.0001, noisy_ratio=0.4, noise_mode='sym', GPU=1, hard_weight=True, noisy_train=True, logging='wiki_ablation')
2025-06-18 19:53:38,487 - __main__ - INFO - ...Image to Text MAP = 0.2984214351715027
2025-06-18 19:53:38,609 - __main__ - INFO - ...Text to Image MAP = 0.312843637110357
2025-06-18 19:53:38,610 - __main__ - INFO - ...Average MAP = 0.3056325361409299
2025-06-18 19:53:43,524 - __main__ - INFO - Noise ratio: 0.4
2025-06-18 19:53:43,524 - __main__ - INFO - Namespace(dataset='wiki', seed=4, alpha=0.8, lamda=1, margin=0.9, lambd=5, barycenter_number=1, top_k=10, warm_up_epoch=0, MAX_EPOCH=100, batch_size=256, output_dim=512, lr=0.0001, noisy_ratio=0.4, noise_mode='sym', GPU=1, hard_weight=True, noisy_train=False, logging='wiki_ablation')
2025-06-18 19:55:23,320 - __main__ - INFO - ...Image to Text MAP = 0.5077641384229228
2025-06-18 19:55:23,463 - __main__ - INFO - ...Text to Image MAP = 0.4502282030814359
2025-06-18 19:55:23,463 - __main__ - INFO - ...Average MAP = 0.4789961707521794
2025-06-18 19:55:29,418 - __main__ - INFO - Noise ratio: 0.4
2025-06-18 19:55:29,418 - __main__ - INFO - Namespace(dataset='wiki', seed=4, alpha=0.8, lamda=0.0, margin=0.9, lambd=5, barycenter_number=1, top_k=10, warm_up_epoch=0, MAX_EPOCH=100, batch_size=256, output_dim=512, lr=0.0001, noisy_ratio=0.4, noise_mode='sym', GPU=1, hard_weight=True, noisy_train=True, logging='wiki_ablation')
2025-06-18 19:57:38,681 - __main__ - INFO - ...Image to Text MAP = 0.41404199674916176
2025-06-18 19:57:38,777 - __main__ - INFO - ...Text to Image MAP = 0.392550270028198
2025-06-18 19:57:38,777 - __main__ - INFO - ...Average MAP = 0.40329613338867987
2025-06-18 19:57:44,759 - __main__ - INFO - Noise ratio: 0.4
2025-06-18 19:57:44,759 - __main__ - INFO - Namespace(dataset='wiki', seed=4, alpha=0.8, lamda=1, margin=0.9, lambd=5, barycenter_number=1, top_k=10, warm_up_epoch=0, MAX_EPOCH=100, batch_size=256, output_dim=512, lr=0.0001, noisy_ratio=0.4, noise_mode='sym', GPU=1, hard_weight=False, noisy_train=True, logging='wiki_ablation')
2025-06-18 20:00:00,198 - __main__ - INFO - ...Image to Text MAP = 0.4850269152546575
2025-06-18 20:00:00,301 - __main__ - INFO - ...Text to Image MAP = 0.439970295525008
2025-06-18 20:00:00,302 - __main__ - INFO - ...Average MAP = 0.4624986053898328
2025-06-18 20:00:07,209 - __main__ - INFO - Noise ratio: 0.6
2025-06-18 20:00:07,210 - __main__ - INFO - Namespace(dataset='wiki', seed=4, alpha=0.8, lamda=1, margin=0.9, lambd=5, barycenter_number=1, top_k=10, warm_up_epoch=0, MAX_EPOCH=100, batch_size=256, output_dim=512, lr=0.0001, noisy_ratio=0.6, noise_mode='sym', GPU=1, hard_weight=True, noisy_train=True, logging='wiki_ablation')
2025-06-18 20:02:11,095 - __main__ - INFO - ...Image to Text MAP = 0.48990570367203917
2025-06-18 20:02:11,230 - __main__ - INFO - ...Text to Image MAP = 0.45974376000838546
2025-06-18 20:02:11,230 - __main__ - INFO - ...Average MAP = 0.47482473184021234
2025-06-18 20:02:17,482 - __main__ - INFO - Noise ratio: 0.6
2025-06-18 20:02:17,483 - __main__ - INFO - Namespace(dataset='wiki', seed=4, alpha=0.0, lamda=1, margin=0.9, lambd=5, barycenter_number=1, top_k=10, warm_up_epoch=0, MAX_EPOCH=100, batch_size=256, output_dim=512, lr=0.0001, noisy_ratio=0.6, noise_mode='sym', GPU=1, hard_weight=True, noisy_train=True, logging='wiki_ablation')
2025-06-18 20:04:02,451 - __main__ - INFO - ...Image to Text MAP = 0.2630060188666376
2025-06-18 20:04:02,564 - __main__ - INFO - ...Text to Image MAP = 0.2563801817353478
2025-06-18 20:04:02,565 - __main__ - INFO - ...Average MAP = 0.2596931003009927
2025-06-18 20:04:07,949 - __main__ - INFO - Noise ratio: 0.6
2025-06-18 20:04:07,949 - __main__ - INFO - Namespace(dataset='wiki', seed=4, alpha=0.8, lamda=1, margin=0.9, lambd=5, barycenter_number=1, top_k=10, warm_up_epoch=0, MAX_EPOCH=100, batch_size=256, output_dim=512, lr=0.0001, noisy_ratio=0.6, noise_mode='sym', GPU=1, hard_weight=True, noisy_train=False, logging='wiki_ablation')
2025-06-18 20:05:44,033 - __main__ - INFO - ...Image to Text MAP = 0.47233776025984997
2025-06-18 20:05:44,115 - __main__ - INFO - ...Text to Image MAP = 0.43799583961640404
2025-06-18 20:05:44,115 - __main__ - INFO - ...Average MAP = 0.45516679993812703
2025-06-18 20:05:49,679 - __main__ - INFO - Noise ratio: 0.6
2025-06-18 20:05:49,680 - __main__ - INFO - Namespace(dataset='wiki', seed=4, alpha=0.8, lamda=0.0, margin=0.9, lambd=5, barycenter_number=1, top_k=10, warm_up_epoch=0, MAX_EPOCH=100, batch_size=256, output_dim=512, lr=0.0001, noisy_ratio=0.6, noise_mode='sym', GPU=1, hard_weight=True, noisy_train=True, logging='wiki_ablation')
2025-06-18 20:07:53,847 - __main__ - INFO - ...Image to Text MAP = 0.4174693900511137
2025-06-18 20:07:53,945 - __main__ - INFO - ...Text to Image MAP = 0.4007760427948475
2025-06-18 20:07:53,945 - __main__ - INFO - ...Average MAP = 0.4091227164229806
2025-06-18 20:08:00,247 - __main__ - INFO - Noise ratio: 0.6
2025-06-18 20:08:00,248 - __main__ - INFO - Namespace(dataset='wiki', seed=4, alpha=0.8, lamda=1, margin=0.9, lambd=5, barycenter_number=1, top_k=10, warm_up_epoch=0, MAX_EPOCH=100, batch_size=256, output_dim=512, lr=0.0001, noisy_ratio=0.6, noise_mode='sym', GPU=1, hard_weight=False, noisy_train=True, logging='wiki_ablation')
2025-06-18 20:10:19,590 - __main__ - INFO - ...Image to Text MAP = 0.4915453753992468
2025-06-18 20:10:19,684 - __main__ - INFO - ...Text to Image MAP = 0.4582185037939429
2025-06-18 20:10:19,685 - __main__ - INFO - ...Average MAP = 0.47488193959659486
2025-06-18 20:10:25,644 - __main__ - INFO - Noise ratio: 0.8
2025-06-18 20:10:25,646 - __main__ - INFO - Namespace(dataset='wiki', seed=4, alpha=0.8, lamda=1, margin=0.9, lambd=5, barycenter_number=1, top_k=10, warm_up_epoch=0, MAX_EPOCH=100, batch_size=256, output_dim=512, lr=0.0001, noisy_ratio=0.8, noise_mode='sym', GPU=1, hard_weight=True, noisy_train=True, logging='wiki_ablation')
2025-06-18 20:12:40,323 - __main__ - INFO - ...Image to Text MAP = 0.42798183262893646
2025-06-18 20:12:40,421 - __main__ - INFO - ...Text to Image MAP = 0.41219476978029546
2025-06-18 20:12:40,421 - __main__ - INFO - ...Average MAP = 0.42008830120461593
2025-06-18 20:12:46,777 - __main__ - INFO - Noise ratio: 0.8
2025-06-18 20:12:46,779 - __main__ - INFO - Namespace(dataset='wiki', seed=4, alpha=0.0, lamda=1, margin=0.9, lambd=5, barycenter_number=1, top_k=10, warm_up_epoch=0, MAX_EPOCH=100, batch_size=256, output_dim=512, lr=0.0001, noisy_ratio=0.8, noise_mode='sym', GPU=1, hard_weight=True, noisy_train=True, logging='wiki_ablation')
2025-06-18 20:15:04,146 - __main__ - INFO - ...Image to Text MAP = 0.18740209665858715
2025-06-18 20:15:04,303 - __main__ - INFO - ...Text to Image MAP = 0.1817636704271475
2025-06-18 20:15:04,304 - __main__ - INFO - ...Average MAP = 0.18458288354286734
2025-06-18 20:15:10,882 - __main__ - INFO - Noise ratio: 0.8
2025-06-18 20:15:10,882 - __main__ - INFO - Namespace(dataset='wiki', seed=4, alpha=0.8, lamda=1, margin=0.9, lambd=5, barycenter_number=1, top_k=10, warm_up_epoch=0, MAX_EPOCH=100, batch_size=256, output_dim=512, lr=0.0001, noisy_ratio=0.8, noise_mode='sym', GPU=1, hard_weight=True, noisy_train=False, logging='wiki_ablation')
2025-06-18 20:16:51,396 - __main__ - INFO - ...Image to Text MAP = 0.36989809795936884
2025-06-18 20:16:51,493 - __main__ - INFO - ...Text to Image MAP = 0.35362810273280293
2025-06-18 20:16:51,493 - __main__ - INFO - ...Average MAP = 0.3617631003460859
2025-06-18 20:16:57,530 - __main__ - INFO - Noise ratio: 0.8
2025-06-18 20:16:57,530 - __main__ - INFO - Namespace(dataset='wiki', seed=4, alpha=0.8, lamda=0.0, margin=0.9, lambd=5, barycenter_number=1, top_k=10, warm_up_epoch=0, MAX_EPOCH=100, batch_size=256, output_dim=512, lr=0.0001, noisy_ratio=0.8, noise_mode='sym', GPU=1, hard_weight=True, noisy_train=True, logging='wiki_ablation')
2025-06-18 20:19:14,027 - __main__ - INFO - ...Image to Text MAP = 0.41290906173174563
2025-06-18 20:19:14,225 - __main__ - INFO - ...Text to Image MAP = 0.39925880628202054
2025-06-18 20:19:14,233 - __main__ - INFO - ...Average MAP = 0.4060839340068831
2025-06-18 20:19:20,754 - __main__ - INFO - Noise ratio: 0.8
2025-06-18 20:19:20,754 - __main__ - INFO - Namespace(dataset='wiki', seed=4, alpha=0.8, lamda=1, margin=0.9, lambd=5, barycenter_number=1, top_k=10, warm_up_epoch=0, MAX_EPOCH=100, batch_size=256, output_dim=512, lr=0.0001, noisy_ratio=0.8, noise_mode='sym', GPU=1, hard_weight=False, noisy_train=True, logging='wiki_ablation')
2025-06-18 20:21:37,727 - __main__ - INFO - ...Image to Text MAP = 0.4419823077236246
2025-06-18 20:21:37,816 - __main__ - INFO - ...Text to Image MAP = 0.42196793325077026
2025-06-18 20:21:37,816 - __main__ - INFO - ...Average MAP = 0.43197512048719744
2025-06-18 20:21:43,398 - __main__ - INFO - Noise ratio: 0.2
2025-06-18 20:21:43,399 - __main__ - INFO - Namespace(dataset='wiki', seed=4, alpha=0.9, lamda=1, margin=0.9, lambd=5, barycenter_number=1, top_k=10, warm_up_epoch=0, MAX_EPOCH=100, batch_size=256, output_dim=512, lr=0.0001, noisy_ratio=0.2, noise_mode='sym', GPU=1, hard_weight=True, noisy_train=True, logging='wiki_ablation')
2025-06-18 20:23:56,730 - __main__ - INFO - ...Image to Text MAP = 0.5101573188943247
2025-06-18 20:23:56,874 - __main__ - INFO - ...Text to Image MAP = 0.4490461166774601
2025-06-18 20:23:56,875 - __main__ - INFO - ...Average MAP = 0.4796017177858924
2025-06-18 20:24:02,910 - __main__ - INFO - Noise ratio: 0.2
2025-06-18 20:24:02,912 - __main__ - INFO - Namespace(dataset='wiki', seed=4, alpha=0.0, lamda=1, margin=0.9, lambd=5, barycenter_number=1, top_k=10, warm_up_epoch=0, MAX_EPOCH=100, batch_size=256, output_dim=512, lr=0.0001, noisy_ratio=0.2, noise_mode='sym', GPU=1, hard_weight=True, noisy_train=True, logging='wiki_ablation')
2025-06-18 20:25:53,340 - __main__ - INFO - ...Image to Text MAP = 0.3576414571445532
2025-06-18 20:25:53,451 - __main__ - INFO - ...Text to Image MAP = 0.31769009077546584
2025-06-18 20:25:53,451 - __main__ - INFO - ...Average MAP = 0.3376657739600095
2025-06-18 20:25:59,888 - __main__ - INFO - Noise ratio: 0.2
2025-06-18 20:25:59,888 - __main__ - INFO - Namespace(dataset='wiki', seed=4, alpha=0.9, lamda=1, margin=0.9, lambd=5, barycenter_number=1, top_k=10, warm_up_epoch=0, MAX_EPOCH=100, batch_size=256, output_dim=512, lr=0.0001, noisy_ratio=0.2, noise_mode='sym', GPU=1, hard_weight=True, noisy_train=False, logging='wiki_ablation')
2025-06-18 20:28:03,311 - __main__ - INFO - ...Image to Text MAP = 0.5174478528013723
2025-06-18 20:28:03,425 - __main__ - INFO - ...Text to Image MAP = 0.4723357922785561
2025-06-18 20:28:03,426 - __main__ - INFO - ...Average MAP = 0.4948918225399642
2025-06-18 20:28:09,847 - __main__ - INFO - Noise ratio: 0.2
2025-06-18 20:28:09,848 - __main__ - INFO - Namespace(dataset='wiki', seed=4, alpha=0.9, lamda=0.0, margin=0.9, lambd=5, barycenter_number=1, top_k=10, warm_up_epoch=0, MAX_EPOCH=100, batch_size=256, output_dim=512, lr=0.0001, noisy_ratio=0.2, noise_mode='sym', GPU=1, hard_weight=True, noisy_train=True, logging='wiki_ablation')
2025-06-18 20:30:01,539 - __main__ - INFO - ...Image to Text MAP = 0.3985123820109152
2025-06-18 20:30:01,648 - __main__ - INFO - ...Text to Image MAP = 0.37336974513584664
2025-06-18 20:30:01,649 - __main__ - INFO - ...Average MAP = 0.3859410635733809
2025-06-18 20:30:07,889 - __main__ - INFO - Noise ratio: 0.2
2025-06-18 20:30:07,890 - __main__ - INFO - Namespace(dataset='wiki', seed=4, alpha=0.9, lamda=1, margin=0.9, lambd=5, barycenter_number=1, top_k=10, warm_up_epoch=0, MAX_EPOCH=100, batch_size=256, output_dim=512, lr=0.0001, noisy_ratio=0.2, noise_mode='sym', GPU=1, hard_weight=False, noisy_train=True, logging='wiki_ablation')
2025-06-18 20:31:58,584 - __main__ - INFO - ...Image to Text MAP = 0.5180137571710777
2025-06-18 20:31:58,697 - __main__ - INFO - ...Text to Image MAP = 0.471809198562055
2025-06-18 20:31:58,697 - __main__ - INFO - ...Average MAP = 0.4949114778665663
2025-06-18 20:32:04,918 - __main__ - INFO - Noise ratio: 0.4
2025-06-18 20:32:04,920 - __main__ - INFO - Namespace(dataset='wiki', seed=4, alpha=0.9, lamda=1, margin=0.9, lambd=5, barycenter_number=1, top_k=10, warm_up_epoch=0, MAX_EPOCH=100, batch_size=256, output_dim=512, lr=0.0001, noisy_ratio=0.4, noise_mode='sym', GPU=1, hard_weight=True, noisy_train=True, logging='wiki_ablation')
2025-06-18 20:34:11,626 - __main__ - INFO - ...Image to Text MAP = 0.5077615292174632
2025-06-18 20:34:11,723 - __main__ - INFO - ...Text to Image MAP = 0.4585251650742093
2025-06-18 20:34:11,724 - __main__ - INFO - ...Average MAP = 0.4831433471458363
2025-06-18 20:34:16,849 - __main__ - INFO - Noise ratio: 0.4
2025-06-18 20:34:16,850 - __main__ - INFO - Namespace(dataset='wiki', seed=4, alpha=0.0, lamda=1, margin=0.9, lambd=5, barycenter_number=1, top_k=10, warm_up_epoch=0, MAX_EPOCH=100, batch_size=256, output_dim=512, lr=0.0001, noisy_ratio=0.4, noise_mode='sym', GPU=1, hard_weight=True, noisy_train=True, logging='wiki_ablation')
2025-06-18 20:36:17,627 - __main__ - INFO - ...Image to Text MAP = 0.2984214351715027
2025-06-18 20:36:17,776 - __main__ - INFO - ...Text to Image MAP = 0.312843637110357
2025-06-18 20:36:17,776 - __main__ - INFO - ...Average MAP = 0.3056325361409299
2025-06-18 20:36:23,565 - __main__ - INFO - Noise ratio: 0.4
2025-06-18 20:36:23,566 - __main__ - INFO - Namespace(dataset='wiki', seed=4, alpha=0.9, lamda=1, margin=0.9, lambd=5, barycenter_number=1, top_k=10, warm_up_epoch=0, MAX_EPOCH=100, batch_size=256, output_dim=512, lr=0.0001, noisy_ratio=0.4, noise_mode='sym', GPU=1, hard_weight=True, noisy_train=False, logging='wiki_ablation')
2025-06-18 20:38:04,522 - __main__ - INFO - ...Image to Text MAP = 0.5054402529868652
2025-06-18 20:38:04,636 - __main__ - INFO - ...Text to Image MAP = 0.44348898387347857
2025-06-18 20:38:04,637 - __main__ - INFO - ...Average MAP = 0.4744646184301719
2025-06-18 20:38:11,534 - __main__ - INFO - Noise ratio: 0.4
2025-06-18 20:38:11,535 - __main__ - INFO - Namespace(dataset='wiki', seed=4, alpha=0.9, lamda=0.0, margin=0.9, lambd=5, barycenter_number=1, top_k=10, warm_up_epoch=0, MAX_EPOCH=100, batch_size=256, output_dim=512, lr=0.0001, noisy_ratio=0.4, noise_mode='sym', GPU=1, hard_weight=True, noisy_train=True, logging='wiki_ablation')
2025-06-18 20:40:19,486 - __main__ - INFO - ...Image to Text MAP = 0.41411430236995656
2025-06-18 20:40:19,594 - __main__ - INFO - ...Text to Image MAP = 0.3927759017220284
2025-06-18 20:40:19,595 - __main__ - INFO - ...Average MAP = 0.4034451020459925
2025-06-18 20:40:25,650 - __main__ - INFO - Noise ratio: 0.4
2025-06-18 20:40:25,650 - __main__ - INFO - Namespace(dataset='wiki', seed=4, alpha=0.9, lamda=1, margin=0.9, lambd=5, barycenter_number=1, top_k=10, warm_up_epoch=0, MAX_EPOCH=100, batch_size=256, output_dim=512, lr=0.0001, noisy_ratio=0.4, noise_mode='sym', GPU=1, hard_weight=False, noisy_train=True, logging='wiki_ablation')
2025-06-18 20:42:15,535 - __main__ - INFO - ...Image to Text MAP = 0.516092792218365
2025-06-18 20:42:15,641 - __main__ - INFO - ...Text to Image MAP = 0.4676369397055548
2025-06-18 20:42:15,641 - __main__ - INFO - ...Average MAP = 0.4918648659619599
2025-06-18 20:42:21,082 - __main__ - INFO - Noise ratio: 0.6
2025-06-18 20:42:21,083 - __main__ - INFO - Namespace(dataset='wiki', seed=4, alpha=0.9, lamda=1, margin=0.9, lambd=5, barycenter_number=1, top_k=10, warm_up_epoch=0, MAX_EPOCH=100, batch_size=256, output_dim=512, lr=0.0001, noisy_ratio=0.6, noise_mode='sym', GPU=1, hard_weight=True, noisy_train=True, logging='wiki_ablation')
2025-06-18 20:44:11,755 - __main__ - INFO - ...Image to Text MAP = 0.49140992760462326
2025-06-18 20:44:11,851 - __main__ - INFO - ...Text to Image MAP = 0.45941672692671415
2025-06-18 20:44:11,852 - __main__ - INFO - ...Average MAP = 0.4754133272656687
2025-06-18 20:44:17,765 - __main__ - INFO - Noise ratio: 0.6
2025-06-18 20:44:17,766 - __main__ - INFO - Namespace(dataset='wiki', seed=4, alpha=0.0, lamda=1, margin=0.9, lambd=5, barycenter_number=1, top_k=10, warm_up_epoch=0, MAX_EPOCH=100, batch_size=256, output_dim=512, lr=0.0001, noisy_ratio=0.6, noise_mode='sym', GPU=1, hard_weight=True, noisy_train=True, logging='wiki_ablation')
2025-06-18 20:46:09,874 - __main__ - INFO - ...Image to Text MAP = 0.2630060188666376
2025-06-18 20:46:09,955 - __main__ - INFO - ...Text to Image MAP = 0.2563801817353478
2025-06-18 20:46:09,955 - __main__ - INFO - ...Average MAP = 0.2596931003009927
2025-06-18 20:46:15,626 - __main__ - INFO - Noise ratio: 0.6
2025-06-18 20:46:15,627 - __main__ - INFO - Namespace(dataset='wiki', seed=4, alpha=0.9, lamda=1, margin=0.9, lambd=5, barycenter_number=1, top_k=10, warm_up_epoch=0, MAX_EPOCH=100, batch_size=256, output_dim=512, lr=0.0001, noisy_ratio=0.6, noise_mode='sym', GPU=1, hard_weight=True, noisy_train=False, logging='wiki_ablation')
2025-06-18 20:48:04,430 - __main__ - INFO - ...Image to Text MAP = 0.4869912222281045
2025-06-18 20:48:04,529 - __main__ - INFO - ...Text to Image MAP = 0.44360059693719617
2025-06-18 20:48:04,529 - __main__ - INFO - ...Average MAP = 0.4652959095826503
2025-06-18 20:48:10,988 - __main__ - INFO - Noise ratio: 0.6
2025-06-18 20:48:10,989 - __main__ - INFO - Namespace(dataset='wiki', seed=4, alpha=0.9, lamda=0.0, margin=0.9, lambd=5, barycenter_number=1, top_k=10, warm_up_epoch=0, MAX_EPOCH=100, batch_size=256, output_dim=512, lr=0.0001, noisy_ratio=0.6, noise_mode='sym', GPU=1, hard_weight=True, noisy_train=True, logging='wiki_ablation')
2025-06-18 20:50:19,280 - __main__ - INFO - ...Image to Text MAP = 0.411693482879154
2025-06-18 20:50:19,378 - __main__ - INFO - ...Text to Image MAP = 0.4022344357592798
2025-06-18 20:50:19,378 - __main__ - INFO - ...Average MAP = 0.4069639593192169
2025-06-18 20:50:25,414 - __main__ - INFO - Noise ratio: 0.6
2025-06-18 20:50:25,415 - __main__ - INFO - Namespace(dataset='wiki', seed=4, alpha=0.9, lamda=1, margin=0.9, lambd=5, barycenter_number=1, top_k=10, warm_up_epoch=0, MAX_EPOCH=100, batch_size=256, output_dim=512, lr=0.0001, noisy_ratio=0.6, noise_mode='sym', GPU=1, hard_weight=False, noisy_train=True, logging='wiki_ablation')
2025-06-18 20:52:18,258 - __main__ - INFO - ...Image to Text MAP = 0.48442116418268716
2025-06-18 20:52:18,358 - __main__ - INFO - ...Text to Image MAP = 0.45683844612538915
2025-06-18 20:52:18,358 - __main__ - INFO - ...Average MAP = 0.4706298051540382
2025-06-18 20:52:25,001 - __main__ - INFO - Noise ratio: 0.8
2025-06-18 20:52:25,003 - __main__ - INFO - Namespace(dataset='wiki', seed=4, alpha=0.9, lamda=1, margin=0.9, lambd=5, barycenter_number=1, top_k=10, warm_up_epoch=0, MAX_EPOCH=100, batch_size=256, output_dim=512, lr=0.0001, noisy_ratio=0.8, noise_mode='sym', GPU=1, hard_weight=True, noisy_train=True, logging='wiki_ablation')
2025-06-18 20:54:20,535 - __main__ - INFO - ...Image to Text MAP = 0.4302402031463611
2025-06-18 20:54:20,635 - __main__ - INFO - ...Text to Image MAP = 0.41406162068281016
2025-06-18 20:54:20,635 - __main__ - INFO - ...Average MAP = 0.42215091191458565
2025-06-18 20:54:26,838 - __main__ - INFO - Noise ratio: 0.8
2025-06-18 20:54:26,839 - __main__ - INFO - Namespace(dataset='wiki', seed=4, alpha=0.0, lamda=1, margin=0.9, lambd=5, barycenter_number=1, top_k=10, warm_up_epoch=0, MAX_EPOCH=100, batch_size=256, output_dim=512, lr=0.0001, noisy_ratio=0.8, noise_mode='sym', GPU=1, hard_weight=True, noisy_train=True, logging='wiki_ablation')
2025-06-18 20:56:32,900 - __main__ - INFO - ...Image to Text MAP = 0.18740209665858715
2025-06-18 20:56:33,026 - __main__ - INFO - ...Text to Image MAP = 0.1817636704271475
2025-06-18 20:56:33,026 - __main__ - INFO - ...Average MAP = 0.18458288354286734
2025-06-18 20:56:39,425 - __main__ - INFO - Noise ratio: 0.8
2025-06-18 20:56:39,425 - __main__ - INFO - Namespace(dataset='wiki', seed=4, alpha=0.9, lamda=1, margin=0.9, lambd=5, barycenter_number=1, top_k=10, warm_up_epoch=0, MAX_EPOCH=100, batch_size=256, output_dim=512, lr=0.0001, noisy_ratio=0.8, noise_mode='sym', GPU=1, hard_weight=True, noisy_train=False, logging='wiki_ablation')
2025-06-18 20:58:25,678 - __main__ - INFO - ...Image to Text MAP = 0.38199173507910894
2025-06-18 20:58:25,781 - __main__ - INFO - ...Text to Image MAP = 0.3735007669485939
2025-06-18 20:58:25,782 - __main__ - INFO - ...Average MAP = 0.3777462510138514
2025-06-18 20:58:32,387 - __main__ - INFO - Noise ratio: 0.8
2025-06-18 20:58:32,387 - __main__ - INFO - Namespace(dataset='wiki', seed=4, alpha=0.9, lamda=0.0, margin=0.9, lambd=5, barycenter_number=1, top_k=10, warm_up_epoch=0, MAX_EPOCH=100, batch_size=256, output_dim=512, lr=0.0001, noisy_ratio=0.8, noise_mode='sym', GPU=1, hard_weight=True, noisy_train=True, logging='wiki_ablation')
2025-06-18 21:00:38,419 - __main__ - INFO - ...Image to Text MAP = 0.41489584034393107
2025-06-18 21:00:38,571 - __main__ - INFO - ...Text to Image MAP = 0.39778286277209074
2025-06-18 21:00:38,572 - __main__ - INFO - ...Average MAP = 0.40633935155801093
2025-06-18 21:00:44,918 - __main__ - INFO - Noise ratio: 0.8
2025-06-18 21:00:44,918 - __main__ - INFO - Namespace(dataset='wiki', seed=4, alpha=0.9, lamda=1, margin=0.9, lambd=5, barycenter_number=1, top_k=10, warm_up_epoch=0, MAX_EPOCH=100, batch_size=256, output_dim=512, lr=0.0001, noisy_ratio=0.8, noise_mode='sym', GPU=1, hard_weight=False, noisy_train=True, logging='wiki_ablation')
2025-06-18 21:02:42,280 - __main__ - INFO - ...Image to Text MAP = 0.43413161003185774
2025-06-18 21:02:42,417 - __main__ - INFO - ...Text to Image MAP = 0.4195536702936726
2025-06-18 21:02:42,418 - __main__ - INFO - ...Average MAP = 0.4268426401627652
2025-06-18 21:02:48,603 - __main__ - INFO - Noise ratio: 0.2
2025-06-18 21:02:48,606 - __main__ - INFO - Namespace(dataset='wiki', seed=4, alpha=1.0, lamda=1, margin=0.9, lambd=5, barycenter_number=1, top_k=10, warm_up_epoch=0, MAX_EPOCH=100, batch_size=256, output_dim=512, lr=0.0001, noisy_ratio=0.2, noise_mode='sym', GPU=1, hard_weight=True, noisy_train=True, logging='wiki_ablation')
2025-06-18 21:04:52,580 - __main__ - INFO - ...Image to Text MAP = 0.5165650538065497
2025-06-18 21:04:52,692 - __main__ - INFO - ...Text to Image MAP = 0.4575896344049779
2025-06-18 21:04:52,693 - __main__ - INFO - ...Average MAP = 0.4870773441057638
2025-06-18 21:04:58,855 - __main__ - INFO - Noise ratio: 0.2
2025-06-18 21:04:58,857 - __main__ - INFO - Namespace(dataset='wiki', seed=4, alpha=0.0, lamda=1, margin=0.9, lambd=5, barycenter_number=1, top_k=10, warm_up_epoch=0, MAX_EPOCH=100, batch_size=256, output_dim=512, lr=0.0001, noisy_ratio=0.2, noise_mode='sym', GPU=1, hard_weight=True, noisy_train=True, logging='wiki_ablation')
2025-06-18 21:06:53,722 - __main__ - INFO - ...Image to Text MAP = 0.3576414571445532
2025-06-18 21:06:53,819 - __main__ - INFO - ...Text to Image MAP = 0.31769009077546584
2025-06-18 21:06:53,819 - __main__ - INFO - ...Average MAP = 0.3376657739600095
2025-06-18 21:06:59,351 - __main__ - INFO - Noise ratio: 0.2
2025-06-18 21:06:59,351 - __main__ - INFO - Namespace(dataset='wiki', seed=4, alpha=1.0, lamda=1, margin=0.9, lambd=5, barycenter_number=1, top_k=10, warm_up_epoch=0, MAX_EPOCH=100, batch_size=256, output_dim=512, lr=0.0001, noisy_ratio=0.2, noise_mode='sym', GPU=1, hard_weight=True, noisy_train=False, logging='wiki_ablation')
2025-06-18 21:08:39,573 - __main__ - INFO - ...Image to Text MAP = 0.5202097648865731
2025-06-18 21:08:39,683 - __main__ - INFO - ...Text to Image MAP = 0.46552123677946905
2025-06-18 21:08:39,683 - __main__ - INFO - ...Average MAP = 0.49286550083302105
2025-06-18 21:08:46,698 - __main__ - INFO - Noise ratio: 0.2
2025-06-18 21:08:46,698 - __main__ - INFO - Namespace(dataset='wiki', seed=4, alpha=1.0, lamda=0.0, margin=0.9, lambd=5, barycenter_number=1, top_k=10, warm_up_epoch=0, MAX_EPOCH=100, batch_size=256, output_dim=512, lr=0.0001, noisy_ratio=0.2, noise_mode='sym', GPU=1, hard_weight=True, noisy_train=True, logging='wiki_ablation')
2025-06-18 21:10:43,713 - __main__ - INFO - ...Image to Text MAP = 0.39874576455341143
2025-06-18 21:10:43,826 - __main__ - INFO - ...Text to Image MAP = 0.380247411829264
2025-06-18 21:10:43,827 - __main__ - INFO - ...Average MAP = 0.3894965881913377
2025-06-18 21:10:50,313 - __main__ - INFO - Noise ratio: 0.2
2025-06-18 21:10:50,313 - __main__ - INFO - Namespace(dataset='wiki', seed=4, alpha=1.0, lamda=1, margin=0.9, lambd=5, barycenter_number=1, top_k=10, warm_up_epoch=0, MAX_EPOCH=100, batch_size=256, output_dim=512, lr=0.0001, noisy_ratio=0.2, noise_mode='sym', GPU=1, hard_weight=False, noisy_train=True, logging='wiki_ablation')
2025-06-18 21:12:47,659 - __main__ - INFO - ...Image to Text MAP = 0.5168785862884635
2025-06-18 21:12:47,794 - __main__ - INFO - ...Text to Image MAP = 0.4595666934687233
2025-06-18 21:12:47,794 - __main__ - INFO - ...Average MAP = 0.4882226398785934
2025-06-18 21:12:53,543 - __main__ - INFO - Noise ratio: 0.4
2025-06-18 21:12:53,544 - __main__ - INFO - Namespace(dataset='wiki', seed=4, alpha=1.0, lamda=1, margin=0.9, lambd=5, barycenter_number=1, top_k=10, warm_up_epoch=0, MAX_EPOCH=100, batch_size=256, output_dim=512, lr=0.0001, noisy_ratio=0.4, noise_mode='sym', GPU=1, hard_weight=True, noisy_train=True, logging='wiki_ablation')
2025-06-18 21:15:14,462 - __main__ - INFO - ...Image to Text MAP = 0.511201736691619
2025-06-18 21:15:14,543 - __main__ - INFO - ...Text to Image MAP = 0.4672953765724035
2025-06-18 21:15:14,543 - __main__ - INFO - ...Average MAP = 0.4892485566320112
2025-06-18 21:15:20,662 - __main__ - INFO - Noise ratio: 0.4
2025-06-18 21:15:20,664 - __main__ - INFO - Namespace(dataset='wiki', seed=4, alpha=0.0, lamda=1, margin=0.9, lambd=5, barycenter_number=1, top_k=10, warm_up_epoch=0, MAX_EPOCH=100, batch_size=256, output_dim=512, lr=0.0001, noisy_ratio=0.4, noise_mode='sym', GPU=1, hard_weight=True, noisy_train=True, logging='wiki_ablation')
2025-06-18 21:17:38,858 - __main__ - INFO - ...Image to Text MAP = 0.2984214351715027
2025-06-18 21:17:39,136 - __main__ - INFO - ...Text to Image MAP = 0.312843637110357
2025-06-18 21:17:39,136 - __main__ - INFO - ...Average MAP = 0.3056325361409299
2025-06-18 21:17:45,030 - __main__ - INFO - Noise ratio: 0.4
2025-06-18 21:17:45,030 - __main__ - INFO - Namespace(dataset='wiki', seed=4, alpha=1.0, lamda=1, margin=0.9, lambd=5, barycenter_number=1, top_k=10, warm_up_epoch=0, MAX_EPOCH=100, batch_size=256, output_dim=512, lr=0.0001, noisy_ratio=0.4, noise_mode='sym', GPU=1, hard_weight=True, noisy_train=False, logging='wiki_ablation')
2025-06-18 21:19:30,415 - __main__ - INFO - ...Image to Text MAP = 0.5022404793422031
2025-06-18 21:19:30,523 - __main__ - INFO - ...Text to Image MAP = 0.45796437418002467
2025-06-18 21:19:30,524 - __main__ - INFO - ...Average MAP = 0.48010242676111387
2025-06-18 21:19:37,407 - __main__ - INFO - Noise ratio: 0.4
2025-06-18 21:19:37,407 - __main__ - INFO - Namespace(dataset='wiki', seed=4, alpha=1.0, lamda=0.0, margin=0.9, lambd=5, barycenter_number=1, top_k=10, warm_up_epoch=0, MAX_EPOCH=100, batch_size=256, output_dim=512, lr=0.0001, noisy_ratio=0.4, noise_mode='sym', GPU=1, hard_weight=True, noisy_train=True, logging='wiki_ablation')
2025-06-18 21:21:47,920 - __main__ - INFO - ...Image to Text MAP = 0.41367765708288323
2025-06-18 21:21:48,184 - __main__ - INFO - ...Text to Image MAP = 0.39358739000285997
2025-06-18 21:21:48,185 - __main__ - INFO - ...Average MAP = 0.4036325235428716
2025-06-18 21:21:55,557 - __main__ - INFO - Noise ratio: 0.4
2025-06-18 21:21:55,559 - __main__ - INFO - Namespace(dataset='wiki', seed=4, alpha=1.0, lamda=1, margin=0.9, lambd=5, barycenter_number=1, top_k=10, warm_up_epoch=0, MAX_EPOCH=100, batch_size=256, output_dim=512, lr=0.0001, noisy_ratio=0.4, noise_mode='sym', GPU=1, hard_weight=False, noisy_train=True, logging='wiki_ablation')
2025-06-18 21:24:17,101 - __main__ - INFO - ...Image to Text MAP = 0.5117013509045036
2025-06-18 21:24:17,199 - __main__ - INFO - ...Text to Image MAP = 0.4610880658321462
2025-06-18 21:24:17,199 - __main__ - INFO - ...Average MAP = 0.4863947083683249
2025-06-18 21:24:22,828 - __main__ - INFO - Noise ratio: 0.6
2025-06-18 21:24:22,831 - __main__ - INFO - Namespace(dataset='wiki', seed=4, alpha=1.0, lamda=1, margin=0.9, lambd=5, barycenter_number=1, top_k=10, warm_up_epoch=0, MAX_EPOCH=100, batch_size=256, output_dim=512, lr=0.0001, noisy_ratio=0.6, noise_mode='sym', GPU=1, hard_weight=True, noisy_train=True, logging='wiki_ablation')
2025-06-18 21:26:25,026 - __main__ - INFO - ...Image to Text MAP = 0.47308564310172135
2025-06-18 21:26:25,126 - __main__ - INFO - ...Text to Image MAP = 0.44605563566578377
2025-06-18 21:26:25,126 - __main__ - INFO - ...Average MAP = 0.45957063938375253
2025-06-18 21:26:31,579 - __main__ - INFO - Noise ratio: 0.6
2025-06-18 21:26:31,581 - __main__ - INFO - Namespace(dataset='wiki', seed=4, alpha=0.0, lamda=1, margin=0.9, lambd=5, barycenter_number=1, top_k=10, warm_up_epoch=0, MAX_EPOCH=100, batch_size=256, output_dim=512, lr=0.0001, noisy_ratio=0.6, noise_mode='sym', GPU=1, hard_weight=True, noisy_train=True, logging='wiki_ablation')
2025-06-18 21:28:45,458 - __main__ - INFO - ...Image to Text MAP = 0.2630060188666376
2025-06-18 21:28:45,586 - __main__ - INFO - ...Text to Image MAP = 0.2563801817353478
2025-06-18 21:28:45,587 - __main__ - INFO - ...Average MAP = 0.2596931003009927
2025-06-18 21:28:52,239 - __main__ - INFO - Noise ratio: 0.6
2025-06-18 21:28:52,242 - __main__ - INFO - Namespace(dataset='wiki', seed=4, alpha=1.0, lamda=1, margin=0.9, lambd=5, barycenter_number=1, top_k=10, warm_up_epoch=0, MAX_EPOCH=100, batch_size=256, output_dim=512, lr=0.0001, noisy_ratio=0.6, noise_mode='sym', GPU=1, hard_weight=True, noisy_train=False, logging='wiki_ablation')
2025-06-18 21:30:48,109 - __main__ - INFO - ...Image to Text MAP = 0.4731745964736639
2025-06-18 21:30:48,215 - __main__ - INFO - ...Text to Image MAP = 0.4324008612227586
2025-06-18 21:30:48,216 - __main__ - INFO - ...Average MAP = 0.4527877288482113
2025-06-18 21:30:54,130 - __main__ - INFO - Noise ratio: 0.6
2025-06-18 21:30:54,130 - __main__ - INFO - Namespace(dataset='wiki', seed=4, alpha=1.0, lamda=0.0, margin=0.9, lambd=5, barycenter_number=1, top_k=10, warm_up_epoch=0, MAX_EPOCH=100, batch_size=256, output_dim=512, lr=0.0001, noisy_ratio=0.6, noise_mode='sym', GPU=1, hard_weight=True, noisy_train=True, logging='wiki_ablation')
2025-06-18 21:32:50,971 - __main__ - INFO - ...Image to Text MAP = 0.4053868642137415
2025-06-18 21:32:51,068 - __main__ - INFO - ...Text to Image MAP = 0.39568404737744634
2025-06-18 21:32:51,068 - __main__ - INFO - ...Average MAP = 0.4005354557955939
2025-06-18 21:32:56,645 - __main__ - INFO - Noise ratio: 0.6
2025-06-18 21:32:56,645 - __main__ - INFO - Namespace(dataset='wiki', seed=4, alpha=1.0, lamda=1, margin=0.9, lambd=5, barycenter_number=1, top_k=10, warm_up_epoch=0, MAX_EPOCH=100, batch_size=256, output_dim=512, lr=0.0001, noisy_ratio=0.6, noise_mode='sym', GPU=1, hard_weight=False, noisy_train=True, logging='wiki_ablation')
2025-06-18 21:35:16,203 - __main__ - INFO - ...Image to Text MAP = 0.4896023344371843
2025-06-18 21:35:16,321 - __main__ - INFO - ...Text to Image MAP = 0.45689428204546795
2025-06-18 21:35:16,322 - __main__ - INFO - ...Average MAP = 0.47324830824132613
2025-06-18 21:35:22,520 - __main__ - INFO - Noise ratio: 0.8
2025-06-18 21:35:22,522 - __main__ - INFO - Namespace(dataset='wiki', seed=4, alpha=1.0, lamda=1, margin=0.9, lambd=5, barycenter_number=1, top_k=10, warm_up_epoch=0, MAX_EPOCH=100, batch_size=256, output_dim=512, lr=0.0001, noisy_ratio=0.8, noise_mode='sym', GPU=1, hard_weight=True, noisy_train=True, logging='wiki_ablation')
2025-06-18 21:37:29,758 - __main__ - INFO - ...Image to Text MAP = 0.4240732654020833
2025-06-18 21:37:29,861 - __main__ - INFO - ...Text to Image MAP = 0.4110524269761867
2025-06-18 21:37:29,861 - __main__ - INFO - ...Average MAP = 0.417562846189135
2025-06-18 21:37:35,812 - __main__ - INFO - Noise ratio: 0.8
2025-06-18 21:37:35,813 - __main__ - INFO - Namespace(dataset='wiki', seed=4, alpha=0.0, lamda=1, margin=0.9, lambd=5, barycenter_number=1, top_k=10, warm_up_epoch=0, MAX_EPOCH=100, batch_size=256, output_dim=512, lr=0.0001, noisy_ratio=0.8, noise_mode='sym', GPU=1, hard_weight=True, noisy_train=True, logging='wiki_ablation')
2025-06-18 21:39:31,456 - __main__ - INFO - ...Image to Text MAP = 0.18740209665858715
2025-06-18 21:39:31,556 - __main__ - INFO - ...Text to Image MAP = 0.1817636704271475
2025-06-18 21:39:31,556 - __main__ - INFO - ...Average MAP = 0.18458288354286734
2025-06-18 21:39:38,328 - __main__ - INFO - Noise ratio: 0.8
2025-06-18 21:39:38,328 - __main__ - INFO - Namespace(dataset='wiki', seed=4, alpha=1.0, lamda=1, margin=0.9, lambd=5, barycenter_number=1, top_k=10, warm_up_epoch=0, MAX_EPOCH=100, batch_size=256, output_dim=512, lr=0.0001, noisy_ratio=0.8, noise_mode='sym', GPU=1, hard_weight=True, noisy_train=False, logging='wiki_ablation')
2025-06-18 21:41:17,558 - __main__ - INFO - ...Image to Text MAP = 0.36940793809814465
2025-06-18 21:41:17,675 - __main__ - INFO - ...Text to Image MAP = 0.35440252578347053
2025-06-18 21:41:17,675 - __main__ - INFO - ...Average MAP = 0.3619052319408076
2025-06-18 21:41:24,500 - __main__ - INFO - Noise ratio: 0.8
2025-06-18 21:41:24,501 - __main__ - INFO - Namespace(dataset='wiki', seed=4, alpha=1.0, lamda=0.0, margin=0.9, lambd=5, barycenter_number=1, top_k=10, warm_up_epoch=0, MAX_EPOCH=100, batch_size=256, output_dim=512, lr=0.0001, noisy_ratio=0.8, noise_mode='sym', GPU=1, hard_weight=True, noisy_train=True, logging='wiki_ablation')
2025-06-18 21:43:31,504 - __main__ - INFO - ...Image to Text MAP = 0.41406504614696055
2025-06-18 21:43:31,593 - __main__ - INFO - ...Text to Image MAP = 0.39698844920160004
2025-06-18 21:43:31,593 - __main__ - INFO - ...Average MAP = 0.4055267476742803
2025-06-18 21:43:37,237 - __main__ - INFO - Noise ratio: 0.8
2025-06-18 21:43:37,238 - __main__ - INFO - Namespace(dataset='wiki', seed=4, alpha=1.0, lamda=1, margin=0.9, lambd=5, barycenter_number=1, top_k=10, warm_up_epoch=0, MAX_EPOCH=100, batch_size=256, output_dim=512, lr=0.0001, noisy_ratio=0.8, noise_mode='sym', GPU=1, hard_weight=False, noisy_train=True, logging='wiki_ablation')
2025-06-18 21:45:30,560 - __main__ - INFO - ...Image to Text MAP = 0.4353832309993474
2025-06-18 21:45:30,646 - __main__ - INFO - ...Text to Image MAP = 0.4198452837964429
2025-06-18 21:45:30,646 - __main__ - INFO - ...Average MAP = 0.42761425739789516
2025-06-18 21:45:36,866 - __main__ - INFO - Noise ratio: 0.2
2025-06-18 21:45:36,867 - __main__ - INFO - Namespace(dataset='wiki', seed=4, alpha=2.0, lamda=1, margin=0.9, lambd=5, barycenter_number=1, top_k=10, warm_up_epoch=0, MAX_EPOCH=100, batch_size=256, output_dim=512, lr=0.0001, noisy_ratio=0.2, noise_mode='sym', GPU=1, hard_weight=True, noisy_train=True, logging='wiki_ablation')
2025-06-18 21:47:39,816 - __main__ - INFO - ...Image to Text MAP = 0.5229413585904668
2025-06-18 21:47:39,915 - __main__ - INFO - ...Text to Image MAP = 0.48298611561977517
2025-06-18 21:47:39,915 - __main__ - INFO - ...Average MAP = 0.502963737105121
2025-06-18 21:47:46,297 - __main__ - INFO - Noise ratio: 0.2
2025-06-18 21:47:46,298 - __main__ - INFO - Namespace(dataset='wiki', seed=4, alpha=0.0, lamda=1, margin=0.9, lambd=5, barycenter_number=1, top_k=10, warm_up_epoch=0, MAX_EPOCH=100, batch_size=256, output_dim=512, lr=0.0001, noisy_ratio=0.2, noise_mode='sym', GPU=1, hard_weight=True, noisy_train=True, logging='wiki_ablation')
2025-06-18 21:49:56,930 - __main__ - INFO - ...Image to Text MAP = 0.3576414571445532
2025-06-18 21:49:57,042 - __main__ - INFO - ...Text to Image MAP = 0.31769009077546584
2025-06-18 21:49:57,043 - __main__ - INFO - ...Average MAP = 0.3376657739600095
2025-06-18 21:50:04,060 - __main__ - INFO - Noise ratio: 0.2
2025-06-18 21:50:04,060 - __main__ - INFO - Namespace(dataset='wiki', seed=4, alpha=2.0, lamda=1, margin=0.9, lambd=5, barycenter_number=1, top_k=10, warm_up_epoch=0, MAX_EPOCH=100, batch_size=256, output_dim=512, lr=0.0001, noisy_ratio=0.2, noise_mode='sym', GPU=1, hard_weight=True, noisy_train=False, logging='wiki_ablation')
2025-06-18 21:51:40,835 - __main__ - INFO - ...Image to Text MAP = 0.5288537837552014
2025-06-18 21:51:40,932 - __main__ - INFO - ...Text to Image MAP = 0.4840363873892928
2025-06-18 21:51:40,932 - __main__ - INFO - ...Average MAP = 0.5064450855722471
2025-06-18 21:51:47,048 - __main__ - INFO - Noise ratio: 0.2
2025-06-18 21:51:47,049 - __main__ - INFO - Namespace(dataset='wiki', seed=4, alpha=2.0, lamda=0.0, margin=0.9, lambd=5, barycenter_number=1, top_k=10, warm_up_epoch=0, MAX_EPOCH=100, batch_size=256, output_dim=512, lr=0.0001, noisy_ratio=0.2, noise_mode='sym', GPU=1, hard_weight=True, noisy_train=True, logging='wiki_ablation')
2025-06-18 21:53:41,579 - __main__ - INFO - ...Image to Text MAP = 0.40139602540486397
2025-06-18 21:53:41,766 - __main__ - INFO - ...Text to Image MAP = 0.38625683879628137
2025-06-18 21:53:41,766 - __main__ - INFO - ...Average MAP = 0.39382643210057267
2025-06-18 21:53:48,311 - __main__ - INFO - Noise ratio: 0.2
2025-06-18 21:53:48,313 - __main__ - INFO - Namespace(dataset='wiki', seed=4, alpha=2.0, lamda=1, margin=0.9, lambd=5, barycenter_number=1, top_k=10, warm_up_epoch=0, MAX_EPOCH=100, batch_size=256, output_dim=512, lr=0.0001, noisy_ratio=0.2, noise_mode='sym', GPU=1, hard_weight=False, noisy_train=True, logging='wiki_ablation')
2025-06-18 21:55:38,940 - __main__ - INFO - ...Image to Text MAP = 0.5302139415614389
2025-06-18 21:55:39,068 - __main__ - INFO - ...Text to Image MAP = 0.4839101856506028
2025-06-18 21:55:39,068 - __main__ - INFO - ...Average MAP = 0.5070620636060208
2025-06-18 21:55:45,517 - __main__ - INFO - Noise ratio: 0.4
2025-06-18 21:55:45,519 - __main__ - INFO - Namespace(dataset='wiki', seed=4, alpha=2.0, lamda=1, margin=0.9, lambd=5, barycenter_number=1, top_k=10, warm_up_epoch=0, MAX_EPOCH=100, batch_size=256, output_dim=512, lr=0.0001, noisy_ratio=0.4, noise_mode='sym', GPU=1, hard_weight=True, noisy_train=True, logging='wiki_ablation')
2025-06-18 21:57:39,585 - __main__ - INFO - ...Image to Text MAP = 0.49406531695551353
2025-06-18 21:57:39,676 - __main__ - INFO - ...Text to Image MAP = 0.4531173777975541
2025-06-18 21:57:39,676 - __main__ - INFO - ...Average MAP = 0.47359134737653386
2025-06-18 21:57:45,904 - __main__ - INFO - Noise ratio: 0.4
2025-06-18 21:57:45,905 - __main__ - INFO - Namespace(dataset='wiki', seed=4, alpha=0.0, lamda=1, margin=0.9, lambd=5, barycenter_number=1, top_k=10, warm_up_epoch=0, MAX_EPOCH=100, batch_size=256, output_dim=512, lr=0.0001, noisy_ratio=0.4, noise_mode='sym', GPU=1, hard_weight=True, noisy_train=True, logging='wiki_ablation')
2025-06-18 21:59:43,790 - __main__ - INFO - ...Image to Text MAP = 0.2984214351715027
2025-06-18 21:59:43,890 - __main__ - INFO - ...Text to Image MAP = 0.312843637110357
2025-06-18 21:59:43,891 - __main__ - INFO - ...Average MAP = 0.3056325361409299
2025-06-18 21:59:50,395 - __main__ - INFO - Noise ratio: 0.4
2025-06-18 21:59:50,395 - __main__ - INFO - Namespace(dataset='wiki', seed=4, alpha=2.0, lamda=1, margin=0.9, lambd=5, barycenter_number=1, top_k=10, warm_up_epoch=0, MAX_EPOCH=100, batch_size=256, output_dim=512, lr=0.0001, noisy_ratio=0.4, noise_mode='sym', GPU=1, hard_weight=True, noisy_train=False, logging='wiki_ablation')
2025-06-18 22:01:24,118 - __main__ - INFO - ...Image to Text MAP = 0.4740886827683642
2025-06-18 22:01:24,241 - __main__ - INFO - ...Text to Image MAP = 0.4343311373392057
2025-06-18 22:01:24,241 - __main__ - INFO - ...Average MAP = 0.45420991005378497
2025-06-18 22:01:30,488 - __main__ - INFO - Noise ratio: 0.4
2025-06-18 22:01:30,489 - __main__ - INFO - Namespace(dataset='wiki', seed=4, alpha=2.0, lamda=0.0, margin=0.9, lambd=5, barycenter_number=1, top_k=10, warm_up_epoch=0, MAX_EPOCH=100, batch_size=256, output_dim=512, lr=0.0001, noisy_ratio=0.4, noise_mode='sym', GPU=1, hard_weight=True, noisy_train=True, logging='wiki_ablation')
2025-06-18 22:03:45,111 - __main__ - INFO - ...Image to Text MAP = 0.4140119335688946
2025-06-18 22:03:45,234 - __main__ - INFO - ...Text to Image MAP = 0.39121654351345214
2025-06-18 22:03:45,235 - __main__ - INFO - ...Average MAP = 0.4026142385411734
2025-06-18 22:03:51,868 - __main__ - INFO - Noise ratio: 0.4
2025-06-18 22:03:51,868 - __main__ - INFO - Namespace(dataset='wiki', seed=4, alpha=2.0, lamda=1, margin=0.9, lambd=5, barycenter_number=1, top_k=10, warm_up_epoch=0, MAX_EPOCH=100, batch_size=256, output_dim=512, lr=0.0001, noisy_ratio=0.4, noise_mode='sym', GPU=1, hard_weight=False, noisy_train=True, logging='wiki_ablation')
2025-06-18 22:05:58,565 - __main__ - INFO - ...Image to Text MAP = 0.4974992539027566
2025-06-18 22:05:58,694 - __main__ - INFO - ...Text to Image MAP = 0.4525339916684437
2025-06-18 22:05:58,695 - __main__ - INFO - ...Average MAP = 0.4750166227856002
2025-06-18 22:06:05,103 - __main__ - INFO - Noise ratio: 0.6
2025-06-18 22:06:05,104 - __main__ - INFO - Namespace(dataset='wiki', seed=4, alpha=2.0, lamda=1, margin=0.9, lambd=5, barycenter_number=1, top_k=10, warm_up_epoch=0, MAX_EPOCH=100, batch_size=256, output_dim=512, lr=0.0001, noisy_ratio=0.6, noise_mode='sym', GPU=1, hard_weight=True, noisy_train=True, logging='wiki_ablation')
2025-06-18 22:08:21,471 - __main__ - INFO - ...Image to Text MAP = 0.43176840986108256
2025-06-18 22:08:21,555 - __main__ - INFO - ...Text to Image MAP = 0.41930034181550196
2025-06-18 22:08:21,555 - __main__ - INFO - ...Average MAP = 0.42553437583829223
2025-06-18 22:08:28,415 - __main__ - INFO - Noise ratio: 0.6
2025-06-18 22:08:28,416 - __main__ - INFO - Namespace(dataset='wiki', seed=4, alpha=0.0, lamda=1, margin=0.9, lambd=5, barycenter_number=1, top_k=10, warm_up_epoch=0, MAX_EPOCH=100, batch_size=256, output_dim=512, lr=0.0001, noisy_ratio=0.6, noise_mode='sym', GPU=1, hard_weight=True, noisy_train=True, logging='wiki_ablation')
2025-06-18 22:10:27,673 - __main__ - INFO - ...Image to Text MAP = 0.2630060188666376
2025-06-18 22:10:27,768 - __main__ - INFO - ...Text to Image MAP = 0.2563801817353478
2025-06-18 22:10:27,768 - __main__ - INFO - ...Average MAP = 0.2596931003009927
2025-06-18 22:10:33,812 - __main__ - INFO - Noise ratio: 0.6
2025-06-18 22:10:33,812 - __main__ - INFO - Namespace(dataset='wiki', seed=4, alpha=2.0, lamda=1, margin=0.9, lambd=5, barycenter_number=1, top_k=10, warm_up_epoch=0, MAX_EPOCH=100, batch_size=256, output_dim=512, lr=0.0001, noisy_ratio=0.6, noise_mode='sym', GPU=1, hard_weight=True, noisy_train=False, logging='wiki_ablation')
2025-06-18 22:12:10,297 - __main__ - INFO - ...Image to Text MAP = 0.38503813741845067
2025-06-18 22:12:10,394 - __main__ - INFO - ...Text to Image MAP = 0.3581418764579273
2025-06-18 22:12:10,394 - __main__ - INFO - ...Average MAP = 0.371590006938189
2025-06-18 22:12:16,928 - __main__ - INFO - Noise ratio: 0.6
2025-06-18 22:12:16,929 - __main__ - INFO - Namespace(dataset='wiki', seed=4, alpha=2.0, lamda=0.0, margin=0.9, lambd=5, barycenter_number=1, top_k=10, warm_up_epoch=0, MAX_EPOCH=100, batch_size=256, output_dim=512, lr=0.0001, noisy_ratio=0.6, noise_mode='sym', GPU=1, hard_weight=True, noisy_train=True, logging='wiki_ablation')
2025-06-18 22:14:27,938 - __main__ - INFO - ...Image to Text MAP = 0.4074055641041235
2025-06-18 22:14:28,039 - __main__ - INFO - ...Text to Image MAP = 0.3902099979265307
2025-06-18 22:14:28,040 - __main__ - INFO - ...Average MAP = 0.3988077810153271
2025-06-18 22:14:34,717 - __main__ - INFO - Noise ratio: 0.6
2025-06-18 22:14:34,719 - __main__ - INFO - Namespace(dataset='wiki', seed=4, alpha=2.0, lamda=1, margin=0.9, lambd=5, barycenter_number=1, top_k=10, warm_up_epoch=0, MAX_EPOCH=100, batch_size=256, output_dim=512, lr=0.0001, noisy_ratio=0.6, noise_mode='sym', GPU=1, hard_weight=False, noisy_train=True, logging='wiki_ablation')
2025-06-18 22:16:32,558 - __main__ - INFO - ...Image to Text MAP = 0.43731570013138205
2025-06-18 22:16:32,645 - __main__ - INFO - ...Text to Image MAP = 0.41857950213521317
2025-06-18 22:16:32,646 - __main__ - INFO - ...Average MAP = 0.4279476011332976
2025-06-18 22:16:39,064 - __main__ - INFO - Noise ratio: 0.8
2025-06-18 22:16:39,066 - __main__ - INFO - Namespace(dataset='wiki', seed=4, alpha=2.0, lamda=1, margin=0.9, lambd=5, barycenter_number=1, top_k=10, warm_up_epoch=0, MAX_EPOCH=100, batch_size=256, output_dim=512, lr=0.0001, noisy_ratio=0.8, noise_mode='sym', GPU=1, hard_weight=True, noisy_train=True, logging='wiki_ablation')
2025-06-18 22:18:55,758 - __main__ - INFO - ...Image to Text MAP = 0.4247821510267596
2025-06-18 22:18:55,851 - __main__ - INFO - ...Text to Image MAP = 0.41070550897093194
2025-06-18 22:18:55,851 - __main__ - INFO - ...Average MAP = 0.41774382999884574
2025-06-18 22:19:01,446 - __main__ - INFO - Noise ratio: 0.8
2025-06-18 22:19:01,447 - __main__ - INFO - Namespace(dataset='wiki', seed=4, alpha=0.0, lamda=1, margin=0.9, lambd=5, barycenter_number=1, top_k=10, warm_up_epoch=0, MAX_EPOCH=100, batch_size=256, output_dim=512, lr=0.0001, noisy_ratio=0.8, noise_mode='sym', GPU=1, hard_weight=True, noisy_train=True, logging='wiki_ablation')
2025-06-18 22:20:59,482 - __main__ - INFO - ...Image to Text MAP = 0.18740209665858715
2025-06-18 22:20:59,573 - __main__ - INFO - ...Text to Image MAP = 0.1817636704271475
2025-06-18 22:20:59,574 - __main__ - INFO - ...Average MAP = 0.18458288354286734
2025-06-18 22:21:05,737 - __main__ - INFO - Noise ratio: 0.8
2025-06-18 22:21:05,737 - __main__ - INFO - Namespace(dataset='wiki', seed=4, alpha=2.0, lamda=1, margin=0.9, lambd=5, barycenter_number=1, top_k=10, warm_up_epoch=0, MAX_EPOCH=100, batch_size=256, output_dim=512, lr=0.0001, noisy_ratio=0.8, noise_mode='sym', GPU=1, hard_weight=True, noisy_train=False, logging='wiki_ablation')
2025-06-18 22:22:42,959 - __main__ - INFO - ...Image to Text MAP = 0.36107631385726296
2025-06-18 22:22:43,054 - __main__ - INFO - ...Text to Image MAP = 0.33529711363248904
2025-06-18 22:22:43,054 - __main__ - INFO - ...Average MAP = 0.348186713744876
2025-06-18 22:22:48,841 - __main__ - INFO - Noise ratio: 0.8
2025-06-18 22:22:48,841 - __main__ - INFO - Namespace(dataset='wiki', seed=4, alpha=2.0, lamda=0.0, margin=0.9, lambd=5, barycenter_number=1, top_k=10, warm_up_epoch=0, MAX_EPOCH=100, batch_size=256, output_dim=512, lr=0.0001, noisy_ratio=0.8, noise_mode='sym', GPU=1, hard_weight=True, noisy_train=True, logging='wiki_ablation')
2025-06-18 22:24:40,489 - __main__ - INFO - ...Image to Text MAP = 0.41616337298995043
2025-06-18 22:24:40,604 - __main__ - INFO - ...Text to Image MAP = 0.4011906499615104
2025-06-18 22:24:40,604 - __main__ - INFO - ...Average MAP = 0.40867701147573043
2025-06-18 22:24:45,945 - __main__ - INFO - Noise ratio: 0.8
2025-06-18 22:24:45,945 - __main__ - INFO - Namespace(dataset='wiki', seed=4, alpha=2.0, lamda=1, margin=0.9, lambd=5, barycenter_number=1, top_k=10, warm_up_epoch=0, MAX_EPOCH=100, batch_size=256, output_dim=512, lr=0.0001, noisy_ratio=0.8, noise_mode='sym', GPU=1, hard_weight=False, noisy_train=True, logging='wiki_ablation')
2025-06-18 22:26:45,449 - __main__ - INFO - ...Image to Text MAP = 0.42472991284198897
2025-06-18 22:26:45,541 - __main__ - INFO - ...Text to Image MAP = 0.412388226967647
2025-06-18 22:26:45,542 - __main__ - INFO - ...Average MAP = 0.41855906990481795
2025-06-18 22:26:51,253 - __main__ - INFO - Noise ratio: 0.2
2025-06-18 22:26:51,255 - __main__ - INFO - Namespace(dataset='wiki', seed=4, alpha=3.0, lamda=1, margin=0.9, lambd=5, barycenter_number=1, top_k=10, warm_up_epoch=0, MAX_EPOCH=100, batch_size=256, output_dim=512, lr=0.0001, noisy_ratio=0.2, noise_mode='sym', GPU=1, hard_weight=True, noisy_train=True, logging='wiki_ablation')
2025-06-18 22:28:45,980 - __main__ - INFO - ...Image to Text MAP = 0.463522835705794
2025-06-18 22:28:46,062 - __main__ - INFO - ...Text to Image MAP = 0.43401020183661027
2025-06-18 22:28:46,063 - __main__ - INFO - ...Average MAP = 0.4487665187712021
2025-06-18 22:28:51,565 - __main__ - INFO - Noise ratio: 0.2
2025-06-18 22:28:51,569 - __main__ - INFO - Namespace(dataset='wiki', seed=4, alpha=0.0, lamda=1, margin=0.9, lambd=5, barycenter_number=1, top_k=10, warm_up_epoch=0, MAX_EPOCH=100, batch_size=256, output_dim=512, lr=0.0001, noisy_ratio=0.2, noise_mode='sym', GPU=1, hard_weight=True, noisy_train=True, logging='wiki_ablation')
2025-06-18 22:30:46,421 - __main__ - INFO - ...Image to Text MAP = 0.3576414571445532
2025-06-18 22:30:46,522 - __main__ - INFO - ...Text to Image MAP = 0.31769009077546584
2025-06-18 22:30:46,522 - __main__ - INFO - ...Average MAP = 0.3376657739600095
2025-06-18 22:30:51,773 - __main__ - INFO - Noise ratio: 0.2
2025-06-18 22:30:51,774 - __main__ - INFO - Namespace(dataset='wiki', seed=4, alpha=3.0, lamda=1, margin=0.9, lambd=5, barycenter_number=1, top_k=10, warm_up_epoch=0, MAX_EPOCH=100, batch_size=256, output_dim=512, lr=0.0001, noisy_ratio=0.2, noise_mode='sym', GPU=1, hard_weight=True, noisy_train=False, logging='wiki_ablation')
2025-06-18 22:32:33,097 - __main__ - INFO - ...Image to Text MAP = 0.4679676454988635
2025-06-18 22:32:33,207 - __main__ - INFO - ...Text to Image MAP = 0.4316882770304131
2025-06-18 22:32:33,208 - __main__ - INFO - ...Average MAP = 0.4498279612646383
2025-06-18 22:32:38,987 - __main__ - INFO - Noise ratio: 0.2
2025-06-18 22:32:38,988 - __main__ - INFO - Namespace(dataset='wiki', seed=4, alpha=3.0, lamda=0.0, margin=0.9, lambd=5, barycenter_number=1, top_k=10, warm_up_epoch=0, MAX_EPOCH=100, batch_size=256, output_dim=512, lr=0.0001, noisy_ratio=0.2, noise_mode='sym', GPU=1, hard_weight=True, noisy_train=True, logging='wiki_ablation')
2025-06-18 22:34:40,292 - __main__ - INFO - ...Image to Text MAP = 0.4026648512028568
2025-06-18 22:34:40,397 - __main__ - INFO - ...Text to Image MAP = 0.3796295638387871
2025-06-18 22:34:40,398 - __main__ - INFO - ...Average MAP = 0.39114720752082194
2025-06-18 22:34:45,340 - __main__ - INFO - Noise ratio: 0.2
2025-06-18 22:34:45,341 - __main__ - INFO - Namespace(dataset='wiki', seed=4, alpha=3.0, lamda=1, margin=0.9, lambd=5, barycenter_number=1, top_k=10, warm_up_epoch=0, MAX_EPOCH=100, batch_size=256, output_dim=512, lr=0.0001, noisy_ratio=0.2, noise_mode='sym', GPU=1, hard_weight=False, noisy_train=True, logging='wiki_ablation')
2025-06-18 22:36:47,792 - __main__ - INFO - ...Image to Text MAP = 0.48070983899469905
2025-06-18 22:36:47,887 - __main__ - INFO - ...Text to Image MAP = 0.44620383809353564
2025-06-18 22:36:47,888 - __main__ - INFO - ...Average MAP = 0.46345683854411734
2025-06-18 22:36:53,206 - __main__ - INFO - Noise ratio: 0.4
2025-06-18 22:36:53,208 - __main__ - INFO - Namespace(dataset='wiki', seed=4, alpha=3.0, lamda=1, margin=0.9, lambd=5, barycenter_number=1, top_k=10, warm_up_epoch=0, MAX_EPOCH=100, batch_size=256, output_dim=512, lr=0.0001, noisy_ratio=0.4, noise_mode='sym', GPU=1, hard_weight=True, noisy_train=True, logging='wiki_ablation')
2025-06-18 22:39:11,112 - __main__ - INFO - ...Image to Text MAP = 0.44789149518536114
2025-06-18 22:39:11,212 - __main__ - INFO - ...Text to Image MAP = 0.42493020414983945
2025-06-18 22:39:11,213 - __main__ - INFO - ...Average MAP = 0.4364108496676003
2025-06-18 22:39:16,478 - __main__ - INFO - Noise ratio: 0.4
2025-06-18 22:39:16,479 - __main__ - INFO - Namespace(dataset='wiki', seed=4, alpha=0.0, lamda=1, margin=0.9, lambd=5, barycenter_number=1, top_k=10, warm_up_epoch=0, MAX_EPOCH=100, batch_size=256, output_dim=512, lr=0.0001, noisy_ratio=0.4, noise_mode='sym', GPU=1, hard_weight=True, noisy_train=True, logging='wiki_ablation')
2025-06-18 22:41:16,442 - __main__ - INFO - ...Image to Text MAP = 0.2984214351715027
2025-06-18 22:41:16,541 - __main__ - INFO - ...Text to Image MAP = 0.312843637110357
2025-06-18 22:41:16,542 - __main__ - INFO - ...Average MAP = 0.3056325361409299
2025-06-18 22:41:22,532 - __main__ - INFO - Noise ratio: 0.4
2025-06-18 22:41:22,532 - __main__ - INFO - Namespace(dataset='wiki', seed=4, alpha=3.0, lamda=1, margin=0.9, lambd=5, barycenter_number=1, top_k=10, warm_up_epoch=0, MAX_EPOCH=100, batch_size=256, output_dim=512, lr=0.0001, noisy_ratio=0.4, noise_mode='sym', GPU=1, hard_weight=True, noisy_train=False, logging='wiki_ablation')
2025-06-18 22:43:12,279 - __main__ - INFO - ...Image to Text MAP = 0.39765634690858903
2025-06-18 22:43:12,376 - __main__ - INFO - ...Text to Image MAP = 0.3779884665399502
2025-06-18 22:43:12,376 - __main__ - INFO - ...Average MAP = 0.3878224067242696
2025-06-18 22:43:18,046 - __main__ - INFO - Noise ratio: 0.4
2025-06-18 22:43:18,046 - __main__ - INFO - Namespace(dataset='wiki', seed=4, alpha=3.0, lamda=0.0, margin=0.9, lambd=5, barycenter_number=1, top_k=10, warm_up_epoch=0, MAX_EPOCH=100, batch_size=256, output_dim=512, lr=0.0001, noisy_ratio=0.4, noise_mode='sym', GPU=1, hard_weight=True, noisy_train=True, logging='wiki_ablation')
2025-06-18 22:45:17,217 - __main__ - INFO - ...Image to Text MAP = 0.418258320623998
2025-06-18 22:45:17,319 - __main__ - INFO - ...Text to Image MAP = 0.39044946982512874
2025-06-18 22:45:17,319 - __main__ - INFO - ...Average MAP = 0.40435389522456333
2025-06-18 22:45:22,709 - __main__ - INFO - Noise ratio: 0.4
2025-06-18 22:45:22,710 - __main__ - INFO - Namespace(dataset='wiki', seed=4, alpha=3.0, lamda=1, margin=0.9, lambd=5, barycenter_number=1, top_k=10, warm_up_epoch=0, MAX_EPOCH=100, batch_size=256, output_dim=512, lr=0.0001, noisy_ratio=0.4, noise_mode='sym', GPU=1, hard_weight=False, noisy_train=True, logging='wiki_ablation')
2025-06-18 22:47:30,398 - __main__ - INFO - ...Image to Text MAP = 0.45634395354040486
2025-06-18 22:47:30,494 - __main__ - INFO - ...Text to Image MAP = 0.427278622289404
2025-06-18 22:47:30,494 - __main__ - INFO - ...Average MAP = 0.4418112879149044
2025-06-18 22:47:35,941 - __main__ - INFO - Noise ratio: 0.6
2025-06-18 22:47:35,942 - __main__ - INFO - Namespace(dataset='wiki', seed=4, alpha=3.0, lamda=1, margin=0.9, lambd=5, barycenter_number=1, top_k=10, warm_up_epoch=0, MAX_EPOCH=100, batch_size=256, output_dim=512, lr=0.0001, noisy_ratio=0.6, noise_mode='sym', GPU=1, hard_weight=True, noisy_train=True, logging='wiki_ablation')
2025-06-18 22:49:42,366 - __main__ - INFO - ...Image to Text MAP = 0.4244204044906595
2025-06-18 22:49:42,464 - __main__ - INFO - ...Text to Image MAP = 0.40925326779088494
2025-06-18 22:49:42,464 - __main__ - INFO - ...Average MAP = 0.4168368361407722
2025-06-18 22:49:49,702 - __main__ - INFO - Noise ratio: 0.6
2025-06-18 22:49:49,704 - __main__ - INFO - Namespace(dataset='wiki', seed=4, alpha=0.0, lamda=1, margin=0.9, lambd=5, barycenter_number=1, top_k=10, warm_up_epoch=0, MAX_EPOCH=100, batch_size=256, output_dim=512, lr=0.0001, noisy_ratio=0.6, noise_mode='sym', GPU=1, hard_weight=True, noisy_train=True, logging='wiki_ablation')
2025-06-18 22:51:56,550 - __main__ - INFO - ...Image to Text MAP = 0.2630060188666376
2025-06-18 22:51:56,650 - __main__ - INFO - ...Text to Image MAP = 0.2563801817353478
2025-06-18 22:51:56,650 - __main__ - INFO - ...Average MAP = 0.2596931003009927
2025-06-18 22:52:02,408 - __main__ - INFO - Noise ratio: 0.6
2025-06-18 22:52:02,409 - __main__ - INFO - Namespace(dataset='wiki', seed=4, alpha=3.0, lamda=1, margin=0.9, lambd=5, barycenter_number=1, top_k=10, warm_up_epoch=0, MAX_EPOCH=100, batch_size=256, output_dim=512, lr=0.0001, noisy_ratio=0.6, noise_mode='sym', GPU=1, hard_weight=True, noisy_train=False, logging='wiki_ablation')
2025-06-18 22:53:42,185 - __main__ - INFO - ...Image to Text MAP = 0.3657263249390264
2025-06-18 22:53:42,281 - __main__ - INFO - ...Text to Image MAP = 0.3418223315493151
2025-06-18 22:53:42,282 - __main__ - INFO - ...Average MAP = 0.35377432824417077
2025-06-18 22:53:47,403 - __main__ - INFO - Noise ratio: 0.6
2025-06-18 22:53:47,404 - __main__ - INFO - Namespace(dataset='wiki', seed=4, alpha=3.0, lamda=0.0, margin=0.9, lambd=5, barycenter_number=1, top_k=10, warm_up_epoch=0, MAX_EPOCH=100, batch_size=256, output_dim=512, lr=0.0001, noisy_ratio=0.6, noise_mode='sym', GPU=1, hard_weight=True, noisy_train=True, logging='wiki_ablation')
2025-06-18 22:55:46,514 - __main__ - INFO - ...Image to Text MAP = 0.41065791377981564
2025-06-18 22:55:46,650 - __main__ - INFO - ...Text to Image MAP = 0.3929326180553557
2025-06-18 22:55:46,651 - __main__ - INFO - ...Average MAP = 0.40179526591758563
2025-06-18 22:55:51,922 - __main__ - INFO - Noise ratio: 0.6
2025-06-18 22:55:51,923 - __main__ - INFO - Namespace(dataset='wiki', seed=4, alpha=3.0, lamda=1, margin=0.9, lambd=5, barycenter_number=1, top_k=10, warm_up_epoch=0, MAX_EPOCH=100, batch_size=256, output_dim=512, lr=0.0001, noisy_ratio=0.6, noise_mode='sym', GPU=1, hard_weight=False, noisy_train=True, logging='wiki_ablation')
2025-06-18 22:58:06,862 - __main__ - INFO - ...Image to Text MAP = 0.4300282273891893
2025-06-18 22:58:06,945 - __main__ - INFO - ...Text to Image MAP = 0.4172440583909818
2025-06-18 22:58:06,946 - __main__ - INFO - ...Average MAP = 0.42363614289008555
2025-06-18 22:58:12,213 - __main__ - INFO - Noise ratio: 0.8
2025-06-18 22:58:12,215 - __main__ - INFO - Namespace(dataset='wiki', seed=4, alpha=3.0, lamda=1, margin=0.9, lambd=5, barycenter_number=1, top_k=10, warm_up_epoch=0, MAX_EPOCH=100, batch_size=256, output_dim=512, lr=0.0001, noisy_ratio=0.8, noise_mode='sym', GPU=1, hard_weight=True, noisy_train=True, logging='wiki_ablation')
2025-06-18 23:00:25,263 - __main__ - INFO - ...Image to Text MAP = 0.41624346488449254
2025-06-18 23:00:25,365 - __main__ - INFO - ...Text to Image MAP = 0.39939687886421427
2025-06-18 23:00:25,366 - __main__ - INFO - ...Average MAP = 0.4078201718743534
2025-06-18 23:00:30,323 - __main__ - INFO - Noise ratio: 0.8
2025-06-18 23:00:30,324 - __main__ - INFO - Namespace(dataset='wiki', seed=4, alpha=0.0, lamda=1, margin=0.9, lambd=5, barycenter_number=1, top_k=10, warm_up_epoch=0, MAX_EPOCH=100, batch_size=256, output_dim=512, lr=0.0001, noisy_ratio=0.8, noise_mode='sym', GPU=1, hard_weight=True, noisy_train=True, logging='wiki_ablation')
2025-06-18 23:02:29,949 - __main__ - INFO - ...Image to Text MAP = 0.18740209665858715
2025-06-18 23:02:30,093 - __main__ - INFO - ...Text to Image MAP = 0.1817636704271475
2025-06-18 23:02:30,093 - __main__ - INFO - ...Average MAP = 0.18458288354286734
2025-06-18 23:02:35,899 - __main__ - INFO - Noise ratio: 0.8
2025-06-18 23:02:35,899 - __main__ - INFO - Namespace(dataset='wiki', seed=4, alpha=3.0, lamda=1, margin=0.9, lambd=5, barycenter_number=1, top_k=10, warm_up_epoch=0, MAX_EPOCH=100, batch_size=256, output_dim=512, lr=0.0001, noisy_ratio=0.8, noise_mode='sym', GPU=1, hard_weight=True, noisy_train=False, logging='wiki_ablation')
2025-06-18 23:04:10,520 - __main__ - INFO - ...Image to Text MAP = 0.35779156039268917
2025-06-18 23:04:10,605 - __main__ - INFO - ...Text to Image MAP = 0.3358564344265627
2025-06-18 23:04:10,606 - __main__ - INFO - ...Average MAP = 0.34682399740962594
2025-06-18 23:04:16,124 - __main__ - INFO - Noise ratio: 0.8
2025-06-18 23:04:16,124 - __main__ - INFO - Namespace(dataset='wiki', seed=4, alpha=3.0, lamda=0.0, margin=0.9, lambd=5, barycenter_number=1, top_k=10, warm_up_epoch=0, MAX_EPOCH=100, batch_size=256, output_dim=512, lr=0.0001, noisy_ratio=0.8, noise_mode='sym', GPU=1, hard_weight=True, noisy_train=True, logging='wiki_ablation')
2025-06-18 23:06:19,841 - __main__ - INFO - ...Image to Text MAP = 0.41583785308058263
2025-06-18 23:06:19,928 - __main__ - INFO - ...Text to Image MAP = 0.40008644298827417
2025-06-18 23:06:19,929 - __main__ - INFO - ...Average MAP = 0.40796214803442843
2025-06-18 23:06:25,660 - __main__ - INFO - Noise ratio: 0.8
2025-06-18 23:06:25,660 - __main__ - INFO - Namespace(dataset='wiki', seed=4, alpha=3.0, lamda=1, margin=0.9, lambd=5, barycenter_number=1, top_k=10, warm_up_epoch=0, MAX_EPOCH=100, batch_size=256, output_dim=512, lr=0.0001, noisy_ratio=0.8, noise_mode='sym', GPU=1, hard_weight=False, noisy_train=True, logging='wiki_ablation')
2025-06-18 23:08:26,516 - __main__ - INFO - ...Image to Text MAP = 0.4297326021079261
2025-06-18 23:08:26,621 - __main__ - INFO - ...Text to Image MAP = 0.4107246396349838
2025-06-18 23:08:26,622 - __main__ - INFO - ...Average MAP = 0.42022862087145496
2025-06-18 23:08:32,399 - __main__ - INFO - Noise ratio: 0.2
2025-06-18 23:08:32,401 - __main__ - INFO - Namespace(dataset='wiki', seed=5, alpha=0.7, lamda=1, margin=0.9, lambd=5, barycenter_number=1, top_k=10, warm_up_epoch=0, MAX_EPOCH=100, batch_size=256, output_dim=512, lr=0.0001, noisy_ratio=0.2, noise_mode='sym', GPU=1, hard_weight=True, noisy_train=True, logging='wiki_ablation')
2025-06-18 23:10:48,240 - __main__ - INFO - ...Image to Text MAP = 0.5146668653862954
2025-06-18 23:10:48,359 - __main__ - INFO - ...Text to Image MAP = 0.4591171430252501
2025-06-18 23:10:48,360 - __main__ - INFO - ...Average MAP = 0.4868920042057727
2025-06-18 23:10:54,325 - __main__ - INFO - Noise ratio: 0.2
2025-06-18 23:10:54,326 - __main__ - INFO - Namespace(dataset='wiki', seed=5, alpha=0.0, lamda=1, margin=0.9, lambd=5, barycenter_number=1, top_k=10, warm_up_epoch=0, MAX_EPOCH=100, batch_size=256, output_dim=512, lr=0.0001, noisy_ratio=0.2, noise_mode='sym', GPU=1, hard_weight=True, noisy_train=True, logging='wiki_ablation')
2025-06-18 23:13:10,071 - __main__ - INFO - ...Image to Text MAP = 0.38794389981461724
2025-06-18 23:13:10,168 - __main__ - INFO - ...Text to Image MAP = 0.3269857578107878
2025-06-18 23:13:10,169 - __main__ - INFO - ...Average MAP = 0.35746482881270253
2025-06-18 23:13:16,198 - __main__ - INFO - Noise ratio: 0.2
2025-06-18 23:13:16,199 - __main__ - INFO - Namespace(dataset='wiki', seed=5, alpha=0.7, lamda=1, margin=0.9, lambd=5, barycenter_number=1, top_k=10, warm_up_epoch=0, MAX_EPOCH=100, batch_size=256, output_dim=512, lr=0.0001, noisy_ratio=0.2, noise_mode='sym', GPU=1, hard_weight=True, noisy_train=False, logging='wiki_ablation')
2025-06-18 23:15:03,500 - __main__ - INFO - ...Image to Text MAP = 0.511191311761294
2025-06-18 23:15:03,602 - __main__ - INFO - ...Text to Image MAP = 0.46577848332035826
2025-06-18 23:15:03,602 - __main__ - INFO - ...Average MAP = 0.48848489754082614
2025-06-18 23:15:08,687 - __main__ - INFO - Noise ratio: 0.2
2025-06-18 23:15:08,687 - __main__ - INFO - Namespace(dataset='wiki', seed=5, alpha=0.7, lamda=0.0, margin=0.9, lambd=5, barycenter_number=1, top_k=10, warm_up_epoch=0, MAX_EPOCH=100, batch_size=256, output_dim=512, lr=0.0001, noisy_ratio=0.2, noise_mode='sym', GPU=1, hard_weight=True, noisy_train=True, logging='wiki_ablation')
2025-06-18 23:17:07,448 - __main__ - INFO - ...Image to Text MAP = 0.4079336510992851
2025-06-18 23:17:07,542 - __main__ - INFO - ...Text to Image MAP = 0.38399167305425697
2025-06-18 23:17:07,543 - __main__ - INFO - ...Average MAP = 0.395962662076771
2025-06-18 23:17:12,549 - __main__ - INFO - Noise ratio: 0.2
2025-06-18 23:17:12,550 - __main__ - INFO - Namespace(dataset='wiki', seed=5, alpha=0.7, lamda=1, margin=0.9, lambd=5, barycenter_number=1, top_k=10, warm_up_epoch=0, MAX_EPOCH=100, batch_size=256, output_dim=512, lr=0.0001, noisy_ratio=0.2, noise_mode='sym', GPU=1, hard_weight=False, noisy_train=True, logging='wiki_ablation')
2025-06-18 23:19:20,206 - __main__ - INFO - ...Image to Text MAP = 0.5090570501953879
2025-06-18 23:19:20,316 - __main__ - INFO - ...Text to Image MAP = 0.45348481330789775
2025-06-18 23:19:20,317 - __main__ - INFO - ...Average MAP = 0.4812709317516428
2025-06-18 23:19:26,123 - __main__ - INFO - Noise ratio: 0.4
2025-06-18 23:19:26,125 - __main__ - INFO - Namespace(dataset='wiki', seed=5, alpha=0.7, lamda=1, margin=0.9, lambd=5, barycenter_number=1, top_k=10, warm_up_epoch=0, MAX_EPOCH=100, batch_size=256, output_dim=512, lr=0.0001, noisy_ratio=0.4, noise_mode='sym', GPU=1, hard_weight=True, noisy_train=True, logging='wiki_ablation')
2025-06-18 23:21:31,503 - __main__ - INFO - ...Image to Text MAP = 0.5113465656508802
2025-06-18 23:21:31,618 - __main__ - INFO - ...Text to Image MAP = 0.4641574895494451
2025-06-18 23:21:31,618 - __main__ - INFO - ...Average MAP = 0.4877520276001627
2025-06-18 23:21:36,957 - __main__ - INFO - Noise ratio: 0.4
2025-06-18 23:21:36,958 - __main__ - INFO - Namespace(dataset='wiki', seed=5, alpha=0.0, lamda=1, margin=0.9, lambd=5, barycenter_number=1, top_k=10, warm_up_epoch=0, MAX_EPOCH=100, batch_size=256, output_dim=512, lr=0.0001, noisy_ratio=0.4, noise_mode='sym', GPU=1, hard_weight=True, noisy_train=True, logging='wiki_ablation')
2025-06-18 23:23:48,678 - __main__ - INFO - ...Image to Text MAP = 0.25620749713693863
2025-06-18 23:23:48,779 - __main__ - INFO - ...Text to Image MAP = 0.26268994902312676
2025-06-18 23:23:48,780 - __main__ - INFO - ...Average MAP = 0.2594487230800327
2025-06-18 23:23:55,327 - __main__ - INFO - Noise ratio: 0.4
2025-06-18 23:23:55,328 - __main__ - INFO - Namespace(dataset='wiki', seed=5, alpha=0.7, lamda=1, margin=0.9, lambd=5, barycenter_number=1, top_k=10, warm_up_epoch=0, MAX_EPOCH=100, batch_size=256, output_dim=512, lr=0.0001, noisy_ratio=0.4, noise_mode='sym', GPU=1, hard_weight=True, noisy_train=False, logging='wiki_ablation')
2025-06-18 23:25:53,044 - __main__ - INFO - ...Image to Text MAP = 0.49634707204845824
2025-06-18 23:25:53,140 - __main__ - INFO - ...Text to Image MAP = 0.4502778491052559
2025-06-18 23:25:53,140 - __main__ - INFO - ...Average MAP = 0.47331246057685705
2025-06-18 23:25:59,796 - __main__ - INFO - Noise ratio: 0.4
2025-06-18 23:25:59,798 - __main__ - INFO - Namespace(dataset='wiki', seed=5, alpha=0.7, lamda=0.0, margin=0.9, lambd=5, barycenter_number=1, top_k=10, warm_up_epoch=0, MAX_EPOCH=100, batch_size=256, output_dim=512, lr=0.0001, noisy_ratio=0.4, noise_mode='sym', GPU=1, hard_weight=True, noisy_train=True, logging='wiki_ablation')
2025-06-18 23:28:00,415 - __main__ - INFO - ...Image to Text MAP = 0.4190383841317789
2025-06-18 23:28:00,518 - __main__ - INFO - ...Text to Image MAP = 0.3929331026447487
2025-06-18 23:28:00,518 - __main__ - INFO - ...Average MAP = 0.40598574338826376
2025-06-18 23:28:05,991 - __main__ - INFO - Noise ratio: 0.4
2025-06-18 23:28:05,991 - __main__ - INFO - Namespace(dataset='wiki', seed=5, alpha=0.7, lamda=1, margin=0.9, lambd=5, barycenter_number=1, top_k=10, warm_up_epoch=0, MAX_EPOCH=100, batch_size=256, output_dim=512, lr=0.0001, noisy_ratio=0.4, noise_mode='sym', GPU=1, hard_weight=False, noisy_train=True, logging='wiki_ablation')
2025-06-18 23:30:01,201 - __main__ - INFO - ...Image to Text MAP = 0.499701796710644
2025-06-18 23:30:01,297 - __main__ - INFO - ...Text to Image MAP = 0.45421324451056044
2025-06-18 23:30:01,298 - __main__ - INFO - ...Average MAP = 0.47695752061060226
2025-06-18 23:30:06,977 - __main__ - INFO - Noise ratio: 0.6
2025-06-18 23:30:06,978 - __main__ - INFO - Namespace(dataset='wiki', seed=5, alpha=0.7, lamda=1, margin=0.9, lambd=5, barycenter_number=1, top_k=10, warm_up_epoch=0, MAX_EPOCH=100, batch_size=256, output_dim=512, lr=0.0001, noisy_ratio=0.6, noise_mode='sym', GPU=1, hard_weight=True, noisy_train=True, logging='wiki_ablation')
2025-06-18 23:32:17,929 - __main__ - INFO - ...Image to Text MAP = 0.5004727830699766
2025-06-18 23:32:18,053 - __main__ - INFO - ...Text to Image MAP = 0.46224643178565067
2025-06-18 23:32:18,054 - __main__ - INFO - ...Average MAP = 0.4813596074278136
2025-06-18 23:32:23,881 - __main__ - INFO - Noise ratio: 0.6
2025-06-18 23:32:23,882 - __main__ - INFO - Namespace(dataset='wiki', seed=5, alpha=0.0, lamda=1, margin=0.9, lambd=5, barycenter_number=1, top_k=10, warm_up_epoch=0, MAX_EPOCH=100, batch_size=256, output_dim=512, lr=0.0001, noisy_ratio=0.6, noise_mode='sym', GPU=1, hard_weight=True, noisy_train=True, logging='wiki_ablation')
2025-06-18 23:34:29,523 - __main__ - INFO - ...Image to Text MAP = 0.26461212533669354
2025-06-18 23:34:29,624 - __main__ - INFO - ...Text to Image MAP = 0.2904064158384576
2025-06-18 23:34:29,624 - __main__ - INFO - ...Average MAP = 0.2775092705875756
2025-06-18 23:34:35,102 - __main__ - INFO - Noise ratio: 0.6
2025-06-18 23:34:35,102 - __main__ - INFO - Namespace(dataset='wiki', seed=5, alpha=0.7, lamda=1, margin=0.9, lambd=5, barycenter_number=1, top_k=10, warm_up_epoch=0, MAX_EPOCH=100, batch_size=256, output_dim=512, lr=0.0001, noisy_ratio=0.6, noise_mode='sym', GPU=1, hard_weight=True, noisy_train=False, logging='wiki_ablation')
2025-06-18 23:36:10,117 - __main__ - INFO - ...Image to Text MAP = 0.4876413310490352
2025-06-18 23:36:10,223 - __main__ - INFO - ...Text to Image MAP = 0.4379104230351414
2025-06-18 23:36:10,223 - __main__ - INFO - ...Average MAP = 0.4627758770420883
2025-06-18 23:36:17,065 - __main__ - INFO - Noise ratio: 0.6
2025-06-18 23:36:17,065 - __main__ - INFO - Namespace(dataset='wiki', seed=5, alpha=0.7, lamda=0.0, margin=0.9, lambd=5, barycenter_number=1, top_k=10, warm_up_epoch=0, MAX_EPOCH=100, batch_size=256, output_dim=512, lr=0.0001, noisy_ratio=0.6, noise_mode='sym', GPU=1, hard_weight=True, noisy_train=True, logging='wiki_ablation')
2025-06-18 23:38:40,150 - __main__ - INFO - ...Image to Text MAP = 0.40334820165948065
2025-06-18 23:38:40,271 - __main__ - INFO - ...Text to Image MAP = 0.38365695003232403
2025-06-18 23:38:40,271 - __main__ - INFO - ...Average MAP = 0.3935025758459023
2025-06-18 23:38:45,794 - __main__ - INFO - Noise ratio: 0.6
2025-06-18 23:38:45,794 - __main__ - INFO - Namespace(dataset='wiki', seed=5, alpha=0.7, lamda=1, margin=0.9, lambd=5, barycenter_number=1, top_k=10, warm_up_epoch=0, MAX_EPOCH=100, batch_size=256, output_dim=512, lr=0.0001, noisy_ratio=0.6, noise_mode='sym', GPU=1, hard_weight=False, noisy_train=True, logging='wiki_ablation')
2025-06-18 23:40:50,208 - __main__ - INFO - ...Image to Text MAP = 0.4838388231576163
2025-06-18 23:40:50,352 - __main__ - INFO - ...Text to Image MAP = 0.450857558780081
2025-06-18 23:40:50,353 - __main__ - INFO - ...Average MAP = 0.4673481909688486
2025-06-18 23:40:55,824 - __main__ - INFO - Noise ratio: 0.8
2025-06-18 23:40:55,827 - __main__ - INFO - Namespace(dataset='wiki', seed=5, alpha=0.7, lamda=1, margin=0.9, lambd=5, barycenter_number=1, top_k=10, warm_up_epoch=0, MAX_EPOCH=100, batch_size=256, output_dim=512, lr=0.0001, noisy_ratio=0.8, noise_mode='sym', GPU=1, hard_weight=True, noisy_train=True, logging='wiki_ablation')
2025-06-18 23:42:58,320 - __main__ - INFO - ...Image to Text MAP = 0.4279959715656433
2025-06-18 23:42:58,417 - __main__ - INFO - ...Text to Image MAP = 0.410965163975902
2025-06-18 23:42:58,417 - __main__ - INFO - ...Average MAP = 0.41948056777077264
2025-06-18 23:43:04,468 - __main__ - INFO - Noise ratio: 0.8
2025-06-18 23:43:04,469 - __main__ - INFO - Namespace(dataset='wiki', seed=5, alpha=0.0, lamda=1, margin=0.9, lambd=5, barycenter_number=1, top_k=10, warm_up_epoch=0, MAX_EPOCH=100, batch_size=256, output_dim=512, lr=0.0001, noisy_ratio=0.8, noise_mode='sym', GPU=1, hard_weight=True, noisy_train=True, logging='wiki_ablation')
2025-06-18 23:45:11,650 - __main__ - INFO - ...Image to Text MAP = 0.17072819927888735
2025-06-18 23:45:11,767 - __main__ - INFO - ...Text to Image MAP = 0.17512242357504212
2025-06-18 23:45:11,767 - __main__ - INFO - ...Average MAP = 0.17292531142696474
2025-06-18 23:45:18,304 - __main__ - INFO - Noise ratio: 0.8
2025-06-18 23:45:18,305 - __main__ - INFO - Namespace(dataset='wiki', seed=5, alpha=0.7, lamda=1, margin=0.9, lambd=5, barycenter_number=1, top_k=10, warm_up_epoch=0, MAX_EPOCH=100, batch_size=256, output_dim=512, lr=0.0001, noisy_ratio=0.8, noise_mode='sym', GPU=1, hard_weight=True, noisy_train=False, logging='wiki_ablation')
2025-06-18 23:47:05,142 - __main__ - INFO - ...Image to Text MAP = 0.383678948279679
2025-06-18 23:47:05,231 - __main__ - INFO - ...Text to Image MAP = 0.3636980782897133
2025-06-18 23:47:05,232 - __main__ - INFO - ...Average MAP = 0.37368851328469616
2025-06-18 23:47:11,190 - __main__ - INFO - Noise ratio: 0.8
2025-06-18 23:47:11,190 - __main__ - INFO - Namespace(dataset='wiki', seed=5, alpha=0.7, lamda=0.0, margin=0.9, lambd=5, barycenter_number=1, top_k=10, warm_up_epoch=0, MAX_EPOCH=100, batch_size=256, output_dim=512, lr=0.0001, noisy_ratio=0.8, noise_mode='sym', GPU=1, hard_weight=True, noisy_train=True, logging='wiki_ablation')
2025-06-18 23:49:08,274 - __main__ - INFO - ...Image to Text MAP = 0.4095242685320455
2025-06-18 23:49:08,370 - __main__ - INFO - ...Text to Image MAP = 0.3915753043796283
2025-06-18 23:49:08,370 - __main__ - INFO - ...Average MAP = 0.4005497864558369
2025-06-18 23:49:13,694 - __main__ - INFO - Noise ratio: 0.8
2025-06-18 23:49:13,694 - __main__ - INFO - Namespace(dataset='wiki', seed=5, alpha=0.7, lamda=1, margin=0.9, lambd=5, barycenter_number=1, top_k=10, warm_up_epoch=0, MAX_EPOCH=100, batch_size=256, output_dim=512, lr=0.0001, noisy_ratio=0.8, noise_mode='sym', GPU=1, hard_weight=False, noisy_train=True, logging='wiki_ablation')
2025-06-18 23:51:05,016 - __main__ - INFO - ...Image to Text MAP = 0.44200751642093716
2025-06-18 23:51:05,098 - __main__ - INFO - ...Text to Image MAP = 0.4208250084551207
2025-06-18 23:51:05,099 - __main__ - INFO - ...Average MAP = 0.43141626243802894
2025-06-18 23:51:10,564 - __main__ - INFO - Noise ratio: 0.2
2025-06-18 23:51:10,565 - __main__ - INFO - Namespace(dataset='wiki', seed=5, alpha=0.8, lamda=1, margin=0.9, lambd=5, barycenter_number=1, top_k=10, warm_up_epoch=0, MAX_EPOCH=100, batch_size=256, output_dim=512, lr=0.0001, noisy_ratio=0.2, noise_mode='sym', GPU=1, hard_weight=True, noisy_train=True, logging='wiki_ablation')
2025-06-18 23:53:26,411 - __main__ - INFO - ...Image to Text MAP = 0.5055393942544494
2025-06-18 23:53:26,508 - __main__ - INFO - ...Text to Image MAP = 0.45486315701488894
2025-06-18 23:53:26,508 - __main__ - INFO - ...Average MAP = 0.4802012756346692
2025-06-18 23:53:31,967 - __main__ - INFO - Noise ratio: 0.2
2025-06-18 23:53:31,969 - __main__ - INFO - Namespace(dataset='wiki', seed=5, alpha=0.0, lamda=1, margin=0.9, lambd=5, barycenter_number=1, top_k=10, warm_up_epoch=0, MAX_EPOCH=100, batch_size=256, output_dim=512, lr=0.0001, noisy_ratio=0.2, noise_mode='sym', GPU=1, hard_weight=True, noisy_train=True, logging='wiki_ablation')
2025-06-18 23:55:49,450 - __main__ - INFO - ...Image to Text MAP = 0.38794389981461724
2025-06-18 23:55:49,624 - __main__ - INFO - ...Text to Image MAP = 0.3269857578107878
2025-06-18 23:55:49,625 - __main__ - INFO - ...Average MAP = 0.35746482881270253
2025-06-18 23:55:55,729 - __main__ - INFO - Noise ratio: 0.2
2025-06-18 23:55:55,730 - __main__ - INFO - Namespace(dataset='wiki', seed=5, alpha=0.8, lamda=1, margin=0.9, lambd=5, barycenter_number=1, top_k=10, warm_up_epoch=0, MAX_EPOCH=100, batch_size=256, output_dim=512, lr=0.0001, noisy_ratio=0.2, noise_mode='sym', GPU=1, hard_weight=True, noisy_train=False, logging='wiki_ablation')
2025-06-18 23:58:08,021 - __main__ - INFO - ...Image to Text MAP = 0.5160355746601006
2025-06-18 23:58:08,128 - __main__ - INFO - ...Text to Image MAP = 0.47359301306433843
2025-06-18 23:58:08,129 - __main__ - INFO - ...Average MAP = 0.49481429386221953
2025-06-18 23:58:13,871 - __main__ - INFO - Noise ratio: 0.2
2025-06-18 23:58:13,873 - __main__ - INFO - Namespace(dataset='wiki', seed=5, alpha=0.8, lamda=0.0, margin=0.9, lambd=5, barycenter_number=1, top_k=10, warm_up_epoch=0, MAX_EPOCH=100, batch_size=256, output_dim=512, lr=0.0001, noisy_ratio=0.2, noise_mode='sym', GPU=1, hard_weight=True, noisy_train=True, logging='wiki_ablation')
2025-06-19 00:00:26,964 - __main__ - INFO - ...Image to Text MAP = 0.4106230848013114
2025-06-19 00:00:27,097 - __main__ - INFO - ...Text to Image MAP = 0.39330303557055446
2025-06-19 00:00:27,097 - __main__ - INFO - ...Average MAP = 0.4019630601859329
2025-06-19 00:00:32,478 - __main__ - INFO - Noise ratio: 0.2
2025-06-19 00:00:32,479 - __main__ - INFO - Namespace(dataset='wiki', seed=5, alpha=0.8, lamda=1, margin=0.9, lambd=5, barycenter_number=1, top_k=10, warm_up_epoch=0, MAX_EPOCH=100, batch_size=256, output_dim=512, lr=0.0001, noisy_ratio=0.2, noise_mode='sym', GPU=1, hard_weight=False, noisy_train=True, logging='wiki_ablation')
2025-06-19 00:02:24,759 - __main__ - INFO - ...Image to Text MAP = 0.5135477922551616
2025-06-19 00:02:24,856 - __main__ - INFO - ...Text to Image MAP = 0.4516205940868446
2025-06-19 00:02:24,857 - __main__ - INFO - ...Average MAP = 0.4825841931710031
2025-06-19 00:02:30,267 - __main__ - INFO - Noise ratio: 0.4
2025-06-19 00:02:30,268 - __main__ - INFO - Namespace(dataset='wiki', seed=5, alpha=0.8, lamda=1, margin=0.9, lambd=5, barycenter_number=1, top_k=10, warm_up_epoch=0, MAX_EPOCH=100, batch_size=256, output_dim=512, lr=0.0001, noisy_ratio=0.4, noise_mode='sym', GPU=1, hard_weight=True, noisy_train=True, logging='wiki_ablation')
2025-06-19 00:04:23,439 - __main__ - INFO - ...Image to Text MAP = 0.5097639253968411
2025-06-19 00:04:23,553 - __main__ - INFO - ...Text to Image MAP = 0.4574506940155305
2025-06-19 00:04:23,554 - __main__ - INFO - ...Average MAP = 0.4836073097061858
2025-06-19 00:04:29,159 - __main__ - INFO - Noise ratio: 0.4
2025-06-19 00:04:29,160 - __main__ - INFO - Namespace(dataset='wiki', seed=5, alpha=0.0, lamda=1, margin=0.9, lambd=5, barycenter_number=1, top_k=10, warm_up_epoch=0, MAX_EPOCH=100, batch_size=256, output_dim=512, lr=0.0001, noisy_ratio=0.4, noise_mode='sym', GPU=1, hard_weight=True, noisy_train=True, logging='wiki_ablation')
2025-06-19 00:06:16,915 - __main__ - INFO - ...Image to Text MAP = 0.25620749713693863
2025-06-19 00:06:17,046 - __main__ - INFO - ...Text to Image MAP = 0.26268994902312676
2025-06-19 00:06:17,053 - __main__ - INFO - ...Average MAP = 0.2594487230800327
2025-06-19 00:06:28,308 - __main__ - INFO - Noise ratio: 0.4
2025-06-19 00:06:28,309 - __main__ - INFO - Namespace(dataset='wiki', seed=5, alpha=0.8, lamda=1, margin=0.9, lambd=5, barycenter_number=1, top_k=10, warm_up_epoch=0, MAX_EPOCH=100, batch_size=256, output_dim=512, lr=0.0001, noisy_ratio=0.4, noise_mode='sym', GPU=1, hard_weight=True, noisy_train=False, logging='wiki_ablation')
2025-06-19 00:08:21,078 - __main__ - INFO - ...Image to Text MAP = 0.5098316328152326
2025-06-19 00:08:21,210 - __main__ - INFO - ...Text to Image MAP = 0.4585452098800335
2025-06-19 00:08:21,219 - __main__ - INFO - ...Average MAP = 0.48418842134763307
2025-06-19 00:08:44,485 - __main__ - INFO - Noise ratio: 0.4
2025-06-19 00:08:44,486 - __main__ - INFO - Namespace(dataset='wiki', seed=5, alpha=0.8, lamda=0.0, margin=0.9, lambd=5, barycenter_number=1, top_k=10, warm_up_epoch=0, MAX_EPOCH=100, batch_size=256, output_dim=512, lr=0.0001, noisy_ratio=0.4, noise_mode='sym', GPU=1, hard_weight=True, noisy_train=True, logging='wiki_ablation')
2025-06-19 00:10:53,660 - __main__ - INFO - ...Image to Text MAP = 0.413832774068909
2025-06-19 00:10:53,772 - __main__ - INFO - ...Text to Image MAP = 0.39311828579631775
2025-06-19 00:10:53,772 - __main__ - INFO - ...Average MAP = 0.4034755299326134
2025-06-19 00:11:00,026 - __main__ - INFO - Noise ratio: 0.4
2025-06-19 00:11:00,026 - __main__ - INFO - Namespace(dataset='wiki', seed=5, alpha=0.8, lamda=1, margin=0.9, lambd=5, barycenter_number=1, top_k=10, warm_up_epoch=0, MAX_EPOCH=100, batch_size=256, output_dim=512, lr=0.0001, noisy_ratio=0.4, noise_mode='sym', GPU=1, hard_weight=False, noisy_train=True, logging='wiki_ablation')
2025-06-19 00:13:10,538 - __main__ - INFO - ...Image to Text MAP = 0.4997891375356313
2025-06-19 00:13:10,651 - __main__ - INFO - ...Text to Image MAP = 0.45374498455783396
2025-06-19 00:13:10,651 - __main__ - INFO - ...Average MAP = 0.4767670610467326
2025-06-19 00:13:16,557 - __main__ - INFO - Noise ratio: 0.6
2025-06-19 00:13:16,558 - __main__ - INFO - Namespace(dataset='wiki', seed=5, alpha=0.8, lamda=1, margin=0.9, lambd=5, barycenter_number=1, top_k=10, warm_up_epoch=0, MAX_EPOCH=100, batch_size=256, output_dim=512, lr=0.0001, noisy_ratio=0.6, noise_mode='sym', GPU=1, hard_weight=True, noisy_train=True, logging='wiki_ablation')
2025-06-19 00:15:20,914 - __main__ - INFO - ...Image to Text MAP = 0.4799245904941039
2025-06-19 00:15:21,015 - __main__ - INFO - ...Text to Image MAP = 0.44977494466419626
2025-06-19 00:15:21,015 - __main__ - INFO - ...Average MAP = 0.4648497675791501
2025-06-19 00:15:26,442 - __main__ - INFO - Noise ratio: 0.6
2025-06-19 00:15:26,444 - __main__ - INFO - Namespace(dataset='wiki', seed=5, alpha=0.0, lamda=1, margin=0.9, lambd=5, barycenter_number=1, top_k=10, warm_up_epoch=0, MAX_EPOCH=100, batch_size=256, output_dim=512, lr=0.0001, noisy_ratio=0.6, noise_mode='sym', GPU=1, hard_weight=True, noisy_train=True, logging='wiki_ablation')
2025-06-19 00:17:23,332 - __main__ - INFO - ...Image to Text MAP = 0.26461212533669354
2025-06-19 00:17:23,505 - __main__ - INFO - ...Text to Image MAP = 0.2904064158384576
2025-06-19 00:17:23,505 - __main__ - INFO - ...Average MAP = 0.2775092705875756
2025-06-19 00:17:29,177 - __main__ - INFO - Noise ratio: 0.6
2025-06-19 00:17:29,177 - __main__ - INFO - Namespace(dataset='wiki', seed=5, alpha=0.8, lamda=1, margin=0.9, lambd=5, barycenter_number=1, top_k=10, warm_up_epoch=0, MAX_EPOCH=100, batch_size=256, output_dim=512, lr=0.0001, noisy_ratio=0.6, noise_mode='sym', GPU=1, hard_weight=True, noisy_train=False, logging='wiki_ablation')
2025-06-19 00:19:14,979 - __main__ - INFO - ...Image to Text MAP = 0.48053824890203467
2025-06-19 00:19:15,078 - __main__ - INFO - ...Text to Image MAP = 0.4398922909064754
2025-06-19 00:19:15,078 - __main__ - INFO - ...Average MAP = 0.46021526990425504
2025-06-19 00:19:20,473 - __main__ - INFO - Noise ratio: 0.6
2025-06-19 00:19:20,473 - __main__ - INFO - Namespace(dataset='wiki', seed=5, alpha=0.8, lamda=0.0, margin=0.9, lambd=5, barycenter_number=1, top_k=10, warm_up_epoch=0, MAX_EPOCH=100, batch_size=256, output_dim=512, lr=0.0001, noisy_ratio=0.6, noise_mode='sym', GPU=1, hard_weight=True, noisy_train=True, logging='wiki_ablation')
2025-06-19 00:21:25,939 - __main__ - INFO - ...Image to Text MAP = 0.4087830880971503
2025-06-19 00:21:26,107 - __main__ - INFO - ...Text to Image MAP = 0.3903898393396826
2025-06-19 00:21:26,108 - __main__ - INFO - ...Average MAP = 0.39958646371841644
2025-06-19 00:21:31,921 - __main__ - INFO - Noise ratio: 0.6
2025-06-19 00:21:31,921 - __main__ - INFO - Namespace(dataset='wiki', seed=5, alpha=0.8, lamda=1, margin=0.9, lambd=5, barycenter_number=1, top_k=10, warm_up_epoch=0, MAX_EPOCH=100, batch_size=256, output_dim=512, lr=0.0001, noisy_ratio=0.6, noise_mode='sym', GPU=1, hard_weight=False, noisy_train=True, logging='wiki_ablation')
2025-06-19 00:23:35,666 - __main__ - INFO - ...Image to Text MAP = 0.49132505292613243
2025-06-19 00:23:35,753 - __main__ - INFO - ...Text to Image MAP = 0.4523653360558151
2025-06-19 00:23:35,753 - __main__ - INFO - ...Average MAP = 0.47184519449097373
2025-06-19 00:23:42,325 - __main__ - INFO - Noise ratio: 0.8
2025-06-19 00:23:42,326 - __main__ - INFO - Namespace(dataset='wiki', seed=5, alpha=0.8, lamda=1, margin=0.9, lambd=5, barycenter_number=1, top_k=10, warm_up_epoch=0, MAX_EPOCH=100, batch_size=256, output_dim=512, lr=0.0001, noisy_ratio=0.8, noise_mode='sym', GPU=1, hard_weight=True, noisy_train=True, logging='wiki_ablation')
2025-06-19 00:26:01,096 - __main__ - INFO - ...Image to Text MAP = 0.426962745029918
2025-06-19 00:26:01,200 - __main__ - INFO - ...Text to Image MAP = 0.4053349323353818
2025-06-19 00:26:01,201 - __main__ - INFO - ...Average MAP = 0.4161488386826499
2025-06-19 00:26:08,007 - __main__ - INFO - Noise ratio: 0.8
2025-06-19 00:26:08,008 - __main__ - INFO - Namespace(dataset='wiki', seed=5, alpha=0.0, lamda=1, margin=0.9, lambd=5, barycenter_number=1, top_k=10, warm_up_epoch=0, MAX_EPOCH=100, batch_size=256, output_dim=512, lr=0.0001, noisy_ratio=0.8, noise_mode='sym', GPU=1, hard_weight=True, noisy_train=True, logging='wiki_ablation')
2025-06-19 00:28:03,911 - __main__ - INFO - ...Image to Text MAP = 0.17072819927888735
2025-06-19 00:28:04,037 - __main__ - INFO - ...Text to Image MAP = 0.17512242357504212
2025-06-19 00:28:04,037 - __main__ - INFO - ...Average MAP = 0.17292531142696474
2025-06-19 00:28:10,626 - __main__ - INFO - Noise ratio: 0.8
2025-06-19 00:28:10,627 - __main__ - INFO - Namespace(dataset='wiki', seed=5, alpha=0.8, lamda=1, margin=0.9, lambd=5, barycenter_number=1, top_k=10, warm_up_epoch=0, MAX_EPOCH=100, batch_size=256, output_dim=512, lr=0.0001, noisy_ratio=0.8, noise_mode='sym', GPU=1, hard_weight=True, noisy_train=False, logging='wiki_ablation')
2025-06-19 00:29:44,403 - __main__ - INFO - ...Image to Text MAP = 0.390263201331161
2025-06-19 00:29:44,503 - __main__ - INFO - ...Text to Image MAP = 0.3698966027488866
2025-06-19 00:29:44,504 - __main__ - INFO - ...Average MAP = 0.3800799020400238
2025-06-19 00:29:50,272 - __main__ - INFO - Noise ratio: 0.8
2025-06-19 00:29:50,273 - __main__ - INFO - Namespace(dataset='wiki', seed=5, alpha=0.8, lamda=0.0, margin=0.9, lambd=5, barycenter_number=1, top_k=10, warm_up_epoch=0, MAX_EPOCH=100, batch_size=256, output_dim=512, lr=0.0001, noisy_ratio=0.8, noise_mode='sym', GPU=1, hard_weight=True, noisy_train=True, logging='wiki_ablation')
2025-06-19 00:32:01,246 - __main__ - INFO - ...Image to Text MAP = 0.41216148595382457
2025-06-19 00:32:01,422 - __main__ - INFO - ...Text to Image MAP = 0.3936177867791903
2025-06-19 00:32:01,423 - __main__ - INFO - ...Average MAP = 0.40288963636650743
2025-06-19 00:32:08,306 - __main__ - INFO - Noise ratio: 0.8
2025-06-19 00:32:08,306 - __main__ - INFO - Namespace(dataset='wiki', seed=5, alpha=0.8, lamda=1, margin=0.9, lambd=5, barycenter_number=1, top_k=10, warm_up_epoch=0, MAX_EPOCH=100, batch_size=256, output_dim=512, lr=0.0001, noisy_ratio=0.8, noise_mode='sym', GPU=1, hard_weight=False, noisy_train=True, logging='wiki_ablation')
2025-06-19 00:34:09,194 - __main__ - INFO - ...Image to Text MAP = 0.4409621656429079
2025-06-19 00:34:09,290 - __main__ - INFO - ...Text to Image MAP = 0.42070978236668344
2025-06-19 00:34:09,290 - __main__ - INFO - ...Average MAP = 0.4308359740047957
2025-06-19 00:34:16,178 - __main__ - INFO - Noise ratio: 0.2
2025-06-19 00:34:16,180 - __main__ - INFO - Namespace(dataset='wiki', seed=5, alpha=0.9, lamda=1, margin=0.9, lambd=5, barycenter_number=1, top_k=10, warm_up_epoch=0, MAX_EPOCH=100, batch_size=256, output_dim=512, lr=0.0001, noisy_ratio=0.2, noise_mode='sym', GPU=1, hard_weight=True, noisy_train=True, logging='wiki_ablation')
2025-06-19 00:36:14,245 - __main__ - INFO - ...Image to Text MAP = 0.5127290639597609
2025-06-19 00:36:14,364 - __main__ - INFO - ...Text to Image MAP = 0.4586739121429145
2025-06-19 00:36:14,365 - __main__ - INFO - ...Average MAP = 0.4857014880513377
2025-06-19 00:36:19,919 - __main__ - INFO - Noise ratio: 0.2
2025-06-19 00:36:19,921 - __main__ - INFO - Namespace(dataset='wiki', seed=5, alpha=0.0, lamda=1, margin=0.9, lambd=5, barycenter_number=1, top_k=10, warm_up_epoch=0, MAX_EPOCH=100, batch_size=256, output_dim=512, lr=0.0001, noisy_ratio=0.2, noise_mode='sym', GPU=1, hard_weight=True, noisy_train=True, logging='wiki_ablation')
2025-06-19 00:38:21,027 - __main__ - INFO - ...Image to Text MAP = 0.38794389981461724
2025-06-19 00:38:21,124 - __main__ - INFO - ...Text to Image MAP = 0.3269857578107878
2025-06-19 00:38:21,125 - __main__ - INFO - ...Average MAP = 0.35746482881270253
2025-06-19 00:38:27,161 - __main__ - INFO - Noise ratio: 0.2
2025-06-19 00:38:27,161 - __main__ - INFO - Namespace(dataset='wiki', seed=5, alpha=0.9, lamda=1, margin=0.9, lambd=5, barycenter_number=1, top_k=10, warm_up_epoch=0, MAX_EPOCH=100, batch_size=256, output_dim=512, lr=0.0001, noisy_ratio=0.2, noise_mode='sym', GPU=1, hard_weight=True, noisy_train=False, logging='wiki_ablation')
2025-06-19 00:40:17,389 - __main__ - INFO - ...Image to Text MAP = 0.5125701731780307
2025-06-19 00:40:17,476 - __main__ - INFO - ...Text to Image MAP = 0.456867220147693
2025-06-19 00:40:17,477 - __main__ - INFO - ...Average MAP = 0.4847186966628618
2025-06-19 00:40:24,218 - __main__ - INFO - Noise ratio: 0.2
2025-06-19 00:40:24,219 - __main__ - INFO - Namespace(dataset='wiki', seed=5, alpha=0.9, lamda=0.0, margin=0.9, lambd=5, barycenter_number=1, top_k=10, warm_up_epoch=0, MAX_EPOCH=100, batch_size=256, output_dim=512, lr=0.0001, noisy_ratio=0.2, noise_mode='sym', GPU=1, hard_weight=True, noisy_train=True, logging='wiki_ablation')
2025-06-19 00:42:29,282 - __main__ - INFO - ...Image to Text MAP = 0.41017235508257294
2025-06-19 00:42:29,380 - __main__ - INFO - ...Text to Image MAP = 0.3819980965356657
2025-06-19 00:42:29,380 - __main__ - INFO - ...Average MAP = 0.3960852258091193
2025-06-19 00:42:35,351 - __main__ - INFO - Noise ratio: 0.2
2025-06-19 00:42:35,351 - __main__ - INFO - Namespace(dataset='wiki', seed=5, alpha=0.9, lamda=1, margin=0.9, lambd=5, barycenter_number=1, top_k=10, warm_up_epoch=0, MAX_EPOCH=100, batch_size=256, output_dim=512, lr=0.0001, noisy_ratio=0.2, noise_mode='sym', GPU=1, hard_weight=False, noisy_train=True, logging='wiki_ablation')
2025-06-19 00:44:42,058 - __main__ - INFO - ...Image to Text MAP = 0.5304075690071921
2025-06-19 00:44:42,158 - __main__ - INFO - ...Text to Image MAP = 0.4724185837891916
2025-06-19 00:44:42,158 - __main__ - INFO - ...Average MAP = 0.5014130763981919
2025-06-19 00:44:48,949 - __main__ - INFO - Noise ratio: 0.4
2025-06-19 00:44:48,951 - __main__ - INFO - Namespace(dataset='wiki', seed=5, alpha=0.9, lamda=1, margin=0.9, lambd=5, barycenter_number=1, top_k=10, warm_up_epoch=0, MAX_EPOCH=100, batch_size=256, output_dim=512, lr=0.0001, noisy_ratio=0.4, noise_mode='sym', GPU=1, hard_weight=True, noisy_train=True, logging='wiki_ablation')
2025-06-19 00:46:53,757 - __main__ - INFO - ...Image to Text MAP = 0.5173478631895431
2025-06-19 00:46:53,851 - __main__ - INFO - ...Text to Image MAP = 0.47439843676262633
2025-06-19 00:46:53,851 - __main__ - INFO - ...Average MAP = 0.49587314997608467
2025-06-19 00:47:00,659 - __main__ - INFO - Noise ratio: 0.4
2025-06-19 00:47:00,660 - __main__ - INFO - Namespace(dataset='wiki', seed=5, alpha=0.0, lamda=1, margin=0.9, lambd=5, barycenter_number=1, top_k=10, warm_up_epoch=0, MAX_EPOCH=100, batch_size=256, output_dim=512, lr=0.0001, noisy_ratio=0.4, noise_mode='sym', GPU=1, hard_weight=True, noisy_train=True, logging='wiki_ablation')
2025-06-19 00:49:03,825 - __main__ - INFO - ...Image to Text MAP = 0.25620749713693863
2025-06-19 00:49:03,966 - __main__ - INFO - ...Text to Image MAP = 0.26268994902312676
2025-06-19 00:49:03,966 - __main__ - INFO - ...Average MAP = 0.2594487230800327
2025-06-19 00:49:10,701 - __main__ - INFO - Noise ratio: 0.4
2025-06-19 00:49:10,702 - __main__ - INFO - Namespace(dataset='wiki', seed=5, alpha=0.9, lamda=1, margin=0.9, lambd=5, barycenter_number=1, top_k=10, warm_up_epoch=0, MAX_EPOCH=100, batch_size=256, output_dim=512, lr=0.0001, noisy_ratio=0.4, noise_mode='sym', GPU=1, hard_weight=True, noisy_train=False, logging='wiki_ablation')
2025-06-19 00:50:53,214 - __main__ - INFO - ...Image to Text MAP = 0.5066893667843426
2025-06-19 00:50:53,316 - __main__ - INFO - ...Text to Image MAP = 0.46195475815616577
2025-06-19 00:50:53,316 - __main__ - INFO - ...Average MAP = 0.4843220624702542
2025-06-19 00:50:59,076 - __main__ - INFO - Noise ratio: 0.4
2025-06-19 00:50:59,076 - __main__ - INFO - Namespace(dataset='wiki', seed=5, alpha=0.9, lamda=0.0, margin=0.9, lambd=5, barycenter_number=1, top_k=10, warm_up_epoch=0, MAX_EPOCH=100, batch_size=256, output_dim=512, lr=0.0001, noisy_ratio=0.4, noise_mode='sym', GPU=1, hard_weight=True, noisy_train=True, logging='wiki_ablation')
2025-06-19 00:52:56,705 - __main__ - INFO - ...Image to Text MAP = 0.42148679842522585
2025-06-19 00:52:56,796 - __main__ - INFO - ...Text to Image MAP = 0.39769130112671847
2025-06-19 00:52:56,796 - __main__ - INFO - ...Average MAP = 0.40958904977597216
2025-06-19 00:53:02,339 - __main__ - INFO - Noise ratio: 0.4
2025-06-19 00:53:02,339 - __main__ - INFO - Namespace(dataset='wiki', seed=5, alpha=0.9, lamda=1, margin=0.9, lambd=5, barycenter_number=1, top_k=10, warm_up_epoch=0, MAX_EPOCH=100, batch_size=256, output_dim=512, lr=0.0001, noisy_ratio=0.4, noise_mode='sym', GPU=1, hard_weight=False, noisy_train=True, logging='wiki_ablation')
2025-06-19 00:55:08,067 - __main__ - INFO - ...Image to Text MAP = 0.508219349016513
2025-06-19 00:55:08,213 - __main__ - INFO - ...Text to Image MAP = 0.4655749626534981
2025-06-19 00:55:08,214 - __main__ - INFO - ...Average MAP = 0.4868971558350056
2025-06-19 00:55:14,712 - __main__ - INFO - Noise ratio: 0.6
2025-06-19 00:55:14,714 - __main__ - INFO - Namespace(dataset='wiki', seed=5, alpha=0.9, lamda=1, margin=0.9, lambd=5, barycenter_number=1, top_k=10, warm_up_epoch=0, MAX_EPOCH=100, batch_size=256, output_dim=512, lr=0.0001, noisy_ratio=0.6, noise_mode='sym', GPU=1, hard_weight=True, noisy_train=True, logging='wiki_ablation')
2025-06-19 00:57:28,938 - __main__ - INFO - ...Image to Text MAP = 0.4905905940799946
2025-06-19 00:57:29,034 - __main__ - INFO - ...Text to Image MAP = 0.4596196061471907
2025-06-19 00:57:29,034 - __main__ - INFO - ...Average MAP = 0.47510510011359264
2025-06-19 00:57:35,747 - __main__ - INFO - Noise ratio: 0.6
2025-06-19 00:57:35,749 - __main__ - INFO - Namespace(dataset='wiki', seed=5, alpha=0.0, lamda=1, margin=0.9, lambd=5, barycenter_number=1, top_k=10, warm_up_epoch=0, MAX_EPOCH=100, batch_size=256, output_dim=512, lr=0.0001, noisy_ratio=0.6, noise_mode='sym', GPU=1, hard_weight=True, noisy_train=True, logging='wiki_ablation')
2025-06-19 00:59:43,822 - __main__ - INFO - ...Image to Text MAP = 0.26461212533669354
2025-06-19 00:59:43,923 - __main__ - INFO - ...Text to Image MAP = 0.2904064158384576
2025-06-19 00:59:43,924 - __main__ - INFO - ...Average MAP = 0.2775092705875756
2025-06-19 00:59:50,130 - __main__ - INFO - Noise ratio: 0.6
2025-06-19 00:59:50,130 - __main__ - INFO - Namespace(dataset='wiki', seed=5, alpha=0.9, lamda=1, margin=0.9, lambd=5, barycenter_number=1, top_k=10, warm_up_epoch=0, MAX_EPOCH=100, batch_size=256, output_dim=512, lr=0.0001, noisy_ratio=0.6, noise_mode='sym', GPU=1, hard_weight=True, noisy_train=False, logging='wiki_ablation')
2025-06-19 01:01:22,231 - __main__ - INFO - ...Image to Text MAP = 0.4791179751898233
2025-06-19 01:01:22,353 - __main__ - INFO - ...Text to Image MAP = 0.4378126313965827
2025-06-19 01:01:22,354 - __main__ - INFO - ...Average MAP = 0.458465303293203
2025-06-19 01:01:28,533 - __main__ - INFO - Noise ratio: 0.6
2025-06-19 01:01:28,534 - __main__ - INFO - Namespace(dataset='wiki', seed=5, alpha=0.9, lamda=0.0, margin=0.9, lambd=5, barycenter_number=1, top_k=10, warm_up_epoch=0, MAX_EPOCH=100, batch_size=256, output_dim=512, lr=0.0001, noisy_ratio=0.6, noise_mode='sym', GPU=1, hard_weight=True, noisy_train=True, logging='wiki_ablation')
2025-06-19 01:03:55,629 - __main__ - INFO - ...Image to Text MAP = 0.4116777157091715
2025-06-19 01:03:55,727 - __main__ - INFO - ...Text to Image MAP = 0.3959692174342027
2025-06-19 01:03:55,727 - __main__ - INFO - ...Average MAP = 0.4038234665716871
2025-06-19 01:04:01,888 - __main__ - INFO - Noise ratio: 0.6
2025-06-19 01:04:01,889 - __main__ - INFO - Namespace(dataset='wiki', seed=5, alpha=0.9, lamda=1, margin=0.9, lambd=5, barycenter_number=1, top_k=10, warm_up_epoch=0, MAX_EPOCH=100, batch_size=256, output_dim=512, lr=0.0001, noisy_ratio=0.6, noise_mode='sym', GPU=1, hard_weight=False, noisy_train=True, logging='wiki_ablation')
2025-06-19 01:06:11,981 - __main__ - INFO - ...Image to Text MAP = 0.4810896385827477
2025-06-19 01:06:12,091 - __main__ - INFO - ...Text to Image MAP = 0.45477742339685784
2025-06-19 01:06:12,092 - __main__ - INFO - ...Average MAP = 0.4679335309898028
2025-06-19 01:06:17,698 - __main__ - INFO - Noise ratio: 0.8
2025-06-19 01:06:17,700 - __main__ - INFO - Namespace(dataset='wiki', seed=5, alpha=0.9, lamda=1, margin=0.9, lambd=5, barycenter_number=1, top_k=10, warm_up_epoch=0, MAX_EPOCH=100, batch_size=256, output_dim=512, lr=0.0001, noisy_ratio=0.8, noise_mode='sym', GPU=1, hard_weight=True, noisy_train=True, logging='wiki_ablation')
2025-06-19 01:08:13,487 - __main__ - INFO - ...Image to Text MAP = 0.42192642066375435
2025-06-19 01:08:13,577 - __main__ - INFO - ...Text to Image MAP = 0.4067731878534995
2025-06-19 01:08:13,577 - __main__ - INFO - ...Average MAP = 0.4143498042586269
2025-06-19 01:08:19,307 - __main__ - INFO - Noise ratio: 0.8
2025-06-19 01:08:19,309 - __main__ - INFO - Namespace(dataset='wiki', seed=5, alpha=0.0, lamda=1, margin=0.9, lambd=5, barycenter_number=1, top_k=10, warm_up_epoch=0, MAX_EPOCH=100, batch_size=256, output_dim=512, lr=0.0001, noisy_ratio=0.8, noise_mode='sym', GPU=1, hard_weight=True, noisy_train=True, logging='wiki_ablation')
2025-06-19 01:10:18,434 - __main__ - INFO - ...Image to Text MAP = 0.17072819927888735
2025-06-19 01:10:18,534 - __main__ - INFO - ...Text to Image MAP = 0.17512242357504212
2025-06-19 01:10:18,535 - __main__ - INFO - ...Average MAP = 0.17292531142696474
2025-06-19 01:10:24,412 - __main__ - INFO - Noise ratio: 0.8
2025-06-19 01:10:24,413 - __main__ - INFO - Namespace(dataset='wiki', seed=5, alpha=0.9, lamda=1, margin=0.9, lambd=5, barycenter_number=1, top_k=10, warm_up_epoch=0, MAX_EPOCH=100, batch_size=256, output_dim=512, lr=0.0001, noisy_ratio=0.8, noise_mode='sym', GPU=1, hard_weight=True, noisy_train=False, logging='wiki_ablation')
2025-06-19 01:12:12,666 - __main__ - INFO - ...Image to Text MAP = 0.3846464777775865
2025-06-19 01:12:12,771 - __main__ - INFO - ...Text to Image MAP = 0.3647109298604858
2025-06-19 01:12:12,772 - __main__ - INFO - ...Average MAP = 0.3746787038190361
2025-06-19 01:12:19,170 - __main__ - INFO - Noise ratio: 0.8
2025-06-19 01:12:19,170 - __main__ - INFO - Namespace(dataset='wiki', seed=5, alpha=0.9, lamda=0.0, margin=0.9, lambd=5, barycenter_number=1, top_k=10, warm_up_epoch=0, MAX_EPOCH=100, batch_size=256, output_dim=512, lr=0.0001, noisy_ratio=0.8, noise_mode='sym', GPU=1, hard_weight=True, noisy_train=True, logging='wiki_ablation')
2025-06-19 01:14:34,689 - __main__ - INFO - ...Image to Text MAP = 0.41011241725010855
2025-06-19 01:14:34,780 - __main__ - INFO - ...Text to Image MAP = 0.3938268264999933
2025-06-19 01:14:34,780 - __main__ - INFO - ...Average MAP = 0.4019696218750509
2025-06-19 01:14:40,665 - __main__ - INFO - Noise ratio: 0.8
2025-06-19 01:14:40,666 - __main__ - INFO - Namespace(dataset='wiki', seed=5, alpha=0.9, lamda=1, margin=0.9, lambd=5, barycenter_number=1, top_k=10, warm_up_epoch=0, MAX_EPOCH=100, batch_size=256, output_dim=512, lr=0.0001, noisy_ratio=0.8, noise_mode='sym', GPU=1, hard_weight=False, noisy_train=True, logging='wiki_ablation')
2025-06-19 01:17:05,027 - __main__ - INFO - ...Image to Text MAP = 0.43272967285617675
2025-06-19 01:17:05,118 - __main__ - INFO - ...Text to Image MAP = 0.41058982227774177
2025-06-19 01:17:05,118 - __main__ - INFO - ...Average MAP = 0.42165974756695923
2025-06-19 01:17:11,016 - __main__ - INFO - Noise ratio: 0.2
2025-06-19 01:17:11,017 - __main__ - INFO - Namespace(dataset='wiki', seed=5, alpha=1.0, lamda=1, margin=0.9, lambd=5, barycenter_number=1, top_k=10, warm_up_epoch=0, MAX_EPOCH=100, batch_size=256, output_dim=512, lr=0.0001, noisy_ratio=0.2, noise_mode='sym', GPU=1, hard_weight=True, noisy_train=True, logging='wiki_ablation')
2025-06-19 01:19:06,319 - __main__ - INFO - ...Image to Text MAP = 0.5111342623712959
2025-06-19 01:19:06,419 - __main__ - INFO - ...Text to Image MAP = 0.46663861013301566
2025-06-19 01:19:06,419 - __main__ - INFO - ...Average MAP = 0.4888864362521558
2025-06-19 01:19:11,909 - __main__ - INFO - Noise ratio: 0.2
2025-06-19 01:19:11,910 - __main__ - INFO - Namespace(dataset='wiki', seed=5, alpha=0.0, lamda=1, margin=0.9, lambd=5, barycenter_number=1, top_k=10, warm_up_epoch=0, MAX_EPOCH=100, batch_size=256, output_dim=512, lr=0.0001, noisy_ratio=0.2, noise_mode='sym', GPU=1, hard_weight=True, noisy_train=True, logging='wiki_ablation')
2025-06-19 01:21:17,647 - __main__ - INFO - ...Image to Text MAP = 0.38794389981461724
2025-06-19 01:21:17,747 - __main__ - INFO - ...Text to Image MAP = 0.3269857578107878
2025-06-19 01:21:17,747 - __main__ - INFO - ...Average MAP = 0.35746482881270253
2025-06-19 01:21:24,498 - __main__ - INFO - Noise ratio: 0.2
2025-06-19 01:21:24,498 - __main__ - INFO - Namespace(dataset='wiki', seed=5, alpha=1.0, lamda=1, margin=0.9, lambd=5, barycenter_number=1, top_k=10, warm_up_epoch=0, MAX_EPOCH=100, batch_size=256, output_dim=512, lr=0.0001, noisy_ratio=0.2, noise_mode='sym', GPU=1, hard_weight=True, noisy_train=False, logging='wiki_ablation')
2025-06-19 01:23:20,315 - __main__ - INFO - ...Image to Text MAP = 0.5230771219604711
2025-06-19 01:23:20,517 - __main__ - INFO - ...Text to Image MAP = 0.46657294379365455
2025-06-19 01:23:20,517 - __main__ - INFO - ...Average MAP = 0.4948250328770628
2025-06-19 01:23:27,084 - __main__ - INFO - Noise ratio: 0.2
2025-06-19 01:23:27,085 - __main__ - INFO - Namespace(dataset='wiki', seed=5, alpha=1.0, lamda=0.0, margin=0.9, lambd=5, barycenter_number=1, top_k=10, warm_up_epoch=0, MAX_EPOCH=100, batch_size=256, output_dim=512, lr=0.0001, noisy_ratio=0.2, noise_mode='sym', GPU=1, hard_weight=True, noisy_train=True, logging='wiki_ablation')
2025-06-19 01:25:38,327 - __main__ - INFO - ...Image to Text MAP = 0.40990348636134977
2025-06-19 01:25:38,431 - __main__ - INFO - ...Text to Image MAP = 0.3846988863242496
2025-06-19 01:25:38,432 - __main__ - INFO - ...Average MAP = 0.39730118634279965
2025-06-19 01:25:44,553 - __main__ - INFO - Noise ratio: 0.2
2025-06-19 01:25:44,554 - __main__ - INFO - Namespace(dataset='wiki', seed=5, alpha=1.0, lamda=1, margin=0.9, lambd=5, barycenter_number=1, top_k=10, warm_up_epoch=0, MAX_EPOCH=100, batch_size=256, output_dim=512, lr=0.0001, noisy_ratio=0.2, noise_mode='sym', GPU=1, hard_weight=False, noisy_train=True, logging='wiki_ablation')
2025-06-19 01:28:08,089 - __main__ - INFO - ...Image to Text MAP = 0.5316275811913022
2025-06-19 01:28:08,188 - __main__ - INFO - ...Text to Image MAP = 0.4732455232016822
2025-06-19 01:28:08,188 - __main__ - INFO - ...Average MAP = 0.5024365521964922
2025-06-19 01:28:15,234 - __main__ - INFO - Noise ratio: 0.4
2025-06-19 01:28:15,236 - __main__ - INFO - Namespace(dataset='wiki', seed=5, alpha=1.0, lamda=1, margin=0.9, lambd=5, barycenter_number=1, top_k=10, warm_up_epoch=0, MAX_EPOCH=100, batch_size=256, output_dim=512, lr=0.0001, noisy_ratio=0.4, noise_mode='sym', GPU=1, hard_weight=True, noisy_train=True, logging='wiki_ablation')
2025-06-19 01:30:25,791 - __main__ - INFO - ...Image to Text MAP = 0.5210380790858193
2025-06-19 01:30:25,888 - __main__ - INFO - ...Text to Image MAP = 0.4793308892003382
2025-06-19 01:30:25,889 - __main__ - INFO - ...Average MAP = 0.5001844841430787
2025-06-19 01:30:32,381 - __main__ - INFO - Noise ratio: 0.4
2025-06-19 01:30:32,383 - __main__ - INFO - Namespace(dataset='wiki', seed=5, alpha=0.0, lamda=1, margin=0.9, lambd=5, barycenter_number=1, top_k=10, warm_up_epoch=0, MAX_EPOCH=100, batch_size=256, output_dim=512, lr=0.0001, noisy_ratio=0.4, noise_mode='sym', GPU=1, hard_weight=True, noisy_train=True, logging='wiki_ablation')
2025-06-19 01:32:40,768 - __main__ - INFO - ...Image to Text MAP = 0.25620749713693863
2025-06-19 01:32:40,862 - __main__ - INFO - ...Text to Image MAP = 0.26268994902312676
2025-06-19 01:32:40,862 - __main__ - INFO - ...Average MAP = 0.2594487230800327
2025-06-19 01:32:46,748 - __main__ - INFO - Noise ratio: 0.4
2025-06-19 01:32:46,749 - __main__ - INFO - Namespace(dataset='wiki', seed=5, alpha=1.0, lamda=1, margin=0.9, lambd=5, barycenter_number=1, top_k=10, warm_up_epoch=0, MAX_EPOCH=100, batch_size=256, output_dim=512, lr=0.0001, noisy_ratio=0.4, noise_mode='sym', GPU=1, hard_weight=True, noisy_train=False, logging='wiki_ablation')
2025-06-19 01:34:49,651 - __main__ - INFO - ...Image to Text MAP = 0.5049598909739282
2025-06-19 01:34:49,771 - __main__ - INFO - ...Text to Image MAP = 0.4579702721798886
2025-06-19 01:34:49,771 - __main__ - INFO - ...Average MAP = 0.4814650815769084
2025-06-19 01:34:56,062 - __main__ - INFO - Noise ratio: 0.4
2025-06-19 01:34:56,062 - __main__ - INFO - Namespace(dataset='wiki', seed=5, alpha=1.0, lamda=0.0, margin=0.9, lambd=5, barycenter_number=1, top_k=10, warm_up_epoch=0, MAX_EPOCH=100, batch_size=256, output_dim=512, lr=0.0001, noisy_ratio=0.4, noise_mode='sym', GPU=1, hard_weight=True, noisy_train=True, logging='wiki_ablation')
2025-06-19 01:37:01,259 - __main__ - INFO - ...Image to Text MAP = 0.41558729086748564
2025-06-19 01:37:01,417 - __main__ - INFO - ...Text to Image MAP = 0.39193094250405797
2025-06-19 01:37:01,417 - __main__ - INFO - ...Average MAP = 0.4037591166857718
2025-06-19 01:37:07,030 - __main__ - INFO - Noise ratio: 0.4
2025-06-19 01:37:07,031 - __main__ - INFO - Namespace(dataset='wiki', seed=5, alpha=1.0, lamda=1, margin=0.9, lambd=5, barycenter_number=1, top_k=10, warm_up_epoch=0, MAX_EPOCH=100, batch_size=256, output_dim=512, lr=0.0001, noisy_ratio=0.4, noise_mode='sym', GPU=1, hard_weight=False, noisy_train=True, logging='wiki_ablation')
2025-06-19 01:39:23,230 - __main__ - INFO - ...Image to Text MAP = 0.5128444385572468
2025-06-19 01:39:23,312 - __main__ - INFO - ...Text to Image MAP = 0.4570662399570491
2025-06-19 01:39:23,312 - __main__ - INFO - ...Average MAP = 0.48495533925714795
2025-06-19 01:39:29,985 - __main__ - INFO - Noise ratio: 0.6
2025-06-19 01:39:29,987 - __main__ - INFO - Namespace(dataset='wiki', seed=5, alpha=1.0, lamda=1, margin=0.9, lambd=5, barycenter_number=1, top_k=10, warm_up_epoch=0, MAX_EPOCH=100, batch_size=256, output_dim=512, lr=0.0001, noisy_ratio=0.6, noise_mode='sym', GPU=1, hard_weight=True, noisy_train=True, logging='wiki_ablation')
2025-06-19 01:41:36,730 - __main__ - INFO - ...Image to Text MAP = 0.4834730737757908
2025-06-19 01:41:36,835 - __main__ - INFO - ...Text to Image MAP = 0.4563653348758108
2025-06-19 01:41:36,835 - __main__ - INFO - ...Average MAP = 0.4699192043258008
2025-06-19 01:41:42,579 - __main__ - INFO - Noise ratio: 0.6
2025-06-19 01:41:42,581 - __main__ - INFO - Namespace(dataset='wiki', seed=5, alpha=0.0, lamda=1, margin=0.9, lambd=5, barycenter_number=1, top_k=10, warm_up_epoch=0, MAX_EPOCH=100, batch_size=256, output_dim=512, lr=0.0001, noisy_ratio=0.6, noise_mode='sym', GPU=1, hard_weight=True, noisy_train=True, logging='wiki_ablation')
2025-06-19 01:43:57,426 - __main__ - INFO - ...Image to Text MAP = 0.26461212533669354
2025-06-19 01:43:57,514 - __main__ - INFO - ...Text to Image MAP = 0.2904064158384576
2025-06-19 01:43:57,515 - __main__ - INFO - ...Average MAP = 0.2775092705875756
2025-06-19 01:44:03,977 - __main__ - INFO - Noise ratio: 0.6
2025-06-19 01:44:03,978 - __main__ - INFO - Namespace(dataset='wiki', seed=5, alpha=1.0, lamda=1, margin=0.9, lambd=5, barycenter_number=1, top_k=10, warm_up_epoch=0, MAX_EPOCH=100, batch_size=256, output_dim=512, lr=0.0001, noisy_ratio=0.6, noise_mode='sym', GPU=1, hard_weight=True, noisy_train=False, logging='wiki_ablation')
2025-06-19 01:45:36,373 - __main__ - INFO - ...Image to Text MAP = 0.47346090351174897
2025-06-19 01:45:36,452 - __main__ - INFO - ...Text to Image MAP = 0.431624350144474
2025-06-19 01:45:36,452 - __main__ - INFO - ...Average MAP = 0.45254262682811147
2025-06-19 01:46:03,237 - __main__ - INFO - Noise ratio: 0.6
2025-06-19 01:46:03,237 - __main__ - INFO - Namespace(dataset='wiki', seed=5, alpha=1.0, lamda=0.0, margin=0.9, lambd=5, barycenter_number=1, top_k=10, warm_up_epoch=0, MAX_EPOCH=100, batch_size=256, output_dim=512, lr=0.0001, noisy_ratio=0.6, noise_mode='sym', GPU=1, hard_weight=True, noisy_train=True, logging='wiki_ablation')
2025-06-19 01:48:00,828 - __main__ - INFO - ...Image to Text MAP = 0.40374254002237003
2025-06-19 01:48:00,931 - __main__ - INFO - ...Text to Image MAP = 0.3853973733669493
2025-06-19 01:48:00,931 - __main__ - INFO - ...Average MAP = 0.39456995669465966
2025-06-19 01:48:06,666 - __main__ - INFO - Noise ratio: 0.6
2025-06-19 01:48:06,666 - __main__ - INFO - Namespace(dataset='wiki', seed=5, alpha=1.0, lamda=1, margin=0.9, lambd=5, barycenter_number=1, top_k=10, warm_up_epoch=0, MAX_EPOCH=100, batch_size=256, output_dim=512, lr=0.0001, noisy_ratio=0.6, noise_mode='sym', GPU=1, hard_weight=False, noisy_train=True, logging='wiki_ablation')
2025-06-19 01:50:06,111 - __main__ - INFO - ...Image to Text MAP = 0.4912313425567961
2025-06-19 01:50:06,212 - __main__ - INFO - ...Text to Image MAP = 0.44559642921556303
2025-06-19 01:50:06,212 - __main__ - INFO - ...Average MAP = 0.4684138858861796
2025-06-19 01:50:11,587 - __main__ - INFO - Noise ratio: 0.8
2025-06-19 01:50:11,588 - __main__ - INFO - Namespace(dataset='wiki', seed=5, alpha=1.0, lamda=1, margin=0.9, lambd=5, barycenter_number=1, top_k=10, warm_up_epoch=0, MAX_EPOCH=100, batch_size=256, output_dim=512, lr=0.0001, noisy_ratio=0.8, noise_mode='sym', GPU=1, hard_weight=True, noisy_train=True, logging='wiki_ablation')
2025-06-19 01:52:02,240 - __main__ - INFO - ...Image to Text MAP = 0.42611173154087495
2025-06-19 01:52:02,340 - __main__ - INFO - ...Text to Image MAP = 0.40904208903500344
2025-06-19 01:52:02,341 - __main__ - INFO - ...Average MAP = 0.4175769102879392
2025-06-19 01:52:07,407 - __main__ - INFO - Noise ratio: 0.8
2025-06-19 01:52:07,408 - __main__ - INFO - Namespace(dataset='wiki', seed=5, alpha=0.0, lamda=1, margin=0.9, lambd=5, barycenter_number=1, top_k=10, warm_up_epoch=0, MAX_EPOCH=100, batch_size=256, output_dim=512, lr=0.0001, noisy_ratio=0.8, noise_mode='sym', GPU=1, hard_weight=True, noisy_train=True, logging='wiki_ablation')
2025-06-19 01:53:48,500 - __main__ - INFO - ...Image to Text MAP = 0.17072819927888735
2025-06-19 01:53:48,614 - __main__ - INFO - ...Text to Image MAP = 0.17512242357504212
2025-06-19 01:53:48,614 - __main__ - INFO - ...Average MAP = 0.17292531142696474
2025-06-19 01:53:54,193 - __main__ - INFO - Noise ratio: 0.8
2025-06-19 01:53:54,193 - __main__ - INFO - Namespace(dataset='wiki', seed=5, alpha=1.0, lamda=1, margin=0.9, lambd=5, barycenter_number=1, top_k=10, warm_up_epoch=0, MAX_EPOCH=100, batch_size=256, output_dim=512, lr=0.0001, noisy_ratio=0.8, noise_mode='sym', GPU=1, hard_weight=True, noisy_train=False, logging='wiki_ablation')
2025-06-19 01:55:26,067 - __main__ - INFO - ...Image to Text MAP = 0.36431720710256416
2025-06-19 01:55:26,187 - __main__ - INFO - ...Text to Image MAP = 0.3486915395426608
2025-06-19 01:55:26,191 - __main__ - INFO - ...Average MAP = 0.3565043733226125
2025-06-19 01:55:31,676 - __main__ - INFO - Noise ratio: 0.8
2025-06-19 01:55:31,676 - __main__ - INFO - Namespace(dataset='wiki', seed=5, alpha=1.0, lamda=0.0, margin=0.9, lambd=5, barycenter_number=1, top_k=10, warm_up_epoch=0, MAX_EPOCH=100, batch_size=256, output_dim=512, lr=0.0001, noisy_ratio=0.8, noise_mode='sym', GPU=1, hard_weight=True, noisy_train=True, logging='wiki_ablation')
2025-06-19 01:57:43,408 - __main__ - INFO - ...Image to Text MAP = 0.4046936082606665
2025-06-19 01:57:43,506 - __main__ - INFO - ...Text to Image MAP = 0.3874157225956352
2025-06-19 01:57:43,507 - __main__ - INFO - ...Average MAP = 0.3960546654281509
2025-06-19 01:57:49,028 - __main__ - INFO - Noise ratio: 0.8
2025-06-19 01:57:49,028 - __main__ - INFO - Namespace(dataset='wiki', seed=5, alpha=1.0, lamda=1, margin=0.9, lambd=5, barycenter_number=1, top_k=10, warm_up_epoch=0, MAX_EPOCH=100, batch_size=256, output_dim=512, lr=0.0001, noisy_ratio=0.8, noise_mode='sym', GPU=1, hard_weight=False, noisy_train=True, logging='wiki_ablation')
2025-06-19 01:59:47,542 - __main__ - INFO - ...Image to Text MAP = 0.42875494083913585
2025-06-19 01:59:47,637 - __main__ - INFO - ...Text to Image MAP = 0.4122368996970231
2025-06-19 01:59:47,637 - __main__ - INFO - ...Average MAP = 0.42049592026807947
2025-06-19 01:59:52,688 - __main__ - INFO - Noise ratio: 0.2
2025-06-19 01:59:52,690 - __main__ - INFO - Namespace(dataset='wiki', seed=5, alpha=2.0, lamda=1, margin=0.9, lambd=5, barycenter_number=1, top_k=10, warm_up_epoch=0, MAX_EPOCH=100, batch_size=256, output_dim=512, lr=0.0001, noisy_ratio=0.2, noise_mode='sym', GPU=1, hard_weight=True, noisy_train=True, logging='wiki_ablation')
2025-06-19 02:02:05,698 - __main__ - INFO - ...Image to Text MAP = 0.5251308437304566
2025-06-19 02:02:05,827 - __main__ - INFO - ...Text to Image MAP = 0.49227819390063426
2025-06-19 02:02:05,827 - __main__ - INFO - ...Average MAP = 0.5087045188155455
2025-06-19 02:02:10,464 - __main__ - INFO - Noise ratio: 0.2
2025-06-19 02:02:10,465 - __main__ - INFO - Namespace(dataset='wiki', seed=5, alpha=0.0, lamda=1, margin=0.9, lambd=5, barycenter_number=1, top_k=10, warm_up_epoch=0, MAX_EPOCH=100, batch_size=256, output_dim=512, lr=0.0001, noisy_ratio=0.2, noise_mode='sym', GPU=1, hard_weight=True, noisy_train=True, logging='wiki_ablation')
2025-06-19 02:04:05,856 - __main__ - INFO - ...Image to Text MAP = 0.38794389981461724
2025-06-19 02:04:05,954 - __main__ - INFO - ...Text to Image MAP = 0.3269857578107878
2025-06-19 02:04:05,954 - __main__ - INFO - ...Average MAP = 0.35746482881270253
2025-06-19 02:04:11,279 - __main__ - INFO - Noise ratio: 0.2
2025-06-19 02:04:11,280 - __main__ - INFO - Namespace(dataset='wiki', seed=5, alpha=2.0, lamda=1, margin=0.9, lambd=5, barycenter_number=1, top_k=10, warm_up_epoch=0, MAX_EPOCH=100, batch_size=256, output_dim=512, lr=0.0001, noisy_ratio=0.2, noise_mode='sym', GPU=1, hard_weight=True, noisy_train=False, logging='wiki_ablation')
2025-06-19 02:05:45,681 - __main__ - INFO - ...Image to Text MAP = 0.517926292644024
2025-06-19 02:05:45,782 - __main__ - INFO - ...Text to Image MAP = 0.47691593205215627
2025-06-19 02:05:45,782 - __main__ - INFO - ...Average MAP = 0.49742111234809017
2025-06-19 02:05:51,282 - __main__ - INFO - Noise ratio: 0.2
2025-06-19 02:05:51,282 - __main__ - INFO - Namespace(dataset='wiki', seed=5, alpha=2.0, lamda=0.0, margin=0.9, lambd=5, barycenter_number=1, top_k=10, warm_up_epoch=0, MAX_EPOCH=100, batch_size=256, output_dim=512, lr=0.0001, noisy_ratio=0.2, noise_mode='sym', GPU=1, hard_weight=True, noisy_train=True, logging='wiki_ablation')
2025-06-19 02:07:57,499 - __main__ - INFO - ...Image to Text MAP = 0.40406262488889455
2025-06-19 02:07:57,602 - __main__ - INFO - ...Text to Image MAP = 0.3907388777468556
2025-06-19 02:07:57,603 - __main__ - INFO - ...Average MAP = 0.3974007513178751
2025-06-19 02:08:03,929 - __main__ - INFO - Noise ratio: 0.2
2025-06-19 02:08:03,929 - __main__ - INFO - Namespace(dataset='wiki', seed=5, alpha=2.0, lamda=1, margin=0.9, lambd=5, barycenter_number=1, top_k=10, warm_up_epoch=0, MAX_EPOCH=100, batch_size=256, output_dim=512, lr=0.0001, noisy_ratio=0.2, noise_mode='sym', GPU=1, hard_weight=False, noisy_train=True, logging='wiki_ablation')
2025-06-19 02:10:17,035 - __main__ - INFO - ...Image to Text MAP = 0.5229452869487122
2025-06-19 02:10:17,133 - __main__ - INFO - ...Text to Image MAP = 0.48067159713351637
2025-06-19 02:10:17,134 - __main__ - INFO - ...Average MAP = 0.5018084420411143
2025-06-19 02:10:23,889 - __main__ - INFO - Noise ratio: 0.4
2025-06-19 02:10:23,890 - __main__ - INFO - Namespace(dataset='wiki', seed=5, alpha=2.0, lamda=1, margin=0.9, lambd=5, barycenter_number=1, top_k=10, warm_up_epoch=0, MAX_EPOCH=100, batch_size=256, output_dim=512, lr=0.0001, noisy_ratio=0.4, noise_mode='sym', GPU=1, hard_weight=True, noisy_train=True, logging='wiki_ablation')
2025-06-19 02:12:25,446 - __main__ - INFO - ...Image to Text MAP = 0.4918649767613233
2025-06-19 02:12:25,545 - __main__ - INFO - ...Text to Image MAP = 0.4546722282488766
2025-06-19 02:12:25,546 - __main__ - INFO - ...Average MAP = 0.47326860250509994
2025-06-19 02:12:31,741 - __main__ - INFO - Noise ratio: 0.4
2025-06-19 02:12:31,742 - __main__ - INFO - Namespace(dataset='wiki', seed=5, alpha=0.0, lamda=1, margin=0.9, lambd=5, barycenter_number=1, top_k=10, warm_up_epoch=0, MAX_EPOCH=100, batch_size=256, output_dim=512, lr=0.0001, noisy_ratio=0.4, noise_mode='sym', GPU=1, hard_weight=True, noisy_train=True, logging='wiki_ablation')
2025-06-19 02:14:37,150 - __main__ - INFO - ...Image to Text MAP = 0.25620749713693863
2025-06-19 02:14:37,248 - __main__ - INFO - ...Text to Image MAP = 0.26268994902312676
2025-06-19 02:14:37,249 - __main__ - INFO - ...Average MAP = 0.2594487230800327
2025-06-19 02:14:43,371 - __main__ - INFO - Noise ratio: 0.4
2025-06-19 02:14:43,372 - __main__ - INFO - Namespace(dataset='wiki', seed=5, alpha=2.0, lamda=1, margin=0.9, lambd=5, barycenter_number=1, top_k=10, warm_up_epoch=0, MAX_EPOCH=100, batch_size=256, output_dim=512, lr=0.0001, noisy_ratio=0.4, noise_mode='sym', GPU=1, hard_weight=True, noisy_train=False, logging='wiki_ablation')
2025-06-19 02:16:28,942 - __main__ - INFO - ...Image to Text MAP = 0.47914129563284485
2025-06-19 02:16:29,088 - __main__ - INFO - ...Text to Image MAP = 0.4341596872181784
2025-06-19 02:16:29,088 - __main__ - INFO - ...Average MAP = 0.4566504914255116
2025-06-19 02:16:35,364 - __main__ - INFO - Noise ratio: 0.4
2025-06-19 02:16:35,364 - __main__ - INFO - Namespace(dataset='wiki', seed=5, alpha=2.0, lamda=0.0, margin=0.9, lambd=5, barycenter_number=1, top_k=10, warm_up_epoch=0, MAX_EPOCH=100, batch_size=256, output_dim=512, lr=0.0001, noisy_ratio=0.4, noise_mode='sym', GPU=1, hard_weight=True, noisy_train=True, logging='wiki_ablation')
2025-06-19 02:18:55,676 - __main__ - INFO - ...Image to Text MAP = 0.41443713957315526
2025-06-19 02:18:55,779 - __main__ - INFO - ...Text to Image MAP = 0.3951576471630724
2025-06-19 02:18:55,779 - __main__ - INFO - ...Average MAP = 0.4047973933681138
2025-06-19 02:19:01,651 - __main__ - INFO - Noise ratio: 0.4
2025-06-19 02:19:01,651 - __main__ - INFO - Namespace(dataset='wiki', seed=5, alpha=2.0, lamda=1, margin=0.9, lambd=5, barycenter_number=1, top_k=10, warm_up_epoch=0, MAX_EPOCH=100, batch_size=256, output_dim=512, lr=0.0001, noisy_ratio=0.4, noise_mode='sym', GPU=1, hard_weight=False, noisy_train=True, logging='wiki_ablation')
2025-06-19 02:21:19,043 - __main__ - INFO - ...Image to Text MAP = 0.4951367297820661
2025-06-19 02:21:19,138 - __main__ - INFO - ...Text to Image MAP = 0.4575696507710698
2025-06-19 02:21:19,138 - __main__ - INFO - ...Average MAP = 0.476353190276568
2025-06-19 02:21:24,966 - __main__ - INFO - Noise ratio: 0.6
2025-06-19 02:21:24,968 - __main__ - INFO - Namespace(dataset='wiki', seed=5, alpha=2.0, lamda=1, margin=0.9, lambd=5, barycenter_number=1, top_k=10, warm_up_epoch=0, MAX_EPOCH=100, batch_size=256, output_dim=512, lr=0.0001, noisy_ratio=0.6, noise_mode='sym', GPU=1, hard_weight=True, noisy_train=True, logging='wiki_ablation')
2025-06-19 02:23:27,578 - __main__ - INFO - ...Image to Text MAP = 0.4307012348265726
2025-06-19 02:23:27,664 - __main__ - INFO - ...Text to Image MAP = 0.4138105003031446
2025-06-19 02:23:27,665 - __main__ - INFO - ...Average MAP = 0.42225586756485856
2025-06-19 02:23:33,928 - __main__ - INFO - Noise ratio: 0.6
2025-06-19 02:23:33,929 - __main__ - INFO - Namespace(dataset='wiki', seed=5, alpha=0.0, lamda=1, margin=0.9, lambd=5, barycenter_number=1, top_k=10, warm_up_epoch=0, MAX_EPOCH=100, batch_size=256, output_dim=512, lr=0.0001, noisy_ratio=0.6, noise_mode='sym', GPU=1, hard_weight=True, noisy_train=True, logging='wiki_ablation')
2025-06-19 02:25:41,623 - __main__ - INFO - ...Image to Text MAP = 0.26461212533669354
2025-06-19 02:25:41,719 - __main__ - INFO - ...Text to Image MAP = 0.2904064158384576
2025-06-19 02:25:41,719 - __main__ - INFO - ...Average MAP = 0.2775092705875756
2025-06-19 02:25:47,549 - __main__ - INFO - Noise ratio: 0.6
2025-06-19 02:25:47,550 - __main__ - INFO - Namespace(dataset='wiki', seed=5, alpha=2.0, lamda=1, margin=0.9, lambd=5, barycenter_number=1, top_k=10, warm_up_epoch=0, MAX_EPOCH=100, batch_size=256, output_dim=512, lr=0.0001, noisy_ratio=0.6, noise_mode='sym', GPU=1, hard_weight=True, noisy_train=False, logging='wiki_ablation')
2025-06-19 02:27:24,728 - __main__ - INFO - ...Image to Text MAP = 0.37648918995442876
2025-06-19 02:27:24,818 - __main__ - INFO - ...Text to Image MAP = 0.35200145638004815
2025-06-19 02:27:24,818 - __main__ - INFO - ...Average MAP = 0.36424532316723846
2025-06-19 02:27:30,698 - __main__ - INFO - Noise ratio: 0.6
2025-06-19 02:27:30,698 - __main__ - INFO - Namespace(dataset='wiki', seed=5, alpha=2.0, lamda=0.0, margin=0.9, lambd=5, barycenter_number=1, top_k=10, warm_up_epoch=0, MAX_EPOCH=100, batch_size=256, output_dim=512, lr=0.0001, noisy_ratio=0.6, noise_mode='sym', GPU=1, hard_weight=True, noisy_train=True, logging='wiki_ablation')
2025-06-19 02:29:49,968 - __main__ - INFO - ...Image to Text MAP = 0.4074238063347672
2025-06-19 02:29:50,074 - __main__ - INFO - ...Text to Image MAP = 0.39032844510252335
2025-06-19 02:29:50,075 - __main__ - INFO - ...Average MAP = 0.3988761257186453
2025-06-19 02:29:56,934 - __main__ - INFO - Noise ratio: 0.6
2025-06-19 02:29:56,934 - __main__ - INFO - Namespace(dataset='wiki', seed=5, alpha=2.0, lamda=1, margin=0.9, lambd=5, barycenter_number=1, top_k=10, warm_up_epoch=0, MAX_EPOCH=100, batch_size=256, output_dim=512, lr=0.0001, noisy_ratio=0.6, noise_mode='sym', GPU=1, hard_weight=False, noisy_train=True, logging='wiki_ablation')
2025-06-19 02:31:58,714 - __main__ - INFO - ...Image to Text MAP = 0.445592503672647
2025-06-19 02:31:58,809 - __main__ - INFO - ...Text to Image MAP = 0.4242763671628605
2025-06-19 02:31:58,809 - __main__ - INFO - ...Average MAP = 0.4349344354177538
2025-06-19 02:32:05,313 - __main__ - INFO - Noise ratio: 0.8
2025-06-19 02:32:05,315 - __main__ - INFO - Namespace(dataset='wiki', seed=5, alpha=2.0, lamda=1, margin=0.9, lambd=5, barycenter_number=1, top_k=10, warm_up_epoch=0, MAX_EPOCH=100, batch_size=256, output_dim=512, lr=0.0001, noisy_ratio=0.8, noise_mode='sym', GPU=1, hard_weight=True, noisy_train=True, logging='wiki_ablation')
2025-06-19 02:34:10,183 - __main__ - INFO - ...Image to Text MAP = 0.41252937528234157
2025-06-19 02:34:10,288 - __main__ - INFO - ...Text to Image MAP = 0.39607687153173415
2025-06-19 02:34:10,289 - __main__ - INFO - ...Average MAP = 0.4043031234070379
2025-06-19 02:34:15,612 - __main__ - INFO - Noise ratio: 0.8
2025-06-19 02:34:15,614 - __main__ - INFO - Namespace(dataset='wiki', seed=5, alpha=0.0, lamda=1, margin=0.9, lambd=5, barycenter_number=1, top_k=10, warm_up_epoch=0, MAX_EPOCH=100, batch_size=256, output_dim=512, lr=0.0001, noisy_ratio=0.8, noise_mode='sym', GPU=1, hard_weight=True, noisy_train=True, logging='wiki_ablation')
2025-06-19 02:36:26,579 - __main__ - INFO - ...Image to Text MAP = 0.17072819927888735
2025-06-19 02:36:26,679 - __main__ - INFO - ...Text to Image MAP = 0.17512242357504212
2025-06-19 02:36:26,679 - __main__ - INFO - ...Average MAP = 0.17292531142696474
2025-06-19 02:36:32,644 - __main__ - INFO - Noise ratio: 0.8
2025-06-19 02:36:32,644 - __main__ - INFO - Namespace(dataset='wiki', seed=5, alpha=2.0, lamda=1, margin=0.9, lambd=5, barycenter_number=1, top_k=10, warm_up_epoch=0, MAX_EPOCH=100, batch_size=256, output_dim=512, lr=0.0001, noisy_ratio=0.8, noise_mode='sym', GPU=1, hard_weight=True, noisy_train=False, logging='wiki_ablation')
2025-06-19 02:38:22,909 - __main__ - INFO - ...Image to Text MAP = 0.34540229014151763
2025-06-19 02:38:23,036 - __main__ - INFO - ...Text to Image MAP = 0.3253821784686663
2025-06-19 02:38:23,037 - __main__ - INFO - ...Average MAP = 0.33539223430509196
2025-06-19 02:38:28,931 - __main__ - INFO - Noise ratio: 0.8
2025-06-19 02:38:28,932 - __main__ - INFO - Namespace(dataset='wiki', seed=5, alpha=2.0, lamda=0.0, margin=0.9, lambd=5, barycenter_number=1, top_k=10, warm_up_epoch=0, MAX_EPOCH=100, batch_size=256, output_dim=512, lr=0.0001, noisy_ratio=0.8, noise_mode='sym', GPU=1, hard_weight=True, noisy_train=True, logging='wiki_ablation')
2025-06-19 02:40:27,684 - __main__ - INFO - ...Image to Text MAP = 0.40972485673446907
2025-06-19 02:40:27,844 - __main__ - INFO - ...Text to Image MAP = 0.39177679796279896
2025-06-19 02:40:27,845 - __main__ - INFO - ...Average MAP = 0.400750827348634
2025-06-19 02:40:33,410 - __main__ - INFO - Noise ratio: 0.8
2025-06-19 02:40:33,411 - __main__ - INFO - Namespace(dataset='wiki', seed=5, alpha=2.0, lamda=1, margin=0.9, lambd=5, barycenter_number=1, top_k=10, warm_up_epoch=0, MAX_EPOCH=100, batch_size=256, output_dim=512, lr=0.0001, noisy_ratio=0.8, noise_mode='sym', GPU=1, hard_weight=False, noisy_train=True, logging='wiki_ablation')
2025-06-19 02:42:34,895 - __main__ - INFO - ...Image to Text MAP = 0.4153383837701873
2025-06-19 02:42:34,993 - __main__ - INFO - ...Text to Image MAP = 0.39881470940102587
2025-06-19 02:42:34,993 - __main__ - INFO - ...Average MAP = 0.40707654658560655
2025-06-19 02:42:40,776 - __main__ - INFO - Noise ratio: 0.2
2025-06-19 02:42:40,777 - __main__ - INFO - Namespace(dataset='wiki', seed=5, alpha=3.0, lamda=1, margin=0.9, lambd=5, barycenter_number=1, top_k=10, warm_up_epoch=0, MAX_EPOCH=100, batch_size=256, output_dim=512, lr=0.0001, noisy_ratio=0.2, noise_mode='sym', GPU=1, hard_weight=True, noisy_train=True, logging='wiki_ablation')
2025-06-19 02:45:02,119 - __main__ - INFO - ...Image to Text MAP = 0.4617549126594378
2025-06-19 02:45:02,229 - __main__ - INFO - ...Text to Image MAP = 0.4265379655493046
2025-06-19 02:45:02,230 - __main__ - INFO - ...Average MAP = 0.44414643910437124
2025-06-19 02:45:09,188 - __main__ - INFO - Noise ratio: 0.2
2025-06-19 02:45:09,190 - __main__ - INFO - Namespace(dataset='wiki', seed=5, alpha=0.0, lamda=1, margin=0.9, lambd=5, barycenter_number=1, top_k=10, warm_up_epoch=0, MAX_EPOCH=100, batch_size=256, output_dim=512, lr=0.0001, noisy_ratio=0.2, noise_mode='sym', GPU=1, hard_weight=True, noisy_train=True, logging='wiki_ablation')
2025-06-19 02:47:07,606 - __main__ - INFO - ...Image to Text MAP = 0.38794389981461724
2025-06-19 02:47:07,707 - __main__ - INFO - ...Text to Image MAP = 0.3269857578107878
2025-06-19 02:47:07,707 - __main__ - INFO - ...Average MAP = 0.35746482881270253
2025-06-19 02:47:13,087 - __main__ - INFO - Noise ratio: 0.2
2025-06-19 02:47:13,090 - __main__ - INFO - Namespace(dataset='wiki', seed=5, alpha=3.0, lamda=1, margin=0.9, lambd=5, barycenter_number=1, top_k=10, warm_up_epoch=0, MAX_EPOCH=100, batch_size=256, output_dim=512, lr=0.0001, noisy_ratio=0.2, noise_mode='sym', GPU=1, hard_weight=True, noisy_train=False, logging='wiki_ablation')
2025-06-19 02:48:57,846 - __main__ - INFO - ...Image to Text MAP = 0.4680783042608558
2025-06-19 02:48:57,947 - __main__ - INFO - ...Text to Image MAP = 0.4213249914733128
2025-06-19 02:48:57,948 - __main__ - INFO - ...Average MAP = 0.4447016478670843
2025-06-19 02:49:03,972 - __main__ - INFO - Noise ratio: 0.2
2025-06-19 02:49:03,973 - __main__ - INFO - Namespace(dataset='wiki', seed=5, alpha=3.0, lamda=0.0, margin=0.9, lambd=5, barycenter_number=1, top_k=10, warm_up_epoch=0, MAX_EPOCH=100, batch_size=256, output_dim=512, lr=0.0001, noisy_ratio=0.2, noise_mode='sym', GPU=1, hard_weight=True, noisy_train=True, logging='wiki_ablation')
2025-06-19 02:51:01,678 - __main__ - INFO - ...Image to Text MAP = 0.40822304463899284
2025-06-19 02:51:01,780 - __main__ - INFO - ...Text to Image MAP = 0.3895358543244083
2025-06-19 02:51:01,780 - __main__ - INFO - ...Average MAP = 0.39887944948170057
2025-06-19 02:51:07,080 - __main__ - INFO - Noise ratio: 0.2
2025-06-19 02:51:07,080 - __main__ - INFO - Namespace(dataset='wiki', seed=5, alpha=3.0, lamda=1, margin=0.9, lambd=5, barycenter_number=1, top_k=10, warm_up_epoch=0, MAX_EPOCH=100, batch_size=256, output_dim=512, lr=0.0001, noisy_ratio=0.2, noise_mode='sym', GPU=1, hard_weight=False, noisy_train=True, logging='wiki_ablation')
2025-06-19 02:53:16,706 - __main__ - INFO - ...Image to Text MAP = 0.4761962218940736
2025-06-19 02:53:16,796 - __main__ - INFO - ...Text to Image MAP = 0.4472775708547988
2025-06-19 02:53:16,796 - __main__ - INFO - ...Average MAP = 0.4617368963744362
2025-06-19 02:53:23,213 - __main__ - INFO - Noise ratio: 0.4
2025-06-19 02:53:23,214 - __main__ - INFO - Namespace(dataset='wiki', seed=5, alpha=3.0, lamda=1, margin=0.9, lambd=5, barycenter_number=1, top_k=10, warm_up_epoch=0, MAX_EPOCH=100, batch_size=256, output_dim=512, lr=0.0001, noisy_ratio=0.4, noise_mode='sym', GPU=1, hard_weight=True, noisy_train=True, logging='wiki_ablation')
2025-06-19 02:55:23,316 - __main__ - INFO - ...Image to Text MAP = 0.4424406739855009
2025-06-19 02:55:23,415 - __main__ - INFO - ...Text to Image MAP = 0.42195407673927493
2025-06-19 02:55:23,415 - __main__ - INFO - ...Average MAP = 0.4321973753623879
2025-06-19 02:55:28,672 - __main__ - INFO - Noise ratio: 0.4
2025-06-19 02:55:28,673 - __main__ - INFO - Namespace(dataset='wiki', seed=5, alpha=0.0, lamda=1, margin=0.9, lambd=5, barycenter_number=1, top_k=10, warm_up_epoch=0, MAX_EPOCH=100, batch_size=256, output_dim=512, lr=0.0001, noisy_ratio=0.4, noise_mode='sym', GPU=1, hard_weight=True, noisy_train=True, logging='wiki_ablation')
2025-06-19 02:57:32,908 - __main__ - INFO - ...Image to Text MAP = 0.25620749713693863
2025-06-19 02:57:33,044 - __main__ - INFO - ...Text to Image MAP = 0.26268994902312676
2025-06-19 02:57:33,045 - __main__ - INFO - ...Average MAP = 0.2594487230800327
2025-06-19 02:57:38,993 - __main__ - INFO - Noise ratio: 0.4
2025-06-19 02:57:38,993 - __main__ - INFO - Namespace(dataset='wiki', seed=5, alpha=3.0, lamda=1, margin=0.9, lambd=5, barycenter_number=1, top_k=10, warm_up_epoch=0, MAX_EPOCH=100, batch_size=256, output_dim=512, lr=0.0001, noisy_ratio=0.4, noise_mode='sym', GPU=1, hard_weight=True, noisy_train=False, logging='wiki_ablation')
2025-06-19 02:59:32,264 - __main__ - INFO - ...Image to Text MAP = 0.4122352473074778
2025-06-19 02:59:32,361 - __main__ - INFO - ...Text to Image MAP = 0.3823807543183577
2025-06-19 02:59:32,361 - __main__ - INFO - ...Average MAP = 0.3973080008129177
2025-06-19 02:59:38,764 - __main__ - INFO - Noise ratio: 0.4
2025-06-19 02:59:38,764 - __main__ - INFO - Namespace(dataset='wiki', seed=5, alpha=3.0, lamda=0.0, margin=0.9, lambd=5, barycenter_number=1, top_k=10, warm_up_epoch=0, MAX_EPOCH=100, batch_size=256, output_dim=512, lr=0.0001, noisy_ratio=0.4, noise_mode='sym', GPU=1, hard_weight=True, noisy_train=True, logging='wiki_ablation')
2025-06-19 03:01:59,310 - __main__ - INFO - ...Image to Text MAP = 0.4162695104856903
2025-06-19 03:01:59,410 - __main__ - INFO - ...Text to Image MAP = 0.39448706308582876
2025-06-19 03:01:59,411 - __main__ - INFO - ...Average MAP = 0.4053782867857595
2025-06-19 03:02:05,793 - __main__ - INFO - Noise ratio: 0.4
2025-06-19 03:02:05,793 - __main__ - INFO - Namespace(dataset='wiki', seed=5, alpha=3.0, lamda=1, margin=0.9, lambd=5, barycenter_number=1, top_k=10, warm_up_epoch=0, MAX_EPOCH=100, batch_size=256, output_dim=512, lr=0.0001, noisy_ratio=0.4, noise_mode='sym', GPU=1, hard_weight=False, noisy_train=True, logging='wiki_ablation')
2025-06-19 03:04:28,988 - __main__ - INFO - ...Image to Text MAP = 0.4595796653248818
2025-06-19 03:04:29,096 - __main__ - INFO - ...Text to Image MAP = 0.4345850199614796
2025-06-19 03:04:29,096 - __main__ - INFO - ...Average MAP = 0.4470823426431807
2025-06-19 03:04:35,278 - __main__ - INFO - Noise ratio: 0.6
2025-06-19 03:04:35,280 - __main__ - INFO - Namespace(dataset='wiki', seed=5, alpha=3.0, lamda=1, margin=0.9, lambd=5, barycenter_number=1, top_k=10, warm_up_epoch=0, MAX_EPOCH=100, batch_size=256, output_dim=512, lr=0.0001, noisy_ratio=0.6, noise_mode='sym', GPU=1, hard_weight=True, noisy_train=True, logging='wiki_ablation')
2025-06-19 03:06:45,382 - __main__ - INFO - ...Image to Text MAP = 0.4276473676756169
2025-06-19 03:06:45,466 - __main__ - INFO - ...Text to Image MAP = 0.41016424521695205
2025-06-19 03:06:45,466 - __main__ - INFO - ...Average MAP = 0.4189058064462845
2025-06-19 03:06:52,296 - __main__ - INFO - Noise ratio: 0.6
2025-06-19 03:06:52,301 - __main__ - INFO - Namespace(dataset='wiki', seed=5, alpha=0.0, lamda=1, margin=0.9, lambd=5, barycenter_number=1, top_k=10, warm_up_epoch=0, MAX_EPOCH=100, batch_size=256, output_dim=512, lr=0.0001, noisy_ratio=0.6, noise_mode='sym', GPU=1, hard_weight=True, noisy_train=True, logging='wiki_ablation')
2025-06-19 03:08:57,108 - __main__ - INFO - ...Image to Text MAP = 0.26461212533669354
2025-06-19 03:08:57,210 - __main__ - INFO - ...Text to Image MAP = 0.2904064158384576
2025-06-19 03:08:57,211 - __main__ - INFO - ...Average MAP = 0.2775092705875756
2025-06-19 03:09:03,571 - __main__ - INFO - Noise ratio: 0.6
2025-06-19 03:09:03,571 - __main__ - INFO - Namespace(dataset='wiki', seed=5, alpha=3.0, lamda=1, margin=0.9, lambd=5, barycenter_number=1, top_k=10, warm_up_epoch=0, MAX_EPOCH=100, batch_size=256, output_dim=512, lr=0.0001, noisy_ratio=0.6, noise_mode='sym', GPU=1, hard_weight=True, noisy_train=False, logging='wiki_ablation')
2025-06-19 03:10:51,515 - __main__ - INFO - ...Image to Text MAP = 0.36834230018955033
2025-06-19 03:10:51,640 - __main__ - INFO - ...Text to Image MAP = 0.3362502986015427
2025-06-19 03:10:51,640 - __main__ - INFO - ...Average MAP = 0.3522962993955465
2025-06-19 03:10:57,144 - __main__ - INFO - Noise ratio: 0.6
2025-06-19 03:10:57,144 - __main__ - INFO - Namespace(dataset='wiki', seed=5, alpha=3.0, lamda=0.0, margin=0.9, lambd=5, barycenter_number=1, top_k=10, warm_up_epoch=0, MAX_EPOCH=100, batch_size=256, output_dim=512, lr=0.0001, noisy_ratio=0.6, noise_mode='sym', GPU=1, hard_weight=True, noisy_train=True, logging='wiki_ablation')
2025-06-19 03:13:22,089 - __main__ - INFO - ...Image to Text MAP = 0.41007690546345443
2025-06-19 03:13:22,186 - __main__ - INFO - ...Text to Image MAP = 0.3947978951759884
2025-06-19 03:13:22,187 - __main__ - INFO - ...Average MAP = 0.4024374003197214
2025-06-19 03:13:29,127 - __main__ - INFO - Noise ratio: 0.6
2025-06-19 03:13:29,128 - __main__ - INFO - Namespace(dataset='wiki', seed=5, alpha=3.0, lamda=1, margin=0.9, lambd=5, barycenter_number=1, top_k=10, warm_up_epoch=0, MAX_EPOCH=100, batch_size=256, output_dim=512, lr=0.0001, noisy_ratio=0.6, noise_mode='sym', GPU=1, hard_weight=False, noisy_train=True, logging='wiki_ablation')
2025-06-19 03:15:33,020 - __main__ - INFO - ...Image to Text MAP = 0.4307804559810442
2025-06-19 03:15:33,147 - __main__ - INFO - ...Text to Image MAP = 0.41340104439401326
2025-06-19 03:15:33,148 - __main__ - INFO - ...Average MAP = 0.42209075018752873
2025-06-19 03:15:39,235 - __main__ - INFO - Noise ratio: 0.8
2025-06-19 03:15:39,237 - __main__ - INFO - Namespace(dataset='wiki', seed=5, alpha=3.0, lamda=1, margin=0.9, lambd=5, barycenter_number=1, top_k=10, warm_up_epoch=0, MAX_EPOCH=100, batch_size=256, output_dim=512, lr=0.0001, noisy_ratio=0.8, noise_mode='sym', GPU=1, hard_weight=True, noisy_train=True, logging='wiki_ablation')
2025-06-19 03:17:29,707 - __main__ - INFO - ...Image to Text MAP = 0.41041327719636783
2025-06-19 03:17:29,806 - __main__ - INFO - ...Text to Image MAP = 0.3935671698501144
2025-06-19 03:17:29,807 - __main__ - INFO - ...Average MAP = 0.4019902235232411
2025-06-19 03:17:35,240 - __main__ - INFO - Noise ratio: 0.8
2025-06-19 03:17:35,241 - __main__ - INFO - Namespace(dataset='wiki', seed=5, alpha=0.0, lamda=1, margin=0.9, lambd=5, barycenter_number=1, top_k=10, warm_up_epoch=0, MAX_EPOCH=100, batch_size=256, output_dim=512, lr=0.0001, noisy_ratio=0.8, noise_mode='sym', GPU=1, hard_weight=True, noisy_train=True, logging='wiki_ablation')
2025-06-19 03:19:49,819 - __main__ - INFO - ...Image to Text MAP = 0.17072819927888735
2025-06-19 03:19:49,925 - __main__ - INFO - ...Text to Image MAP = 0.17512242357504212
2025-06-19 03:19:49,926 - __main__ - INFO - ...Average MAP = 0.17292531142696474
2025-06-19 03:19:56,262 - __main__ - INFO - Noise ratio: 0.8
2025-06-19 03:19:56,263 - __main__ - INFO - Namespace(dataset='wiki', seed=5, alpha=3.0, lamda=1, margin=0.9, lambd=5, barycenter_number=1, top_k=10, warm_up_epoch=0, MAX_EPOCH=100, batch_size=256, output_dim=512, lr=0.0001, noisy_ratio=0.8, noise_mode='sym', GPU=1, hard_weight=True, noisy_train=False, logging='wiki_ablation')
2025-06-19 03:21:44,943 - __main__ - INFO - ...Image to Text MAP = 0.34669378095471537
2025-06-19 03:21:45,094 - __main__ - INFO - ...Text to Image MAP = 0.331033793167334
2025-06-19 03:21:45,095 - __main__ - INFO - ...Average MAP = 0.3388637870610247
2025-06-19 03:21:50,977 - __main__ - INFO - Noise ratio: 0.8
2025-06-19 03:21:50,977 - __main__ - INFO - Namespace(dataset='wiki', seed=5, alpha=3.0, lamda=0.0, margin=0.9, lambd=5, barycenter_number=1, top_k=10, warm_up_epoch=0, MAX_EPOCH=100, batch_size=256, output_dim=512, lr=0.0001, noisy_ratio=0.8, noise_mode='sym', GPU=1, hard_weight=True, noisy_train=True, logging='wiki_ablation')
2025-06-19 03:24:08,658 - __main__ - INFO - ...Image to Text MAP = 0.4067445238368554
2025-06-19 03:24:08,775 - __main__ - INFO - ...Text to Image MAP = 0.3935734283617337
2025-06-19 03:24:08,775 - __main__ - INFO - ...Average MAP = 0.4001589760992945
2025-06-19 03:24:16,583 - __main__ - INFO - Noise ratio: 0.8
2025-06-19 03:24:16,583 - __main__ - INFO - Namespace(dataset='wiki', seed=5, alpha=3.0, lamda=1, margin=0.9, lambd=5, barycenter_number=1, top_k=10, warm_up_epoch=0, MAX_EPOCH=100, batch_size=256, output_dim=512, lr=0.0001, noisy_ratio=0.8, noise_mode='sym', GPU=1, hard_weight=False, noisy_train=True, logging='wiki_ablation')
2025-06-19 03:26:29,087 - __main__ - INFO - ...Image to Text MAP = 0.4179945332961611
2025-06-19 03:26:29,254 - __main__ - INFO - ...Text to Image MAP = 0.4009525246243062
2025-06-19 03:26:29,255 - __main__ - INFO - ...Average MAP = 0.40947352896023365
2025-06-19 03:26:34,778 - __main__ - INFO - Noise ratio: 0.2
2025-06-19 03:26:34,779 - __main__ - INFO - Namespace(dataset='wiki', seed=6, alpha=0.7, lamda=1, margin=0.9, lambd=5, barycenter_number=1, top_k=10, warm_up_epoch=0, MAX_EPOCH=100, batch_size=256, output_dim=512, lr=0.0001, noisy_ratio=0.2, noise_mode='sym', GPU=1, hard_weight=True, noisy_train=True, logging='wiki_ablation')
2025-06-19 03:28:43,264 - __main__ - INFO - ...Image to Text MAP = 0.5045168856003791
2025-06-19 03:28:43,353 - __main__ - INFO - ...Text to Image MAP = 0.44707827881626433
2025-06-19 03:28:43,354 - __main__ - INFO - ...Average MAP = 0.4757975822083217
2025-06-19 03:28:48,938 - __main__ - INFO - Noise ratio: 0.2
2025-06-19 03:28:48,940 - __main__ - INFO - Namespace(dataset='wiki', seed=6, alpha=0.0, lamda=1, margin=0.9, lambd=5, barycenter_number=1, top_k=10, warm_up_epoch=0, MAX_EPOCH=100, batch_size=256, output_dim=512, lr=0.0001, noisy_ratio=0.2, noise_mode='sym', GPU=1, hard_weight=True, noisy_train=True, logging='wiki_ablation')
2025-06-19 03:31:09,608 - __main__ - INFO - ...Image to Text MAP = 0.39141363104658294
2025-06-19 03:31:09,737 - __main__ - INFO - ...Text to Image MAP = 0.3362874413426975
2025-06-19 03:31:09,738 - __main__ - INFO - ...Average MAP = 0.36385053619464025
2025-06-19 03:31:16,229 - __main__ - INFO - Noise ratio: 0.2
2025-06-19 03:31:16,229 - __main__ - INFO - Namespace(dataset='wiki', seed=6, alpha=0.7, lamda=1, margin=0.9, lambd=5, barycenter_number=1, top_k=10, warm_up_epoch=0, MAX_EPOCH=100, batch_size=256, output_dim=512, lr=0.0001, noisy_ratio=0.2, noise_mode='sym', GPU=1, hard_weight=True, noisy_train=False, logging='wiki_ablation')
2025-06-19 03:33:27,688 - __main__ - INFO - ...Image to Text MAP = 0.5112641584199684
2025-06-19 03:33:27,798 - __main__ - INFO - ...Text to Image MAP = 0.45709454509979314
2025-06-19 03:33:27,799 - __main__ - INFO - ...Average MAP = 0.4841793517598808
2025-06-19 03:33:33,836 - __main__ - INFO - Noise ratio: 0.2
2025-06-19 03:33:33,837 - __main__ - INFO - Namespace(dataset='wiki', seed=6, alpha=0.7, lamda=0.0, margin=0.9, lambd=5, barycenter_number=1, top_k=10, warm_up_epoch=0, MAX_EPOCH=100, batch_size=256, output_dim=512, lr=0.0001, noisy_ratio=0.2, noise_mode='sym', GPU=1, hard_weight=True, noisy_train=True, logging='wiki_ablation')
2025-06-19 03:35:54,909 - __main__ - INFO - ...Image to Text MAP = 0.4212853539381634
2025-06-19 03:35:55,072 - __main__ - INFO - ...Text to Image MAP = 0.388868044098628
2025-06-19 03:35:55,076 - __main__ - INFO - ...Average MAP = 0.4050766990183957
2025-06-19 03:36:01,295 - __main__ - INFO - Noise ratio: 0.2
2025-06-19 03:36:01,302 - __main__ - INFO - Namespace(dataset='wiki', seed=6, alpha=0.7, lamda=1, margin=0.9, lambd=5, barycenter_number=1, top_k=10, warm_up_epoch=0, MAX_EPOCH=100, batch_size=256, output_dim=512, lr=0.0001, noisy_ratio=0.2, noise_mode='sym', GPU=1, hard_weight=False, noisy_train=True, logging='wiki_ablation')
2025-06-19 03:38:08,659 - __main__ - INFO - ...Image to Text MAP = 0.5071566828029482
2025-06-19 03:38:08,797 - __main__ - INFO - ...Text to Image MAP = 0.45742928586409587
2025-06-19 03:38:08,798 - __main__ - INFO - ...Average MAP = 0.4822929843335221
2025-06-19 03:38:14,814 - __main__ - INFO - Noise ratio: 0.4
2025-06-19 03:38:14,816 - __main__ - INFO - Namespace(dataset='wiki', seed=6, alpha=0.7, lamda=1, margin=0.9, lambd=5, barycenter_number=1, top_k=10, warm_up_epoch=0, MAX_EPOCH=100, batch_size=256, output_dim=512, lr=0.0001, noisy_ratio=0.4, noise_mode='sym', GPU=1, hard_weight=True, noisy_train=True, logging='wiki_ablation')
2025-06-19 03:40:37,079 - __main__ - INFO - ...Image to Text MAP = 0.5038451011428793
2025-06-19 03:40:37,184 - __main__ - INFO - ...Text to Image MAP = 0.45072561081282353
2025-06-19 03:40:37,185 - __main__ - INFO - ...Average MAP = 0.4772853559778514
2025-06-19 03:40:43,688 - __main__ - INFO - Noise ratio: 0.4
2025-06-19 03:40:43,690 - __main__ - INFO - Namespace(dataset='wiki', seed=6, alpha=0.0, lamda=1, margin=0.9, lambd=5, barycenter_number=1, top_k=10, warm_up_epoch=0, MAX_EPOCH=100, batch_size=256, output_dim=512, lr=0.0001, noisy_ratio=0.4, noise_mode='sym', GPU=1, hard_weight=True, noisy_train=True, logging='wiki_ablation')
2025-06-19 03:42:37,763 - __main__ - INFO - ...Image to Text MAP = 0.2777354663596613
2025-06-19 03:42:37,859 - __main__ - INFO - ...Text to Image MAP = 0.2743249169444819
2025-06-19 03:42:37,859 - __main__ - INFO - ...Average MAP = 0.2760301916520716
2025-06-19 03:42:43,355 - __main__ - INFO - Noise ratio: 0.4
2025-06-19 03:42:43,356 - __main__ - INFO - Namespace(dataset='wiki', seed=6, alpha=0.7, lamda=1, margin=0.9, lambd=5, barycenter_number=1, top_k=10, warm_up_epoch=0, MAX_EPOCH=100, batch_size=256, output_dim=512, lr=0.0001, noisy_ratio=0.4, noise_mode='sym', GPU=1, hard_weight=True, noisy_train=False, logging='wiki_ablation')
2025-06-19 03:44:35,247 - __main__ - INFO - ...Image to Text MAP = 0.5061758727717139
2025-06-19 03:44:35,359 - __main__ - INFO - ...Text to Image MAP = 0.45536966928534184
2025-06-19 03:44:35,359 - __main__ - INFO - ...Average MAP = 0.4807727710285279
2025-06-19 03:44:41,399 - __main__ - INFO - Noise ratio: 0.4
2025-06-19 03:44:41,399 - __main__ - INFO - Namespace(dataset='wiki', seed=6, alpha=0.7, lamda=0.0, margin=0.9, lambd=5, barycenter_number=1, top_k=10, warm_up_epoch=0, MAX_EPOCH=100, batch_size=256, output_dim=512, lr=0.0001, noisy_ratio=0.4, noise_mode='sym', GPU=1, hard_weight=True, noisy_train=True, logging='wiki_ablation')
2025-06-19 03:46:41,821 - __main__ - INFO - ...Image to Text MAP = 0.4258052645658465
2025-06-19 03:46:41,907 - __main__ - INFO - ...Text to Image MAP = 0.4087685742453651
2025-06-19 03:46:41,908 - __main__ - INFO - ...Average MAP = 0.4172869194056058
2025-06-19 03:46:47,174 - __main__ - INFO - Noise ratio: 0.4
2025-06-19 03:46:47,174 - __main__ - INFO - Namespace(dataset='wiki', seed=6, alpha=0.7, lamda=1, margin=0.9, lambd=5, barycenter_number=1, top_k=10, warm_up_epoch=0, MAX_EPOCH=100, batch_size=256, output_dim=512, lr=0.0001, noisy_ratio=0.4, noise_mode='sym', GPU=1, hard_weight=False, noisy_train=True, logging='wiki_ablation')
2025-06-19 03:48:52,434 - __main__ - INFO - ...Image to Text MAP = 0.49122162893901866
2025-06-19 03:48:52,645 - __main__ - INFO - ...Text to Image MAP = 0.4341456963599696
2025-06-19 03:48:52,646 - __main__ - INFO - ...Average MAP = 0.4626836626494941
2025-06-19 03:48:58,241 - __main__ - INFO - Noise ratio: 0.6
2025-06-19 03:48:58,243 - __main__ - INFO - Namespace(dataset='wiki', seed=6, alpha=0.7, lamda=1, margin=0.9, lambd=5, barycenter_number=1, top_k=10, warm_up_epoch=0, MAX_EPOCH=100, batch_size=256, output_dim=512, lr=0.0001, noisy_ratio=0.6, noise_mode='sym', GPU=1, hard_weight=True, noisy_train=True, logging='wiki_ablation')
2025-06-19 03:51:03,671 - __main__ - INFO - ...Image to Text MAP = 0.49455482722714017
2025-06-19 03:51:03,768 - __main__ - INFO - ...Text to Image MAP = 0.45770875530230304
2025-06-19 03:51:03,769 - __main__ - INFO - ...Average MAP = 0.4761317912647216
2025-06-19 03:51:09,308 - __main__ - INFO - Noise ratio: 0.6
2025-06-19 03:51:09,309 - __main__ - INFO - Namespace(dataset='wiki', seed=6, alpha=0.0, lamda=1, margin=0.9, lambd=5, barycenter_number=1, top_k=10, warm_up_epoch=0, MAX_EPOCH=100, batch_size=256, output_dim=512, lr=0.0001, noisy_ratio=0.6, noise_mode='sym', GPU=1, hard_weight=True, noisy_train=True, logging='wiki_ablation')
2025-06-19 03:53:11,851 - __main__ - INFO - ...Image to Text MAP = 0.24374091932029573
2025-06-19 03:53:11,955 - __main__ - INFO - ...Text to Image MAP = 0.1872935570978236
2025-06-19 03:53:11,955 - __main__ - INFO - ...Average MAP = 0.21551723820905966
2025-06-19 03:53:17,277 - __main__ - INFO - Noise ratio: 0.6
2025-06-19 03:53:17,279 - __main__ - INFO - Namespace(dataset='wiki', seed=6, alpha=0.7, lamda=1, margin=0.9, lambd=5, barycenter_number=1, top_k=10, warm_up_epoch=0, MAX_EPOCH=100, batch_size=256, output_dim=512, lr=0.0001, noisy_ratio=0.6, noise_mode='sym', GPU=1, hard_weight=True, noisy_train=False, logging='wiki_ablation')
2025-06-19 03:54:45,255 - __main__ - INFO - ...Image to Text MAP = 0.4779112653940011
2025-06-19 03:54:45,352 - __main__ - INFO - ...Text to Image MAP = 0.42704768023231776
2025-06-19 03:54:45,353 - __main__ - INFO - ...Average MAP = 0.4524794728131594
2025-06-19 03:54:50,134 - __main__ - INFO - Noise ratio: 0.6
2025-06-19 03:54:50,134 - __main__ - INFO - Namespace(dataset='wiki', seed=6, alpha=0.7, lamda=0.0, margin=0.9, lambd=5, barycenter_number=1, top_k=10, warm_up_epoch=0, MAX_EPOCH=100, batch_size=256, output_dim=512, lr=0.0001, noisy_ratio=0.6, noise_mode='sym', GPU=1, hard_weight=True, noisy_train=True, logging='wiki_ablation')
2025-06-19 03:57:06,304 - __main__ - INFO - ...Image to Text MAP = 0.414004335851968
2025-06-19 03:57:06,642 - __main__ - INFO - ...Text to Image MAP = 0.39957761170954814
2025-06-19 03:57:06,642 - __main__ - INFO - ...Average MAP = 0.40679097378075807
2025-06-19 03:57:12,627 - __main__ - INFO - Noise ratio: 0.6
2025-06-19 03:57:12,627 - __main__ - INFO - Namespace(dataset='wiki', seed=6, alpha=0.7, lamda=1, margin=0.9, lambd=5, barycenter_number=1, top_k=10, warm_up_epoch=0, MAX_EPOCH=100, batch_size=256, output_dim=512, lr=0.0001, noisy_ratio=0.6, noise_mode='sym', GPU=1, hard_weight=False, noisy_train=True, logging='wiki_ablation')
2025-06-19 03:59:16,579 - __main__ - INFO - ...Image to Text MAP = 0.487831415487981
2025-06-19 03:59:16,687 - __main__ - INFO - ...Text to Image MAP = 0.44776557085098
2025-06-19 03:59:16,687 - __main__ - INFO - ...Average MAP = 0.4677984931694805
2025-06-19 03:59:22,158 - __main__ - INFO - Noise ratio: 0.8
2025-06-19 03:59:22,160 - __main__ - INFO - Namespace(dataset='wiki', seed=6, alpha=0.7, lamda=1, margin=0.9, lambd=5, barycenter_number=1, top_k=10, warm_up_epoch=0, MAX_EPOCH=100, batch_size=256, output_dim=512, lr=0.0001, noisy_ratio=0.8, noise_mode='sym', GPU=1, hard_weight=True, noisy_train=True, logging='wiki_ablation')
2025-06-19 04:01:43,061 - __main__ - INFO - ...Image to Text MAP = 0.43953004971662646
2025-06-19 04:01:43,160 - __main__ - INFO - ...Text to Image MAP = 0.40725505336642914
2025-06-19 04:01:43,160 - __main__ - INFO - ...Average MAP = 0.4233925515415278
2025-06-19 04:01:48,571 - __main__ - INFO - Noise ratio: 0.8
2025-06-19 04:01:48,573 - __main__ - INFO - Namespace(dataset='wiki', seed=6, alpha=0.0, lamda=1, margin=0.9, lambd=5, barycenter_number=1, top_k=10, warm_up_epoch=0, MAX_EPOCH=100, batch_size=256, output_dim=512, lr=0.0001, noisy_ratio=0.8, noise_mode='sym', GPU=1, hard_weight=True, noisy_train=True, logging='wiki_ablation')
2025-06-19 04:04:04,635 - __main__ - INFO - ...Image to Text MAP = 0.17464459748908348
2025-06-19 04:04:04,731 - __main__ - INFO - ...Text to Image MAP = 0.17256091759516012
2025-06-19 04:04:04,732 - __main__ - INFO - ...Average MAP = 0.1736027575421218
2025-06-19 04:04:11,010 - __main__ - INFO - Noise ratio: 0.8
2025-06-19 04:04:11,011 - __main__ - INFO - Namespace(dataset='wiki', seed=6, alpha=0.7, lamda=1, margin=0.9, lambd=5, barycenter_number=1, top_k=10, warm_up_epoch=0, MAX_EPOCH=100, batch_size=256, output_dim=512, lr=0.0001, noisy_ratio=0.8, noise_mode='sym', GPU=1, hard_weight=True, noisy_train=False, logging='wiki_ablation')
2025-06-19 04:05:52,831 - __main__ - INFO - ...Image to Text MAP = 0.40853447752969657
2025-06-19 04:05:52,928 - __main__ - INFO - ...Text to Image MAP = 0.3828539025570496
2025-06-19 04:05:52,929 - __main__ - INFO - ...Average MAP = 0.3956941900433731
2025-06-19 04:05:58,716 - __main__ - INFO - Noise ratio: 0.8
2025-06-19 04:05:58,716 - __main__ - INFO - Namespace(dataset='wiki', seed=6, alpha=0.7, lamda=0.0, margin=0.9, lambd=5, barycenter_number=1, top_k=10, warm_up_epoch=0, MAX_EPOCH=100, batch_size=256, output_dim=512, lr=0.0001, noisy_ratio=0.8, noise_mode='sym', GPU=1, hard_weight=True, noisy_train=True, logging='wiki_ablation')
2025-06-19 04:07:53,188 - __main__ - INFO - ...Image to Text MAP = 0.42127886896002326
2025-06-19 04:07:53,282 - __main__ - INFO - ...Text to Image MAP = 0.4058375281415306
2025-06-19 04:07:53,283 - __main__ - INFO - ...Average MAP = 0.4135581985507769
2025-06-19 04:07:59,133 - __main__ - INFO - Noise ratio: 0.8
2025-06-19 04:07:59,134 - __main__ - INFO - Namespace(dataset='wiki', seed=6, alpha=0.7, lamda=1, margin=0.9, lambd=5, barycenter_number=1, top_k=10, warm_up_epoch=0, MAX_EPOCH=100, batch_size=256, output_dim=512, lr=0.0001, noisy_ratio=0.8, noise_mode='sym', GPU=1, hard_weight=False, noisy_train=True, logging='wiki_ablation')
2025-06-19 04:10:14,170 - __main__ - INFO - ...Image to Text MAP = 0.4494164071427667
2025-06-19 04:10:14,271 - __main__ - INFO - ...Text to Image MAP = 0.4272478191465583
2025-06-19 04:10:14,271 - __main__ - INFO - ...Average MAP = 0.43833211314466247
2025-06-19 04:10:19,667 - __main__ - INFO - Noise ratio: 0.2
2025-06-19 04:10:19,672 - __main__ - INFO - Namespace(dataset='wiki', seed=6, alpha=0.8, lamda=1, margin=0.9, lambd=5, barycenter_number=1, top_k=10, warm_up_epoch=0, MAX_EPOCH=100, batch_size=256, output_dim=512, lr=0.0001, noisy_ratio=0.2, noise_mode='sym', GPU=1, hard_weight=True, noisy_train=True, logging='wiki_ablation')
2025-06-19 04:12:17,091 - __main__ - INFO - ...Image to Text MAP = 0.4988066227412445
2025-06-19 04:12:17,204 - __main__ - INFO - ...Text to Image MAP = 0.4410011268759637
2025-06-19 04:12:17,204 - __main__ - INFO - ...Average MAP = 0.46990387480860407
2025-06-19 04:12:22,826 - __main__ - INFO - Noise ratio: 0.2
2025-06-19 04:12:22,829 - __main__ - INFO - Namespace(dataset='wiki', seed=6, alpha=0.0, lamda=1, margin=0.9, lambd=5, barycenter_number=1, top_k=10, warm_up_epoch=0, MAX_EPOCH=100, batch_size=256, output_dim=512, lr=0.0001, noisy_ratio=0.2, noise_mode='sym', GPU=1, hard_weight=True, noisy_train=True, logging='wiki_ablation')
2025-06-19 04:14:41,526 - __main__ - INFO - ...Image to Text MAP = 0.39141363104658294
2025-06-19 04:14:41,729 - __main__ - INFO - ...Text to Image MAP = 0.3362874413426975
2025-06-19 04:14:41,731 - __main__ - INFO - ...Average MAP = 0.36385053619464025
2025-06-19 04:14:47,437 - __main__ - INFO - Noise ratio: 0.2
2025-06-19 04:14:47,437 - __main__ - INFO - Namespace(dataset='wiki', seed=6, alpha=0.8, lamda=1, margin=0.9, lambd=5, barycenter_number=1, top_k=10, warm_up_epoch=0, MAX_EPOCH=100, batch_size=256, output_dim=512, lr=0.0001, noisy_ratio=0.2, noise_mode='sym', GPU=1, hard_weight=True, noisy_train=False, logging='wiki_ablation')
2025-06-19 04:16:35,228 - __main__ - INFO - ...Image to Text MAP = 0.5061038595554878
2025-06-19 04:16:35,326 - __main__ - INFO - ...Text to Image MAP = 0.4648992023109195
2025-06-19 04:16:35,327 - __main__ - INFO - ...Average MAP = 0.48550153093320364
2025-06-19 04:16:41,251 - __main__ - INFO - Noise ratio: 0.2
2025-06-19 04:16:41,251 - __main__ - INFO - Namespace(dataset='wiki', seed=6, alpha=0.8, lamda=0.0, margin=0.9, lambd=5, barycenter_number=1, top_k=10, warm_up_epoch=0, MAX_EPOCH=100, batch_size=256, output_dim=512, lr=0.0001, noisy_ratio=0.2, noise_mode='sym', GPU=1, hard_weight=True, noisy_train=True, logging='wiki_ablation')
2025-06-19 04:18:38,056 - __main__ - INFO - ...Image to Text MAP = 0.4224874207355824
2025-06-19 04:18:38,160 - __main__ - INFO - ...Text to Image MAP = 0.391079202492698
2025-06-19 04:18:38,161 - __main__ - INFO - ...Average MAP = 0.40678331161414016
2025-06-19 04:18:43,370 - __main__ - INFO - Noise ratio: 0.2
2025-06-19 04:18:43,370 - __main__ - INFO - Namespace(dataset='wiki', seed=6, alpha=0.8, lamda=1, margin=0.9, lambd=5, barycenter_number=1, top_k=10, warm_up_epoch=0, MAX_EPOCH=100, batch_size=256, output_dim=512, lr=0.0001, noisy_ratio=0.2, noise_mode='sym', GPU=1, hard_weight=False, noisy_train=True, logging='wiki_ablation')
2025-06-19 04:20:46,507 - __main__ - INFO - ...Image to Text MAP = 0.5123408649874264
2025-06-19 04:20:46,625 - __main__ - INFO - ...Text to Image MAP = 0.4508062855837866
2025-06-19 04:20:46,626 - __main__ - INFO - ...Average MAP = 0.4815735752856065
2025-06-19 04:20:52,100 - __main__ - INFO - Noise ratio: 0.4
2025-06-19 04:20:52,101 - __main__ - INFO - Namespace(dataset='wiki', seed=6, alpha=0.8, lamda=1, margin=0.9, lambd=5, barycenter_number=1, top_k=10, warm_up_epoch=0, MAX_EPOCH=100, batch_size=256, output_dim=512, lr=0.0001, noisy_ratio=0.4, noise_mode='sym', GPU=1, hard_weight=True, noisy_train=True, logging='wiki_ablation')
2025-06-19 04:23:00,860 - __main__ - INFO - ...Image to Text MAP = 0.5129032714434061
2025-06-19 04:23:00,944 - __main__ - INFO - ...Text to Image MAP = 0.4573202562485112
2025-06-19 04:23:00,944 - __main__ - INFO - ...Average MAP = 0.48511176384595867
2025-06-19 04:23:06,548 - __main__ - INFO - Noise ratio: 0.4
2025-06-19 04:23:06,549 - __main__ - INFO - Namespace(dataset='wiki', seed=6, alpha=0.0, lamda=1, margin=0.9, lambd=5, barycenter_number=1, top_k=10, warm_up_epoch=0, MAX_EPOCH=100, batch_size=256, output_dim=512, lr=0.0001, noisy_ratio=0.4, noise_mode='sym', GPU=1, hard_weight=True, noisy_train=True, logging='wiki_ablation')
2025-06-19 04:24:56,399 - __main__ - INFO - ...Image to Text MAP = 0.2777354663596613
2025-06-19 04:24:56,498 - __main__ - INFO - ...Text to Image MAP = 0.2743249169444819
2025-06-19 04:24:56,499 - __main__ - INFO - ...Average MAP = 0.2760301916520716
2025-06-19 04:25:01,728 - __main__ - INFO - Noise ratio: 0.4
2025-06-19 04:25:01,728 - __main__ - INFO - Namespace(dataset='wiki', seed=6, alpha=0.8, lamda=1, margin=0.9, lambd=5, barycenter_number=1, top_k=10, warm_up_epoch=0, MAX_EPOCH=100, batch_size=256, output_dim=512, lr=0.0001, noisy_ratio=0.4, noise_mode='sym', GPU=1, hard_weight=True, noisy_train=False, logging='wiki_ablation')
2025-06-19 04:26:43,505 - __main__ - INFO - ...Image to Text MAP = 0.5003658062601732
2025-06-19 04:26:43,628 - __main__ - INFO - ...Text to Image MAP = 0.44509415998534324
2025-06-19 04:26:43,628 - __main__ - INFO - ...Average MAP = 0.47272998312275827
2025-06-19 04:26:48,450 - __main__ - INFO - Noise ratio: 0.4
2025-06-19 04:26:48,451 - __main__ - INFO - Namespace(dataset='wiki', seed=6, alpha=0.8, lamda=0.0, margin=0.9, lambd=5, barycenter_number=1, top_k=10, warm_up_epoch=0, MAX_EPOCH=100, batch_size=256, output_dim=512, lr=0.0001, noisy_ratio=0.4, noise_mode='sym', GPU=1, hard_weight=True, noisy_train=True, logging='wiki_ablation')
2025-06-19 04:29:06,200 - __main__ - INFO - ...Image to Text MAP = 0.4249269610290965
2025-06-19 04:29:06,360 - __main__ - INFO - ...Text to Image MAP = 0.40364716808652307
2025-06-19 04:29:06,360 - __main__ - INFO - ...Average MAP = 0.4142870645578098
2025-06-19 04:29:12,262 - __main__ - INFO - Noise ratio: 0.4
2025-06-19 04:29:12,263 - __main__ - INFO - Namespace(dataset='wiki', seed=6, alpha=0.8, lamda=1, margin=0.9, lambd=5, barycenter_number=1, top_k=10, warm_up_epoch=0, MAX_EPOCH=100, batch_size=256, output_dim=512, lr=0.0001, noisy_ratio=0.4, noise_mode='sym', GPU=1, hard_weight=False, noisy_train=True, logging='wiki_ablation')
2025-06-19 04:31:21,296 - __main__ - INFO - ...Image to Text MAP = 0.4835187625456971
2025-06-19 04:31:21,397 - __main__ - INFO - ...Text to Image MAP = 0.4429441317524955
2025-06-19 04:31:21,398 - __main__ - INFO - ...Average MAP = 0.46323144714909625
2025-06-19 04:31:26,889 - __main__ - INFO - Noise ratio: 0.6
2025-06-19 04:31:26,890 - __main__ - INFO - Namespace(dataset='wiki', seed=6, alpha=0.8, lamda=1, margin=0.9, lambd=5, barycenter_number=1, top_k=10, warm_up_epoch=0, MAX_EPOCH=100, batch_size=256, output_dim=512, lr=0.0001, noisy_ratio=0.6, noise_mode='sym', GPU=1, hard_weight=True, noisy_train=True, logging='wiki_ablation')
2025-06-19 04:33:19,631 - __main__ - INFO - ...Image to Text MAP = 0.49418828135705983
2025-06-19 04:33:19,733 - __main__ - INFO - ...Text to Image MAP = 0.4543906061670864
2025-06-19 04:33:19,733 - __main__ - INFO - ...Average MAP = 0.4742894437620731
2025-06-19 04:33:24,740 - __main__ - INFO - Noise ratio: 0.6
2025-06-19 04:33:24,741 - __main__ - INFO - Namespace(dataset='wiki', seed=6, alpha=0.0, lamda=1, margin=0.9, lambd=5, barycenter_number=1, top_k=10, warm_up_epoch=0, MAX_EPOCH=100, batch_size=256, output_dim=512, lr=0.0001, noisy_ratio=0.6, noise_mode='sym', GPU=1, hard_weight=True, noisy_train=True, logging='wiki_ablation')
2025-06-19 04:35:19,502 - __main__ - INFO - ...Image to Text MAP = 0.24374091932029573
2025-06-19 04:35:19,606 - __main__ - INFO - ...Text to Image MAP = 0.1872935570978236
2025-06-19 04:35:19,607 - __main__ - INFO - ...Average MAP = 0.21551723820905966
2025-06-19 04:35:24,947 - __main__ - INFO - Noise ratio: 0.6
2025-06-19 04:35:24,948 - __main__ - INFO - Namespace(dataset='wiki', seed=6, alpha=0.8, lamda=1, margin=0.9, lambd=5, barycenter_number=1, top_k=10, warm_up_epoch=0, MAX_EPOCH=100, batch_size=256, output_dim=512, lr=0.0001, noisy_ratio=0.6, noise_mode='sym', GPU=1, hard_weight=True, noisy_train=False, logging='wiki_ablation')
2025-06-19 04:37:03,147 - __main__ - INFO - ...Image to Text MAP = 0.4778509045958859
2025-06-19 04:37:03,247 - __main__ - INFO - ...Text to Image MAP = 0.4312897473276961
2025-06-19 04:37:03,247 - __main__ - INFO - ...Average MAP = 0.45457032596179103
2025-06-19 04:37:08,336 - __main__ - INFO - Noise ratio: 0.6
2025-06-19 04:37:08,337 - __main__ - INFO - Namespace(dataset='wiki', seed=6, alpha=0.8, lamda=0.0, margin=0.9, lambd=5, barycenter_number=1, top_k=10, warm_up_epoch=0, MAX_EPOCH=100, batch_size=256, output_dim=512, lr=0.0001, noisy_ratio=0.6, noise_mode='sym', GPU=1, hard_weight=True, noisy_train=True, logging='wiki_ablation')
2025-06-19 04:39:19,990 - __main__ - INFO - ...Image to Text MAP = 0.41540605177181256
2025-06-19 04:39:20,082 - __main__ - INFO - ...Text to Image MAP = 0.39608302395280864
2025-06-19 04:39:20,082 - __main__ - INFO - ...Average MAP = 0.4057445378623106
2025-06-19 04:39:25,500 - __main__ - INFO - Noise ratio: 0.6
2025-06-19 04:39:25,500 - __main__ - INFO - Namespace(dataset='wiki', seed=6, alpha=0.8, lamda=1, margin=0.9, lambd=5, barycenter_number=1, top_k=10, warm_up_epoch=0, MAX_EPOCH=100, batch_size=256, output_dim=512, lr=0.0001, noisy_ratio=0.6, noise_mode='sym', GPU=1, hard_weight=False, noisy_train=True, logging='wiki_ablation')
2025-06-19 04:41:21,768 - __main__ - INFO - ...Image to Text MAP = 0.4891040932301924
2025-06-19 04:41:21,883 - __main__ - INFO - ...Text to Image MAP = 0.4476086454429321
2025-06-19 04:41:21,883 - __main__ - INFO - ...Average MAP = 0.4683563693365622
2025-06-19 04:41:27,766 - __main__ - INFO - Noise ratio: 0.8
2025-06-19 04:41:27,768 - __main__ - INFO - Namespace(dataset='wiki', seed=6, alpha=0.8, lamda=1, margin=0.9, lambd=5, barycenter_number=1, top_k=10, warm_up_epoch=0, MAX_EPOCH=100, batch_size=256, output_dim=512, lr=0.0001, noisy_ratio=0.8, noise_mode='sym', GPU=1, hard_weight=True, noisy_train=True, logging='wiki_ablation')
2025-06-19 04:43:40,430 - __main__ - INFO - ...Image to Text MAP = 0.4365690168488082
2025-06-19 04:43:40,538 - __main__ - INFO - ...Text to Image MAP = 0.4175729216825213
2025-06-19 04:43:40,539 - __main__ - INFO - ...Average MAP = 0.4270709692656648
2025-06-19 04:43:45,993 - __main__ - INFO - Noise ratio: 0.8
2025-06-19 04:43:45,994 - __main__ - INFO - Namespace(dataset='wiki', seed=6, alpha=0.0, lamda=1, margin=0.9, lambd=5, barycenter_number=1, top_k=10, warm_up_epoch=0, MAX_EPOCH=100, batch_size=256, output_dim=512, lr=0.0001, noisy_ratio=0.8, noise_mode='sym', GPU=1, hard_weight=True, noisy_train=True, logging='wiki_ablation')
2025-06-19 04:46:04,026 - __main__ - INFO - ...Image to Text MAP = 0.17464459748908348
2025-06-19 04:46:04,155 - __main__ - INFO - ...Text to Image MAP = 0.17256091759516012
2025-06-19 04:46:04,157 - __main__ - INFO - ...Average MAP = 0.1736027575421218
2025-06-19 04:46:10,493 - __main__ - INFO - Noise ratio: 0.8
2025-06-19 04:46:10,493 - __main__ - INFO - Namespace(dataset='wiki', seed=6, alpha=0.8, lamda=1, margin=0.9, lambd=5, barycenter_number=1, top_k=10, warm_up_epoch=0, MAX_EPOCH=100, batch_size=256, output_dim=512, lr=0.0001, noisy_ratio=0.8, noise_mode='sym', GPU=1, hard_weight=True, noisy_train=False, logging='wiki_ablation')
2025-06-19 04:47:59,550 - __main__ - INFO - ...Image to Text MAP = 0.387689656448755
2025-06-19 04:47:59,643 - __main__ - INFO - ...Text to Image MAP = 0.3772712457469361
2025-06-19 04:47:59,643 - __main__ - INFO - ...Average MAP = 0.38248045109784556
2025-06-19 04:48:05,565 - __main__ - INFO - Noise ratio: 0.8
2025-06-19 04:48:05,565 - __main__ - INFO - Namespace(dataset='wiki', seed=6, alpha=0.8, lamda=0.0, margin=0.9, lambd=5, barycenter_number=1, top_k=10, warm_up_epoch=0, MAX_EPOCH=100, batch_size=256, output_dim=512, lr=0.0001, noisy_ratio=0.8, noise_mode='sym', GPU=1, hard_weight=True, noisy_train=True, logging='wiki_ablation')
2025-06-19 04:50:17,831 - __main__ - INFO - ...Image to Text MAP = 0.4227047293356723
2025-06-19 04:50:17,962 - __main__ - INFO - ...Text to Image MAP = 0.40992580234395637
2025-06-19 04:50:17,963 - __main__ - INFO - ...Average MAP = 0.4163152658398144
2025-06-19 04:50:24,303 - __main__ - INFO - Noise ratio: 0.8
2025-06-19 04:50:24,304 - __main__ - INFO - Namespace(dataset='wiki', seed=6, alpha=0.8, lamda=1, margin=0.9, lambd=5, barycenter_number=1, top_k=10, warm_up_epoch=0, MAX_EPOCH=100, batch_size=256, output_dim=512, lr=0.0001, noisy_ratio=0.8, noise_mode='sym', GPU=1, hard_weight=False, noisy_train=True, logging='wiki_ablation')
2025-06-19 04:52:44,924 - __main__ - INFO - ...Image to Text MAP = 0.4445281908478827
2025-06-19 04:52:45,041 - __main__ - INFO - ...Text to Image MAP = 0.4234587970912853
2025-06-19 04:52:45,041 - __main__ - INFO - ...Average MAP = 0.433993493969584
2025-06-19 04:52:51,535 - __main__ - INFO - Noise ratio: 0.2
2025-06-19 04:52:51,537 - __main__ - INFO - Namespace(dataset='wiki', seed=6, alpha=0.9, lamda=1, margin=0.9, lambd=5, barycenter_number=1, top_k=10, warm_up_epoch=0, MAX_EPOCH=100, batch_size=256, output_dim=512, lr=0.0001, noisy_ratio=0.2, noise_mode='sym', GPU=1, hard_weight=True, noisy_train=True, logging='wiki_ablation')
2025-06-19 04:55:15,285 - __main__ - INFO - ...Image to Text MAP = 0.511550097481781
2025-06-19 04:55:15,390 - __main__ - INFO - ...Text to Image MAP = 0.4564154982595854
2025-06-19 04:55:15,391 - __main__ - INFO - ...Average MAP = 0.4839827978706832
2025-06-19 04:55:21,492 - __main__ - INFO - Noise ratio: 0.2
2025-06-19 04:55:21,494 - __main__ - INFO - Namespace(dataset='wiki', seed=6, alpha=0.0, lamda=1, margin=0.9, lambd=5, barycenter_number=1, top_k=10, warm_up_epoch=0, MAX_EPOCH=100, batch_size=256, output_dim=512, lr=0.0001, noisy_ratio=0.2, noise_mode='sym', GPU=1, hard_weight=True, noisy_train=True, logging='wiki_ablation')
2025-06-19 04:57:30,127 - __main__ - INFO - ...Image to Text MAP = 0.39141363104658294
2025-06-19 04:57:30,225 - __main__ - INFO - ...Text to Image MAP = 0.3362874413426975
2025-06-19 04:57:30,225 - __main__ - INFO - ...Average MAP = 0.36385053619464025
2025-06-19 04:57:36,482 - __main__ - INFO - Noise ratio: 0.2
2025-06-19 04:57:36,482 - __main__ - INFO - Namespace(dataset='wiki', seed=6, alpha=0.9, lamda=1, margin=0.9, lambd=5, barycenter_number=1, top_k=10, warm_up_epoch=0, MAX_EPOCH=100, batch_size=256, output_dim=512, lr=0.0001, noisy_ratio=0.2, noise_mode='sym', GPU=1, hard_weight=True, noisy_train=False, logging='wiki_ablation')
2025-06-19 04:59:44,633 - __main__ - INFO - ...Image to Text MAP = 0.5068149155729798
2025-06-19 04:59:44,728 - __main__ - INFO - ...Text to Image MAP = 0.46647622253798793
2025-06-19 04:59:44,729 - __main__ - INFO - ...Average MAP = 0.48664556905548384
2025-06-19 04:59:50,904 - __main__ - INFO - Noise ratio: 0.2
2025-06-19 04:59:50,905 - __main__ - INFO - Namespace(dataset='wiki', seed=6, alpha=0.9, lamda=0.0, margin=0.9, lambd=5, barycenter_number=1, top_k=10, warm_up_epoch=0, MAX_EPOCH=100, batch_size=256, output_dim=512, lr=0.0001, noisy_ratio=0.2, noise_mode='sym', GPU=1, hard_weight=True, noisy_train=True, logging='wiki_ablation')
2025-06-19 05:02:06,105 - __main__ - INFO - ...Image to Text MAP = 0.4168869728235139
2025-06-19 05:02:06,231 - __main__ - INFO - ...Text to Image MAP = 0.39413201973490236
2025-06-19 05:02:06,232 - __main__ - INFO - ...Average MAP = 0.4055094962792081
2025-06-19 05:02:12,198 - __main__ - INFO - Noise ratio: 0.2
2025-06-19 05:02:12,200 - __main__ - INFO - Namespace(dataset='wiki', seed=6, alpha=0.9, lamda=1, margin=0.9, lambd=5, barycenter_number=1, top_k=10, warm_up_epoch=0, MAX_EPOCH=100, batch_size=256, output_dim=512, lr=0.0001, noisy_ratio=0.2, noise_mode='sym', GPU=1, hard_weight=False, noisy_train=True, logging='wiki_ablation')
2025-06-19 05:04:31,361 - __main__ - INFO - ...Image to Text MAP = 0.507970118644069
2025-06-19 05:04:31,468 - __main__ - INFO - ...Text to Image MAP = 0.45256943712559183
2025-06-19 05:04:31,468 - __main__ - INFO - ...Average MAP = 0.48026977788483044
2025-06-19 05:04:36,187 - __main__ - INFO - Noise ratio: 0.4
2025-06-19 05:04:36,189 - __main__ - INFO - Namespace(dataset='wiki', seed=6, alpha=0.9, lamda=1, margin=0.9, lambd=5, barycenter_number=1, top_k=10, warm_up_epoch=0, MAX_EPOCH=100, batch_size=256, output_dim=512, lr=0.0001, noisy_ratio=0.4, noise_mode='sym', GPU=1, hard_weight=True, noisy_train=True, logging='wiki_ablation')
2025-06-19 05:06:50,732 - __main__ - INFO - ...Image to Text MAP = 0.5074693929649814
2025-06-19 05:06:50,906 - __main__ - INFO - ...Text to Image MAP = 0.46801931686506854
2025-06-19 05:06:50,907 - __main__ - INFO - ...Average MAP = 0.487744354915025
2025-06-19 05:06:56,887 - __main__ - INFO - Noise ratio: 0.4
2025-06-19 05:06:56,888 - __main__ - INFO - Namespace(dataset='wiki', seed=6, alpha=0.0, lamda=1, margin=0.9, lambd=5, barycenter_number=1, top_k=10, warm_up_epoch=0, MAX_EPOCH=100, batch_size=256, output_dim=512, lr=0.0001, noisy_ratio=0.4, noise_mode='sym', GPU=1, hard_weight=True, noisy_train=True, logging='wiki_ablation')
2025-06-19 05:08:51,724 - __main__ - INFO - ...Image to Text MAP = 0.2777354663596613
2025-06-19 05:08:51,824 - __main__ - INFO - ...Text to Image MAP = 0.2743249169444819
2025-06-19 05:08:51,824 - __main__ - INFO - ...Average MAP = 0.2760301916520716
2025-06-19 05:08:57,250 - __main__ - INFO - Noise ratio: 0.4
2025-06-19 05:08:57,250 - __main__ - INFO - Namespace(dataset='wiki', seed=6, alpha=0.9, lamda=1, margin=0.9, lambd=5, barycenter_number=1, top_k=10, warm_up_epoch=0, MAX_EPOCH=100, batch_size=256, output_dim=512, lr=0.0001, noisy_ratio=0.4, noise_mode='sym', GPU=1, hard_weight=True, noisy_train=False, logging='wiki_ablation')
2025-06-19 05:10:59,711 - __main__ - INFO - ...Image to Text MAP = 0.49339857080207583
2025-06-19 05:10:59,810 - __main__ - INFO - ...Text to Image MAP = 0.44763371425752824
2025-06-19 05:10:59,810 - __main__ - INFO - ...Average MAP = 0.470516142529802
2025-06-19 05:11:05,713 - __main__ - INFO - Noise ratio: 0.4
2025-06-19 05:11:05,714 - __main__ - INFO - Namespace(dataset='wiki', seed=6, alpha=0.9, lamda=0.0, margin=0.9, lambd=5, barycenter_number=1, top_k=10, warm_up_epoch=0, MAX_EPOCH=100, batch_size=256, output_dim=512, lr=0.0001, noisy_ratio=0.4, noise_mode='sym', GPU=1, hard_weight=True, noisy_train=True, logging='wiki_ablation')
2025-06-19 05:13:26,484 - __main__ - INFO - ...Image to Text MAP = 0.4255648190109629
2025-06-19 05:13:26,585 - __main__ - INFO - ...Text to Image MAP = 0.407380257127438
2025-06-19 05:13:26,586 - __main__ - INFO - ...Average MAP = 0.4164725380692004
2025-06-19 05:13:32,204 - __main__ - INFO - Noise ratio: 0.4
2025-06-19 05:13:32,204 - __main__ - INFO - Namespace(dataset='wiki', seed=6, alpha=0.9, lamda=1, margin=0.9, lambd=5, barycenter_number=1, top_k=10, warm_up_epoch=0, MAX_EPOCH=100, batch_size=256, output_dim=512, lr=0.0001, noisy_ratio=0.4, noise_mode='sym', GPU=1, hard_weight=False, noisy_train=True, logging='wiki_ablation')
2025-06-19 05:15:20,398 - __main__ - INFO - ...Image to Text MAP = 0.4954563273122443
2025-06-19 05:15:20,492 - __main__ - INFO - ...Text to Image MAP = 0.4509331686346401
2025-06-19 05:15:20,492 - __main__ - INFO - ...Average MAP = 0.4731947479734422
2025-06-19 05:15:25,716 - __main__ - INFO - Noise ratio: 0.6
2025-06-19 05:15:25,717 - __main__ - INFO - Namespace(dataset='wiki', seed=6, alpha=0.9, lamda=1, margin=0.9, lambd=5, barycenter_number=1, top_k=10, warm_up_epoch=0, MAX_EPOCH=100, batch_size=256, output_dim=512, lr=0.0001, noisy_ratio=0.6, noise_mode='sym', GPU=1, hard_weight=True, noisy_train=True, logging='wiki_ablation')
2025-06-19 05:17:24,001 - __main__ - INFO - ...Image to Text MAP = 0.4888276567097183
2025-06-19 05:17:24,096 - __main__ - INFO - ...Text to Image MAP = 0.4527512837559711
2025-06-19 05:17:24,097 - __main__ - INFO - ...Average MAP = 0.4707894702328447
2025-06-19 05:17:29,577 - __main__ - INFO - Noise ratio: 0.6
2025-06-19 05:17:29,578 - __main__ - INFO - Namespace(dataset='wiki', seed=6, alpha=0.0, lamda=1, margin=0.9, lambd=5, barycenter_number=1, top_k=10, warm_up_epoch=0, MAX_EPOCH=100, batch_size=256, output_dim=512, lr=0.0001, noisy_ratio=0.6, noise_mode='sym', GPU=1, hard_weight=True, noisy_train=True, logging='wiki_ablation')
2025-06-19 05:19:38,776 - __main__ - INFO - ...Image to Text MAP = 0.24374091932029573
2025-06-19 05:19:38,877 - __main__ - INFO - ...Text to Image MAP = 0.1872935570978236
2025-06-19 05:19:38,878 - __main__ - INFO - ...Average MAP = 0.21551723820905966
2025-06-19 05:19:44,452 - __main__ - INFO - Noise ratio: 0.6
2025-06-19 05:19:44,452 - __main__ - INFO - Namespace(dataset='wiki', seed=6, alpha=0.9, lamda=1, margin=0.9, lambd=5, barycenter_number=1, top_k=10, warm_up_epoch=0, MAX_EPOCH=100, batch_size=256, output_dim=512, lr=0.0001, noisy_ratio=0.6, noise_mode='sym', GPU=1, hard_weight=True, noisy_train=False, logging='wiki_ablation')
2025-06-19 05:21:34,168 - __main__ - INFO - ...Image to Text MAP = 0.4738558673399273
2025-06-19 05:21:34,263 - __main__ - INFO - ...Text to Image MAP = 0.4272928415261061
2025-06-19 05:21:34,263 - __main__ - INFO - ...Average MAP = 0.4505743544330167
2025-06-19 05:21:40,932 - __main__ - INFO - Noise ratio: 0.6
2025-06-19 05:21:40,933 - __main__ - INFO - Namespace(dataset='wiki', seed=6, alpha=0.9, lamda=0.0, margin=0.9, lambd=5, barycenter_number=1, top_k=10, warm_up_epoch=0, MAX_EPOCH=100, batch_size=256, output_dim=512, lr=0.0001, noisy_ratio=0.6, noise_mode='sym', GPU=1, hard_weight=True, noisy_train=True, logging='wiki_ablation')
2025-06-19 05:24:03,148 - __main__ - INFO - ...Image to Text MAP = 0.4174029865058798
2025-06-19 05:24:03,244 - __main__ - INFO - ...Text to Image MAP = 0.39262724404111526
2025-06-19 05:24:03,244 - __main__ - INFO - ...Average MAP = 0.40501511527349754
2025-06-19 05:24:09,700 - __main__ - INFO - Noise ratio: 0.6
2025-06-19 05:24:09,701 - __main__ - INFO - Namespace(dataset='wiki', seed=6, alpha=0.9, lamda=1, margin=0.9, lambd=5, barycenter_number=1, top_k=10, warm_up_epoch=0, MAX_EPOCH=100, batch_size=256, output_dim=512, lr=0.0001, noisy_ratio=0.6, noise_mode='sym', GPU=1, hard_weight=False, noisy_train=True, logging='wiki_ablation')
2025-06-19 05:26:32,695 - __main__ - INFO - ...Image to Text MAP = 0.48749460371381287
2025-06-19 05:26:32,775 - __main__ - INFO - ...Text to Image MAP = 0.4482393488996029
2025-06-19 05:26:32,775 - __main__ - INFO - ...Average MAP = 0.46786697630670787
2025-06-19 05:26:38,728 - __main__ - INFO - Noise ratio: 0.8
2025-06-19 05:26:38,729 - __main__ - INFO - Namespace(dataset='wiki', seed=6, alpha=0.9, lamda=1, margin=0.9, lambd=5, barycenter_number=1, top_k=10, warm_up_epoch=0, MAX_EPOCH=100, batch_size=256, output_dim=512, lr=0.0001, noisy_ratio=0.8, noise_mode='sym', GPU=1, hard_weight=True, noisy_train=True, logging='wiki_ablation')
2025-06-19 05:28:50,994 - __main__ - INFO - ...Image to Text MAP = 0.43462268137189014
2025-06-19 05:28:51,089 - __main__ - INFO - ...Text to Image MAP = 0.41994563930136525
2025-06-19 05:28:51,090 - __main__ - INFO - ...Average MAP = 0.4272841603366277
2025-06-19 05:28:56,497 - __main__ - INFO - Noise ratio: 0.8
2025-06-19 05:28:56,499 - __main__ - INFO - Namespace(dataset='wiki', seed=6, alpha=0.0, lamda=1, margin=0.9, lambd=5, barycenter_number=1, top_k=10, warm_up_epoch=0, MAX_EPOCH=100, batch_size=256, output_dim=512, lr=0.0001, noisy_ratio=0.8, noise_mode='sym', GPU=1, hard_weight=True, noisy_train=True, logging='wiki_ablation')
2025-06-19 05:31:00,234 - __main__ - INFO - ...Image to Text MAP = 0.17464459748908348
2025-06-19 05:31:00,332 - __main__ - INFO - ...Text to Image MAP = 0.17256091759516012
2025-06-19 05:31:00,332 - __main__ - INFO - ...Average MAP = 0.1736027575421218
2025-06-19 05:31:05,395 - __main__ - INFO - Noise ratio: 0.8
2025-06-19 05:31:05,395 - __main__ - INFO - Namespace(dataset='wiki', seed=6, alpha=0.9, lamda=1, margin=0.9, lambd=5, barycenter_number=1, top_k=10, warm_up_epoch=0, MAX_EPOCH=100, batch_size=256, output_dim=512, lr=0.0001, noisy_ratio=0.8, noise_mode='sym', GPU=1, hard_weight=True, noisy_train=False, logging='wiki_ablation')
2025-06-19 05:32:44,573 - __main__ - INFO - ...Image to Text MAP = 0.3756238979015895
2025-06-19 05:32:44,676 - __main__ - INFO - ...Text to Image MAP = 0.35923587099464
2025-06-19 05:32:44,677 - __main__ - INFO - ...Average MAP = 0.36742988444811475
2025-06-19 05:32:49,776 - __main__ - INFO - Noise ratio: 0.8
2025-06-19 05:32:49,776 - __main__ - INFO - Namespace(dataset='wiki', seed=6, alpha=0.9, lamda=0.0, margin=0.9, lambd=5, barycenter_number=1, top_k=10, warm_up_epoch=0, MAX_EPOCH=100, batch_size=256, output_dim=512, lr=0.0001, noisy_ratio=0.8, noise_mode='sym', GPU=1, hard_weight=True, noisy_train=True, logging='wiki_ablation')
2025-06-19 05:34:50,077 - __main__ - INFO - ...Image to Text MAP = 0.4202006149184512
2025-06-19 05:34:50,171 - __main__ - INFO - ...Text to Image MAP = 0.4053744369689819
2025-06-19 05:34:50,171 - __main__ - INFO - ...Average MAP = 0.41278752594371654
2025-06-19 05:34:54,931 - __main__ - INFO - Noise ratio: 0.8
2025-06-19 05:34:54,932 - __main__ - INFO - Namespace(dataset='wiki', seed=6, alpha=0.9, lamda=1, margin=0.9, lambd=5, barycenter_number=1, top_k=10, warm_up_epoch=0, MAX_EPOCH=100, batch_size=256, output_dim=512, lr=0.0001, noisy_ratio=0.8, noise_mode='sym', GPU=1, hard_weight=False, noisy_train=True, logging='wiki_ablation')
2025-06-19 05:37:03,530 - __main__ - INFO - ...Image to Text MAP = 0.4420957328841932
2025-06-19 05:37:03,626 - __main__ - INFO - ...Text to Image MAP = 0.4180149213505359
2025-06-19 05:37:03,627 - __main__ - INFO - ...Average MAP = 0.43005532711736455
2025-06-19 05:37:09,075 - __main__ - INFO - Noise ratio: 0.2
2025-06-19 05:37:09,077 - __main__ - INFO - Namespace(dataset='wiki', seed=6, alpha=1.0, lamda=1, margin=0.9, lambd=5, barycenter_number=1, top_k=10, warm_up_epoch=0, MAX_EPOCH=100, batch_size=256, output_dim=512, lr=0.0001, noisy_ratio=0.2, noise_mode='sym', GPU=1, hard_weight=True, noisy_train=True, logging='wiki_ablation')
2025-06-19 05:39:04,897 - __main__ - INFO - ...Image to Text MAP = 0.5205440471801445
2025-06-19 05:39:04,993 - __main__ - INFO - ...Text to Image MAP = 0.46055389706548155
2025-06-19 05:39:04,994 - __main__ - INFO - ...Average MAP = 0.490548972122813
2025-06-19 05:39:10,384 - __main__ - INFO - Noise ratio: 0.2
2025-06-19 05:39:10,386 - __main__ - INFO - Namespace(dataset='wiki', seed=6, alpha=0.0, lamda=1, margin=0.9, lambd=5, barycenter_number=1, top_k=10, warm_up_epoch=0, MAX_EPOCH=100, batch_size=256, output_dim=512, lr=0.0001, noisy_ratio=0.2, noise_mode='sym', GPU=1, hard_weight=True, noisy_train=True, logging='wiki_ablation')
2025-06-19 05:41:04,075 - __main__ - INFO - ...Image to Text MAP = 0.39141363104658294
2025-06-19 05:41:04,157 - __main__ - INFO - ...Text to Image MAP = 0.3362874413426975
2025-06-19 05:41:04,158 - __main__ - INFO - ...Average MAP = 0.36385053619464025
2025-06-19 05:41:09,703 - __main__ - INFO - Noise ratio: 0.2
2025-06-19 05:41:09,704 - __main__ - INFO - Namespace(dataset='wiki', seed=6, alpha=1.0, lamda=1, margin=0.9, lambd=5, barycenter_number=1, top_k=10, warm_up_epoch=0, MAX_EPOCH=100, batch_size=256, output_dim=512, lr=0.0001, noisy_ratio=0.2, noise_mode='sym', GPU=1, hard_weight=True, noisy_train=False, logging='wiki_ablation')
2025-06-19 05:42:55,731 - __main__ - INFO - ...Image to Text MAP = 0.5097247481343415
2025-06-19 05:42:55,812 - __main__ - INFO - ...Text to Image MAP = 0.4678766521234628
2025-06-19 05:42:55,812 - __main__ - INFO - ...Average MAP = 0.4888007001289022
2025-06-19 05:43:01,188 - __main__ - INFO - Noise ratio: 0.2
2025-06-19 05:43:01,188 - __main__ - INFO - Namespace(dataset='wiki', seed=6, alpha=1.0, lamda=0.0, margin=0.9, lambd=5, barycenter_number=1, top_k=10, warm_up_epoch=0, MAX_EPOCH=100, batch_size=256, output_dim=512, lr=0.0001, noisy_ratio=0.2, noise_mode='sym', GPU=1, hard_weight=True, noisy_train=True, logging='wiki_ablation')
2025-06-19 05:44:59,236 - __main__ - INFO - ...Image to Text MAP = 0.42113972391530663
2025-06-19 05:44:59,333 - __main__ - INFO - ...Text to Image MAP = 0.39339415072135253
2025-06-19 05:44:59,333 - __main__ - INFO - ...Average MAP = 0.4072669373183296
2025-06-19 05:45:04,518 - __main__ - INFO - Noise ratio: 0.2
2025-06-19 05:45:04,519 - __main__ - INFO - Namespace(dataset='wiki', seed=6, alpha=1.0, lamda=1, margin=0.9, lambd=5, barycenter_number=1, top_k=10, warm_up_epoch=0, MAX_EPOCH=100, batch_size=256, output_dim=512, lr=0.0001, noisy_ratio=0.2, noise_mode='sym', GPU=1, hard_weight=False, noisy_train=True, logging='wiki_ablation')
2025-06-19 05:47:14,936 - __main__ - INFO - ...Image to Text MAP = 0.5285677455982172
2025-06-19 05:47:15,034 - __main__ - INFO - ...Text to Image MAP = 0.4566302056556451
2025-06-19 05:47:15,034 - __main__ - INFO - ...Average MAP = 0.4925989756269311
2025-06-19 05:47:20,532 - __main__ - INFO - Noise ratio: 0.4
2025-06-19 05:47:20,533 - __main__ - INFO - Namespace(dataset='wiki', seed=6, alpha=1.0, lamda=1, margin=0.9, lambd=5, barycenter_number=1, top_k=10, warm_up_epoch=0, MAX_EPOCH=100, batch_size=256, output_dim=512, lr=0.0001, noisy_ratio=0.4, noise_mode='sym', GPU=1, hard_weight=True, noisy_train=True, logging='wiki_ablation')
2025-06-19 05:49:08,856 - __main__ - INFO - ...Image to Text MAP = 0.5068948019762227
2025-06-19 05:49:08,953 - __main__ - INFO - ...Text to Image MAP = 0.4643898453950271
2025-06-19 05:49:08,954 - __main__ - INFO - ...Average MAP = 0.4856423236856249
2025-06-19 05:49:14,240 - __main__ - INFO - Noise ratio: 0.4
2025-06-19 05:49:14,241 - __main__ - INFO - Namespace(dataset='wiki', seed=6, alpha=0.0, lamda=1, margin=0.9, lambd=5, barycenter_number=1, top_k=10, warm_up_epoch=0, MAX_EPOCH=100, batch_size=256, output_dim=512, lr=0.0001, noisy_ratio=0.4, noise_mode='sym', GPU=1, hard_weight=True, noisy_train=True, logging='wiki_ablation')
2025-06-19 05:51:37,192 - __main__ - INFO - ...Image to Text MAP = 0.2777354663596613
2025-06-19 05:51:37,288 - __main__ - INFO - ...Text to Image MAP = 0.2743249169444819
2025-06-19 05:51:37,288 - __main__ - INFO - ...Average MAP = 0.2760301916520716
2025-06-19 05:51:44,335 - __main__ - INFO - Noise ratio: 0.4
2025-06-19 05:51:44,335 - __main__ - INFO - Namespace(dataset='wiki', seed=6, alpha=1.0, lamda=1, margin=0.9, lambd=5, barycenter_number=1, top_k=10, warm_up_epoch=0, MAX_EPOCH=100, batch_size=256, output_dim=512, lr=0.0001, noisy_ratio=0.4, noise_mode='sym', GPU=1, hard_weight=True, noisy_train=False, logging='wiki_ablation')
2025-06-19 05:53:45,654 - __main__ - INFO - ...Image to Text MAP = 0.4959723530634028
2025-06-19 05:53:45,770 - __main__ - INFO - ...Text to Image MAP = 0.44994221308493043
2025-06-19 05:53:45,771 - __main__ - INFO - ...Average MAP = 0.4729572830741666
2025-06-19 05:53:52,365 - __main__ - INFO - Noise ratio: 0.4
2025-06-19 05:53:52,365 - __main__ - INFO - Namespace(dataset='wiki', seed=6, alpha=1.0, lamda=0.0, margin=0.9, lambd=5, barycenter_number=1, top_k=10, warm_up_epoch=0, MAX_EPOCH=100, batch_size=256, output_dim=512, lr=0.0001, noisy_ratio=0.4, noise_mode='sym', GPU=1, hard_weight=True, noisy_train=True, logging='wiki_ablation')
2025-06-19 05:56:18,777 - __main__ - INFO - ...Image to Text MAP = 0.42221124717511943
2025-06-19 05:56:18,902 - __main__ - INFO - ...Text to Image MAP = 0.4014005059204929
2025-06-19 05:56:18,903 - __main__ - INFO - ...Average MAP = 0.4118058765478062
2025-06-19 05:56:24,015 - __main__ - INFO - Noise ratio: 0.4
2025-06-19 05:56:24,016 - __main__ - INFO - Namespace(dataset='wiki', seed=6, alpha=1.0, lamda=1, margin=0.9, lambd=5, barycenter_number=1, top_k=10, warm_up_epoch=0, MAX_EPOCH=100, batch_size=256, output_dim=512, lr=0.0001, noisy_ratio=0.4, noise_mode='sym', GPU=1, hard_weight=False, noisy_train=True, logging='wiki_ablation')
2025-06-19 05:58:35,215 - __main__ - INFO - ...Image to Text MAP = 0.5023774431527612
2025-06-19 05:58:35,380 - __main__ - INFO - ...Text to Image MAP = 0.4623636721906944
2025-06-19 05:58:35,381 - __main__ - INFO - ...Average MAP = 0.4823705576717278
2025-06-19 05:58:40,918 - __main__ - INFO - Noise ratio: 0.6
2025-06-19 05:58:40,919 - __main__ - INFO - Namespace(dataset='wiki', seed=6, alpha=1.0, lamda=1, margin=0.9, lambd=5, barycenter_number=1, top_k=10, warm_up_epoch=0, MAX_EPOCH=100, batch_size=256, output_dim=512, lr=0.0001, noisy_ratio=0.6, noise_mode='sym', GPU=1, hard_weight=True, noisy_train=True, logging='wiki_ablation')
2025-06-19 06:00:43,614 - __main__ - INFO - ...Image to Text MAP = 0.4847081504784556
2025-06-19 06:00:43,714 - __main__ - INFO - ...Text to Image MAP = 0.45050087690976237
2025-06-19 06:00:43,714 - __main__ - INFO - ...Average MAP = 0.467604513694109
2025-06-19 06:00:49,373 - __main__ - INFO - Noise ratio: 0.6
2025-06-19 06:00:49,374 - __main__ - INFO - Namespace(dataset='wiki', seed=6, alpha=0.0, lamda=1, margin=0.9, lambd=5, barycenter_number=1, top_k=10, warm_up_epoch=0, MAX_EPOCH=100, batch_size=256, output_dim=512, lr=0.0001, noisy_ratio=0.6, noise_mode='sym', GPU=1, hard_weight=True, noisy_train=True, logging='wiki_ablation')
2025-06-19 06:02:55,742 - __main__ - INFO - ...Image to Text MAP = 0.24374091932029573
2025-06-19 06:02:55,845 - __main__ - INFO - ...Text to Image MAP = 0.1872935570978236
2025-06-19 06:02:55,846 - __main__ - INFO - ...Average MAP = 0.21551723820905966
2025-06-19 06:03:00,991 - __main__ - INFO - Noise ratio: 0.6
2025-06-19 06:03:00,992 - __main__ - INFO - Namespace(dataset='wiki', seed=6, alpha=1.0, lamda=1, margin=0.9, lambd=5, barycenter_number=1, top_k=10, warm_up_epoch=0, MAX_EPOCH=100, batch_size=256, output_dim=512, lr=0.0001, noisy_ratio=0.6, noise_mode='sym', GPU=1, hard_weight=True, noisy_train=False, logging='wiki_ablation')
2025-06-19 06:04:52,311 - __main__ - INFO - ...Image to Text MAP = 0.47742305582778033
2025-06-19 06:04:52,445 - __main__ - INFO - ...Text to Image MAP = 0.4347634408970591
2025-06-19 06:04:52,445 - __main__ - INFO - ...Average MAP = 0.4560932483624197
2025-06-19 06:04:58,806 - __main__ - INFO - Noise ratio: 0.6
2025-06-19 06:04:58,806 - __main__ - INFO - Namespace(dataset='wiki', seed=6, alpha=1.0, lamda=0.0, margin=0.9, lambd=5, barycenter_number=1, top_k=10, warm_up_epoch=0, MAX_EPOCH=100, batch_size=256, output_dim=512, lr=0.0001, noisy_ratio=0.6, noise_mode='sym', GPU=1, hard_weight=True, noisy_train=True, logging='wiki_ablation')
2025-06-19 06:07:19,576 - __main__ - INFO - ...Image to Text MAP = 0.41634339643447976
2025-06-19 06:07:19,673 - __main__ - INFO - ...Text to Image MAP = 0.39978994384654
2025-06-19 06:07:19,673 - __main__ - INFO - ...Average MAP = 0.4080666701405099
2025-06-19 06:07:25,086 - __main__ - INFO - Noise ratio: 0.6
2025-06-19 06:07:25,086 - __main__ - INFO - Namespace(dataset='wiki', seed=6, alpha=1.0, lamda=1, margin=0.9, lambd=5, barycenter_number=1, top_k=10, warm_up_epoch=0, MAX_EPOCH=100, batch_size=256, output_dim=512, lr=0.0001, noisy_ratio=0.6, noise_mode='sym', GPU=1, hard_weight=False, noisy_train=True, logging='wiki_ablation')
2025-06-19 06:09:29,549 - __main__ - INFO - ...Image to Text MAP = 0.47450504629962514
2025-06-19 06:09:29,654 - __main__ - INFO - ...Text to Image MAP = 0.4346709853169109
2025-06-19 06:09:29,655 - __main__ - INFO - ...Average MAP = 0.454588015808268
2025-06-19 06:09:35,660 - __main__ - INFO - Noise ratio: 0.8
2025-06-19 06:09:35,661 - __main__ - INFO - Namespace(dataset='wiki', seed=6, alpha=1.0, lamda=1, margin=0.9, lambd=5, barycenter_number=1, top_k=10, warm_up_epoch=0, MAX_EPOCH=100, batch_size=256, output_dim=512, lr=0.0001, noisy_ratio=0.8, noise_mode='sym', GPU=1, hard_weight=True, noisy_train=True, logging='wiki_ablation')
2025-06-19 06:11:55,712 - __main__ - INFO - ...Image to Text MAP = 0.43359554667216677
2025-06-19 06:11:55,809 - __main__ - INFO - ...Text to Image MAP = 0.4189691358885812
2025-06-19 06:11:55,809 - __main__ - INFO - ...Average MAP = 0.426282341280374
2025-06-19 06:12:01,744 - __main__ - INFO - Noise ratio: 0.8
2025-06-19 06:12:01,745 - __main__ - INFO - Namespace(dataset='wiki', seed=6, alpha=0.0, lamda=1, margin=0.9, lambd=5, barycenter_number=1, top_k=10, warm_up_epoch=0, MAX_EPOCH=100, batch_size=256, output_dim=512, lr=0.0001, noisy_ratio=0.8, noise_mode='sym', GPU=1, hard_weight=True, noisy_train=True, logging='wiki_ablation')
2025-06-19 06:13:48,490 - __main__ - INFO - ...Image to Text MAP = 0.17464459748908348
2025-06-19 06:13:48,596 - __main__ - INFO - ...Text to Image MAP = 0.17256091759516012
2025-06-19 06:13:48,596 - __main__ - INFO - ...Average MAP = 0.1736027575421218
2025-06-19 06:13:54,408 - __main__ - INFO - Noise ratio: 0.8
2025-06-19 06:13:54,408 - __main__ - INFO - Namespace(dataset='wiki', seed=6, alpha=1.0, lamda=1, margin=0.9, lambd=5, barycenter_number=1, top_k=10, warm_up_epoch=0, MAX_EPOCH=100, batch_size=256, output_dim=512, lr=0.0001, noisy_ratio=0.8, noise_mode='sym', GPU=1, hard_weight=True, noisy_train=False, logging='wiki_ablation')
2025-06-19 06:15:24,204 - __main__ - INFO - ...Image to Text MAP = 0.36319548114957834
2025-06-19 06:15:24,299 - __main__ - INFO - ...Text to Image MAP = 0.35159479296028257
2025-06-19 06:15:24,299 - __main__ - INFO - ...Average MAP = 0.3573951370549304
2025-06-19 06:15:29,991 - __main__ - INFO - Noise ratio: 0.8
2025-06-19 06:15:29,992 - __main__ - INFO - Namespace(dataset='wiki', seed=6, alpha=1.0, lamda=0.0, margin=0.9, lambd=5, barycenter_number=1, top_k=10, warm_up_epoch=0, MAX_EPOCH=100, batch_size=256, output_dim=512, lr=0.0001, noisy_ratio=0.8, noise_mode='sym', GPU=1, hard_weight=True, noisy_train=True, logging='wiki_ablation')
2025-06-19 06:17:34,318 - __main__ - INFO - ...Image to Text MAP = 0.41992405921678994
2025-06-19 06:17:34,415 - __main__ - INFO - ...Text to Image MAP = 0.4081067938242171
2025-06-19 06:17:34,416 - __main__ - INFO - ...Average MAP = 0.4140154265205035
2025-06-19 06:17:40,229 - __main__ - INFO - Noise ratio: 0.8
2025-06-19 06:17:40,229 - __main__ - INFO - Namespace(dataset='wiki', seed=6, alpha=1.0, lamda=1, margin=0.9, lambd=5, barycenter_number=1, top_k=10, warm_up_epoch=0, MAX_EPOCH=100, batch_size=256, output_dim=512, lr=0.0001, noisy_ratio=0.8, noise_mode='sym', GPU=1, hard_weight=False, noisy_train=True, logging='wiki_ablation')
2025-06-19 06:19:39,945 - __main__ - INFO - ...Image to Text MAP = 0.44000221941954176
2025-06-19 06:19:40,035 - __main__ - INFO - ...Text to Image MAP = 0.4244648589885609
2025-06-19 06:19:40,036 - __main__ - INFO - ...Average MAP = 0.43223353920405133
2025-06-19 06:19:45,292 - __main__ - INFO - Noise ratio: 0.2
2025-06-19 06:19:45,293 - __main__ - INFO - Namespace(dataset='wiki', seed=6, alpha=2.0, lamda=1, margin=0.9, lambd=5, barycenter_number=1, top_k=10, warm_up_epoch=0, MAX_EPOCH=100, batch_size=256, output_dim=512, lr=0.0001, noisy_ratio=0.2, noise_mode='sym', GPU=1, hard_weight=True, noisy_train=True, logging='wiki_ablation')
2025-06-19 06:21:41,395 - __main__ - INFO - ...Image to Text MAP = 0.5217414238931376
2025-06-19 06:21:41,508 - __main__ - INFO - ...Text to Image MAP = 0.48161018640910297
2025-06-19 06:21:41,510 - __main__ - INFO - ...Average MAP = 0.5016758051511203
2025-06-19 06:21:47,051 - __main__ - INFO - Noise ratio: 0.2
2025-06-19 06:21:47,052 - __main__ - INFO - Namespace(dataset='wiki', seed=6, alpha=0.0, lamda=1, margin=0.9, lambd=5, barycenter_number=1, top_k=10, warm_up_epoch=0, MAX_EPOCH=100, batch_size=256, output_dim=512, lr=0.0001, noisy_ratio=0.2, noise_mode='sym', GPU=1, hard_weight=True, noisy_train=True, logging='wiki_ablation')
2025-06-19 06:23:52,534 - __main__ - INFO - ...Image to Text MAP = 0.39141363104658294
2025-06-19 06:23:52,641 - __main__ - INFO - ...Text to Image MAP = 0.3362874413426975
2025-06-19 06:23:52,642 - __main__ - INFO - ...Average MAP = 0.36385053619464025
2025-06-19 06:23:58,841 - __main__ - INFO - Noise ratio: 0.2
2025-06-19 06:23:58,841 - __main__ - INFO - Namespace(dataset='wiki', seed=6, alpha=2.0, lamda=1, margin=0.9, lambd=5, barycenter_number=1, top_k=10, warm_up_epoch=0, MAX_EPOCH=100, batch_size=256, output_dim=512, lr=0.0001, noisy_ratio=0.2, noise_mode='sym', GPU=1, hard_weight=True, noisy_train=False, logging='wiki_ablation')
2025-06-19 06:25:56,627 - __main__ - INFO - ...Image to Text MAP = 0.5196108257396038
2025-06-19 06:25:56,734 - __main__ - INFO - ...Text to Image MAP = 0.4814224320645098
2025-06-19 06:25:56,734 - __main__ - INFO - ...Average MAP = 0.5005166289020568
2025-06-19 06:26:02,236 - __main__ - INFO - Noise ratio: 0.2
2025-06-19 06:26:02,255 - __main__ - INFO - Namespace(dataset='wiki', seed=6, alpha=2.0, lamda=0.0, margin=0.9, lambd=5, barycenter_number=1, top_k=10, warm_up_epoch=0, MAX_EPOCH=100, batch_size=256, output_dim=512, lr=0.0001, noisy_ratio=0.2, noise_mode='sym', GPU=1, hard_weight=True, noisy_train=True, logging='wiki_ablation')
2025-06-19 06:27:53,533 - __main__ - INFO - ...Image to Text MAP = 0.42019486338786927
2025-06-19 06:27:53,632 - __main__ - INFO - ...Text to Image MAP = 0.39186271576100484
2025-06-19 06:27:53,632 - __main__ - INFO - ...Average MAP = 0.40602878957443705
2025-06-19 06:27:58,389 - __main__ - INFO - Noise ratio: 0.2
2025-06-19 06:27:58,389 - __main__ - INFO - Namespace(dataset='wiki', seed=6, alpha=2.0, lamda=1, margin=0.9, lambd=5, barycenter_number=1, top_k=10, warm_up_epoch=0, MAX_EPOCH=100, batch_size=256, output_dim=512, lr=0.0001, noisy_ratio=0.2, noise_mode='sym', GPU=1, hard_weight=False, noisy_train=True, logging='wiki_ablation')
2025-06-19 06:29:48,111 - __main__ - INFO - ...Image to Text MAP = 0.5091137817607775
2025-06-19 06:29:48,190 - __main__ - INFO - ...Text to Image MAP = 0.46618059588316285
2025-06-19 06:29:48,191 - __main__ - INFO - ...Average MAP = 0.48764718882197017
2025-06-19 06:29:54,388 - __main__ - INFO - Noise ratio: 0.4
2025-06-19 06:29:54,389 - __main__ - INFO - Namespace(dataset='wiki', seed=6, alpha=2.0, lamda=1, margin=0.9, lambd=5, barycenter_number=1, top_k=10, warm_up_epoch=0, MAX_EPOCH=100, batch_size=256, output_dim=512, lr=0.0001, noisy_ratio=0.4, noise_mode='sym', GPU=1, hard_weight=True, noisy_train=True, logging='wiki_ablation')
2025-06-19 06:32:06,689 - __main__ - INFO - ...Image to Text MAP = 0.4769090398007122
2025-06-19 06:32:06,784 - __main__ - INFO - ...Text to Image MAP = 0.44829608076003374
2025-06-19 06:32:06,784 - __main__ - INFO - ...Average MAP = 0.46260256028037294
2025-06-19 06:32:12,376 - __main__ - INFO - Noise ratio: 0.4
2025-06-19 06:32:12,377 - __main__ - INFO - Namespace(dataset='wiki', seed=6, alpha=0.0, lamda=1, margin=0.9, lambd=5, barycenter_number=1, top_k=10, warm_up_epoch=0, MAX_EPOCH=100, batch_size=256, output_dim=512, lr=0.0001, noisy_ratio=0.4, noise_mode='sym', GPU=1, hard_weight=True, noisy_train=True, logging='wiki_ablation')
2025-06-19 06:34:11,818 - __main__ - INFO - ...Image to Text MAP = 0.2777354663596613
2025-06-19 06:34:11,916 - __main__ - INFO - ...Text to Image MAP = 0.2743249169444819
2025-06-19 06:34:11,916 - __main__ - INFO - ...Average MAP = 0.2760301916520716
2025-06-19 06:34:17,337 - __main__ - INFO - Noise ratio: 0.4
2025-06-19 06:34:17,337 - __main__ - INFO - Namespace(dataset='wiki', seed=6, alpha=2.0, lamda=1, margin=0.9, lambd=5, barycenter_number=1, top_k=10, warm_up_epoch=0, MAX_EPOCH=100, batch_size=256, output_dim=512, lr=0.0001, noisy_ratio=0.4, noise_mode='sym', GPU=1, hard_weight=True, noisy_train=False, logging='wiki_ablation')
2025-06-19 06:35:58,317 - __main__ - INFO - ...Image to Text MAP = 0.4793853554970301
2025-06-19 06:35:58,469 - __main__ - INFO - ...Text to Image MAP = 0.4393757326402586
2025-06-19 06:35:58,469 - __main__ - INFO - ...Average MAP = 0.45938054406864437
2025-06-19 06:36:04,183 - __main__ - INFO - Noise ratio: 0.4
2025-06-19 06:36:04,183 - __main__ - INFO - Namespace(dataset='wiki', seed=6, alpha=2.0, lamda=0.0, margin=0.9, lambd=5, barycenter_number=1, top_k=10, warm_up_epoch=0, MAX_EPOCH=100, batch_size=256, output_dim=512, lr=0.0001, noisy_ratio=0.4, noise_mode='sym', GPU=1, hard_weight=True, noisy_train=True, logging='wiki_ablation')
2025-06-19 06:38:32,081 - __main__ - INFO - ...Image to Text MAP = 0.4225839193969808
2025-06-19 06:38:32,184 - __main__ - INFO - ...Text to Image MAP = 0.40593798049320773
2025-06-19 06:38:32,184 - __main__ - INFO - ...Average MAP = 0.41426094994509427
2025-06-19 06:38:37,644 - __main__ - INFO - Noise ratio: 0.4
2025-06-19 06:38:37,644 - __main__ - INFO - Namespace(dataset='wiki', seed=6, alpha=2.0, lamda=1, margin=0.9, lambd=5, barycenter_number=1, top_k=10, warm_up_epoch=0, MAX_EPOCH=100, batch_size=256, output_dim=512, lr=0.0001, noisy_ratio=0.4, noise_mode='sym', GPU=1, hard_weight=False, noisy_train=True, logging='wiki_ablation')
2025-06-19 06:40:56,514 - __main__ - INFO - ...Image to Text MAP = 0.486879566678417
2025-06-19 06:40:56,650 - __main__ - INFO - ...Text to Image MAP = 0.4581114470380998
2025-06-19 06:40:56,651 - __main__ - INFO - ...Average MAP = 0.47249550685825836
2025-06-19 06:41:02,917 - __main__ - INFO - Noise ratio: 0.6
2025-06-19 06:41:02,919 - __main__ - INFO - Namespace(dataset='wiki', seed=6, alpha=2.0, lamda=1, margin=0.9, lambd=5, barycenter_number=1, top_k=10, warm_up_epoch=0, MAX_EPOCH=100, batch_size=256, output_dim=512, lr=0.0001, noisy_ratio=0.6, noise_mode='sym', GPU=1, hard_weight=True, noisy_train=True, logging='wiki_ablation')
2025-06-19 06:43:17,052 - __main__ - INFO - ...Image to Text MAP = 0.43695123021356597
2025-06-19 06:43:17,179 - __main__ - INFO - ...Text to Image MAP = 0.418671302504877
2025-06-19 06:43:17,179 - __main__ - INFO - ...Average MAP = 0.4278112663592215
2025-06-19 06:43:23,469 - __main__ - INFO - Noise ratio: 0.6
2025-06-19 06:43:23,470 - __main__ - INFO - Namespace(dataset='wiki', seed=6, alpha=0.0, lamda=1, margin=0.9, lambd=5, barycenter_number=1, top_k=10, warm_up_epoch=0, MAX_EPOCH=100, batch_size=256, output_dim=512, lr=0.0001, noisy_ratio=0.6, noise_mode='sym', GPU=1, hard_weight=True, noisy_train=True, logging='wiki_ablation')
2025-06-19 06:45:40,683 - __main__ - INFO - ...Image to Text MAP = 0.24374091932029573
2025-06-19 06:45:40,782 - __main__ - INFO - ...Text to Image MAP = 0.1872935570978236
2025-06-19 06:45:40,783 - __main__ - INFO - ...Average MAP = 0.21551723820905966
2025-06-19 06:45:46,341 - __main__ - INFO - Noise ratio: 0.6
2025-06-19 06:45:46,342 - __main__ - INFO - Namespace(dataset='wiki', seed=6, alpha=2.0, lamda=1, margin=0.9, lambd=5, barycenter_number=1, top_k=10, warm_up_epoch=0, MAX_EPOCH=100, batch_size=256, output_dim=512, lr=0.0001, noisy_ratio=0.6, noise_mode='sym', GPU=1, hard_weight=True, noisy_train=False, logging='wiki_ablation')
2025-06-19 06:47:24,285 - __main__ - INFO - ...Image to Text MAP = 0.38546326642374995
2025-06-19 06:47:24,383 - __main__ - INFO - ...Text to Image MAP = 0.36286173775608166
2025-06-19 06:47:24,384 - __main__ - INFO - ...Average MAP = 0.3741625020899158
2025-06-19 06:47:28,924 - __main__ - INFO - Noise ratio: 0.6
2025-06-19 06:47:28,925 - __main__ - INFO - Namespace(dataset='wiki', seed=6, alpha=2.0, lamda=0.0, margin=0.9, lambd=5, barycenter_number=1, top_k=10, warm_up_epoch=0, MAX_EPOCH=100, batch_size=256, output_dim=512, lr=0.0001, noisy_ratio=0.6, noise_mode='sym', GPU=1, hard_weight=True, noisy_train=True, logging='wiki_ablation')
2025-06-19 06:49:31,607 - __main__ - INFO - ...Image to Text MAP = 0.4181941224479708
2025-06-19 06:49:31,704 - __main__ - INFO - ...Text to Image MAP = 0.3992892705035227
2025-06-19 06:49:31,704 - __main__ - INFO - ...Average MAP = 0.40874169647574676
2025-06-19 06:49:37,194 - __main__ - INFO - Noise ratio: 0.6
2025-06-19 06:49:37,194 - __main__ - INFO - Namespace(dataset='wiki', seed=6, alpha=2.0, lamda=1, margin=0.9, lambd=5, barycenter_number=1, top_k=10, warm_up_epoch=0, MAX_EPOCH=100, batch_size=256, output_dim=512, lr=0.0001, noisy_ratio=0.6, noise_mode='sym', GPU=1, hard_weight=False, noisy_train=True, logging='wiki_ablation')
2025-06-19 06:51:40,566 - __main__ - INFO - ...Image to Text MAP = 0.44198485601744136
2025-06-19 06:51:40,662 - __main__ - INFO - ...Text to Image MAP = 0.42519164550909255
2025-06-19 06:51:40,662 - __main__ - INFO - ...Average MAP = 0.43358825076326696
2025-06-19 06:51:46,290 - __main__ - INFO - Noise ratio: 0.8
2025-06-19 06:51:46,291 - __main__ - INFO - Namespace(dataset='wiki', seed=6, alpha=2.0, lamda=1, margin=0.9, lambd=5, barycenter_number=1, top_k=10, warm_up_epoch=0, MAX_EPOCH=100, batch_size=256, output_dim=512, lr=0.0001, noisy_ratio=0.8, noise_mode='sym', GPU=1, hard_weight=True, noisy_train=True, logging='wiki_ablation')
2025-06-19 06:53:42,005 - __main__ - INFO - ...Image to Text MAP = 0.4212312442456962
2025-06-19 06:53:42,104 - __main__ - INFO - ...Text to Image MAP = 0.41618608868202084
2025-06-19 06:53:42,105 - __main__ - INFO - ...Average MAP = 0.4187086664638585
2025-06-19 06:53:47,183 - __main__ - INFO - Noise ratio: 0.8
2025-06-19 06:53:47,184 - __main__ - INFO - Namespace(dataset='wiki', seed=6, alpha=0.0, lamda=1, margin=0.9, lambd=5, barycenter_number=1, top_k=10, warm_up_epoch=0, MAX_EPOCH=100, batch_size=256, output_dim=512, lr=0.0001, noisy_ratio=0.8, noise_mode='sym', GPU=1, hard_weight=True, noisy_train=True, logging='wiki_ablation')
2025-06-19 06:55:42,810 - __main__ - INFO - ...Image to Text MAP = 0.17464459748908348
2025-06-19 06:55:42,903 - __main__ - INFO - ...Text to Image MAP = 0.17256091759516012
2025-06-19 06:55:42,904 - __main__ - INFO - ...Average MAP = 0.1736027575421218
2025-06-19 06:55:48,544 - __main__ - INFO - Noise ratio: 0.8
2025-06-19 06:55:48,544 - __main__ - INFO - Namespace(dataset='wiki', seed=6, alpha=2.0, lamda=1, margin=0.9, lambd=5, barycenter_number=1, top_k=10, warm_up_epoch=0, MAX_EPOCH=100, batch_size=256, output_dim=512, lr=0.0001, noisy_ratio=0.8, noise_mode='sym', GPU=1, hard_weight=True, noisy_train=False, logging='wiki_ablation')
2025-06-19 06:57:16,734 - __main__ - INFO - ...Image to Text MAP = 0.3704112882305292
2025-06-19 06:57:16,834 - __main__ - INFO - ...Text to Image MAP = 0.34364617411256415
2025-06-19 06:57:16,835 - __main__ - INFO - ...Average MAP = 0.35702873117154665
2025-06-19 06:57:21,478 - __main__ - INFO - Noise ratio: 0.8
2025-06-19 06:57:21,479 - __main__ - INFO - Namespace(dataset='wiki', seed=6, alpha=2.0, lamda=0.0, margin=0.9, lambd=5, barycenter_number=1, top_k=10, warm_up_epoch=0, MAX_EPOCH=100, batch_size=256, output_dim=512, lr=0.0001, noisy_ratio=0.8, noise_mode='sym', GPU=1, hard_weight=True, noisy_train=True, logging='wiki_ablation')
2025-06-19 06:59:17,566 - __main__ - INFO - ...Image to Text MAP = 0.41562600286678353
2025-06-19 06:59:17,653 - __main__ - INFO - ...Text to Image MAP = 0.4089397414092888
2025-06-19 06:59:17,653 - __main__ - INFO - ...Average MAP = 0.41228287213803616
2025-06-19 06:59:23,330 - __main__ - INFO - Noise ratio: 0.8
2025-06-19 06:59:23,331 - __main__ - INFO - Namespace(dataset='wiki', seed=6, alpha=2.0, lamda=1, margin=0.9, lambd=5, barycenter_number=1, top_k=10, warm_up_epoch=0, MAX_EPOCH=100, batch_size=256, output_dim=512, lr=0.0001, noisy_ratio=0.8, noise_mode='sym', GPU=1, hard_weight=False, noisy_train=True, logging='wiki_ablation')
2025-06-19 07:01:15,880 - __main__ - INFO - ...Image to Text MAP = 0.42994276562234235
2025-06-19 07:01:15,978 - __main__ - INFO - ...Text to Image MAP = 0.4128015192365806
2025-06-19 07:01:15,978 - __main__ - INFO - ...Average MAP = 0.42137214242946147
2025-06-19 07:01:21,002 - __main__ - INFO - Noise ratio: 0.2
2025-06-19 07:01:21,004 - __main__ - INFO - Namespace(dataset='wiki', seed=6, alpha=3.0, lamda=1, margin=0.9, lambd=5, barycenter_number=1, top_k=10, warm_up_epoch=0, MAX_EPOCH=100, batch_size=256, output_dim=512, lr=0.0001, noisy_ratio=0.2, noise_mode='sym', GPU=1, hard_weight=True, noisy_train=True, logging='wiki_ablation')
2025-06-19 07:03:13,194 - __main__ - INFO - ...Image to Text MAP = 0.47870540500069136
2025-06-19 07:03:13,275 - __main__ - INFO - ...Text to Image MAP = 0.4466241810137982
2025-06-19 07:03:13,276 - __main__ - INFO - ...Average MAP = 0.4626647930072448
2025-06-19 07:03:18,791 - __main__ - INFO - Noise ratio: 0.2
2025-06-19 07:03:18,792 - __main__ - INFO - Namespace(dataset='wiki', seed=6, alpha=0.0, lamda=1, margin=0.9, lambd=5, barycenter_number=1, top_k=10, warm_up_epoch=0, MAX_EPOCH=100, batch_size=256, output_dim=512, lr=0.0001, noisy_ratio=0.2, noise_mode='sym', GPU=1, hard_weight=True, noisy_train=True, logging='wiki_ablation')
2025-06-19 07:05:24,961 - __main__ - INFO - ...Image to Text MAP = 0.39141363104658294
2025-06-19 07:05:25,093 - __main__ - INFO - ...Text to Image MAP = 0.3362874413426975
2025-06-19 07:05:25,094 - __main__ - INFO - ...Average MAP = 0.36385053619464025
2025-06-19 07:05:30,962 - __main__ - INFO - Noise ratio: 0.2
2025-06-19 07:05:30,963 - __main__ - INFO - Namespace(dataset='wiki', seed=6, alpha=3.0, lamda=1, margin=0.9, lambd=5, barycenter_number=1, top_k=10, warm_up_epoch=0, MAX_EPOCH=100, batch_size=256, output_dim=512, lr=0.0001, noisy_ratio=0.2, noise_mode='sym', GPU=1, hard_weight=True, noisy_train=False, logging='wiki_ablation')
2025-06-19 07:07:24,551 - __main__ - INFO - ...Image to Text MAP = 0.4722571441458861
2025-06-19 07:07:24,669 - __main__ - INFO - ...Text to Image MAP = 0.43939201684811113
2025-06-19 07:07:24,669 - __main__ - INFO - ...Average MAP = 0.4558245804969986
2025-06-19 07:07:30,498 - __main__ - INFO - Noise ratio: 0.2
2025-06-19 07:07:30,500 - __main__ - INFO - Namespace(dataset='wiki', seed=6, alpha=3.0, lamda=0.0, margin=0.9, lambd=5, barycenter_number=1, top_k=10, warm_up_epoch=0, MAX_EPOCH=100, batch_size=256, output_dim=512, lr=0.0001, noisy_ratio=0.2, noise_mode='sym', GPU=1, hard_weight=True, noisy_train=True, logging='wiki_ablation')
2025-06-19 07:09:58,655 - __main__ - INFO - ...Image to Text MAP = 0.4243043259232952
2025-06-19 07:09:58,753 - __main__ - INFO - ...Text to Image MAP = 0.39598943186265256
2025-06-19 07:09:58,754 - __main__ - INFO - ...Average MAP = 0.41014687889297385
2025-06-19 07:10:05,607 - __main__ - INFO - Noise ratio: 0.2
2025-06-19 07:10:05,607 - __main__ - INFO - Namespace(dataset='wiki', seed=6, alpha=3.0, lamda=1, margin=0.9, lambd=5, barycenter_number=1, top_k=10, warm_up_epoch=0, MAX_EPOCH=100, batch_size=256, output_dim=512, lr=0.0001, noisy_ratio=0.2, noise_mode='sym', GPU=1, hard_weight=False, noisy_train=True, logging='wiki_ablation')
2025-06-19 07:12:10,707 - __main__ - INFO - ...Image to Text MAP = 0.4768644854281924
2025-06-19 07:12:10,805 - __main__ - INFO - ...Text to Image MAP = 0.43936287819551334
2025-06-19 07:12:10,806 - __main__ - INFO - ...Average MAP = 0.45811368181185286
2025-06-19 07:12:16,510 - __main__ - INFO - Noise ratio: 0.4
2025-06-19 07:12:16,511 - __main__ - INFO - Namespace(dataset='wiki', seed=6, alpha=3.0, lamda=1, margin=0.9, lambd=5, barycenter_number=1, top_k=10, warm_up_epoch=0, MAX_EPOCH=100, batch_size=256, output_dim=512, lr=0.0001, noisy_ratio=0.4, noise_mode='sym', GPU=1, hard_weight=True, noisy_train=True, logging='wiki_ablation')
2025-06-19 07:14:28,954 - __main__ - INFO - ...Image to Text MAP = 0.44552060941829325
2025-06-19 07:14:29,049 - __main__ - INFO - ...Text to Image MAP = 0.4235311555204895
2025-06-19 07:14:29,050 - __main__ - INFO - ...Average MAP = 0.4345258824693914
2025-06-19 07:14:33,951 - __main__ - INFO - Noise ratio: 0.4
2025-06-19 07:14:33,952 - __main__ - INFO - Namespace(dataset='wiki', seed=6, alpha=0.0, lamda=1, margin=0.9, lambd=5, barycenter_number=1, top_k=10, warm_up_epoch=0, MAX_EPOCH=100, batch_size=256, output_dim=512, lr=0.0001, noisy_ratio=0.4, noise_mode='sym', GPU=1, hard_weight=True, noisy_train=True, logging='wiki_ablation')
2025-06-19 07:16:30,741 - __main__ - INFO - ...Image to Text MAP = 0.2777354663596613
2025-06-19 07:16:30,840 - __main__ - INFO - ...Text to Image MAP = 0.2743249169444819
2025-06-19 07:16:30,840 - __main__ - INFO - ...Average MAP = 0.2760301916520716
2025-06-19 07:16:36,585 - __main__ - INFO - Noise ratio: 0.4
2025-06-19 07:16:36,585 - __main__ - INFO - Namespace(dataset='wiki', seed=6, alpha=3.0, lamda=1, margin=0.9, lambd=5, barycenter_number=1, top_k=10, warm_up_epoch=0, MAX_EPOCH=100, batch_size=256, output_dim=512, lr=0.0001, noisy_ratio=0.4, noise_mode='sym', GPU=1, hard_weight=True, noisy_train=False, logging='wiki_ablation')
2025-06-19 07:18:15,549 - __main__ - INFO - ...Image to Text MAP = 0.40742964573070756
2025-06-19 07:18:15,701 - __main__ - INFO - ...Text to Image MAP = 0.38241596635996383
2025-06-19 07:18:15,702 - __main__ - INFO - ...Average MAP = 0.3949228060453357
2025-06-19 07:18:22,220 - __main__ - INFO - Noise ratio: 0.4
2025-06-19 07:18:22,220 - __main__ - INFO - Namespace(dataset='wiki', seed=6, alpha=3.0, lamda=0.0, margin=0.9, lambd=5, barycenter_number=1, top_k=10, warm_up_epoch=0, MAX_EPOCH=100, batch_size=256, output_dim=512, lr=0.0001, noisy_ratio=0.4, noise_mode='sym', GPU=1, hard_weight=True, noisy_train=True, logging='wiki_ablation')
2025-06-19 07:20:25,057 - __main__ - INFO - ...Image to Text MAP = 0.4151295260992266
2025-06-19 07:20:25,174 - __main__ - INFO - ...Text to Image MAP = 0.39625505589538473
2025-06-19 07:20:25,174 - __main__ - INFO - ...Average MAP = 0.40569229099730564
2025-06-19 07:20:30,718 - __main__ - INFO - Noise ratio: 0.4
2025-06-19 07:20:30,720 - __main__ - INFO - Namespace(dataset='wiki', seed=6, alpha=3.0, lamda=1, margin=0.9, lambd=5, barycenter_number=1, top_k=10, warm_up_epoch=0, MAX_EPOCH=100, batch_size=256, output_dim=512, lr=0.0001, noisy_ratio=0.4, noise_mode='sym', GPU=1, hard_weight=False, noisy_train=True, logging='wiki_ablation')
2025-06-19 07:22:48,075 - __main__ - INFO - ...Image to Text MAP = 0.4543878550294635
2025-06-19 07:22:48,179 - __main__ - INFO - ...Text to Image MAP = 0.43309269121334176
2025-06-19 07:22:48,180 - __main__ - INFO - ...Average MAP = 0.44374027312140263
2025-06-19 07:22:54,094 - __main__ - INFO - Noise ratio: 0.6
2025-06-19 07:22:54,095 - __main__ - INFO - Namespace(dataset='wiki', seed=6, alpha=3.0, lamda=1, margin=0.9, lambd=5, barycenter_number=1, top_k=10, warm_up_epoch=0, MAX_EPOCH=100, batch_size=256, output_dim=512, lr=0.0001, noisy_ratio=0.6, noise_mode='sym', GPU=1, hard_weight=True, noisy_train=True, logging='wiki_ablation')
2025-06-19 07:25:04,350 - __main__ - INFO - ...Image to Text MAP = 0.42900340378231727
2025-06-19 07:25:04,443 - __main__ - INFO - ...Text to Image MAP = 0.4115645344511308
2025-06-19 07:25:04,443 - __main__ - INFO - ...Average MAP = 0.42028396911672405
2025-06-19 07:25:10,103 - __main__ - INFO - Noise ratio: 0.6
2025-06-19 07:25:10,106 - __main__ - INFO - Namespace(dataset='wiki', seed=6, alpha=0.0, lamda=1, margin=0.9, lambd=5, barycenter_number=1, top_k=10, warm_up_epoch=0, MAX_EPOCH=100, batch_size=256, output_dim=512, lr=0.0001, noisy_ratio=0.6, noise_mode='sym', GPU=1, hard_weight=True, noisy_train=True, logging='wiki_ablation')
2025-06-19 07:27:22,161 - __main__ - INFO - ...Image to Text MAP = 0.24374091932029573
2025-06-19 07:27:22,259 - __main__ - INFO - ...Text to Image MAP = 0.1872935570978236
2025-06-19 07:27:22,259 - __main__ - INFO - ...Average MAP = 0.21551723820905966
2025-06-19 07:27:27,871 - __main__ - INFO - Noise ratio: 0.6
2025-06-19 07:27:27,871 - __main__ - INFO - Namespace(dataset='wiki', seed=6, alpha=3.0, lamda=1, margin=0.9, lambd=5, barycenter_number=1, top_k=10, warm_up_epoch=0, MAX_EPOCH=100, batch_size=256, output_dim=512, lr=0.0001, noisy_ratio=0.6, noise_mode='sym', GPU=1, hard_weight=True, noisy_train=False, logging='wiki_ablation')
2025-06-19 07:29:20,313 - __main__ - INFO - ...Image to Text MAP = 0.3606526542877295
2025-06-19 07:29:20,416 - __main__ - INFO - ...Text to Image MAP = 0.33533744208940097
2025-06-19 07:29:20,417 - __main__ - INFO - ...Average MAP = 0.34799504818856525
2025-06-19 07:29:26,214 - __main__ - INFO - Noise ratio: 0.6
2025-06-19 07:29:26,214 - __main__ - INFO - Namespace(dataset='wiki', seed=6, alpha=3.0, lamda=0.0, margin=0.9, lambd=5, barycenter_number=1, top_k=10, warm_up_epoch=0, MAX_EPOCH=100, batch_size=256, output_dim=512, lr=0.0001, noisy_ratio=0.6, noise_mode='sym', GPU=1, hard_weight=True, noisy_train=True, logging='wiki_ablation')
2025-06-19 07:31:30,292 - __main__ - INFO - ...Image to Text MAP = 0.4198726402531292
2025-06-19 07:31:30,392 - __main__ - INFO - ...Text to Image MAP = 0.40364426295129235
2025-06-19 07:31:30,392 - __main__ - INFO - ...Average MAP = 0.4117584516022108
2025-06-19 07:31:36,824 - __main__ - INFO - Noise ratio: 0.6
2025-06-19 07:31:36,825 - __main__ - INFO - Namespace(dataset='wiki', seed=6, alpha=3.0, lamda=1, margin=0.9, lambd=5, barycenter_number=1, top_k=10, warm_up_epoch=0, MAX_EPOCH=100, batch_size=256, output_dim=512, lr=0.0001, noisy_ratio=0.6, noise_mode='sym', GPU=1, hard_weight=False, noisy_train=True, logging='wiki_ablation')
2025-06-19 07:33:38,510 - __main__ - INFO - ...Image to Text MAP = 0.4402824174216123
2025-06-19 07:33:38,605 - __main__ - INFO - ...Text to Image MAP = 0.4233796571684685
2025-06-19 07:33:38,606 - __main__ - INFO - ...Average MAP = 0.43183103729504035
2025-06-19 07:33:43,748 - __main__ - INFO - Noise ratio: 0.8
2025-06-19 07:33:43,750 - __main__ - INFO - Namespace(dataset='wiki', seed=6, alpha=3.0, lamda=1, margin=0.9, lambd=5, barycenter_number=1, top_k=10, warm_up_epoch=0, MAX_EPOCH=100, batch_size=256, output_dim=512, lr=0.0001, noisy_ratio=0.8, noise_mode='sym', GPU=1, hard_weight=True, noisy_train=True, logging='wiki_ablation')
2025-06-19 07:35:54,740 - __main__ - INFO - ...Image to Text MAP = 0.4285410168910614
2025-06-19 07:35:54,830 - __main__ - INFO - ...Text to Image MAP = 0.4098877967762849
2025-06-19 07:35:54,832 - __main__ - INFO - ...Average MAP = 0.41921440683367317
2025-06-19 07:37:04,890 - __main__ - INFO - Noise ratio: 0.8
2025-06-19 07:37:04,899 - __main__ - INFO - Namespace(dataset='wiki', seed=6, alpha=0.0, lamda=1, margin=0.9, lambd=5, barycenter_number=1, top_k=10, warm_up_epoch=0, MAX_EPOCH=100, batch_size=256, output_dim=512, lr=0.0001, noisy_ratio=0.8, noise_mode='sym', GPU=1, hard_weight=True, noisy_train=True, logging='wiki_ablation')
2025-06-19 07:38:29,701 - __main__ - INFO - ...Image to Text MAP = 0.17464459748908348
2025-06-19 07:38:29,785 - __main__ - INFO - ...Text to Image MAP = 0.17256091759516012
2025-06-19 07:38:29,792 - __main__ - INFO - ...Average MAP = 0.1736027575421218
2025-06-19 07:41:16,999 - __main__ - INFO - Noise ratio: 0.8
2025-06-19 07:41:17,000 - __main__ - INFO - Namespace(dataset='wiki', seed=6, alpha=3.0, lamda=1, margin=0.9, lambd=5, barycenter_number=1, top_k=10, warm_up_epoch=0, MAX_EPOCH=100, batch_size=256, output_dim=512, lr=0.0001, noisy_ratio=0.8, noise_mode='sym', GPU=1, hard_weight=True, noisy_train=False, logging='wiki_ablation')
2025-06-19 07:43:01,178 - __main__ - INFO - ...Image to Text MAP = 0.36045399642609166
2025-06-19 07:43:01,292 - __main__ - INFO - ...Text to Image MAP = 0.3343848042464371
2025-06-19 07:43:01,309 - __main__ - INFO - ...Average MAP = 0.3474194003362644
2025-06-19 07:44:48,103 - __main__ - INFO - Noise ratio: 0.8
2025-06-19 07:44:48,120 - __main__ - INFO - Namespace(dataset='wiki', seed=6, alpha=3.0, lamda=0.0, margin=0.9, lambd=5, barycenter_number=1, top_k=10, warm_up_epoch=0, MAX_EPOCH=100, batch_size=256, output_dim=512, lr=0.0001, noisy_ratio=0.8, noise_mode='sym', GPU=1, hard_weight=True, noisy_train=True, logging='wiki_ablation')
2025-06-19 07:46:10,404 - __main__ - INFO - ...Image to Text MAP = 0.4209774895211775
2025-06-19 07:46:10,492 - __main__ - INFO - ...Text to Image MAP = 0.4094701986759825
2025-06-19 07:46:10,493 - __main__ - INFO - ...Average MAP = 0.41522384409858
2025-06-19 07:47:52,032 - __main__ - INFO - Noise ratio: 0.8
2025-06-19 07:47:52,032 - __main__ - INFO - Namespace(dataset='wiki', seed=6, alpha=3.0, lamda=1, margin=0.9, lambd=5, barycenter_number=1, top_k=10, warm_up_epoch=0, MAX_EPOCH=100, batch_size=256, output_dim=512, lr=0.0001, noisy_ratio=0.8, noise_mode='sym', GPU=1, hard_weight=False, noisy_train=True, logging='wiki_ablation')
2025-06-19 07:49:59,105 - __main__ - INFO - ...Image to Text MAP = 0.4248755289242407
2025-06-19 07:49:59,214 - __main__ - INFO - ...Text to Image MAP = 0.4137766982459033
2025-06-19 07:49:59,231 - __main__ - INFO - ...Average MAP = 0.419326113585072
2025-06-19 07:51:51,059 - __main__ - INFO - Noise ratio: 0.2
2025-06-19 07:51:51,070 - __main__ - INFO - Namespace(dataset='wiki', seed=7, alpha=0.7, lamda=1, margin=0.9, lambd=5, barycenter_number=1, top_k=10, warm_up_epoch=0, MAX_EPOCH=100, batch_size=256, output_dim=512, lr=0.0001, noisy_ratio=0.2, noise_mode='sym', GPU=1, hard_weight=True, noisy_train=True, logging='wiki_ablation')
2025-06-19 07:53:26,122 - __main__ - INFO - ...Image to Text MAP = 0.5030907518753925
2025-06-19 07:53:26,202 - __main__ - INFO - ...Text to Image MAP = 0.4480555071268849
2025-06-19 07:53:26,207 - __main__ - INFO - ...Average MAP = 0.4755731295011387
2025-06-19 07:55:33,427 - __main__ - INFO - Noise ratio: 0.2
2025-06-19 07:55:33,438 - __main__ - INFO - Namespace(dataset='wiki', seed=7, alpha=0.0, lamda=1, margin=0.9, lambd=5, barycenter_number=1, top_k=10, warm_up_epoch=0, MAX_EPOCH=100, batch_size=256, output_dim=512, lr=0.0001, noisy_ratio=0.2, noise_mode='sym', GPU=1, hard_weight=True, noisy_train=True, logging='wiki_ablation')
2025-06-19 07:57:58,678 - __main__ - INFO - ...Image to Text MAP = 0.4084841457640049
2025-06-19 07:57:58,782 - __main__ - INFO - ...Text to Image MAP = 0.3443956910030871
2025-06-19 07:57:58,807 - __main__ - INFO - ...Average MAP = 0.37643991838354596
2025-06-19 07:59:34,081 - __main__ - INFO - Noise ratio: 0.2
2025-06-19 07:59:34,090 - __main__ - INFO - Namespace(dataset='wiki', seed=7, alpha=0.7, lamda=1, margin=0.9, lambd=5, barycenter_number=1, top_k=10, warm_up_epoch=0, MAX_EPOCH=100, batch_size=256, output_dim=512, lr=0.0001, noisy_ratio=0.2, noise_mode='sym', GPU=1, hard_weight=True, noisy_train=False, logging='wiki_ablation')
2025-06-19 08:00:40,349 - __main__ - INFO - ...Image to Text MAP = 0.522587976955555
2025-06-19 08:00:40,431 - __main__ - INFO - ...Text to Image MAP = 0.46722266116547767
2025-06-19 08:00:40,431 - __main__ - INFO - ...Average MAP = 0.4949053190605164
2025-06-19 08:02:48,540 - __main__ - INFO - Noise ratio: 0.2
2025-06-19 08:02:48,543 - __main__ - INFO - Namespace(dataset='wiki', seed=7, alpha=0.7, lamda=0.0, margin=0.9, lambd=5, barycenter_number=1, top_k=10, warm_up_epoch=0, MAX_EPOCH=100, batch_size=256, output_dim=512, lr=0.0001, noisy_ratio=0.2, noise_mode='sym', GPU=1, hard_weight=True, noisy_train=True, logging='wiki_ablation')
2025-06-19 08:05:03,938 - __main__ - INFO - ...Image to Text MAP = 0.3990519540432057
2025-06-19 08:05:04,082 - __main__ - INFO - ...Text to Image MAP = 0.37476242889165134
2025-06-19 08:05:04,085 - __main__ - INFO - ...Average MAP = 0.3869071914674285
2025-06-19 08:06:27,994 - __main__ - INFO - Noise ratio: 0.2
2025-06-19 08:06:27,994 - __main__ - INFO - Namespace(dataset='wiki', seed=7, alpha=0.7, lamda=1, margin=0.9, lambd=5, barycenter_number=1, top_k=10, warm_up_epoch=0, MAX_EPOCH=100, batch_size=256, output_dim=512, lr=0.0001, noisy_ratio=0.2, noise_mode='sym', GPU=1, hard_weight=False, noisy_train=True, logging='wiki_ablation')
2025-06-19 08:08:14,205 - __main__ - INFO - ...Image to Text MAP = 0.503786959891517
2025-06-19 08:08:14,341 - __main__ - INFO - ...Text to Image MAP = 0.450653758243404
2025-06-19 08:08:14,359 - __main__ - INFO - ...Average MAP = 0.4772203590674605
2025-06-19 08:10:19,463 - __main__ - INFO - Noise ratio: 0.4
2025-06-19 08:10:19,497 - __main__ - INFO - Namespace(dataset='wiki', seed=7, alpha=0.7, lamda=1, margin=0.9, lambd=5, barycenter_number=1, top_k=10, warm_up_epoch=0, MAX_EPOCH=100, batch_size=256, output_dim=512, lr=0.0001, noisy_ratio=0.4, noise_mode='sym', GPU=1, hard_weight=True, noisy_train=True, logging='wiki_ablation')
2025-06-19 08:12:35,713 - __main__ - INFO - ...Image to Text MAP = 0.5079399378764666
2025-06-19 08:12:35,796 - __main__ - INFO - ...Text to Image MAP = 0.4641259885594532
2025-06-19 08:12:35,801 - __main__ - INFO - ...Average MAP = 0.4860329632179599
2025-06-19 08:14:39,083 - __main__ - INFO - Noise ratio: 0.4
2025-06-19 08:14:39,085 - __main__ - INFO - Namespace(dataset='wiki', seed=7, alpha=0.0, lamda=1, margin=0.9, lambd=5, barycenter_number=1, top_k=10, warm_up_epoch=0, MAX_EPOCH=100, batch_size=256, output_dim=512, lr=0.0001, noisy_ratio=0.4, noise_mode='sym', GPU=1, hard_weight=True, noisy_train=True, logging='wiki_ablation')
2025-06-19 08:16:01,125 - __main__ - INFO - ...Image to Text MAP = 0.3073874448141329
2025-06-19 08:16:01,231 - __main__ - INFO - ...Text to Image MAP = 0.2988268044263355
2025-06-19 08:16:01,261 - __main__ - INFO - ...Average MAP = 0.3031071246202342
2025-06-19 08:17:22,123 - __main__ - INFO - Noise ratio: 0.4
2025-06-19 08:17:22,128 - __main__ - INFO - Namespace(dataset='wiki', seed=7, alpha=0.7, lamda=1, margin=0.9, lambd=5, barycenter_number=1, top_k=10, warm_up_epoch=0, MAX_EPOCH=100, batch_size=256, output_dim=512, lr=0.0001, noisy_ratio=0.4, noise_mode='sym', GPU=1, hard_weight=True, noisy_train=False, logging='wiki_ablation')
2025-06-19 08:19:06,819 - __main__ - INFO - ...Image to Text MAP = 0.5008262287148837
2025-06-19 08:19:06,942 - __main__ - INFO - ...Text to Image MAP = 0.44770969277427297
2025-06-19 08:19:06,948 - __main__ - INFO - ...Average MAP = 0.47426796074457833
2025-06-19 08:21:14,379 - __main__ - INFO - Noise ratio: 0.4
2025-06-19 08:21:14,396 - __main__ - INFO - Namespace(dataset='wiki', seed=7, alpha=0.7, lamda=0.0, margin=0.9, lambd=5, barycenter_number=1, top_k=10, warm_up_epoch=0, MAX_EPOCH=100, batch_size=256, output_dim=512, lr=0.0001, noisy_ratio=0.4, noise_mode='sym', GPU=1, hard_weight=True, noisy_train=True, logging='wiki_ablation')
2025-06-19 08:22:57,308 - __main__ - INFO - ...Image to Text MAP = 0.41325744486743393
2025-06-19 08:22:57,416 - __main__ - INFO - ...Text to Image MAP = 0.38964476852266977
2025-06-19 08:22:57,424 - __main__ - INFO - ...Average MAP = 0.40145110669505185
2025-06-19 08:24:15,032 - __main__ - INFO - Noise ratio: 0.4
2025-06-19 08:24:15,036 - __main__ - INFO - Namespace(dataset='wiki', seed=7, alpha=0.7, lamda=1, margin=0.9, lambd=5, barycenter_number=1, top_k=10, warm_up_epoch=0, MAX_EPOCH=100, batch_size=256, output_dim=512, lr=0.0001, noisy_ratio=0.4, noise_mode='sym', GPU=1, hard_weight=False, noisy_train=True, logging='wiki_ablation')
2025-06-19 08:26:10,454 - __main__ - INFO - ...Image to Text MAP = 0.4821040048814764
2025-06-19 08:26:10,542 - __main__ - INFO - ...Text to Image MAP = 0.4285731689645293
2025-06-19 08:26:10,545 - __main__ - INFO - ...Average MAP = 0.4553385869230029
2025-06-19 08:28:02,831 - __main__ - INFO - Noise ratio: 0.6
2025-06-19 08:28:02,836 - __main__ - INFO - Namespace(dataset='wiki', seed=7, alpha=0.7, lamda=1, margin=0.9, lambd=5, barycenter_number=1, top_k=10, warm_up_epoch=0, MAX_EPOCH=100, batch_size=256, output_dim=512, lr=0.0001, noisy_ratio=0.6, noise_mode='sym', GPU=1, hard_weight=True, noisy_train=True, logging='wiki_ablation')
2025-06-19 08:29:57,144 - __main__ - INFO - ...Image to Text MAP = 0.4957459915370489
2025-06-19 08:29:57,223 - __main__ - INFO - ...Text to Image MAP = 0.4504251215412125
2025-06-19 08:29:57,238 - __main__ - INFO - ...Average MAP = 0.4730855565391307
2025-06-19 08:31:28,900 - __main__ - INFO - Noise ratio: 0.6
2025-06-19 08:31:28,924 - __main__ - INFO - Namespace(dataset='wiki', seed=7, alpha=0.0, lamda=1, margin=0.9, lambd=5, barycenter_number=1, top_k=10, warm_up_epoch=0, MAX_EPOCH=100, batch_size=256, output_dim=512, lr=0.0001, noisy_ratio=0.6, noise_mode='sym', GPU=1, hard_weight=True, noisy_train=True, logging='wiki_ablation')
2025-06-19 08:33:09,375 - __main__ - INFO - ...Image to Text MAP = 0.2768426840764687
2025-06-19 08:33:09,476 - __main__ - INFO - ...Text to Image MAP = 0.2566664823719377
2025-06-19 08:33:09,478 - __main__ - INFO - ...Average MAP = 0.2667545832242032
2025-06-19 08:33:43,307 - __main__ - INFO - Noise ratio: 0.6
2025-06-19 08:33:43,334 - __main__ - INFO - Namespace(dataset='wiki', seed=7, alpha=0.7, lamda=1, margin=0.9, lambd=5, barycenter_number=1, top_k=10, warm_up_epoch=0, MAX_EPOCH=100, batch_size=256, output_dim=512, lr=0.0001, noisy_ratio=0.6, noise_mode='sym', GPU=1, hard_weight=True, noisy_train=False, logging='wiki_ablation')
2025-06-19 08:35:38,533 - __main__ - INFO - ...Image to Text MAP = 0.4772611956646189
2025-06-19 08:35:38,625 - __main__ - INFO - ...Text to Image MAP = 0.42460103147745243
2025-06-19 08:35:38,631 - __main__ - INFO - ...Average MAP = 0.45093111357103566
2025-06-19 08:36:10,246 - __main__ - INFO - Noise ratio: 0.6
2025-06-19 08:36:10,246 - __main__ - INFO - Namespace(dataset='wiki', seed=7, alpha=0.7, lamda=0.0, margin=0.9, lambd=5, barycenter_number=1, top_k=10, warm_up_epoch=0, MAX_EPOCH=100, batch_size=256, output_dim=512, lr=0.0001, noisy_ratio=0.6, noise_mode='sym', GPU=1, hard_weight=True, noisy_train=True, logging='wiki_ablation')
2025-06-19 08:38:15,937 - __main__ - INFO - ...Image to Text MAP = 0.4018301658984815
2025-06-19 08:38:16,042 - __main__ - INFO - ...Text to Image MAP = 0.38347379318776453
2025-06-19 08:38:16,069 - __main__ - INFO - ...Average MAP = 0.39265197954312303
2025-06-19 08:38:59,732 - __main__ - INFO - Noise ratio: 0.6
2025-06-19 08:38:59,749 - __main__ - INFO - Namespace(dataset='wiki', seed=7, alpha=0.7, lamda=1, margin=0.9, lambd=5, barycenter_number=1, top_k=10, warm_up_epoch=0, MAX_EPOCH=100, batch_size=256, output_dim=512, lr=0.0001, noisy_ratio=0.6, noise_mode='sym', GPU=1, hard_weight=False, noisy_train=True, logging='wiki_ablation')
2025-06-19 08:40:37,369 - __main__ - INFO - ...Image to Text MAP = 0.4839431968555657
2025-06-19 08:40:37,493 - __main__ - INFO - ...Text to Image MAP = 0.4477310802291631
2025-06-19 08:40:37,493 - __main__ - INFO - ...Average MAP = 0.4658371385423644
2025-06-19 08:41:16,864 - __main__ - INFO - Noise ratio: 0.8
2025-06-19 08:41:16,886 - __main__ - INFO - Namespace(dataset='wiki', seed=7, alpha=0.7, lamda=1, margin=0.9, lambd=5, barycenter_number=1, top_k=10, warm_up_epoch=0, MAX_EPOCH=100, batch_size=256, output_dim=512, lr=0.0001, noisy_ratio=0.8, noise_mode='sym', GPU=1, hard_weight=True, noisy_train=True, logging='wiki_ablation')
2025-06-19 08:43:07,152 - __main__ - INFO - ...Image to Text MAP = 0.42654627886433844
2025-06-19 08:43:07,255 - __main__ - INFO - ...Text to Image MAP = 0.4081340940847173
2025-06-19 08:43:07,256 - __main__ - INFO - ...Average MAP = 0.41734018647452786
2025-06-19 08:43:26,892 - __main__ - INFO - Noise ratio: 0.8
2025-06-19 08:43:26,894 - __main__ - INFO - Namespace(dataset='wiki', seed=7, alpha=0.0, lamda=1, margin=0.9, lambd=5, barycenter_number=1, top_k=10, warm_up_epoch=0, MAX_EPOCH=100, batch_size=256, output_dim=512, lr=0.0001, noisy_ratio=0.8, noise_mode='sym', GPU=1, hard_weight=True, noisy_train=True, logging='wiki_ablation')
2025-06-19 08:45:07,473 - __main__ - INFO - ...Image to Text MAP = 0.21798253738550338
2025-06-19 08:45:07,551 - __main__ - INFO - ...Text to Image MAP = 0.17290486885682962
2025-06-19 08:45:07,552 - __main__ - INFO - ...Average MAP = 0.1954437031211665
2025-06-19 08:46:34,737 - __main__ - INFO - Noise ratio: 0.8
2025-06-19 08:46:34,743 - __main__ - INFO - Namespace(dataset='wiki', seed=7, alpha=0.7, lamda=1, margin=0.9, lambd=5, barycenter_number=1, top_k=10, warm_up_epoch=0, MAX_EPOCH=100, batch_size=256, output_dim=512, lr=0.0001, noisy_ratio=0.8, noise_mode='sym', GPU=1, hard_weight=True, noisy_train=False, logging='wiki_ablation')
2025-06-19 08:47:43,985 - __main__ - INFO - ...Image to Text MAP = 0.3783776829617151
2025-06-19 08:47:44,314 - __main__ - INFO - ...Text to Image MAP = 0.35804178029285755
2025-06-19 08:47:44,320 - __main__ - INFO - ...Average MAP = 0.3682097316272863
2025-06-19 08:49:41,143 - __main__ - INFO - Noise ratio: 0.8
2025-06-19 08:49:41,164 - __main__ - INFO - Namespace(dataset='wiki', seed=7, alpha=0.7, lamda=0.0, margin=0.9, lambd=5, barycenter_number=1, top_k=10, warm_up_epoch=0, MAX_EPOCH=100, batch_size=256, output_dim=512, lr=0.0001, noisy_ratio=0.8, noise_mode='sym', GPU=1, hard_weight=True, noisy_train=True, logging='wiki_ablation')
2025-06-19 08:51:28,009 - __main__ - INFO - ...Image to Text MAP = 0.40809533024744427
2025-06-19 08:51:28,106 - __main__ - INFO - ...Text to Image MAP = 0.3957381472291863
2025-06-19 08:51:28,113 - __main__ - INFO - ...Average MAP = 0.4019167387383153
2025-06-19 08:52:50,442 - __main__ - INFO - Noise ratio: 0.8
2025-06-19 08:52:50,443 - __main__ - INFO - Namespace(dataset='wiki', seed=7, alpha=0.7, lamda=1, margin=0.9, lambd=5, barycenter_number=1, top_k=10, warm_up_epoch=0, MAX_EPOCH=100, batch_size=256, output_dim=512, lr=0.0001, noisy_ratio=0.8, noise_mode='sym', GPU=1, hard_weight=False, noisy_train=True, logging='wiki_ablation')
2025-06-19 08:54:35,401 - __main__ - INFO - ...Image to Text MAP = 0.44266436708673557
2025-06-19 08:54:35,497 - __main__ - INFO - ...Text to Image MAP = 0.42200636414760945
2025-06-19 08:54:35,503 - __main__ - INFO - ...Average MAP = 0.4323353656171725
2025-06-19 08:56:10,699 - __main__ - INFO - Noise ratio: 0.2
2025-06-19 08:56:10,712 - __main__ - INFO - Namespace(dataset='wiki', seed=7, alpha=0.8, lamda=1, margin=0.9, lambd=5, barycenter_number=1, top_k=10, warm_up_epoch=0, MAX_EPOCH=100, batch_size=256, output_dim=512, lr=0.0001, noisy_ratio=0.2, noise_mode='sym', GPU=1, hard_weight=True, noisy_train=True, logging='wiki_ablation')
2025-06-19 08:57:48,513 - __main__ - INFO - ...Image to Text MAP = 0.4996622026687051
2025-06-19 08:57:48,594 - __main__ - INFO - ...Text to Image MAP = 0.44956309231195046
2025-06-19 08:57:48,598 - __main__ - INFO - ...Average MAP = 0.4746126474903278
2025-06-19 08:58:35,967 - __main__ - INFO - Noise ratio: 0.2
2025-06-19 08:58:35,968 - __main__ - INFO - Namespace(dataset='wiki', seed=7, alpha=0.0, lamda=1, margin=0.9, lambd=5, barycenter_number=1, top_k=10, warm_up_epoch=0, MAX_EPOCH=100, batch_size=256, output_dim=512, lr=0.0001, noisy_ratio=0.2, noise_mode='sym', GPU=1, hard_weight=True, noisy_train=True, logging='wiki_ablation')
2025-06-19 09:00:12,837 - __main__ - INFO - ...Image to Text MAP = 0.4084841457640049
2025-06-19 09:00:12,939 - __main__ - INFO - ...Text to Image MAP = 0.3443956910030871
2025-06-19 09:00:12,953 - __main__ - INFO - ...Average MAP = 0.37643991838354596
2025-06-19 09:02:14,796 - __main__ - INFO - Noise ratio: 0.2
2025-06-19 09:02:14,828 - __main__ - INFO - Namespace(dataset='wiki', seed=7, alpha=0.8, lamda=1, margin=0.9, lambd=5, barycenter_number=1, top_k=10, warm_up_epoch=0, MAX_EPOCH=100, batch_size=256, output_dim=512, lr=0.0001, noisy_ratio=0.2, noise_mode='sym', GPU=1, hard_weight=True, noisy_train=False, logging='wiki_ablation')
2025-06-19 09:03:30,601 - __main__ - INFO - ...Image to Text MAP = 0.516699669704614
2025-06-19 09:03:30,693 - __main__ - INFO - ...Text to Image MAP = 0.4625794492867413
2025-06-19 09:03:30,696 - __main__ - INFO - ...Average MAP = 0.4896395594956776
2025-06-19 09:05:18,901 - __main__ - INFO - Noise ratio: 0.2
2025-06-19 09:05:18,905 - __main__ - INFO - Namespace(dataset='wiki', seed=7, alpha=0.8, lamda=0.0, margin=0.9, lambd=5, barycenter_number=1, top_k=10, warm_up_epoch=0, MAX_EPOCH=100, batch_size=256, output_dim=512, lr=0.0001, noisy_ratio=0.2, noise_mode='sym', GPU=1, hard_weight=True, noisy_train=True, logging='wiki_ablation')
2025-06-19 09:07:12,880 - __main__ - INFO - ...Image to Text MAP = 0.404715319802051
2025-06-19 09:07:12,986 - __main__ - INFO - ...Text to Image MAP = 0.37841142446749254
2025-06-19 09:07:12,986 - __main__ - INFO - ...Average MAP = 0.39156337213477177
2025-06-19 09:07:17,604 - __main__ - INFO - Noise ratio: 0.2
2025-06-19 09:07:17,605 - __main__ - INFO - Namespace(dataset='wiki', seed=7, alpha=0.8, lamda=1, margin=0.9, lambd=5, barycenter_number=1, top_k=10, warm_up_epoch=0, MAX_EPOCH=100, batch_size=256, output_dim=512, lr=0.0001, noisy_ratio=0.2, noise_mode='sym', GPU=1, hard_weight=False, noisy_train=True, logging='wiki_ablation')
2025-06-19 09:09:15,948 - __main__ - INFO - ...Image to Text MAP = 0.524815412458778
2025-06-19 09:09:16,046 - __main__ - INFO - ...Text to Image MAP = 0.4603157056646865
2025-06-19 09:09:16,046 - __main__ - INFO - ...Average MAP = 0.49256555906173227
2025-06-19 09:09:20,652 - __main__ - INFO - Noise ratio: 0.4
2025-06-19 09:09:20,653 - __main__ - INFO - Namespace(dataset='wiki', seed=7, alpha=0.8, lamda=1, margin=0.9, lambd=5, barycenter_number=1, top_k=10, warm_up_epoch=0, MAX_EPOCH=100, batch_size=256, output_dim=512, lr=0.0001, noisy_ratio=0.4, noise_mode='sym', GPU=1, hard_weight=True, noisy_train=True, logging='wiki_ablation')
2025-06-19 09:11:19,362 - __main__ - INFO - ...Image to Text MAP = 0.5079455610854443
2025-06-19 09:11:19,460 - __main__ - INFO - ...Text to Image MAP = 0.455724851260008
2025-06-19 09:11:19,461 - __main__ - INFO - ...Average MAP = 0.4818352061727261
2025-06-19 09:11:24,599 - __main__ - INFO - Noise ratio: 0.4
2025-06-19 09:11:24,600 - __main__ - INFO - Namespace(dataset='wiki', seed=7, alpha=0.0, lamda=1, margin=0.9, lambd=5, barycenter_number=1, top_k=10, warm_up_epoch=0, MAX_EPOCH=100, batch_size=256, output_dim=512, lr=0.0001, noisy_ratio=0.4, noise_mode='sym', GPU=1, hard_weight=True, noisy_train=True, logging='wiki_ablation')
2025-06-19 09:13:18,322 - __main__ - INFO - ...Image to Text MAP = 0.3073874448141329
2025-06-19 09:13:18,411 - __main__ - INFO - ...Text to Image MAP = 0.2988268044263355
2025-06-19 09:13:18,412 - __main__ - INFO - ...Average MAP = 0.3031071246202342
2025-06-19 09:13:23,504 - __main__ - INFO - Noise ratio: 0.4
2025-06-19 09:13:23,505 - __main__ - INFO - Namespace(dataset='wiki', seed=7, alpha=0.8, lamda=1, margin=0.9, lambd=5, barycenter_number=1, top_k=10, warm_up_epoch=0, MAX_EPOCH=100, batch_size=256, output_dim=512, lr=0.0001, noisy_ratio=0.4, noise_mode='sym', GPU=1, hard_weight=True, noisy_train=False, logging='wiki_ablation')
2025-06-19 09:15:00,634 - __main__ - INFO - ...Image to Text MAP = 0.49157309469848715
2025-06-19 09:15:00,743 - __main__ - INFO - ...Text to Image MAP = 0.437657709520754
2025-06-19 09:15:00,744 - __main__ - INFO - ...Average MAP = 0.4646154021096206
2025-06-19 09:15:06,004 - __main__ - INFO - Noise ratio: 0.4
2025-06-19 09:15:06,004 - __main__ - INFO - Namespace(dataset='wiki', seed=7, alpha=0.8, lamda=0.0, margin=0.9, lambd=5, barycenter_number=1, top_k=10, warm_up_epoch=0, MAX_EPOCH=100, batch_size=256, output_dim=512, lr=0.0001, noisy_ratio=0.4, noise_mode='sym', GPU=1, hard_weight=True, noisy_train=True, logging='wiki_ablation')
2025-06-19 09:16:58,462 - __main__ - INFO - ...Image to Text MAP = 0.41491114442902366
2025-06-19 09:16:58,544 - __main__ - INFO - ...Text to Image MAP = 0.3922971009587241
2025-06-19 09:16:58,544 - __main__ - INFO - ...Average MAP = 0.4036041226938739
2025-06-19 09:17:03,830 - __main__ - INFO - Noise ratio: 0.4
2025-06-19 09:17:03,830 - __main__ - INFO - Namespace(dataset='wiki', seed=7, alpha=0.8, lamda=1, margin=0.9, lambd=5, barycenter_number=1, top_k=10, warm_up_epoch=0, MAX_EPOCH=100, batch_size=256, output_dim=512, lr=0.0001, noisy_ratio=0.4, noise_mode='sym', GPU=1, hard_weight=False, noisy_train=True, logging='wiki_ablation')
2025-06-19 09:18:45,185 - __main__ - INFO - ...Image to Text MAP = 0.5030191046836692
2025-06-19 09:18:45,279 - __main__ - INFO - ...Text to Image MAP = 0.44602464131254166
2025-06-19 09:18:45,279 - __main__ - INFO - ...Average MAP = 0.47452187299810544
2025-06-19 09:18:50,283 - __main__ - INFO - Noise ratio: 0.6
2025-06-19 09:18:50,285 - __main__ - INFO - Namespace(dataset='wiki', seed=7, alpha=0.8, lamda=1, margin=0.9, lambd=5, barycenter_number=1, top_k=10, warm_up_epoch=0, MAX_EPOCH=100, batch_size=256, output_dim=512, lr=0.0001, noisy_ratio=0.6, noise_mode='sym', GPU=1, hard_weight=True, noisy_train=True, logging='wiki_ablation')
2025-06-19 09:20:32,780 - __main__ - INFO - ...Image to Text MAP = 0.4949448426164147
2025-06-19 09:20:32,874 - __main__ - INFO - ...Text to Image MAP = 0.45579544204620803
2025-06-19 09:20:32,875 - __main__ - INFO - ...Average MAP = 0.47537014233131136
2025-06-19 09:20:37,758 - __main__ - INFO - Noise ratio: 0.6
2025-06-19 09:20:37,759 - __main__ - INFO - Namespace(dataset='wiki', seed=7, alpha=0.0, lamda=1, margin=0.9, lambd=5, barycenter_number=1, top_k=10, warm_up_epoch=0, MAX_EPOCH=100, batch_size=256, output_dim=512, lr=0.0001, noisy_ratio=0.6, noise_mode='sym', GPU=1, hard_weight=True, noisy_train=True, logging='wiki_ablation')
2025-06-19 09:22:16,904 - __main__ - INFO - ...Image to Text MAP = 0.2768426840764687
2025-06-19 09:22:16,996 - __main__ - INFO - ...Text to Image MAP = 0.2566664823719377
2025-06-19 09:22:16,996 - __main__ - INFO - ...Average MAP = 0.2667545832242032
2025-06-19 09:22:22,110 - __main__ - INFO - Noise ratio: 0.6
2025-06-19 09:22:22,110 - __main__ - INFO - Namespace(dataset='wiki', seed=7, alpha=0.8, lamda=1, margin=0.9, lambd=5, barycenter_number=1, top_k=10, warm_up_epoch=0, MAX_EPOCH=100, batch_size=256, output_dim=512, lr=0.0001, noisy_ratio=0.6, noise_mode='sym', GPU=1, hard_weight=True, noisy_train=False, logging='wiki_ablation')
2025-06-19 09:23:34,192 - __main__ - INFO - ...Image to Text MAP = 0.47240833032479196
2025-06-19 09:23:34,288 - __main__ - INFO - ...Text to Image MAP = 0.4275088520977885
2025-06-19 09:23:34,288 - __main__ - INFO - ...Average MAP = 0.4499585912112902
2025-06-19 09:23:38,835 - __main__ - INFO - Noise ratio: 0.6
2025-06-19 09:23:38,835 - __main__ - INFO - Namespace(dataset='wiki', seed=7, alpha=0.8, lamda=0.0, margin=0.9, lambd=5, barycenter_number=1, top_k=10, warm_up_epoch=0, MAX_EPOCH=100, batch_size=256, output_dim=512, lr=0.0001, noisy_ratio=0.6, noise_mode='sym', GPU=1, hard_weight=True, noisy_train=True, logging='wiki_ablation')
2025-06-19 09:25:10,254 - __main__ - INFO - ...Image to Text MAP = 0.4139792210311641
2025-06-19 09:25:10,350 - __main__ - INFO - ...Text to Image MAP = 0.39301820500233664
2025-06-19 09:25:10,350 - __main__ - INFO - ...Average MAP = 0.40349871301675033
2025-06-19 09:25:15,034 - __main__ - INFO - Noise ratio: 0.6
2025-06-19 09:25:15,034 - __main__ - INFO - Namespace(dataset='wiki', seed=7, alpha=0.8, lamda=1, margin=0.9, lambd=5, barycenter_number=1, top_k=10, warm_up_epoch=0, MAX_EPOCH=100, batch_size=256, output_dim=512, lr=0.0001, noisy_ratio=0.6, noise_mode='sym', GPU=1, hard_weight=False, noisy_train=True, logging='wiki_ablation')
2025-06-19 09:26:51,237 - __main__ - INFO - ...Image to Text MAP = 0.4914687398547421
2025-06-19 09:26:51,342 - __main__ - INFO - ...Text to Image MAP = 0.45276426112737667
2025-06-19 09:26:51,342 - __main__ - INFO - ...Average MAP = 0.47211650049105935
2025-06-19 09:26:56,822 - __main__ - INFO - Noise ratio: 0.8
2025-06-19 09:26:56,823 - __main__ - INFO - Namespace(dataset='wiki', seed=7, alpha=0.8, lamda=1, margin=0.9, lambd=5, barycenter_number=1, top_k=10, warm_up_epoch=0, MAX_EPOCH=100, batch_size=256, output_dim=512, lr=0.0001, noisy_ratio=0.8, noise_mode='sym', GPU=1, hard_weight=True, noisy_train=True, logging='wiki_ablation')
2025-06-19 09:28:43,267 - __main__ - INFO - ...Image to Text MAP = 0.4331155210062236
2025-06-19 09:28:43,362 - __main__ - INFO - ...Text to Image MAP = 0.40972420096066064
2025-06-19 09:28:43,362 - __main__ - INFO - ...Average MAP = 0.4214198609834421
2025-06-19 09:28:48,960 - __main__ - INFO - Noise ratio: 0.8
2025-06-19 09:28:48,964 - __main__ - INFO - Namespace(dataset='wiki', seed=7, alpha=0.0, lamda=1, margin=0.9, lambd=5, barycenter_number=1, top_k=10, warm_up_epoch=0, MAX_EPOCH=100, batch_size=256, output_dim=512, lr=0.0001, noisy_ratio=0.8, noise_mode='sym', GPU=1, hard_weight=True, noisy_train=True, logging='wiki_ablation')
2025-06-19 09:30:32,650 - __main__ - INFO - ...Image to Text MAP = 0.21798253738550338
2025-06-19 09:30:32,767 - __main__ - INFO - ...Text to Image MAP = 0.17290486885682962
2025-06-19 09:30:32,767 - __main__ - INFO - ...Average MAP = 0.1954437031211665
2025-06-19 09:30:38,782 - __main__ - INFO - Noise ratio: 0.8
2025-06-19 09:30:38,782 - __main__ - INFO - Namespace(dataset='wiki', seed=7, alpha=0.8, lamda=1, margin=0.9, lambd=5, barycenter_number=1, top_k=10, warm_up_epoch=0, MAX_EPOCH=100, batch_size=256, output_dim=512, lr=0.0001, noisy_ratio=0.8, noise_mode='sym', GPU=1, hard_weight=True, noisy_train=False, logging='wiki_ablation')
2025-06-19 09:31:57,403 - __main__ - INFO - ...Image to Text MAP = 0.3837954634366524
2025-06-19 09:31:57,499 - __main__ - INFO - ...Text to Image MAP = 0.3679069061973275
2025-06-19 09:31:57,499 - __main__ - INFO - ...Average MAP = 0.37585118481699
2025-06-19 09:32:02,637 - __main__ - INFO - Noise ratio: 0.8
2025-06-19 09:32:02,637 - __main__ - INFO - Namespace(dataset='wiki', seed=7, alpha=0.8, lamda=0.0, margin=0.9, lambd=5, barycenter_number=1, top_k=10, warm_up_epoch=0, MAX_EPOCH=100, batch_size=256, output_dim=512, lr=0.0001, noisy_ratio=0.8, noise_mode='sym', GPU=1, hard_weight=True, noisy_train=True, logging='wiki_ablation')
2025-06-19 09:33:50,830 - __main__ - INFO - ...Image to Text MAP = 0.41838408748383016
2025-06-19 09:33:50,913 - __main__ - INFO - ...Text to Image MAP = 0.39760470478489485
2025-06-19 09:33:50,914 - __main__ - INFO - ...Average MAP = 0.4079943961343625
2025-06-19 09:33:56,599 - __main__ - INFO - Noise ratio: 0.8
2025-06-19 09:33:56,599 - __main__ - INFO - Namespace(dataset='wiki', seed=7, alpha=0.8, lamda=1, margin=0.9, lambd=5, barycenter_number=1, top_k=10, warm_up_epoch=0, MAX_EPOCH=100, batch_size=256, output_dim=512, lr=0.0001, noisy_ratio=0.8, noise_mode='sym', GPU=1, hard_weight=False, noisy_train=True, logging='wiki_ablation')
2025-06-19 09:35:33,628 - __main__ - INFO - ...Image to Text MAP = 0.43329467023327023
2025-06-19 09:35:33,727 - __main__ - INFO - ...Text to Image MAP = 0.4161156499299445
2025-06-19 09:35:33,728 - __main__ - INFO - ...Average MAP = 0.42470516008160736
2025-06-19 09:35:38,722 - __main__ - INFO - Noise ratio: 0.2
2025-06-19 09:35:38,723 - __main__ - INFO - Namespace(dataset='wiki', seed=7, alpha=0.9, lamda=1, margin=0.9, lambd=5, barycenter_number=1, top_k=10, warm_up_epoch=0, MAX_EPOCH=100, batch_size=256, output_dim=512, lr=0.0001, noisy_ratio=0.2, noise_mode='sym', GPU=1, hard_weight=True, noisy_train=True, logging='wiki_ablation')
2025-06-19 09:37:14,652 - __main__ - INFO - ...Image to Text MAP = 0.5135203264901266
2025-06-19 09:37:14,874 - __main__ - INFO - ...Text to Image MAP = 0.45948645262085985
2025-06-19 09:37:14,923 - __main__ - INFO - ...Average MAP = 0.4865033895554932
2025-06-19 09:38:16,555 - __main__ - INFO - Noise ratio: 0.2
2025-06-19 09:38:16,557 - __main__ - INFO - Namespace(dataset='wiki', seed=7, alpha=0.0, lamda=1, margin=0.9, lambd=5, barycenter_number=1, top_k=10, warm_up_epoch=0, MAX_EPOCH=100, batch_size=256, output_dim=512, lr=0.0001, noisy_ratio=0.2, noise_mode='sym', GPU=1, hard_weight=True, noisy_train=True, logging='wiki_ablation')
2025-06-19 09:39:46,820 - __main__ - INFO - ...Image to Text MAP = 0.4084841457640049
2025-06-19 09:39:46,965 - __main__ - INFO - ...Text to Image MAP = 0.3443956910030871
2025-06-19 09:39:47,091 - __main__ - INFO - ...Average MAP = 0.37643991838354596
2025-06-19 09:40:40,648 - __main__ - INFO - Noise ratio: 0.2
2025-06-19 09:40:40,648 - __main__ - INFO - Namespace(dataset='wiki', seed=7, alpha=0.9, lamda=1, margin=0.9, lambd=5, barycenter_number=1, top_k=10, warm_up_epoch=0, MAX_EPOCH=100, batch_size=256, output_dim=512, lr=0.0001, noisy_ratio=0.2, noise_mode='sym', GPU=1, hard_weight=True, noisy_train=False, logging='wiki_ablation')
2025-06-19 09:41:57,122 - __main__ - INFO - ...Image to Text MAP = 0.5220495208267514
2025-06-19 09:41:57,205 - __main__ - INFO - ...Text to Image MAP = 0.4674993021456043
2025-06-19 09:41:57,225 - __main__ - INFO - ...Average MAP = 0.49477441148617785
2025-06-19 09:42:35,076 - __main__ - INFO - Noise ratio: 0.2
2025-06-19 09:42:35,114 - __main__ - INFO - Namespace(dataset='wiki', seed=7, alpha=0.9, lamda=0.0, margin=0.9, lambd=5, barycenter_number=1, top_k=10, warm_up_epoch=0, MAX_EPOCH=100, batch_size=256, output_dim=512, lr=0.0001, noisy_ratio=0.2, noise_mode='sym', GPU=1, hard_weight=True, noisy_train=True, logging='wiki_ablation')
2025-06-19 09:44:15,545 - __main__ - INFO - ...Image to Text MAP = 0.40188925906771045
2025-06-19 09:44:15,627 - __main__ - INFO - ...Text to Image MAP = 0.37194280454448597
2025-06-19 09:44:15,647 - __main__ - INFO - ...Average MAP = 0.38691603180609824
2025-06-19 09:46:15,001 - __main__ - INFO - Noise ratio: 0.2
2025-06-19 09:46:15,001 - __main__ - INFO - Namespace(dataset='wiki', seed=7, alpha=0.9, lamda=1, margin=0.9, lambd=5, barycenter_number=1, top_k=10, warm_up_epoch=0, MAX_EPOCH=100, batch_size=256, output_dim=512, lr=0.0001, noisy_ratio=0.2, noise_mode='sym', GPU=1, hard_weight=False, noisy_train=True, logging='wiki_ablation')
2025-06-19 09:48:06,809 - __main__ - INFO - ...Image to Text MAP = 0.5170918982961975
2025-06-19 09:48:06,900 - __main__ - INFO - ...Text to Image MAP = 0.46264431856784477
2025-06-19 09:48:06,903 - __main__ - INFO - ...Average MAP = 0.4898681084320211
2025-06-19 09:48:36,609 - __main__ - INFO - Noise ratio: 0.4
2025-06-19 09:48:36,611 - __main__ - INFO - Namespace(dataset='wiki', seed=7, alpha=0.9, lamda=1, margin=0.9, lambd=5, barycenter_number=1, top_k=10, warm_up_epoch=0, MAX_EPOCH=100, batch_size=256, output_dim=512, lr=0.0001, noisy_ratio=0.4, noise_mode='sym', GPU=1, hard_weight=True, noisy_train=True, logging='wiki_ablation')
2025-06-19 09:50:50,493 - __main__ - INFO - ...Image to Text MAP = 0.510680287598342
2025-06-19 09:50:50,575 - __main__ - INFO - ...Text to Image MAP = 0.46278840793332254
2025-06-19 09:50:50,618 - __main__ - INFO - ...Average MAP = 0.4867343477658323
2025-06-19 09:51:15,871 - __main__ - INFO - Noise ratio: 0.4
2025-06-19 09:51:15,874 - __main__ - INFO - Namespace(dataset='wiki', seed=7, alpha=0.0, lamda=1, margin=0.9, lambd=5, barycenter_number=1, top_k=10, warm_up_epoch=0, MAX_EPOCH=100, batch_size=256, output_dim=512, lr=0.0001, noisy_ratio=0.4, noise_mode='sym', GPU=1, hard_weight=True, noisy_train=True, logging='wiki_ablation')
2025-06-19 09:53:03,821 - __main__ - INFO - ...Image to Text MAP = 0.3073874448141329
2025-06-19 09:53:04,120 - __main__ - INFO - ...Text to Image MAP = 0.2988268044263355
2025-06-19 09:53:04,187 - __main__ - INFO - ...Average MAP = 0.3031071246202342
2025-06-19 09:53:14,860 - __main__ - INFO - Noise ratio: 0.4
2025-06-19 09:53:14,862 - __main__ - INFO - Namespace(dataset='wiki', seed=7, alpha=0.9, lamda=1, margin=0.9, lambd=5, barycenter_number=1, top_k=10, warm_up_epoch=0, MAX_EPOCH=100, batch_size=256, output_dim=512, lr=0.0001, noisy_ratio=0.4, noise_mode='sym', GPU=1, hard_weight=True, noisy_train=False, logging='wiki_ablation')
2025-06-19 09:54:51,123 - __main__ - INFO - ...Image to Text MAP = 0.49914804817523767
2025-06-19 09:54:51,210 - __main__ - INFO - ...Text to Image MAP = 0.443411469967913
2025-06-19 09:54:51,215 - __main__ - INFO - ...Average MAP = 0.4712797590715753
2025-06-19 09:55:14,058 - __main__ - INFO - Noise ratio: 0.4
2025-06-19 09:55:14,059 - __main__ - INFO - Namespace(dataset='wiki', seed=7, alpha=0.9, lamda=0.0, margin=0.9, lambd=5, barycenter_number=1, top_k=10, warm_up_epoch=0, MAX_EPOCH=100, batch_size=256, output_dim=512, lr=0.0001, noisy_ratio=0.4, noise_mode='sym', GPU=1, hard_weight=True, noisy_train=True, logging='wiki_ablation')
2025-06-19 09:57:32,790 - __main__ - INFO - ...Image to Text MAP = 0.41447115206053675
2025-06-19 09:57:32,887 - __main__ - INFO - ...Text to Image MAP = 0.3956047197253773
2025-06-19 09:57:32,904 - __main__ - INFO - ...Average MAP = 0.405037935892957
2025-06-19 09:57:50,565 - __main__ - INFO - Noise ratio: 0.4
2025-06-19 09:57:50,566 - __main__ - INFO - Namespace(dataset='wiki', seed=7, alpha=0.9, lamda=1, margin=0.9, lambd=5, barycenter_number=1, top_k=10, warm_up_epoch=0, MAX_EPOCH=100, batch_size=256, output_dim=512, lr=0.0001, noisy_ratio=0.4, noise_mode='sym', GPU=1, hard_weight=False, noisy_train=True, logging='wiki_ablation')
2025-06-19 09:59:53,232 - __main__ - INFO - ...Image to Text MAP = 0.5066841807431017
2025-06-19 09:59:53,349 - __main__ - INFO - ...Text to Image MAP = 0.4566085263617937
2025-06-19 09:59:53,356 - __main__ - INFO - ...Average MAP = 0.4816463535524477
2025-06-19 10:00:42,680 - __main__ - INFO - Noise ratio: 0.6
2025-06-19 10:00:42,681 - __main__ - INFO - Namespace(dataset='wiki', seed=7, alpha=0.9, lamda=1, margin=0.9, lambd=5, barycenter_number=1, top_k=10, warm_up_epoch=0, MAX_EPOCH=100, batch_size=256, output_dim=512, lr=0.0001, noisy_ratio=0.6, noise_mode='sym', GPU=1, hard_weight=True, noisy_train=True, logging='wiki_ablation')
2025-06-19 10:02:49,736 - __main__ - INFO - ...Image to Text MAP = 0.49676588451095166
2025-06-19 10:02:49,834 - __main__ - INFO - ...Text to Image MAP = 0.4575005211645265
2025-06-19 10:02:49,835 - __main__ - INFO - ...Average MAP = 0.4771332028377391
2025-06-19 10:02:56,066 - __main__ - INFO - Noise ratio: 0.6
2025-06-19 10:02:56,067 - __main__ - INFO - Namespace(dataset='wiki', seed=7, alpha=0.0, lamda=1, margin=0.9, lambd=5, barycenter_number=1, top_k=10, warm_up_epoch=0, MAX_EPOCH=100, batch_size=256, output_dim=512, lr=0.0001, noisy_ratio=0.6, noise_mode='sym', GPU=1, hard_weight=True, noisy_train=True, logging='wiki_ablation')
2025-06-19 10:04:38,302 - __main__ - INFO - ...Image to Text MAP = 0.2768426840764687
2025-06-19 10:04:38,385 - __main__ - INFO - ...Text to Image MAP = 0.2566664823719377
2025-06-19 10:04:38,386 - __main__ - INFO - ...Average MAP = 0.2667545832242032
2025-06-19 10:04:43,770 - __main__ - INFO - Noise ratio: 0.6
2025-06-19 10:04:43,770 - __main__ - INFO - Namespace(dataset='wiki', seed=7, alpha=0.9, lamda=1, margin=0.9, lambd=5, barycenter_number=1, top_k=10, warm_up_epoch=0, MAX_EPOCH=100, batch_size=256, output_dim=512, lr=0.0001, noisy_ratio=0.6, noise_mode='sym', GPU=1, hard_weight=True, noisy_train=False, logging='wiki_ablation')
2025-06-19 10:06:29,013 - __main__ - INFO - ...Image to Text MAP = 0.47772911610479823
2025-06-19 10:06:29,115 - __main__ - INFO - ...Text to Image MAP = 0.43252680937222926
2025-06-19 10:06:29,115 - __main__ - INFO - ...Average MAP = 0.45512796273851375
2025-06-19 10:06:35,534 - __main__ - INFO - Noise ratio: 0.6
2025-06-19 10:06:35,534 - __main__ - INFO - Namespace(dataset='wiki', seed=7, alpha=0.9, lamda=0.0, margin=0.9, lambd=5, barycenter_number=1, top_k=10, warm_up_epoch=0, MAX_EPOCH=100, batch_size=256, output_dim=512, lr=0.0001, noisy_ratio=0.6, noise_mode='sym', GPU=1, hard_weight=True, noisy_train=True, logging='wiki_ablation')
2025-06-19 10:08:56,896 - __main__ - INFO - ...Image to Text MAP = 0.4071563645875812
2025-06-19 10:08:57,141 - __main__ - INFO - ...Text to Image MAP = 0.38570504311510256
2025-06-19 10:08:57,197 - __main__ - INFO - ...Average MAP = 0.3964307038513419
2025-06-19 10:09:11,190 - __main__ - INFO - Noise ratio: 0.6
2025-06-19 10:09:11,191 - __main__ - INFO - Namespace(dataset='wiki', seed=7, alpha=0.9, lamda=1, margin=0.9, lambd=5, barycenter_number=1, top_k=10, warm_up_epoch=0, MAX_EPOCH=100, batch_size=256, output_dim=512, lr=0.0001, noisy_ratio=0.6, noise_mode='sym', GPU=1, hard_weight=False, noisy_train=True, logging='wiki_ablation')
2025-06-19 10:10:50,853 - __main__ - INFO - ...Image to Text MAP = 0.4787537778797254
2025-06-19 10:10:50,952 - __main__ - INFO - ...Text to Image MAP = 0.4468897404849109
2025-06-19 10:10:50,952 - __main__ - INFO - ...Average MAP = 0.46282175918231816
2025-06-19 10:11:29,037 - __main__ - INFO - Noise ratio: 0.8
2025-06-19 10:11:29,043 - __main__ - INFO - Namespace(dataset='wiki', seed=7, alpha=0.9, lamda=1, margin=0.9, lambd=5, barycenter_number=1, top_k=10, warm_up_epoch=0, MAX_EPOCH=100, batch_size=256, output_dim=512, lr=0.0001, noisy_ratio=0.8, noise_mode='sym', GPU=1, hard_weight=True, noisy_train=True, logging='wiki_ablation')
2025-06-19 10:13:22,146 - __main__ - INFO - ...Image to Text MAP = 0.4311114281354525
2025-06-19 10:13:22,299 - __main__ - INFO - ...Text to Image MAP = 0.4102252385977868
2025-06-19 10:13:22,601 - __main__ - INFO - ...Average MAP = 0.4206683333666197
2025-06-19 10:13:31,911 - __main__ - INFO - Noise ratio: 0.8
2025-06-19 10:13:31,913 - __main__ - INFO - Namespace(dataset='wiki', seed=7, alpha=0.0, lamda=1, margin=0.9, lambd=5, barycenter_number=1, top_k=10, warm_up_epoch=0, MAX_EPOCH=100, batch_size=256, output_dim=512, lr=0.0001, noisy_ratio=0.8, noise_mode='sym', GPU=1, hard_weight=True, noisy_train=True, logging='wiki_ablation')
2025-06-19 10:15:38,260 - __main__ - INFO - ...Image to Text MAP = 0.21798253738550338
2025-06-19 10:15:38,383 - __main__ - INFO - ...Text to Image MAP = 0.17290486885682962
2025-06-19 10:15:38,384 - __main__ - INFO - ...Average MAP = 0.1954437031211665
2025-06-19 10:15:49,220 - __main__ - INFO - Noise ratio: 0.8
2025-06-19 10:15:49,220 - __main__ - INFO - Namespace(dataset='wiki', seed=7, alpha=0.9, lamda=1, margin=0.9, lambd=5, barycenter_number=1, top_k=10, warm_up_epoch=0, MAX_EPOCH=100, batch_size=256, output_dim=512, lr=0.0001, noisy_ratio=0.8, noise_mode='sym', GPU=1, hard_weight=True, noisy_train=False, logging='wiki_ablation')
2025-06-19 10:17:19,039 - __main__ - INFO - ...Image to Text MAP = 0.36750746824573605
2025-06-19 10:17:19,186 - __main__ - INFO - ...Text to Image MAP = 0.35165608249320957
2025-06-19 10:17:19,189 - __main__ - INFO - ...Average MAP = 0.3595817753694728
2025-06-19 10:18:27,745 - __main__ - INFO - Noise ratio: 0.8
2025-06-19 10:18:27,753 - __main__ - INFO - Namespace(dataset='wiki', seed=7, alpha=0.9, lamda=0.0, margin=0.9, lambd=5, barycenter_number=1, top_k=10, warm_up_epoch=0, MAX_EPOCH=100, batch_size=256, output_dim=512, lr=0.0001, noisy_ratio=0.8, noise_mode='sym', GPU=1, hard_weight=True, noisy_train=True, logging='wiki_ablation')
2025-06-19 10:19:54,936 - __main__ - INFO - ...Image to Text MAP = 0.41873006054867645
2025-06-19 10:19:55,025 - __main__ - INFO - ...Text to Image MAP = 0.3994293286181247
2025-06-19 10:19:55,025 - __main__ - INFO - ...Average MAP = 0.40907969458340054
2025-06-19 10:20:25,764 - __main__ - INFO - Noise ratio: 0.8
2025-06-19 10:20:25,764 - __main__ - INFO - Namespace(dataset='wiki', seed=7, alpha=0.9, lamda=1, margin=0.9, lambd=5, barycenter_number=1, top_k=10, warm_up_epoch=0, MAX_EPOCH=100, batch_size=256, output_dim=512, lr=0.0001, noisy_ratio=0.8, noise_mode='sym', GPU=1, hard_weight=False, noisy_train=True, logging='wiki_ablation')
2025-06-19 10:22:14,653 - __main__ - INFO - ...Image to Text MAP = 0.4336434612244962
2025-06-19 10:22:14,777 - __main__ - INFO - ...Text to Image MAP = 0.41301307953309546
2025-06-19 10:22:14,777 - __main__ - INFO - ...Average MAP = 0.42332827037879583
2025-06-19 10:22:29,410 - __main__ - INFO - Noise ratio: 0.2
2025-06-19 10:22:29,411 - __main__ - INFO - Namespace(dataset='wiki', seed=7, alpha=1.0, lamda=1, margin=0.9, lambd=5, barycenter_number=1, top_k=10, warm_up_epoch=0, MAX_EPOCH=100, batch_size=256, output_dim=512, lr=0.0001, noisy_ratio=0.2, noise_mode='sym', GPU=1, hard_weight=True, noisy_train=True, logging='wiki_ablation')
2025-06-19 10:24:23,400 - __main__ - INFO - ...Image to Text MAP = 0.5024986651749508
2025-06-19 10:24:23,532 - __main__ - INFO - ...Text to Image MAP = 0.45261806968802276
2025-06-19 10:24:23,533 - __main__ - INFO - ...Average MAP = 0.4775583674314868
2025-06-19 10:24:30,955 - __main__ - INFO - Noise ratio: 0.2
2025-06-19 10:24:30,968 - __main__ - INFO - Namespace(dataset='wiki', seed=7, alpha=0.0, lamda=1, margin=0.9, lambd=5, barycenter_number=1, top_k=10, warm_up_epoch=0, MAX_EPOCH=100, batch_size=256, output_dim=512, lr=0.0001, noisy_ratio=0.2, noise_mode='sym', GPU=1, hard_weight=True, noisy_train=True, logging='wiki_ablation')
2025-06-19 10:26:25,760 - __main__ - INFO - ...Image to Text MAP = 0.4084841457640049
2025-06-19 10:26:25,875 - __main__ - INFO - ...Text to Image MAP = 0.3443956910030871
2025-06-19 10:26:25,875 - __main__ - INFO - ...Average MAP = 0.37643991838354596
2025-06-19 10:26:32,033 - __main__ - INFO - Noise ratio: 0.2
2025-06-19 10:26:32,033 - __main__ - INFO - Namespace(dataset='wiki', seed=7, alpha=1.0, lamda=1, margin=0.9, lambd=5, barycenter_number=1, top_k=10, warm_up_epoch=0, MAX_EPOCH=100, batch_size=256, output_dim=512, lr=0.0001, noisy_ratio=0.2, noise_mode='sym', GPU=1, hard_weight=True, noisy_train=False, logging='wiki_ablation')
2025-06-19 10:28:09,286 - __main__ - INFO - ...Image to Text MAP = 0.5156360827936667
2025-06-19 10:28:09,385 - __main__ - INFO - ...Text to Image MAP = 0.47178868523273465
2025-06-19 10:28:09,386 - __main__ - INFO - ...Average MAP = 0.49371238401320067
2025-06-19 10:28:15,145 - __main__ - INFO - Noise ratio: 0.2
2025-06-19 10:28:15,145 - __main__ - INFO - Namespace(dataset='wiki', seed=7, alpha=1.0, lamda=0.0, margin=0.9, lambd=5, barycenter_number=1, top_k=10, warm_up_epoch=0, MAX_EPOCH=100, batch_size=256, output_dim=512, lr=0.0001, noisy_ratio=0.2, noise_mode='sym', GPU=1, hard_weight=True, noisy_train=True, logging='wiki_ablation')
2025-06-19 10:30:08,344 - __main__ - INFO - ...Image to Text MAP = 0.4040506206066442
2025-06-19 10:30:08,441 - __main__ - INFO - ...Text to Image MAP = 0.3820411721810522
2025-06-19 10:30:08,442 - __main__ - INFO - ...Average MAP = 0.39304589639384824
2025-06-19 10:30:14,096 - __main__ - INFO - Noise ratio: 0.2
2025-06-19 10:30:14,097 - __main__ - INFO - Namespace(dataset='wiki', seed=7, alpha=1.0, lamda=1, margin=0.9, lambd=5, barycenter_number=1, top_k=10, warm_up_epoch=0, MAX_EPOCH=100, batch_size=256, output_dim=512, lr=0.0001, noisy_ratio=0.2, noise_mode='sym', GPU=1, hard_weight=False, noisy_train=True, logging='wiki_ablation')
2025-06-19 10:32:13,233 - __main__ - INFO - ...Image to Text MAP = 0.5186997465977542
2025-06-19 10:32:13,506 - __main__ - INFO - ...Text to Image MAP = 0.4553531646129381
2025-06-19 10:32:13,507 - __main__ - INFO - ...Average MAP = 0.4870264556053462
2025-06-19 10:32:19,204 - __main__ - INFO - Noise ratio: 0.4
2025-06-19 10:32:19,206 - __main__ - INFO - Namespace(dataset='wiki', seed=7, alpha=1.0, lamda=1, margin=0.9, lambd=5, barycenter_number=1, top_k=10, warm_up_epoch=0, MAX_EPOCH=100, batch_size=256, output_dim=512, lr=0.0001, noisy_ratio=0.4, noise_mode='sym', GPU=1, hard_weight=True, noisy_train=True, logging='wiki_ablation')
2025-06-19 10:34:25,591 - __main__ - INFO - ...Image to Text MAP = 0.5226012216864044
2025-06-19 10:34:25,674 - __main__ - INFO - ...Text to Image MAP = 0.4628682962073671
2025-06-19 10:34:25,674 - __main__ - INFO - ...Average MAP = 0.4927347589468858
2025-06-19 10:34:30,748 - __main__ - INFO - Noise ratio: 0.4
2025-06-19 10:34:30,749 - __main__ - INFO - Namespace(dataset='wiki', seed=7, alpha=0.0, lamda=1, margin=0.9, lambd=5, barycenter_number=1, top_k=10, warm_up_epoch=0, MAX_EPOCH=100, batch_size=256, output_dim=512, lr=0.0001, noisy_ratio=0.4, noise_mode='sym', GPU=1, hard_weight=True, noisy_train=True, logging='wiki_ablation')
2025-06-19 10:35:59,713 - __main__ - INFO - ...Image to Text MAP = 0.3073874448141329
2025-06-19 10:35:59,830 - __main__ - INFO - ...Text to Image MAP = 0.2988268044263355
2025-06-19 10:35:59,838 - __main__ - INFO - ...Average MAP = 0.3031071246202342
2025-06-19 10:36:12,055 - __main__ - INFO - Noise ratio: 0.4
2025-06-19 10:36:12,056 - __main__ - INFO - Namespace(dataset='wiki', seed=7, alpha=1.0, lamda=1, margin=0.9, lambd=5, barycenter_number=1, top_k=10, warm_up_epoch=0, MAX_EPOCH=100, batch_size=256, output_dim=512, lr=0.0001, noisy_ratio=0.4, noise_mode='sym', GPU=1, hard_weight=True, noisy_train=False, logging='wiki_ablation')
2025-06-19 10:37:43,764 - __main__ - INFO - ...Image to Text MAP = 0.5014897142443432
2025-06-19 10:37:43,863 - __main__ - INFO - ...Text to Image MAP = 0.45209658068085334
2025-06-19 10:37:43,869 - __main__ - INFO - ...Average MAP = 0.47679314746259827
2025-06-19 10:38:05,170 - __main__ - INFO - Noise ratio: 0.4
2025-06-19 10:38:05,171 - __main__ - INFO - Namespace(dataset='wiki', seed=7, alpha=1.0, lamda=0.0, margin=0.9, lambd=5, barycenter_number=1, top_k=10, warm_up_epoch=0, MAX_EPOCH=100, batch_size=256, output_dim=512, lr=0.0001, noisy_ratio=0.4, noise_mode='sym', GPU=1, hard_weight=True, noisy_train=True, logging='wiki_ablation')
2025-06-19 10:40:18,048 - __main__ - INFO - ...Image to Text MAP = 0.41062780234790286
2025-06-19 10:40:18,148 - __main__ - INFO - ...Text to Image MAP = 0.3916515859035126
2025-06-19 10:40:18,149 - __main__ - INFO - ...Average MAP = 0.4011396941257077
2025-06-19 10:40:25,299 - __main__ - INFO - Noise ratio: 0.4
2025-06-19 10:40:25,301 - __main__ - INFO - Namespace(dataset='wiki', seed=7, alpha=1.0, lamda=1, margin=0.9, lambd=5, barycenter_number=1, top_k=10, warm_up_epoch=0, MAX_EPOCH=100, batch_size=256, output_dim=512, lr=0.0001, noisy_ratio=0.4, noise_mode='sym', GPU=1, hard_weight=False, noisy_train=True, logging='wiki_ablation')
2025-06-19 10:42:24,463 - __main__ - INFO - ...Image to Text MAP = 0.5099290007360455
2025-06-19 10:42:24,556 - __main__ - INFO - ...Text to Image MAP = 0.46274621752646156
2025-06-19 10:42:24,556 - __main__ - INFO - ...Average MAP = 0.48633760913125357
2025-06-19 10:42:30,449 - __main__ - INFO - Noise ratio: 0.6
2025-06-19 10:42:30,450 - __main__ - INFO - Namespace(dataset='wiki', seed=7, alpha=1.0, lamda=1, margin=0.9, lambd=5, barycenter_number=1, top_k=10, warm_up_epoch=0, MAX_EPOCH=100, batch_size=256, output_dim=512, lr=0.0001, noisy_ratio=0.6, noise_mode='sym', GPU=1, hard_weight=True, noisy_train=True, logging='wiki_ablation')
2025-06-19 10:44:29,439 - __main__ - INFO - ...Image to Text MAP = 0.4815433491252116
2025-06-19 10:44:29,541 - __main__ - INFO - ...Text to Image MAP = 0.4443702421449867
2025-06-19 10:44:29,557 - __main__ - INFO - ...Average MAP = 0.46295679563509917
2025-06-19 10:44:42,710 - __main__ - INFO - Noise ratio: 0.6
2025-06-19 10:44:42,712 - __main__ - INFO - Namespace(dataset='wiki', seed=7, alpha=0.0, lamda=1, margin=0.9, lambd=5, barycenter_number=1, top_k=10, warm_up_epoch=0, MAX_EPOCH=100, batch_size=256, output_dim=512, lr=0.0001, noisy_ratio=0.6, noise_mode='sym', GPU=1, hard_weight=True, noisy_train=True, logging='wiki_ablation')
2025-06-19 10:47:17,704 - __main__ - INFO - ...Image to Text MAP = 0.2768426840764687
2025-06-19 10:47:17,818 - __main__ - INFO - ...Text to Image MAP = 0.2566664823719377
2025-06-19 10:47:17,844 - __main__ - INFO - ...Average MAP = 0.2667545832242032
2025-06-19 10:47:33,999 - __main__ - INFO - Noise ratio: 0.6
2025-06-19 10:47:34,001 - __main__ - INFO - Namespace(dataset='wiki', seed=7, alpha=1.0, lamda=1, margin=0.9, lambd=5, barycenter_number=1, top_k=10, warm_up_epoch=0, MAX_EPOCH=100, batch_size=256, output_dim=512, lr=0.0001, noisy_ratio=0.6, noise_mode='sym', GPU=1, hard_weight=True, noisy_train=False, logging='wiki_ablation')
2025-06-19 10:49:46,385 - __main__ - INFO - ...Image to Text MAP = 0.4748143139303259
2025-06-19 10:49:46,481 - __main__ - INFO - ...Text to Image MAP = 0.43113095572786453
2025-06-19 10:49:46,484 - __main__ - INFO - ...Average MAP = 0.4529726348290952
2025-06-19 10:50:04,292 - __main__ - INFO - Noise ratio: 0.6
2025-06-19 10:50:04,292 - __main__ - INFO - Namespace(dataset='wiki', seed=7, alpha=1.0, lamda=0.0, margin=0.9, lambd=5, barycenter_number=1, top_k=10, warm_up_epoch=0, MAX_EPOCH=100, batch_size=256, output_dim=512, lr=0.0001, noisy_ratio=0.6, noise_mode='sym', GPU=1, hard_weight=True, noisy_train=True, logging='wiki_ablation')
2025-06-19 10:52:25,205 - __main__ - INFO - ...Image to Text MAP = 0.4086532116524307
2025-06-19 10:52:25,322 - __main__ - INFO - ...Text to Image MAP = 0.39228258173869446
2025-06-19 10:52:25,346 - __main__ - INFO - ...Average MAP = 0.4004678966955626
2025-06-19 10:52:42,199 - __main__ - INFO - Noise ratio: 0.6
2025-06-19 10:52:42,202 - __main__ - INFO - Namespace(dataset='wiki', seed=7, alpha=1.0, lamda=1, margin=0.9, lambd=5, barycenter_number=1, top_k=10, warm_up_epoch=0, MAX_EPOCH=100, batch_size=256, output_dim=512, lr=0.0001, noisy_ratio=0.6, noise_mode='sym', GPU=1, hard_weight=False, noisy_train=True, logging='wiki_ablation')
2025-06-19 10:55:35,840 - __main__ - INFO - ...Image to Text MAP = 0.4809426517423452
2025-06-19 10:55:35,960 - __main__ - INFO - ...Text to Image MAP = 0.4478529635615399
2025-06-19 10:55:35,961 - __main__ - INFO - ...Average MAP = 0.46439780765194255
2025-06-19 10:55:51,348 - __main__ - INFO - Noise ratio: 0.8
2025-06-19 10:55:51,349 - __main__ - INFO - Namespace(dataset='wiki', seed=7, alpha=1.0, lamda=1, margin=0.9, lambd=5, barycenter_number=1, top_k=10, warm_up_epoch=0, MAX_EPOCH=100, batch_size=256, output_dim=512, lr=0.0001, noisy_ratio=0.8, noise_mode='sym', GPU=1, hard_weight=True, noisy_train=True, logging='wiki_ablation')
2025-06-19 10:57:53,589 - __main__ - INFO - ...Image to Text MAP = 0.4316231830932761
2025-06-19 10:57:53,740 - __main__ - INFO - ...Text to Image MAP = 0.4084461398482735
2025-06-19 10:57:53,741 - __main__ - INFO - ...Average MAP = 0.4200346614707748
2025-06-19 10:57:59,897 - __main__ - INFO - Noise ratio: 0.8
2025-06-19 10:57:59,899 - __main__ - INFO - Namespace(dataset='wiki', seed=7, alpha=0.0, lamda=1, margin=0.9, lambd=5, barycenter_number=1, top_k=10, warm_up_epoch=0, MAX_EPOCH=100, batch_size=256, output_dim=512, lr=0.0001, noisy_ratio=0.8, noise_mode='sym', GPU=1, hard_weight=True, noisy_train=True, logging='wiki_ablation')
2025-06-19 11:00:33,334 - __main__ - INFO - ...Image to Text MAP = 0.21798253738550338
2025-06-19 11:00:33,466 - __main__ - INFO - ...Text to Image MAP = 0.17290486885682962
2025-06-19 11:00:33,503 - __main__ - INFO - ...Average MAP = 0.1954437031211665
2025-06-19 11:00:50,168 - __main__ - INFO - Noise ratio: 0.8
2025-06-19 11:00:50,169 - __main__ - INFO - Namespace(dataset='wiki', seed=7, alpha=1.0, lamda=1, margin=0.9, lambd=5, barycenter_number=1, top_k=10, warm_up_epoch=0, MAX_EPOCH=100, batch_size=256, output_dim=512, lr=0.0001, noisy_ratio=0.8, noise_mode='sym', GPU=1, hard_weight=True, noisy_train=False, logging='wiki_ablation')
2025-06-19 11:02:57,592 - __main__ - INFO - ...Image to Text MAP = 0.35280380861530886
2025-06-19 11:02:57,724 - __main__ - INFO - ...Text to Image MAP = 0.33990785639770604
2025-06-19 11:02:57,759 - __main__ - INFO - ...Average MAP = 0.3463558325065075
2025-06-19 11:03:17,916 - __main__ - INFO - Noise ratio: 0.8
2025-06-19 11:03:17,917 - __main__ - INFO - Namespace(dataset='wiki', seed=7, alpha=1.0, lamda=0.0, margin=0.9, lambd=5, barycenter_number=1, top_k=10, warm_up_epoch=0, MAX_EPOCH=100, batch_size=256, output_dim=512, lr=0.0001, noisy_ratio=0.8, noise_mode='sym', GPU=1, hard_weight=True, noisy_train=True, logging='wiki_ablation')
2025-06-19 11:06:10,297 - __main__ - INFO - ...Image to Text MAP = 0.4152823692089138
2025-06-19 11:06:10,448 - __main__ - INFO - ...Text to Image MAP = 0.3960141448037403
2025-06-19 11:06:10,549 - __main__ - INFO - ...Average MAP = 0.40564825700632706
2025-06-19 11:06:25,855 - __main__ - INFO - Noise ratio: 0.8
2025-06-19 11:06:25,855 - __main__ - INFO - Namespace(dataset='wiki', seed=7, alpha=1.0, lamda=1, margin=0.9, lambd=5, barycenter_number=1, top_k=10, warm_up_epoch=0, MAX_EPOCH=100, batch_size=256, output_dim=512, lr=0.0001, noisy_ratio=0.8, noise_mode='sym', GPU=1, hard_weight=False, noisy_train=True, logging='wiki_ablation')
2025-06-19 11:08:31,507 - __main__ - INFO - ...Image to Text MAP = 0.42887020371105766
2025-06-19 11:08:31,606 - __main__ - INFO - ...Text to Image MAP = 0.40628643830501476
2025-06-19 11:08:31,617 - __main__ - INFO - ...Average MAP = 0.4175783210080362
2025-06-19 11:08:49,979 - __main__ - INFO - Noise ratio: 0.2
2025-06-19 11:08:49,982 - __main__ - INFO - Namespace(dataset='wiki', seed=7, alpha=2.0, lamda=1, margin=0.9, lambd=5, barycenter_number=1, top_k=10, warm_up_epoch=0, MAX_EPOCH=100, batch_size=256, output_dim=512, lr=0.0001, noisy_ratio=0.2, noise_mode='sym', GPU=1, hard_weight=True, noisy_train=True, logging='wiki_ablation')
2025-06-19 11:11:23,002 - __main__ - INFO - ...Image to Text MAP = 0.516994857440657
2025-06-19 11:11:23,128 - __main__ - INFO - ...Text to Image MAP = 0.47780775244997686
2025-06-19 11:11:23,129 - __main__ - INFO - ...Average MAP = 0.4974013049453169
2025-06-19 11:11:47,635 - __main__ - INFO - Noise ratio: 0.2
2025-06-19 11:11:47,639 - __main__ - INFO - Namespace(dataset='wiki', seed=7, alpha=0.0, lamda=1, margin=0.9, lambd=5, barycenter_number=1, top_k=10, warm_up_epoch=0, MAX_EPOCH=100, batch_size=256, output_dim=512, lr=0.0001, noisy_ratio=0.2, noise_mode='sym', GPU=1, hard_weight=True, noisy_train=True, logging='wiki_ablation')
2025-06-19 11:14:14,353 - __main__ - INFO - ...Image to Text MAP = 0.4084841457640049
2025-06-19 11:14:14,511 - __main__ - INFO - ...Text to Image MAP = 0.3443956910030871
2025-06-19 11:14:14,586 - __main__ - INFO - ...Average MAP = 0.37643991838354596
2025-06-19 11:14:35,476 - __main__ - INFO - Noise ratio: 0.2
2025-06-19 11:14:35,477 - __main__ - INFO - Namespace(dataset='wiki', seed=7, alpha=2.0, lamda=1, margin=0.9, lambd=5, barycenter_number=1, top_k=10, warm_up_epoch=0, MAX_EPOCH=100, batch_size=256, output_dim=512, lr=0.0001, noisy_ratio=0.2, noise_mode='sym', GPU=1, hard_weight=True, noisy_train=False, logging='wiki_ablation')
2025-06-19 11:16:31,012 - __main__ - INFO - ...Image to Text MAP = 0.5121001431852512
2025-06-19 11:16:31,108 - __main__ - INFO - ...Text to Image MAP = 0.46261719388134104
2025-06-19 11:16:31,117 - __main__ - INFO - ...Average MAP = 0.4873586685332961
2025-06-19 11:16:38,325 - __main__ - INFO - Noise ratio: 0.2
2025-06-19 11:16:38,325 - __main__ - INFO - Namespace(dataset='wiki', seed=7, alpha=2.0, lamda=0.0, margin=0.9, lambd=5, barycenter_number=1, top_k=10, warm_up_epoch=0, MAX_EPOCH=100, batch_size=256, output_dim=512, lr=0.0001, noisy_ratio=0.2, noise_mode='sym', GPU=1, hard_weight=True, noisy_train=True, logging='wiki_ablation')
2025-06-19 11:20:01,375 - __main__ - INFO - ...Image to Text MAP = 0.39572227255440184
2025-06-19 11:20:01,480 - __main__ - INFO - ...Text to Image MAP = 0.37137044332210495
2025-06-19 11:20:01,480 - __main__ - INFO - ...Average MAP = 0.3835463579382534
2025-06-19 11:20:14,247 - __main__ - INFO - Noise ratio: 0.2
2025-06-19 11:20:14,248 - __main__ - INFO - Namespace(dataset='wiki', seed=7, alpha=2.0, lamda=1, margin=0.9, lambd=5, barycenter_number=1, top_k=10, warm_up_epoch=0, MAX_EPOCH=100, batch_size=256, output_dim=512, lr=0.0001, noisy_ratio=0.2, noise_mode='sym', GPU=1, hard_weight=False, noisy_train=True, logging='wiki_ablation')
2025-06-19 11:23:33,311 - __main__ - INFO - ...Image to Text MAP = 0.5209907350574465
2025-06-19 11:23:33,495 - __main__ - INFO - ...Text to Image MAP = 0.47799166516097447
2025-06-19 11:23:33,495 - __main__ - INFO - ...Average MAP = 0.4994912001092105
2025-06-19 11:23:44,592 - __main__ - INFO - Noise ratio: 0.4
2025-06-19 11:23:44,602 - __main__ - INFO - Namespace(dataset='wiki', seed=7, alpha=2.0, lamda=1, margin=0.9, lambd=5, barycenter_number=1, top_k=10, warm_up_epoch=0, MAX_EPOCH=100, batch_size=256, output_dim=512, lr=0.0001, noisy_ratio=0.4, noise_mode='sym', GPU=1, hard_weight=True, noisy_train=True, logging='wiki_ablation')
2025-06-19 11:26:45,010 - __main__ - INFO - ...Image to Text MAP = 0.47650969528146386
2025-06-19 11:26:45,137 - __main__ - INFO - ...Text to Image MAP = 0.4446910416745765
2025-06-19 11:26:45,138 - __main__ - INFO - ...Average MAP = 0.4606003684780202
2025-06-19 11:26:54,783 - __main__ - INFO - Noise ratio: 0.4
2025-06-19 11:26:54,789 - __main__ - INFO - Namespace(dataset='wiki', seed=7, alpha=0.0, lamda=1, margin=0.9, lambd=5, barycenter_number=1, top_k=10, warm_up_epoch=0, MAX_EPOCH=100, batch_size=256, output_dim=512, lr=0.0001, noisy_ratio=0.4, noise_mode='sym', GPU=1, hard_weight=True, noisy_train=True, logging='wiki_ablation')
2025-06-19 11:28:40,344 - __main__ - INFO - ...Image to Text MAP = 0.3073874448141329
2025-06-19 11:28:40,438 - __main__ - INFO - ...Text to Image MAP = 0.2988268044263355
2025-06-19 11:28:40,438 - __main__ - INFO - ...Average MAP = 0.3031071246202342
2025-06-19 11:28:46,467 - __main__ - INFO - Noise ratio: 0.4
2025-06-19 11:28:46,468 - __main__ - INFO - Namespace(dataset='wiki', seed=7, alpha=2.0, lamda=1, margin=0.9, lambd=5, barycenter_number=1, top_k=10, warm_up_epoch=0, MAX_EPOCH=100, batch_size=256, output_dim=512, lr=0.0001, noisy_ratio=0.4, noise_mode='sym', GPU=1, hard_weight=True, noisy_train=False, logging='wiki_ablation')
2025-06-19 11:31:30,688 - __main__ - INFO - ...Image to Text MAP = 0.4636356979940779
2025-06-19 11:31:30,864 - __main__ - INFO - ...Text to Image MAP = 0.42927626590814455
2025-06-19 11:31:30,865 - __main__ - INFO - ...Average MAP = 0.44645598195111125
2025-06-19 11:31:41,569 - __main__ - INFO - Noise ratio: 0.4
2025-06-19 11:31:41,572 - __main__ - INFO - Namespace(dataset='wiki', seed=7, alpha=2.0, lamda=0.0, margin=0.9, lambd=5, barycenter_number=1, top_k=10, warm_up_epoch=0, MAX_EPOCH=100, batch_size=256, output_dim=512, lr=0.0001, noisy_ratio=0.4, noise_mode='sym', GPU=1, hard_weight=True, noisy_train=True, logging='wiki_ablation')
2025-06-19 11:34:09,522 - __main__ - INFO - ...Image to Text MAP = 0.41315587231575623
2025-06-19 11:34:09,625 - __main__ - INFO - ...Text to Image MAP = 0.38872742778914543
2025-06-19 11:34:09,625 - __main__ - INFO - ...Average MAP = 0.40094165005245086
2025-06-19 11:34:16,256 - __main__ - INFO - Noise ratio: 0.4
2025-06-19 11:34:16,258 - __main__ - INFO - Namespace(dataset='wiki', seed=7, alpha=2.0, lamda=1, margin=0.9, lambd=5, barycenter_number=1, top_k=10, warm_up_epoch=0, MAX_EPOCH=100, batch_size=256, output_dim=512, lr=0.0001, noisy_ratio=0.4, noise_mode='sym', GPU=1, hard_weight=False, noisy_train=True, logging='wiki_ablation')
2025-06-19 11:36:56,136 - __main__ - INFO - ...Image to Text MAP = 0.4795275699799349
2025-06-19 11:36:56,268 - __main__ - INFO - ...Text to Image MAP = 0.44975975427421855
2025-06-19 11:36:56,268 - __main__ - INFO - ...Average MAP = 0.46464366212707675
2025-06-19 11:37:04,960 - __main__ - INFO - Noise ratio: 0.6
2025-06-19 11:37:04,962 - __main__ - INFO - Namespace(dataset='wiki', seed=7, alpha=2.0, lamda=1, margin=0.9, lambd=5, barycenter_number=1, top_k=10, warm_up_epoch=0, MAX_EPOCH=100, batch_size=256, output_dim=512, lr=0.0001, noisy_ratio=0.6, noise_mode='sym', GPU=1, hard_weight=True, noisy_train=True, logging='wiki_ablation')
2025-06-19 11:39:47,293 - __main__ - INFO - ...Image to Text MAP = 0.4267847113791244
2025-06-19 11:39:47,396 - __main__ - INFO - ...Text to Image MAP = 0.41234401104606244
2025-06-19 11:39:47,396 - __main__ - INFO - ...Average MAP = 0.41956436121259344
2025-06-19 11:39:53,982 - __main__ - INFO - Noise ratio: 0.6
2025-06-19 11:39:53,984 - __main__ - INFO - Namespace(dataset='wiki', seed=7, alpha=0.0, lamda=1, margin=0.9, lambd=5, barycenter_number=1, top_k=10, warm_up_epoch=0, MAX_EPOCH=100, batch_size=256, output_dim=512, lr=0.0001, noisy_ratio=0.6, noise_mode='sym', GPU=1, hard_weight=True, noisy_train=True, logging='wiki_ablation')
2025-06-19 11:42:52,182 - __main__ - INFO - ...Image to Text MAP = 0.2768426840764687
2025-06-19 11:42:52,323 - __main__ - INFO - ...Text to Image MAP = 0.2566664823719377
2025-06-19 11:42:52,324 - __main__ - INFO - ...Average MAP = 0.2667545832242032
2025-06-19 11:43:00,867 - __main__ - INFO - Noise ratio: 0.6
2025-06-19 11:43:00,868 - __main__ - INFO - Namespace(dataset='wiki', seed=7, alpha=2.0, lamda=1, margin=0.9, lambd=5, barycenter_number=1, top_k=10, warm_up_epoch=0, MAX_EPOCH=100, batch_size=256, output_dim=512, lr=0.0001, noisy_ratio=0.6, noise_mode='sym', GPU=1, hard_weight=True, noisy_train=False, logging='wiki_ablation')
2025-06-19 11:45:11,874 - __main__ - INFO - ...Image to Text MAP = 0.3774995610192229
2025-06-19 11:45:11,979 - __main__ - INFO - ...Text to Image MAP = 0.34662475328516856
2025-06-19 11:45:11,980 - __main__ - INFO - ...Average MAP = 0.3620621571521957
2025-06-19 11:45:19,223 - __main__ - INFO - Noise ratio: 0.6
2025-06-19 11:45:19,226 - __main__ - INFO - Namespace(dataset='wiki', seed=7, alpha=2.0, lamda=0.0, margin=0.9, lambd=5, barycenter_number=1, top_k=10, warm_up_epoch=0, MAX_EPOCH=100, batch_size=256, output_dim=512, lr=0.0001, noisy_ratio=0.6, noise_mode='sym', GPU=1, hard_weight=True, noisy_train=True, logging='wiki_ablation')
2025-06-19 11:48:11,058 - __main__ - INFO - ...Image to Text MAP = 0.41048263460418905
2025-06-19 11:48:11,155 - __main__ - INFO - ...Text to Image MAP = 0.3901816860145912
2025-06-19 11:48:11,155 - __main__ - INFO - ...Average MAP = 0.4003321603093901
2025-06-19 11:48:19,352 - __main__ - INFO - Noise ratio: 0.6
2025-06-19 11:48:19,353 - __main__ - INFO - Namespace(dataset='wiki', seed=7, alpha=2.0, lamda=1, margin=0.9, lambd=5, barycenter_number=1, top_k=10, warm_up_epoch=0, MAX_EPOCH=100, batch_size=256, output_dim=512, lr=0.0001, noisy_ratio=0.6, noise_mode='sym', GPU=1, hard_weight=False, noisy_train=True, logging='wiki_ablation')
2025-06-19 11:50:31,562 - __main__ - INFO - ...Image to Text MAP = 0.43990433933876816
2025-06-19 11:50:31,660 - __main__ - INFO - ...Text to Image MAP = 0.4214601922962343
2025-06-19 11:50:31,661 - __main__ - INFO - ...Average MAP = 0.43068226581750124
2025-06-19 11:50:38,537 - __main__ - INFO - Noise ratio: 0.8
2025-06-19 11:50:38,539 - __main__ - INFO - Namespace(dataset='wiki', seed=7, alpha=2.0, lamda=1, margin=0.9, lambd=5, barycenter_number=1, top_k=10, warm_up_epoch=0, MAX_EPOCH=100, batch_size=256, output_dim=512, lr=0.0001, noisy_ratio=0.8, noise_mode='sym', GPU=1, hard_weight=True, noisy_train=True, logging='wiki_ablation')
2025-06-19 11:53:42,928 - __main__ - INFO - ...Image to Text MAP = 0.4226716125164991
2025-06-19 11:53:43,046 - __main__ - INFO - ...Text to Image MAP = 0.40450676846877126
2025-06-19 11:53:43,051 - __main__ - INFO - ...Average MAP = 0.4135891904926352
2025-06-19 11:53:51,113 - __main__ - INFO - Noise ratio: 0.8
2025-06-19 11:53:51,117 - __main__ - INFO - Namespace(dataset='wiki', seed=7, alpha=0.0, lamda=1, margin=0.9, lambd=5, barycenter_number=1, top_k=10, warm_up_epoch=0, MAX_EPOCH=100, batch_size=256, output_dim=512, lr=0.0001, noisy_ratio=0.8, noise_mode='sym', GPU=1, hard_weight=True, noisy_train=True, logging='wiki_ablation')
2025-06-19 11:56:28,517 - __main__ - INFO - ...Image to Text MAP = 0.21798253738550338
2025-06-19 11:56:28,626 - __main__ - INFO - ...Text to Image MAP = 0.17290486885682962
2025-06-19 11:56:28,626 - __main__ - INFO - ...Average MAP = 0.1954437031211665
2025-06-19 11:56:38,650 - __main__ - INFO - Noise ratio: 0.8
2025-06-19 11:56:38,655 - __main__ - INFO - Namespace(dataset='wiki', seed=7, alpha=2.0, lamda=1, margin=0.9, lambd=5, barycenter_number=1, top_k=10, warm_up_epoch=0, MAX_EPOCH=100, batch_size=256, output_dim=512, lr=0.0001, noisy_ratio=0.8, noise_mode='sym', GPU=1, hard_weight=True, noisy_train=False, logging='wiki_ablation')
2025-06-19 11:58:39,258 - __main__ - INFO - ...Image to Text MAP = 0.3550357555967362
2025-06-19 11:58:39,362 - __main__ - INFO - ...Text to Image MAP = 0.32938307423499097
2025-06-19 11:58:39,363 - __main__ - INFO - ...Average MAP = 0.3422094149158636
2025-06-19 11:58:48,551 - __main__ - INFO - Noise ratio: 0.8
2025-06-19 11:58:48,551 - __main__ - INFO - Namespace(dataset='wiki', seed=7, alpha=2.0, lamda=0.0, margin=0.9, lambd=5, barycenter_number=1, top_k=10, warm_up_epoch=0, MAX_EPOCH=100, batch_size=256, output_dim=512, lr=0.0001, noisy_ratio=0.8, noise_mode='sym', GPU=1, hard_weight=True, noisy_train=True, logging='wiki_ablation')
2025-06-19 12:01:33,255 - __main__ - INFO - ...Image to Text MAP = 0.41187119539849737
2025-06-19 12:01:33,364 - __main__ - INFO - ...Text to Image MAP = 0.39578990124164737
2025-06-19 12:01:33,365 - __main__ - INFO - ...Average MAP = 0.40383054832007237
2025-06-19 12:01:40,042 - __main__ - INFO - Noise ratio: 0.8
2025-06-19 12:01:40,042 - __main__ - INFO - Namespace(dataset='wiki', seed=7, alpha=2.0, lamda=1, margin=0.9, lambd=5, barycenter_number=1, top_k=10, warm_up_epoch=0, MAX_EPOCH=100, batch_size=256, output_dim=512, lr=0.0001, noisy_ratio=0.8, noise_mode='sym', GPU=1, hard_weight=False, noisy_train=True, logging='wiki_ablation')
2025-06-19 12:04:49,259 - __main__ - INFO - ...Image to Text MAP = 0.42472898339440823
2025-06-19 12:04:49,348 - __main__ - INFO - ...Text to Image MAP = 0.40806411141210003
2025-06-19 12:04:49,349 - __main__ - INFO - ...Average MAP = 0.41639654740325416
2025-06-19 12:04:58,079 - __main__ - INFO - Noise ratio: 0.2
2025-06-19 12:04:58,081 - __main__ - INFO - Namespace(dataset='wiki', seed=7, alpha=3.0, lamda=1, margin=0.9, lambd=5, barycenter_number=1, top_k=10, warm_up_epoch=0, MAX_EPOCH=100, batch_size=256, output_dim=512, lr=0.0001, noisy_ratio=0.2, noise_mode='sym', GPU=1, hard_weight=True, noisy_train=True, logging='wiki_ablation')
2025-06-19 12:07:47,251 - __main__ - INFO - ...Image to Text MAP = 0.45755684579766503
2025-06-19 12:07:47,439 - __main__ - INFO - ...Text to Image MAP = 0.4265343107290266
2025-06-19 12:07:47,440 - __main__ - INFO - ...Average MAP = 0.4420455782633458
2025-06-19 12:07:56,528 - __main__ - INFO - Noise ratio: 0.2
2025-06-19 12:07:56,532 - __main__ - INFO - Namespace(dataset='wiki', seed=7, alpha=0.0, lamda=1, margin=0.9, lambd=5, barycenter_number=1, top_k=10, warm_up_epoch=0, MAX_EPOCH=100, batch_size=256, output_dim=512, lr=0.0001, noisy_ratio=0.2, noise_mode='sym', GPU=1, hard_weight=True, noisy_train=True, logging='wiki_ablation')
2025-06-19 12:10:46,178 - __main__ - INFO - ...Image to Text MAP = 0.4084841457640049
2025-06-19 12:10:46,277 - __main__ - INFO - ...Text to Image MAP = 0.3443956910030871
2025-06-19 12:10:46,278 - __main__ - INFO - ...Average MAP = 0.37643991838354596
2025-06-19 12:10:53,048 - __main__ - INFO - Noise ratio: 0.2
2025-06-19 12:10:53,049 - __main__ - INFO - Namespace(dataset='wiki', seed=7, alpha=3.0, lamda=1, margin=0.9, lambd=5, barycenter_number=1, top_k=10, warm_up_epoch=0, MAX_EPOCH=100, batch_size=256, output_dim=512, lr=0.0001, noisy_ratio=0.2, noise_mode='sym', GPU=1, hard_weight=True, noisy_train=False, logging='wiki_ablation')
2025-06-19 12:13:29,005 - __main__ - INFO - ...Image to Text MAP = 0.45061046989454506
2025-06-19 12:13:29,125 - __main__ - INFO - ...Text to Image MAP = 0.41063960941970445
2025-06-19 12:13:29,126 - __main__ - INFO - ...Average MAP = 0.43062503965712473
2025-06-19 12:13:39,475 - __main__ - INFO - Noise ratio: 0.2
2025-06-19 12:13:39,476 - __main__ - INFO - Namespace(dataset='wiki', seed=7, alpha=3.0, lamda=0.0, margin=0.9, lambd=5, barycenter_number=1, top_k=10, warm_up_epoch=0, MAX_EPOCH=100, batch_size=256, output_dim=512, lr=0.0001, noisy_ratio=0.2, noise_mode='sym', GPU=1, hard_weight=True, noisy_train=True, logging='wiki_ablation')
2025-06-19 12:16:33,769 - __main__ - INFO - ...Image to Text MAP = 0.407341370906636
2025-06-19 12:16:33,870 - __main__ - INFO - ...Text to Image MAP = 0.37970604141318726
2025-06-19 12:16:33,871 - __main__ - INFO - ...Average MAP = 0.3935237061599116
2025-06-19 12:16:40,411 - __main__ - INFO - Noise ratio: 0.2
2025-06-19 12:16:40,411 - __main__ - INFO - Namespace(dataset='wiki', seed=7, alpha=3.0, lamda=1, margin=0.9, lambd=5, barycenter_number=1, top_k=10, warm_up_epoch=0, MAX_EPOCH=100, batch_size=256, output_dim=512, lr=0.0001, noisy_ratio=0.2, noise_mode='sym', GPU=1, hard_weight=False, noisy_train=True, logging='wiki_ablation')
2025-06-19 12:20:02,142 - __main__ - INFO - ...Image to Text MAP = 0.4980279278426155
2025-06-19 12:20:02,254 - __main__ - INFO - ...Text to Image MAP = 0.46135857666837066
2025-06-19 12:20:02,255 - __main__ - INFO - ...Average MAP = 0.4796932522554931
2025-06-19 12:20:11,904 - __main__ - INFO - Noise ratio: 0.4
2025-06-19 12:20:11,907 - __main__ - INFO - Namespace(dataset='wiki', seed=7, alpha=3.0, lamda=1, margin=0.9, lambd=5, barycenter_number=1, top_k=10, warm_up_epoch=0, MAX_EPOCH=100, batch_size=256, output_dim=512, lr=0.0001, noisy_ratio=0.4, noise_mode='sym', GPU=1, hard_weight=True, noisy_train=True, logging='wiki_ablation')
2025-06-19 12:23:09,964 - __main__ - INFO - ...Image to Text MAP = 0.44848709249719126
2025-06-19 12:23:10,091 - __main__ - INFO - ...Text to Image MAP = 0.42604686671189335
2025-06-19 12:23:10,091 - __main__ - INFO - ...Average MAP = 0.4372669796045423
2025-06-19 12:23:19,515 - __main__ - INFO - Noise ratio: 0.4
2025-06-19 12:23:19,517 - __main__ - INFO - Namespace(dataset='wiki', seed=7, alpha=0.0, lamda=1, margin=0.9, lambd=5, barycenter_number=1, top_k=10, warm_up_epoch=0, MAX_EPOCH=100, batch_size=256, output_dim=512, lr=0.0001, noisy_ratio=0.4, noise_mode='sym', GPU=1, hard_weight=True, noisy_train=True, logging='wiki_ablation')
2025-06-19 12:26:11,943 - __main__ - INFO - ...Image to Text MAP = 0.3073874448141329
2025-06-19 12:26:12,030 - __main__ - INFO - ...Text to Image MAP = 0.2988268044263355
2025-06-19 12:26:12,031 - __main__ - INFO - ...Average MAP = 0.3031071246202342
2025-06-19 12:26:18,883 - __main__ - INFO - Noise ratio: 0.4
2025-06-19 12:26:18,883 - __main__ - INFO - Namespace(dataset='wiki', seed=7, alpha=3.0, lamda=1, margin=0.9, lambd=5, barycenter_number=1, top_k=10, warm_up_epoch=0, MAX_EPOCH=100, batch_size=256, output_dim=512, lr=0.0001, noisy_ratio=0.4, noise_mode='sym', GPU=1, hard_weight=True, noisy_train=False, logging='wiki_ablation')
2025-06-19 12:28:53,954 - __main__ - INFO - ...Image to Text MAP = 0.40400328446154143
2025-06-19 12:28:54,064 - __main__ - INFO - ...Text to Image MAP = 0.38295987500080925
2025-06-19 12:28:54,064 - __main__ - INFO - ...Average MAP = 0.39348157973117537
2025-06-19 12:29:01,962 - __main__ - INFO - Noise ratio: 0.4
2025-06-19 12:29:01,962 - __main__ - INFO - Namespace(dataset='wiki', seed=7, alpha=3.0, lamda=0.0, margin=0.9, lambd=5, barycenter_number=1, top_k=10, warm_up_epoch=0, MAX_EPOCH=100, batch_size=256, output_dim=512, lr=0.0001, noisy_ratio=0.4, noise_mode='sym', GPU=1, hard_weight=True, noisy_train=True, logging='wiki_ablation')
2025-06-19 12:31:36,352 - __main__ - INFO - ...Image to Text MAP = 0.4122529744734588
2025-06-19 12:31:36,450 - __main__ - INFO - ...Text to Image MAP = 0.38892592966742634
2025-06-19 12:31:36,451 - __main__ - INFO - ...Average MAP = 0.4005894520704426
2025-06-19 12:31:43,191 - __main__ - INFO - Noise ratio: 0.4
2025-06-19 12:31:43,192 - __main__ - INFO - Namespace(dataset='wiki', seed=7, alpha=3.0, lamda=1, margin=0.9, lambd=5, barycenter_number=1, top_k=10, warm_up_epoch=0, MAX_EPOCH=100, batch_size=256, output_dim=512, lr=0.0001, noisy_ratio=0.4, noise_mode='sym', GPU=1, hard_weight=False, noisy_train=True, logging='wiki_ablation')
2025-06-19 12:35:04,584 - __main__ - INFO - ...Image to Text MAP = 0.44670636230367067
2025-06-19 12:35:04,685 - __main__ - INFO - ...Text to Image MAP = 0.4232176874960484
2025-06-19 12:35:04,685 - __main__ - INFO - ...Average MAP = 0.4349620248998595
2025-06-19 12:35:14,018 - __main__ - INFO - Noise ratio: 0.6
2025-06-19 12:35:14,020 - __main__ - INFO - Namespace(dataset='wiki', seed=7, alpha=3.0, lamda=1, margin=0.9, lambd=5, barycenter_number=1, top_k=10, warm_up_epoch=0, MAX_EPOCH=100, batch_size=256, output_dim=512, lr=0.0001, noisy_ratio=0.6, noise_mode='sym', GPU=1, hard_weight=True, noisy_train=True, logging='wiki_ablation')
2025-06-19 12:38:03,790 - __main__ - INFO - ...Image to Text MAP = 0.41984849636620375
2025-06-19 12:38:03,882 - __main__ - INFO - ...Text to Image MAP = 0.4006443027760628
2025-06-19 12:38:03,883 - __main__ - INFO - ...Average MAP = 0.4102463995711333
2025-06-19 12:38:10,887 - __main__ - INFO - Noise ratio: 0.6
2025-06-19 12:38:10,890 - __main__ - INFO - Namespace(dataset='wiki', seed=7, alpha=0.0, lamda=1, margin=0.9, lambd=5, barycenter_number=1, top_k=10, warm_up_epoch=0, MAX_EPOCH=100, batch_size=256, output_dim=512, lr=0.0001, noisy_ratio=0.6, noise_mode='sym', GPU=1, hard_weight=True, noisy_train=True, logging='wiki_ablation')
2025-06-19 12:41:04,993 - __main__ - INFO - ...Image to Text MAP = 0.2768426840764687
2025-06-19 12:41:05,081 - __main__ - INFO - ...Text to Image MAP = 0.2566664823719377
2025-06-19 12:41:05,082 - __main__ - INFO - ...Average MAP = 0.2667545832242032
2025-06-19 12:41:10,714 - __main__ - INFO - Noise ratio: 0.6
2025-06-19 12:41:10,714 - __main__ - INFO - Namespace(dataset='wiki', seed=7, alpha=3.0, lamda=1, margin=0.9, lambd=5, barycenter_number=1, top_k=10, warm_up_epoch=0, MAX_EPOCH=100, batch_size=256, output_dim=512, lr=0.0001, noisy_ratio=0.6, noise_mode='sym', GPU=1, hard_weight=True, noisy_train=False, logging='wiki_ablation')
2025-06-19 12:43:43,988 - __main__ - INFO - ...Image to Text MAP = 0.36227519375376177
2025-06-19 12:43:44,111 - __main__ - INFO - ...Text to Image MAP = 0.330268473788068
2025-06-19 12:43:44,111 - __main__ - INFO - ...Average MAP = 0.34627183377091486
2025-06-19 12:43:52,924 - __main__ - INFO - Noise ratio: 0.6
2025-06-19 12:43:52,927 - __main__ - INFO - Namespace(dataset='wiki', seed=7, alpha=3.0, lamda=0.0, margin=0.9, lambd=5, barycenter_number=1, top_k=10, warm_up_epoch=0, MAX_EPOCH=100, batch_size=256, output_dim=512, lr=0.0001, noisy_ratio=0.6, noise_mode='sym', GPU=1, hard_weight=True, noisy_train=True, logging='wiki_ablation')
2025-06-19 12:46:47,426 - __main__ - INFO - ...Image to Text MAP = 0.41227641510076346
2025-06-19 12:46:47,621 - __main__ - INFO - ...Text to Image MAP = 0.3892200759011942
2025-06-19 12:46:47,622 - __main__ - INFO - ...Average MAP = 0.4007482455009788
2025-06-19 12:46:56,052 - __main__ - INFO - Noise ratio: 0.6
2025-06-19 12:46:56,052 - __main__ - INFO - Namespace(dataset='wiki', seed=7, alpha=3.0, lamda=1, margin=0.9, lambd=5, barycenter_number=1, top_k=10, warm_up_epoch=0, MAX_EPOCH=100, batch_size=256, output_dim=512, lr=0.0001, noisy_ratio=0.6, noise_mode='sym', GPU=1, hard_weight=False, noisy_train=True, logging='wiki_ablation')
2025-06-19 12:50:19,228 - __main__ - INFO - ...Image to Text MAP = 0.4296703617931059
2025-06-19 12:50:19,332 - __main__ - INFO - ...Text to Image MAP = 0.4143635054758666
2025-06-19 12:50:19,332 - __main__ - INFO - ...Average MAP = 0.4220169336344862
2025-06-19 12:50:28,430 - __main__ - INFO - Noise ratio: 0.8
2025-06-19 12:50:28,434 - __main__ - INFO - Namespace(dataset='wiki', seed=7, alpha=3.0, lamda=1, margin=0.9, lambd=5, barycenter_number=1, top_k=10, warm_up_epoch=0, MAX_EPOCH=100, batch_size=256, output_dim=512, lr=0.0001, noisy_ratio=0.8, noise_mode='sym', GPU=1, hard_weight=True, noisy_train=True, logging='wiki_ablation')
2025-06-19 12:53:02,857 - __main__ - INFO - ...Image to Text MAP = 0.4190852398892456
2025-06-19 12:53:02,957 - __main__ - INFO - ...Text to Image MAP = 0.40802536991904276
2025-06-19 12:53:02,958 - __main__ - INFO - ...Average MAP = 0.41355530490414416
2025-06-19 12:53:11,085 - __main__ - INFO - Noise ratio: 0.8
2025-06-19 12:53:11,088 - __main__ - INFO - Namespace(dataset='wiki', seed=7, alpha=0.0, lamda=1, margin=0.9, lambd=5, barycenter_number=1, top_k=10, warm_up_epoch=0, MAX_EPOCH=100, batch_size=256, output_dim=512, lr=0.0001, noisy_ratio=0.8, noise_mode='sym', GPU=1, hard_weight=True, noisy_train=True, logging='wiki_ablation')
2025-06-19 12:56:04,206 - __main__ - INFO - ...Image to Text MAP = 0.21798253738550338
2025-06-19 12:56:04,352 - __main__ - INFO - ...Text to Image MAP = 0.17290486885682962
2025-06-19 12:56:04,353 - __main__ - INFO - ...Average MAP = 0.1954437031211665
2025-06-19 12:56:14,515 - __main__ - INFO - Noise ratio: 0.8
2025-06-19 12:56:14,515 - __main__ - INFO - Namespace(dataset='wiki', seed=7, alpha=3.0, lamda=1, margin=0.9, lambd=5, barycenter_number=1, top_k=10, warm_up_epoch=0, MAX_EPOCH=100, batch_size=256, output_dim=512, lr=0.0001, noisy_ratio=0.8, noise_mode='sym', GPU=1, hard_weight=True, noisy_train=False, logging='wiki_ablation')
2025-06-19 12:58:29,509 - __main__ - INFO - ...Image to Text MAP = 0.35099485887110393
2025-06-19 12:58:29,625 - __main__ - INFO - ...Text to Image MAP = 0.33064963802754116
2025-06-19 12:58:29,626 - __main__ - INFO - ...Average MAP = 0.3408222484493225
2025-06-19 12:58:37,628 - __main__ - INFO - Noise ratio: 0.8
2025-06-19 12:58:37,629 - __main__ - INFO - Namespace(dataset='wiki', seed=7, alpha=3.0, lamda=0.0, margin=0.9, lambd=5, barycenter_number=1, top_k=10, warm_up_epoch=0, MAX_EPOCH=100, batch_size=256, output_dim=512, lr=0.0001, noisy_ratio=0.8, noise_mode='sym', GPU=1, hard_weight=True, noisy_train=True, logging='wiki_ablation')
2025-06-19 13:01:51,803 - __main__ - INFO - ...Image to Text MAP = 0.42188066183455647
2025-06-19 13:01:51,946 - __main__ - INFO - ...Text to Image MAP = 0.39972097555086533
2025-06-19 13:01:51,947 - __main__ - INFO - ...Average MAP = 0.4108008186927109
2025-06-19 13:02:01,689 - __main__ - INFO - Noise ratio: 0.8
2025-06-19 13:02:01,689 - __main__ - INFO - Namespace(dataset='wiki', seed=7, alpha=3.0, lamda=1, margin=0.9, lambd=5, barycenter_number=1, top_k=10, warm_up_epoch=0, MAX_EPOCH=100, batch_size=256, output_dim=512, lr=0.0001, noisy_ratio=0.8, noise_mode='sym', GPU=1, hard_weight=False, noisy_train=True, logging='wiki_ablation')
2025-06-19 13:05:15,444 - __main__ - INFO - ...Image to Text MAP = 0.41961560943207793
2025-06-19 13:05:15,546 - __main__ - INFO - ...Text to Image MAP = 0.39950211563569576
2025-06-19 13:05:15,546 - __main__ - INFO - ...Average MAP = 0.40955886253388685
2025-06-19 13:05:23,284 - __main__ - INFO - Noise ratio: 0.2
2025-06-19 13:05:23,290 - __main__ - INFO - Namespace(dataset='wiki', seed=8, alpha=0.7, lamda=1, margin=0.9, lambd=5, barycenter_number=1, top_k=10, warm_up_epoch=0, MAX_EPOCH=100, batch_size=256, output_dim=512, lr=0.0001, noisy_ratio=0.2, noise_mode='sym', GPU=1, hard_weight=True, noisy_train=True, logging='wiki_ablation')
2025-06-19 13:08:02,912 - __main__ - INFO - ...Image to Text MAP = 0.4995728949332367
2025-06-19 13:08:03,005 - __main__ - INFO - ...Text to Image MAP = 0.4421706362516038
2025-06-19 13:08:03,006 - __main__ - INFO - ...Average MAP = 0.4708717655924203
2025-06-19 13:08:12,534 - __main__ - INFO - Noise ratio: 0.2
2025-06-19 13:08:12,536 - __main__ - INFO - Namespace(dataset='wiki', seed=8, alpha=0.0, lamda=1, margin=0.9, lambd=5, barycenter_number=1, top_k=10, warm_up_epoch=0, MAX_EPOCH=100, batch_size=256, output_dim=512, lr=0.0001, noisy_ratio=0.2, noise_mode='sym', GPU=1, hard_weight=True, noisy_train=True, logging='wiki_ablation')
2025-06-19 13:11:18,110 - __main__ - INFO - ...Image to Text MAP = 0.376660814851985
2025-06-19 13:11:18,208 - __main__ - INFO - ...Text to Image MAP = 0.3319515786639967
2025-06-19 13:11:18,209 - __main__ - INFO - ...Average MAP = 0.35430619675799085
2025-06-19 13:11:24,839 - __main__ - INFO - Noise ratio: 0.2
2025-06-19 13:11:24,839 - __main__ - INFO - Namespace(dataset='wiki', seed=8, alpha=0.7, lamda=1, margin=0.9, lambd=5, barycenter_number=1, top_k=10, warm_up_epoch=0, MAX_EPOCH=100, batch_size=256, output_dim=512, lr=0.0001, noisy_ratio=0.2, noise_mode='sym', GPU=1, hard_weight=True, noisy_train=False, logging='wiki_ablation')
2025-06-19 13:14:06,799 - __main__ - INFO - ...Image to Text MAP = 0.5141060831171467
2025-06-19 13:14:06,907 - __main__ - INFO - ...Text to Image MAP = 0.467999286207643
2025-06-19 13:14:06,908 - __main__ - INFO - ...Average MAP = 0.4910526846623948
2025-06-19 13:14:16,009 - __main__ - INFO - Noise ratio: 0.2
2025-06-19 13:14:16,009 - __main__ - INFO - Namespace(dataset='wiki', seed=8, alpha=0.7, lamda=0.0, margin=0.9, lambd=5, barycenter_number=1, top_k=10, warm_up_epoch=0, MAX_EPOCH=100, batch_size=256, output_dim=512, lr=0.0001, noisy_ratio=0.2, noise_mode='sym', GPU=1, hard_weight=True, noisy_train=True, logging='wiki_ablation')
2025-06-19 13:17:27,719 - __main__ - INFO - ...Image to Text MAP = 0.408362485332186
2025-06-19 13:17:27,854 - __main__ - INFO - ...Text to Image MAP = 0.3855261419848549
2025-06-19 13:17:27,855 - __main__ - INFO - ...Average MAP = 0.39694431365852045
2025-06-19 13:17:37,383 - __main__ - INFO - Noise ratio: 0.2
2025-06-19 13:17:37,384 - __main__ - INFO - Namespace(dataset='wiki', seed=8, alpha=0.7, lamda=1, margin=0.9, lambd=5, barycenter_number=1, top_k=10, warm_up_epoch=0, MAX_EPOCH=100, batch_size=256, output_dim=512, lr=0.0001, noisy_ratio=0.2, noise_mode='sym', GPU=1, hard_weight=False, noisy_train=True, logging='wiki_ablation')
2025-06-19 13:20:30,063 - __main__ - INFO - ...Image to Text MAP = 0.5172575670671913
2025-06-19 13:20:30,156 - __main__ - INFO - ...Text to Image MAP = 0.45380733819182234
2025-06-19 13:20:30,157 - __main__ - INFO - ...Average MAP = 0.48553245262950684
2025-06-19 13:20:37,862 - __main__ - INFO - Noise ratio: 0.4
2025-06-19 13:20:37,864 - __main__ - INFO - Namespace(dataset='wiki', seed=8, alpha=0.7, lamda=1, margin=0.9, lambd=5, barycenter_number=1, top_k=10, warm_up_epoch=0, MAX_EPOCH=100, batch_size=256, output_dim=512, lr=0.0001, noisy_ratio=0.4, noise_mode='sym', GPU=1, hard_weight=True, noisy_train=True, logging='wiki_ablation')
2025-06-19 13:23:24,556 - __main__ - INFO - ...Image to Text MAP = 0.5053369574935774
2025-06-19 13:23:24,673 - __main__ - INFO - ...Text to Image MAP = 0.46649388913372614
2025-06-19 13:23:24,674 - __main__ - INFO - ...Average MAP = 0.4859154233136518
2025-06-19 13:23:33,208 - __main__ - INFO - Noise ratio: 0.4
2025-06-19 13:23:33,210 - __main__ - INFO - Namespace(dataset='wiki', seed=8, alpha=0.0, lamda=1, margin=0.9, lambd=5, barycenter_number=1, top_k=10, warm_up_epoch=0, MAX_EPOCH=100, batch_size=256, output_dim=512, lr=0.0001, noisy_ratio=0.4, noise_mode='sym', GPU=1, hard_weight=True, noisy_train=True, logging='wiki_ablation')
2025-06-19 13:26:35,498 - __main__ - INFO - ...Image to Text MAP = 0.2919887073139626
2025-06-19 13:26:35,594 - __main__ - INFO - ...Text to Image MAP = 0.29840554484602116
2025-06-19 13:26:35,594 - __main__ - INFO - ...Average MAP = 0.2951971260799919
2025-06-19 13:26:42,730 - __main__ - INFO - Noise ratio: 0.4
2025-06-19 13:26:42,730 - __main__ - INFO - Namespace(dataset='wiki', seed=8, alpha=0.7, lamda=1, margin=0.9, lambd=5, barycenter_number=1, top_k=10, warm_up_epoch=0, MAX_EPOCH=100, batch_size=256, output_dim=512, lr=0.0001, noisy_ratio=0.4, noise_mode='sym', GPU=1, hard_weight=True, noisy_train=False, logging='wiki_ablation')
2025-06-19 13:28:22,501 - __main__ - INFO - ...Image to Text MAP = 0.49042786767486385
2025-06-19 13:28:22,642 - __main__ - INFO - ...Text to Image MAP = 0.44777034711698194
2025-06-19 13:28:22,643 - __main__ - INFO - ...Average MAP = 0.46909910739592287
2025-06-19 13:28:31,859 - __main__ - INFO - Noise ratio: 0.4
2025-06-19 13:28:31,861 - __main__ - INFO - Namespace(dataset='wiki', seed=8, alpha=0.7, lamda=0.0, margin=0.9, lambd=5, barycenter_number=1, top_k=10, warm_up_epoch=0, MAX_EPOCH=100, batch_size=256, output_dim=512, lr=0.0001, noisy_ratio=0.4, noise_mode='sym', GPU=1, hard_weight=True, noisy_train=True, logging='wiki_ablation')
2025-06-19 13:31:46,962 - __main__ - INFO - ...Image to Text MAP = 0.41646751248305997
2025-06-19 13:31:47,062 - __main__ - INFO - ...Text to Image MAP = 0.3938785313768368
2025-06-19 13:31:47,063 - __main__ - INFO - ...Average MAP = 0.4051730219299484
2025-06-19 13:31:53,455 - __main__ - INFO - Noise ratio: 0.4
2025-06-19 13:31:53,459 - __main__ - INFO - Namespace(dataset='wiki', seed=8, alpha=0.7, lamda=1, margin=0.9, lambd=5, barycenter_number=1, top_k=10, warm_up_epoch=0, MAX_EPOCH=100, batch_size=256, output_dim=512, lr=0.0001, noisy_ratio=0.4, noise_mode='sym', GPU=1, hard_weight=False, noisy_train=True, logging='wiki_ablation')
2025-06-19 13:34:55,679 - __main__ - INFO - ...Image to Text MAP = 0.49237435003879004
2025-06-19 13:34:55,884 - __main__ - INFO - ...Text to Image MAP = 0.4471465343957012
2025-06-19 13:34:55,885 - __main__ - INFO - ...Average MAP = 0.4697604422172456
2025-06-19 13:35:04,677 - __main__ - INFO - Noise ratio: 0.6
2025-06-19 13:35:04,681 - __main__ - INFO - Namespace(dataset='wiki', seed=8, alpha=0.7, lamda=1, margin=0.9, lambd=5, barycenter_number=1, top_k=10, warm_up_epoch=0, MAX_EPOCH=100, batch_size=256, output_dim=512, lr=0.0001, noisy_ratio=0.6, noise_mode='sym', GPU=1, hard_weight=True, noisy_train=True, logging='wiki_ablation')
2025-06-19 13:38:06,853 - __main__ - INFO - ...Image to Text MAP = 0.49604235802863383
2025-06-19 13:38:06,965 - __main__ - INFO - ...Text to Image MAP = 0.45945376164742685
2025-06-19 13:38:06,966 - __main__ - INFO - ...Average MAP = 0.47774805983803037
2025-06-19 13:38:16,164 - __main__ - INFO - Noise ratio: 0.6
2025-06-19 13:38:16,166 - __main__ - INFO - Namespace(dataset='wiki', seed=8, alpha=0.0, lamda=1, margin=0.9, lambd=5, barycenter_number=1, top_k=10, warm_up_epoch=0, MAX_EPOCH=100, batch_size=256, output_dim=512, lr=0.0001, noisy_ratio=0.6, noise_mode='sym', GPU=1, hard_weight=True, noisy_train=True, logging='wiki_ablation')
2025-06-19 13:41:26,455 - __main__ - INFO - ...Image to Text MAP = 0.22662866328462047
2025-06-19 13:41:26,577 - __main__ - INFO - ...Text to Image MAP = 0.24200335768117806
2025-06-19 13:41:26,577 - __main__ - INFO - ...Average MAP = 0.23431601048289927
2025-06-19 13:41:33,422 - __main__ - INFO - Noise ratio: 0.6
2025-06-19 13:41:33,425 - __main__ - INFO - Namespace(dataset='wiki', seed=8, alpha=0.7, lamda=1, margin=0.9, lambd=5, barycenter_number=1, top_k=10, warm_up_epoch=0, MAX_EPOCH=100, batch_size=256, output_dim=512, lr=0.0001, noisy_ratio=0.6, noise_mode='sym', GPU=1, hard_weight=True, noisy_train=False, logging='wiki_ablation')
2025-06-19 13:43:31,316 - __main__ - INFO - ...Image to Text MAP = 0.46870162981839947
2025-06-19 13:43:31,418 - __main__ - INFO - ...Text to Image MAP = 0.42859228141396877
2025-06-19 13:43:31,419 - __main__ - INFO - ...Average MAP = 0.4486469556161841
2025-06-19 13:43:40,279 - __main__ - INFO - Noise ratio: 0.6
2025-06-19 13:43:40,279 - __main__ - INFO - Namespace(dataset='wiki', seed=8, alpha=0.7, lamda=0.0, margin=0.9, lambd=5, barycenter_number=1, top_k=10, warm_up_epoch=0, MAX_EPOCH=100, batch_size=256, output_dim=512, lr=0.0001, noisy_ratio=0.6, noise_mode='sym', GPU=1, hard_weight=True, noisy_train=True, logging='wiki_ablation')
2025-06-19 13:46:31,723 - __main__ - INFO - ...Image to Text MAP = 0.42217080948930913
2025-06-19 13:46:31,925 - __main__ - INFO - ...Text to Image MAP = 0.40386249757342335
2025-06-19 13:46:31,925 - __main__ - INFO - ...Average MAP = 0.41301665353136624
2025-06-19 13:46:37,770 - __main__ - INFO - Noise ratio: 0.6
2025-06-19 13:46:37,771 - __main__ - INFO - Namespace(dataset='wiki', seed=8, alpha=0.7, lamda=1, margin=0.9, lambd=5, barycenter_number=1, top_k=10, warm_up_epoch=0, MAX_EPOCH=100, batch_size=256, output_dim=512, lr=0.0001, noisy_ratio=0.6, noise_mode='sym', GPU=1, hard_weight=False, noisy_train=True, logging='wiki_ablation')
2025-06-19 13:48:47,019 - __main__ - INFO - ...Image to Text MAP = 0.4918466776083836
2025-06-19 13:48:47,116 - __main__ - INFO - ...Text to Image MAP = 0.4487758212804666
2025-06-19 13:48:47,116 - __main__ - INFO - ...Average MAP = 0.4703112494444251
2025-06-19 13:48:53,161 - __main__ - INFO - Noise ratio: 0.8
2025-06-19 13:48:53,163 - __main__ - INFO - Namespace(dataset='wiki', seed=8, alpha=0.7, lamda=1, margin=0.9, lambd=5, barycenter_number=1, top_k=10, warm_up_epoch=0, MAX_EPOCH=100, batch_size=256, output_dim=512, lr=0.0001, noisy_ratio=0.8, noise_mode='sym', GPU=1, hard_weight=True, noisy_train=True, logging='wiki_ablation')
2025-06-19 13:50:36,462 - __main__ - INFO - ...Image to Text MAP = 0.4393498563053809
2025-06-19 13:50:36,560 - __main__ - INFO - ...Text to Image MAP = 0.4166225569304721
2025-06-19 13:50:36,561 - __main__ - INFO - ...Average MAP = 0.4279862066179265
2025-06-19 13:50:41,753 - __main__ - INFO - Noise ratio: 0.8
2025-06-19 13:50:41,755 - __main__ - INFO - Namespace(dataset='wiki', seed=8, alpha=0.0, lamda=1, margin=0.9, lambd=5, barycenter_number=1, top_k=10, warm_up_epoch=0, MAX_EPOCH=100, batch_size=256, output_dim=512, lr=0.0001, noisy_ratio=0.8, noise_mode='sym', GPU=1, hard_weight=True, noisy_train=True, logging='wiki_ablation')
2025-06-19 13:52:39,408 - __main__ - INFO - ...Image to Text MAP = 0.16425327156251138
2025-06-19 13:52:39,513 - __main__ - INFO - ...Text to Image MAP = 0.17964750361265563
2025-06-19 13:52:39,513 - __main__ - INFO - ...Average MAP = 0.17195038758758352
2025-06-19 13:52:46,337 - __main__ - INFO - Noise ratio: 0.8
2025-06-19 13:52:46,337 - __main__ - INFO - Namespace(dataset='wiki', seed=8, alpha=0.7, lamda=1, margin=0.9, lambd=5, barycenter_number=1, top_k=10, warm_up_epoch=0, MAX_EPOCH=100, batch_size=256, output_dim=512, lr=0.0001, noisy_ratio=0.8, noise_mode='sym', GPU=1, hard_weight=True, noisy_train=False, logging='wiki_ablation')
2025-06-19 13:54:19,876 - __main__ - INFO - ...Image to Text MAP = 0.3990542723833381
2025-06-19 13:54:19,981 - __main__ - INFO - ...Text to Image MAP = 0.3902428904070031
2025-06-19 13:54:19,982 - __main__ - INFO - ...Average MAP = 0.3946485813951706
2025-06-19 13:54:26,463 - __main__ - INFO - Noise ratio: 0.8
2025-06-19 13:54:26,463 - __main__ - INFO - Namespace(dataset='wiki', seed=8, alpha=0.7, lamda=0.0, margin=0.9, lambd=5, barycenter_number=1, top_k=10, warm_up_epoch=0, MAX_EPOCH=100, batch_size=256, output_dim=512, lr=0.0001, noisy_ratio=0.8, noise_mode='sym', GPU=1, hard_weight=True, noisy_train=True, logging='wiki_ablation')
2025-06-19 13:56:22,211 - __main__ - INFO - ...Image to Text MAP = 0.4241878661924522
2025-06-19 13:56:22,304 - __main__ - INFO - ...Text to Image MAP = 0.4050311284799755
2025-06-19 13:56:22,305 - __main__ - INFO - ...Average MAP = 0.4146094973362139
2025-06-19 13:56:28,063 - __main__ - INFO - Noise ratio: 0.8
2025-06-19 13:56:28,063 - __main__ - INFO - Namespace(dataset='wiki', seed=8, alpha=0.7, lamda=1, margin=0.9, lambd=5, barycenter_number=1, top_k=10, warm_up_epoch=0, MAX_EPOCH=100, batch_size=256, output_dim=512, lr=0.0001, noisy_ratio=0.8, noise_mode='sym', GPU=1, hard_weight=False, noisy_train=True, logging='wiki_ablation')
2025-06-19 13:58:26,116 - __main__ - INFO - ...Image to Text MAP = 0.4368410523828034
2025-06-19 13:58:26,231 - __main__ - INFO - ...Text to Image MAP = 0.4214438462968999
2025-06-19 13:58:26,232 - __main__ - INFO - ...Average MAP = 0.4291424493398517
2025-06-19 13:58:32,953 - __main__ - INFO - Noise ratio: 0.2
2025-06-19 13:58:32,955 - __main__ - INFO - Namespace(dataset='wiki', seed=8, alpha=0.8, lamda=1, margin=0.9, lambd=5, barycenter_number=1, top_k=10, warm_up_epoch=0, MAX_EPOCH=100, batch_size=256, output_dim=512, lr=0.0001, noisy_ratio=0.2, noise_mode='sym', GPU=1, hard_weight=True, noisy_train=True, logging='wiki_ablation')
2025-06-19 14:00:33,476 - __main__ - INFO - ...Image to Text MAP = 0.5115474888779781
2025-06-19 14:00:33,568 - __main__ - INFO - ...Text to Image MAP = 0.4558715551431265
2025-06-19 14:00:33,570 - __main__ - INFO - ...Average MAP = 0.4837095220105523
2025-06-19 14:00:39,458 - __main__ - INFO - Noise ratio: 0.2
2025-06-19 14:00:39,460 - __main__ - INFO - Namespace(dataset='wiki', seed=8, alpha=0.0, lamda=1, margin=0.9, lambd=5, barycenter_number=1, top_k=10, warm_up_epoch=0, MAX_EPOCH=100, batch_size=256, output_dim=512, lr=0.0001, noisy_ratio=0.2, noise_mode='sym', GPU=1, hard_weight=True, noisy_train=True, logging='wiki_ablation')
2025-06-19 14:02:40,671 - __main__ - INFO - ...Image to Text MAP = 0.376660814851985
2025-06-19 14:02:40,769 - __main__ - INFO - ...Text to Image MAP = 0.3319515786639967
2025-06-19 14:02:40,771 - __main__ - INFO - ...Average MAP = 0.35430619675799085
2025-06-19 14:02:46,630 - __main__ - INFO - Noise ratio: 0.2
2025-06-19 14:02:46,630 - __main__ - INFO - Namespace(dataset='wiki', seed=8, alpha=0.8, lamda=1, margin=0.9, lambd=5, barycenter_number=1, top_k=10, warm_up_epoch=0, MAX_EPOCH=100, batch_size=256, output_dim=512, lr=0.0001, noisy_ratio=0.2, noise_mode='sym', GPU=1, hard_weight=True, noisy_train=False, logging='wiki_ablation')
2025-06-19 14:04:20,569 - __main__ - INFO - ...Image to Text MAP = 0.5145262244685469
2025-06-19 14:04:20,671 - __main__ - INFO - ...Text to Image MAP = 0.4671975758972479
2025-06-19 14:04:20,671 - __main__ - INFO - ...Average MAP = 0.49086190018289744
2025-06-19 14:04:29,167 - __main__ - INFO - Noise ratio: 0.2
2025-06-19 14:04:29,167 - __main__ - INFO - Namespace(dataset='wiki', seed=8, alpha=0.8, lamda=0.0, margin=0.9, lambd=5, barycenter_number=1, top_k=10, warm_up_epoch=0, MAX_EPOCH=100, batch_size=256, output_dim=512, lr=0.0001, noisy_ratio=0.2, noise_mode='sym', GPU=1, hard_weight=True, noisy_train=True, logging='wiki_ablation')
2025-06-19 14:06:39,289 - __main__ - INFO - ...Image to Text MAP = 0.4083852398067491
2025-06-19 14:06:39,427 - __main__ - INFO - ...Text to Image MAP = 0.37854910020719684
2025-06-19 14:06:39,429 - __main__ - INFO - ...Average MAP = 0.39346717000697295
2025-06-19 14:06:46,221 - __main__ - INFO - Noise ratio: 0.2
2025-06-19 14:06:46,221 - __main__ - INFO - Namespace(dataset='wiki', seed=8, alpha=0.8, lamda=1, margin=0.9, lambd=5, barycenter_number=1, top_k=10, warm_up_epoch=0, MAX_EPOCH=100, batch_size=256, output_dim=512, lr=0.0001, noisy_ratio=0.2, noise_mode='sym', GPU=1, hard_weight=False, noisy_train=True, logging='wiki_ablation')
2025-06-19 14:08:51,029 - __main__ - INFO - ...Image to Text MAP = 0.5177729051794029
2025-06-19 14:08:51,159 - __main__ - INFO - ...Text to Image MAP = 0.45781714735083384
2025-06-19 14:08:51,159 - __main__ - INFO - ...Average MAP = 0.4877950262651184
2025-06-19 14:08:57,758 - __main__ - INFO - Noise ratio: 0.4
2025-06-19 14:08:57,759 - __main__ - INFO - Namespace(dataset='wiki', seed=8, alpha=0.8, lamda=1, margin=0.9, lambd=5, barycenter_number=1, top_k=10, warm_up_epoch=0, MAX_EPOCH=100, batch_size=256, output_dim=512, lr=0.0001, noisy_ratio=0.4, noise_mode='sym', GPU=1, hard_weight=True, noisy_train=True, logging='wiki_ablation')
2025-06-19 14:10:57,875 - __main__ - INFO - ...Image to Text MAP = 0.4990501914523505
2025-06-19 14:10:57,976 - __main__ - INFO - ...Text to Image MAP = 0.4541982207380762
2025-06-19 14:10:57,976 - __main__ - INFO - ...Average MAP = 0.4766242060952134
2025-06-19 14:11:04,322 - __main__ - INFO - Noise ratio: 0.4
2025-06-19 14:11:04,323 - __main__ - INFO - Namespace(dataset='wiki', seed=8, alpha=0.0, lamda=1, margin=0.9, lambd=5, barycenter_number=1, top_k=10, warm_up_epoch=0, MAX_EPOCH=100, batch_size=256, output_dim=512, lr=0.0001, noisy_ratio=0.4, noise_mode='sym', GPU=1, hard_weight=True, noisy_train=True, logging='wiki_ablation')
2025-06-19 14:13:10,265 - __main__ - INFO - ...Image to Text MAP = 0.2919887073139626
2025-06-19 14:13:10,364 - __main__ - INFO - ...Text to Image MAP = 0.29840554484602116
2025-06-19 14:13:10,365 - __main__ - INFO - ...Average MAP = 0.2951971260799919
2025-06-19 14:13:16,212 - __main__ - INFO - Noise ratio: 0.4
2025-06-19 14:13:16,213 - __main__ - INFO - Namespace(dataset='wiki', seed=8, alpha=0.8, lamda=1, margin=0.9, lambd=5, barycenter_number=1, top_k=10, warm_up_epoch=0, MAX_EPOCH=100, batch_size=256, output_dim=512, lr=0.0001, noisy_ratio=0.4, noise_mode='sym', GPU=1, hard_weight=True, noisy_train=False, logging='wiki_ablation')
2025-06-19 14:15:02,258 - __main__ - INFO - ...Image to Text MAP = 0.5083548437671698
2025-06-19 14:15:02,360 - __main__ - INFO - ...Text to Image MAP = 0.45736664139032424
2025-06-19 14:15:02,361 - __main__ - INFO - ...Average MAP = 0.482860742578747
2025-06-19 14:15:08,158 - __main__ - INFO - Noise ratio: 0.4
2025-06-19 14:15:08,158 - __main__ - INFO - Namespace(dataset='wiki', seed=8, alpha=0.8, lamda=0.0, margin=0.9, lambd=5, barycenter_number=1, top_k=10, warm_up_epoch=0, MAX_EPOCH=100, batch_size=256, output_dim=512, lr=0.0001, noisy_ratio=0.4, noise_mode='sym', GPU=1, hard_weight=True, noisy_train=True, logging='wiki_ablation')
2025-06-19 14:17:19,978 - __main__ - INFO - ...Image to Text MAP = 0.41513557912482735
2025-06-19 14:17:20,073 - __main__ - INFO - ...Text to Image MAP = 0.3926719722588824
2025-06-19 14:17:20,073 - __main__ - INFO - ...Average MAP = 0.40390377569185487
2025-06-19 14:17:25,617 - __main__ - INFO - Noise ratio: 0.4
2025-06-19 14:17:25,617 - __main__ - INFO - Namespace(dataset='wiki', seed=8, alpha=0.8, lamda=1, margin=0.9, lambd=5, barycenter_number=1, top_k=10, warm_up_epoch=0, MAX_EPOCH=100, batch_size=256, output_dim=512, lr=0.0001, noisy_ratio=0.4, noise_mode='sym', GPU=1, hard_weight=False, noisy_train=True, logging='wiki_ablation')
2025-06-19 14:19:06,468 - __main__ - INFO - ...Image to Text MAP = 0.5158587539629969
2025-06-19 14:19:06,562 - __main__ - INFO - ...Text to Image MAP = 0.47227895508260265
2025-06-19 14:19:06,562 - __main__ - INFO - ...Average MAP = 0.49406885452279975
2025-06-19 14:19:11,334 - __main__ - INFO - Noise ratio: 0.6
2025-06-19 14:19:11,335 - __main__ - INFO - Namespace(dataset='wiki', seed=8, alpha=0.8, lamda=1, margin=0.9, lambd=5, barycenter_number=1, top_k=10, warm_up_epoch=0, MAX_EPOCH=100, batch_size=256, output_dim=512, lr=0.0001, noisy_ratio=0.6, noise_mode='sym', GPU=1, hard_weight=True, noisy_train=True, logging='wiki_ablation')
2025-06-19 14:21:15,107 - __main__ - INFO - ...Image to Text MAP = 0.48615400461292535
2025-06-19 14:21:15,240 - __main__ - INFO - ...Text to Image MAP = 0.4609617786381187
2025-06-19 14:21:15,254 - __main__ - INFO - ...Average MAP = 0.47355789162552203
2025-06-19 14:21:24,320 - __main__ - INFO - Noise ratio: 0.6
2025-06-19 14:21:24,322 - __main__ - INFO - Namespace(dataset='wiki', seed=8, alpha=0.0, lamda=1, margin=0.9, lambd=5, barycenter_number=1, top_k=10, warm_up_epoch=0, MAX_EPOCH=100, batch_size=256, output_dim=512, lr=0.0001, noisy_ratio=0.6, noise_mode='sym', GPU=1, hard_weight=True, noisy_train=True, logging='wiki_ablation')
2025-06-19 14:23:50,323 - __main__ - INFO - ...Image to Text MAP = 0.22662866328462047
2025-06-19 14:23:50,417 - __main__ - INFO - ...Text to Image MAP = 0.24200335768117806
2025-06-19 14:23:50,418 - __main__ - INFO - ...Average MAP = 0.23431601048289927
2025-06-19 14:23:56,790 - __main__ - INFO - Noise ratio: 0.6
2025-06-19 14:23:56,790 - __main__ - INFO - Namespace(dataset='wiki', seed=8, alpha=0.8, lamda=1, margin=0.9, lambd=5, barycenter_number=1, top_k=10, warm_up_epoch=0, MAX_EPOCH=100, batch_size=256, output_dim=512, lr=0.0001, noisy_ratio=0.6, noise_mode='sym', GPU=1, hard_weight=True, noisy_train=False, logging='wiki_ablation')
2025-06-19 14:25:27,017 - __main__ - INFO - ...Image to Text MAP = 0.4822376023667248
2025-06-19 14:25:27,109 - __main__ - INFO - ...Text to Image MAP = 0.44142125462991316
2025-06-19 14:25:27,109 - __main__ - INFO - ...Average MAP = 0.461829428498319
2025-06-19 14:25:33,290 - __main__ - INFO - Noise ratio: 0.6
2025-06-19 14:25:33,290 - __main__ - INFO - Namespace(dataset='wiki', seed=8, alpha=0.8, lamda=0.0, margin=0.9, lambd=5, barycenter_number=1, top_k=10, warm_up_epoch=0, MAX_EPOCH=100, batch_size=256, output_dim=512, lr=0.0001, noisy_ratio=0.6, noise_mode='sym', GPU=1, hard_weight=True, noisy_train=True, logging='wiki_ablation')
2025-06-19 14:27:30,669 - __main__ - INFO - ...Image to Text MAP = 0.4097491481176325
2025-06-19 14:27:30,809 - __main__ - INFO - ...Text to Image MAP = 0.39833553816688166
2025-06-19 14:27:30,810 - __main__ - INFO - ...Average MAP = 0.40404234314225707
2025-06-19 14:27:37,255 - __main__ - INFO - Noise ratio: 0.6
2025-06-19 14:27:37,255 - __main__ - INFO - Namespace(dataset='wiki', seed=8, alpha=0.8, lamda=1, margin=0.9, lambd=5, barycenter_number=1, top_k=10, warm_up_epoch=0, MAX_EPOCH=100, batch_size=256, output_dim=512, lr=0.0001, noisy_ratio=0.6, noise_mode='sym', GPU=1, hard_weight=False, noisy_train=True, logging='wiki_ablation')
2025-06-19 14:29:48,885 - __main__ - INFO - ...Image to Text MAP = 0.4952447489983463
2025-06-19 14:29:48,990 - __main__ - INFO - ...Text to Image MAP = 0.45713381625621025
2025-06-19 14:29:48,990 - __main__ - INFO - ...Average MAP = 0.4761892826272783
2025-06-19 14:29:55,520 - __main__ - INFO - Noise ratio: 0.8
2025-06-19 14:29:55,522 - __main__ - INFO - Namespace(dataset='wiki', seed=8, alpha=0.8, lamda=1, margin=0.9, lambd=5, barycenter_number=1, top_k=10, warm_up_epoch=0, MAX_EPOCH=100, batch_size=256, output_dim=512, lr=0.0001, noisy_ratio=0.8, noise_mode='sym', GPU=1, hard_weight=True, noisy_train=True, logging='wiki_ablation')
2025-06-19 14:32:37,270 - __main__ - INFO - ...Image to Text MAP = 0.4319384067889009
2025-06-19 14:32:37,377 - __main__ - INFO - ...Text to Image MAP = 0.4143011580216334
2025-06-19 14:32:37,379 - __main__ - INFO - ...Average MAP = 0.42311978240526715
2025-06-19 14:33:06,043 - __main__ - INFO - Noise ratio: 0.8
2025-06-19 14:33:06,046 - __main__ - INFO - Namespace(dataset='wiki', seed=8, alpha=0.0, lamda=1, margin=0.9, lambd=5, barycenter_number=1, top_k=10, warm_up_epoch=0, MAX_EPOCH=100, batch_size=256, output_dim=512, lr=0.0001, noisy_ratio=0.8, noise_mode='sym', GPU=1, hard_weight=True, noisy_train=True, logging='wiki_ablation')
2025-06-19 14:36:22,610 - __main__ - INFO - ...Image to Text MAP = 0.16425327156251138
2025-06-19 14:36:22,785 - __main__ - INFO - ...Text to Image MAP = 0.17964750361265563
2025-06-19 14:36:22,820 - __main__ - INFO - ...Average MAP = 0.17195038758758352
2025-06-19 14:37:31,341 - __main__ - INFO - Noise ratio: 0.8
2025-06-19 14:37:31,346 - __main__ - INFO - Namespace(dataset='wiki', seed=8, alpha=0.8, lamda=1, margin=0.9, lambd=5, barycenter_number=1, top_k=10, warm_up_epoch=0, MAX_EPOCH=100, batch_size=256, output_dim=512, lr=0.0001, noisy_ratio=0.8, noise_mode='sym', GPU=1, hard_weight=True, noisy_train=False, logging='wiki_ablation')
2025-06-19 14:39:28,123 - __main__ - INFO - ...Image to Text MAP = 0.39164788315408655
2025-06-19 14:39:28,237 - __main__ - INFO - ...Text to Image MAP = 0.3790506034186897
2025-06-19 14:39:28,239 - __main__ - INFO - ...Average MAP = 0.3853492432863881
2025-06-19 14:39:36,004 - __main__ - INFO - Noise ratio: 0.8
2025-06-19 14:39:36,005 - __main__ - INFO - Namespace(dataset='wiki', seed=8, alpha=0.8, lamda=0.0, margin=0.9, lambd=5, barycenter_number=1, top_k=10, warm_up_epoch=0, MAX_EPOCH=100, batch_size=256, output_dim=512, lr=0.0001, noisy_ratio=0.8, noise_mode='sym', GPU=1, hard_weight=True, noisy_train=True, logging='wiki_ablation')
2025-06-19 14:42:14,387 - __main__ - INFO - ...Image to Text MAP = 0.4204448541736725
2025-06-19 14:42:14,492 - __main__ - INFO - ...Text to Image MAP = 0.4024097432945658
2025-06-19 14:42:14,492 - __main__ - INFO - ...Average MAP = 0.41142729873411915
2025-06-19 14:42:23,306 - __main__ - INFO - Noise ratio: 0.8
2025-06-19 14:42:23,306 - __main__ - INFO - Namespace(dataset='wiki', seed=8, alpha=0.8, lamda=1, margin=0.9, lambd=5, barycenter_number=1, top_k=10, warm_up_epoch=0, MAX_EPOCH=100, batch_size=256, output_dim=512, lr=0.0001, noisy_ratio=0.8, noise_mode='sym', GPU=1, hard_weight=False, noisy_train=True, logging='wiki_ablation')
2025-06-19 14:45:53,479 - __main__ - INFO - ...Image to Text MAP = 0.4441765624502087
2025-06-19 14:45:53,578 - __main__ - INFO - ...Text to Image MAP = 0.42373882417159603
2025-06-19 14:45:53,579 - __main__ - INFO - ...Average MAP = 0.4339576933109024
2025-06-19 14:46:01,512 - __main__ - INFO - Noise ratio: 0.2
2025-06-19 14:46:01,514 - __main__ - INFO - Namespace(dataset='wiki', seed=8, alpha=0.9, lamda=1, margin=0.9, lambd=5, barycenter_number=1, top_k=10, warm_up_epoch=0, MAX_EPOCH=100, batch_size=256, output_dim=512, lr=0.0001, noisy_ratio=0.2, noise_mode='sym', GPU=1, hard_weight=True, noisy_train=True, logging='wiki_ablation')
2025-06-19 14:48:56,802 - __main__ - INFO - ...Image to Text MAP = 0.5218944255015682
2025-06-19 14:48:56,907 - __main__ - INFO - ...Text to Image MAP = 0.46909530636498126
2025-06-19 14:48:56,908 - __main__ - INFO - ...Average MAP = 0.49549486593327474
2025-06-19 14:49:06,714 - __main__ - INFO - Noise ratio: 0.2
2025-06-19 14:49:06,721 - __main__ - INFO - Namespace(dataset='wiki', seed=8, alpha=0.0, lamda=1, margin=0.9, lambd=5, barycenter_number=1, top_k=10, warm_up_epoch=0, MAX_EPOCH=100, batch_size=256, output_dim=512, lr=0.0001, noisy_ratio=0.2, noise_mode='sym', GPU=1, hard_weight=True, noisy_train=True, logging='wiki_ablation')
2025-06-19 14:51:45,173 - __main__ - INFO - ...Image to Text MAP = 0.376660814851985
2025-06-19 14:51:45,289 - __main__ - INFO - ...Text to Image MAP = 0.3319515786639967
2025-06-19 14:51:45,290 - __main__ - INFO - ...Average MAP = 0.35430619675799085
2025-06-19 14:51:53,895 - __main__ - INFO - Noise ratio: 0.2
2025-06-19 14:51:53,896 - __main__ - INFO - Namespace(dataset='wiki', seed=8, alpha=0.9, lamda=1, margin=0.9, lambd=5, barycenter_number=1, top_k=10, warm_up_epoch=0, MAX_EPOCH=100, batch_size=256, output_dim=512, lr=0.0001, noisy_ratio=0.2, noise_mode='sym', GPU=1, hard_weight=True, noisy_train=False, logging='wiki_ablation')
2025-06-19 14:54:13,590 - __main__ - INFO - ...Image to Text MAP = 0.5166100380830427
2025-06-19 14:54:13,687 - __main__ - INFO - ...Text to Image MAP = 0.47760687548480235
2025-06-19 14:54:13,688 - __main__ - INFO - ...Average MAP = 0.49710845678392257
2025-06-19 14:54:22,878 - __main__ - INFO - Noise ratio: 0.2
2025-06-19 14:54:22,879 - __main__ - INFO - Namespace(dataset='wiki', seed=8, alpha=0.9, lamda=0.0, margin=0.9, lambd=5, barycenter_number=1, top_k=10, warm_up_epoch=0, MAX_EPOCH=100, batch_size=256, output_dim=512, lr=0.0001, noisy_ratio=0.2, noise_mode='sym', GPU=1, hard_weight=True, noisy_train=True, logging='wiki_ablation')
2025-06-19 14:57:11,829 - __main__ - INFO - ...Image to Text MAP = 0.4031867207618992
2025-06-19 14:57:11,932 - __main__ - INFO - ...Text to Image MAP = 0.38253862417176043
2025-06-19 14:57:11,944 - __main__ - INFO - ...Average MAP = 0.3928626724668298
2025-06-19 14:57:20,513 - __main__ - INFO - Noise ratio: 0.2
2025-06-19 14:57:20,514 - __main__ - INFO - Namespace(dataset='wiki', seed=8, alpha=0.9, lamda=1, margin=0.9, lambd=5, barycenter_number=1, top_k=10, warm_up_epoch=0, MAX_EPOCH=100, batch_size=256, output_dim=512, lr=0.0001, noisy_ratio=0.2, noise_mode='sym', GPU=1, hard_weight=False, noisy_train=True, logging='wiki_ablation')
2025-06-19 15:00:22,842 - __main__ - INFO - ...Image to Text MAP = 0.5103919343729977
2025-06-19 15:00:22,941 - __main__ - INFO - ...Text to Image MAP = 0.4605363163995206
2025-06-19 15:00:22,968 - __main__ - INFO - ...Average MAP = 0.48546412538625916
2025-06-19 15:00:47,505 - __main__ - INFO - Noise ratio: 0.4
2025-06-19 15:00:47,512 - __main__ - INFO - Namespace(dataset='wiki', seed=8, alpha=0.9, lamda=1, margin=0.9, lambd=5, barycenter_number=1, top_k=10, warm_up_epoch=0, MAX_EPOCH=100, batch_size=256, output_dim=512, lr=0.0001, noisy_ratio=0.4, noise_mode='sym', GPU=1, hard_weight=True, noisy_train=True, logging='wiki_ablation')
2025-06-19 15:02:51,851 - __main__ - INFO - ...Image to Text MAP = 0.5150252139460877
2025-06-19 15:02:51,934 - __main__ - INFO - ...Text to Image MAP = 0.464869243598733
2025-06-19 15:02:51,935 - __main__ - INFO - ...Average MAP = 0.48994722877241037
2025-06-19 15:03:02,600 - __main__ - INFO - Noise ratio: 0.4
2025-06-19 15:03:02,601 - __main__ - INFO - Namespace(dataset='wiki', seed=8, alpha=0.0, lamda=1, margin=0.9, lambd=5, barycenter_number=1, top_k=10, warm_up_epoch=0, MAX_EPOCH=100, batch_size=256, output_dim=512, lr=0.0001, noisy_ratio=0.4, noise_mode='sym', GPU=1, hard_weight=True, noisy_train=True, logging='wiki_ablation')
2025-06-19 15:05:41,335 - __main__ - INFO - ...Image to Text MAP = 0.2919887073139626
2025-06-19 15:05:41,449 - __main__ - INFO - ...Text to Image MAP = 0.29840554484602116
2025-06-19 15:05:41,491 - __main__ - INFO - ...Average MAP = 0.2951971260799919
2025-06-19 15:06:01,041 - __main__ - INFO - Noise ratio: 0.4
2025-06-19 15:06:01,041 - __main__ - INFO - Namespace(dataset='wiki', seed=8, alpha=0.9, lamda=1, margin=0.9, lambd=5, barycenter_number=1, top_k=10, warm_up_epoch=0, MAX_EPOCH=100, batch_size=256, output_dim=512, lr=0.0001, noisy_ratio=0.4, noise_mode='sym', GPU=1, hard_weight=True, noisy_train=False, logging='wiki_ablation')
2025-06-19 15:08:42,112 - __main__ - INFO - ...Image to Text MAP = 0.5026093329110756
2025-06-19 15:08:42,227 - __main__ - INFO - ...Text to Image MAP = 0.4555632119654898
2025-06-19 15:08:42,302 - __main__ - INFO - ...Average MAP = 0.4790862724382827
2025-06-19 15:12:13,187 - __main__ - INFO - Noise ratio: 0.4
2025-06-19 15:12:13,187 - __main__ - INFO - Namespace(dataset='wiki', seed=8, alpha=0.9, lamda=0.0, margin=0.9, lambd=5, barycenter_number=1, top_k=10, warm_up_epoch=0, MAX_EPOCH=100, batch_size=256, output_dim=512, lr=0.0001, noisy_ratio=0.4, noise_mode='sym', GPU=1, hard_weight=True, noisy_train=True, logging='wiki_ablation')
2025-06-19 15:13:51,940 - __main__ - INFO - ...Image to Text MAP = 0.42550935827566305
2025-06-19 15:13:52,053 - __main__ - INFO - ...Text to Image MAP = 0.40119282387352295
2025-06-19 15:13:52,096 - __main__ - INFO - ...Average MAP = 0.413351091074593
2025-06-19 15:19:40,424 - __main__ - INFO - Noise ratio: 0.4
2025-06-19 15:19:40,478 - __main__ - INFO - Namespace(dataset='wiki', seed=8, alpha=0.9, lamda=1, margin=0.9, lambd=5, barycenter_number=1, top_k=10, warm_up_epoch=0, MAX_EPOCH=100, batch_size=256, output_dim=512, lr=0.0001, noisy_ratio=0.4, noise_mode='sym', GPU=1, hard_weight=False, noisy_train=True, logging='wiki_ablation')
2025-06-19 15:21:22,272 - __main__ - INFO - ...Image to Text MAP = 0.517850237182033
2025-06-19 15:21:22,443 - __main__ - INFO - ...Text to Image MAP = 0.4587454201170131
2025-06-19 15:21:22,548 - __main__ - INFO - ...Average MAP = 0.4882978286495231
2025-06-19 15:22:07,775 - __main__ - INFO - Noise ratio: 0.6
2025-06-19 15:22:07,857 - __main__ - INFO - Namespace(dataset='wiki', seed=8, alpha=0.9, lamda=1, margin=0.9, lambd=5, barycenter_number=1, top_k=10, warm_up_epoch=0, MAX_EPOCH=100, batch_size=256, output_dim=512, lr=0.0001, noisy_ratio=0.6, noise_mode='sym', GPU=1, hard_weight=True, noisy_train=True, logging='wiki_ablation')
2025-06-19 15:24:23,739 - __main__ - INFO - ...Image to Text MAP = 0.5010731879770083
2025-06-19 15:24:23,912 - __main__ - INFO - ...Text to Image MAP = 0.4597974071094636
2025-06-19 15:24:24,019 - __main__ - INFO - ...Average MAP = 0.48043529754323594
2025-06-19 15:26:26,590 - __main__ - INFO - Noise ratio: 0.6
2025-06-19 15:26:26,592 - __main__ - INFO - Namespace(dataset='wiki', seed=8, alpha=0.0, lamda=1, margin=0.9, lambd=5, barycenter_number=1, top_k=10, warm_up_epoch=0, MAX_EPOCH=100, batch_size=256, output_dim=512, lr=0.0001, noisy_ratio=0.6, noise_mode='sym', GPU=1, hard_weight=True, noisy_train=True, logging='wiki_ablation')
2025-06-19 15:28:21,642 - __main__ - INFO - ...Image to Text MAP = 0.22662866328462047
2025-06-19 15:28:21,742 - __main__ - INFO - ...Text to Image MAP = 0.24200335768117806
2025-06-19 15:28:21,766 - __main__ - INFO - ...Average MAP = 0.23431601048289927
2025-06-19 15:31:22,400 - __main__ - INFO - Noise ratio: 0.6
2025-06-19 15:31:22,421 - __main__ - INFO - Namespace(dataset='wiki', seed=8, alpha=0.9, lamda=1, margin=0.9, lambd=5, barycenter_number=1, top_k=10, warm_up_epoch=0, MAX_EPOCH=100, batch_size=256, output_dim=512, lr=0.0001, noisy_ratio=0.6, noise_mode='sym', GPU=1, hard_weight=True, noisy_train=False, logging='wiki_ablation')
2025-06-19 15:33:08,759 - __main__ - INFO - ...Image to Text MAP = 0.47879740109670377
2025-06-19 15:33:08,922 - __main__ - INFO - ...Text to Image MAP = 0.4433383477046992
2025-06-19 15:33:08,927 - __main__ - INFO - ...Average MAP = 0.4610678744007015
2025-06-19 15:36:08,922 - __main__ - INFO - Noise ratio: 0.6
2025-06-19 15:36:08,923 - __main__ - INFO - Namespace(dataset='wiki', seed=8, alpha=0.9, lamda=0.0, margin=0.9, lambd=5, barycenter_number=1, top_k=10, warm_up_epoch=0, MAX_EPOCH=100, batch_size=256, output_dim=512, lr=0.0001, noisy_ratio=0.6, noise_mode='sym', GPU=1, hard_weight=True, noisy_train=True, logging='wiki_ablation')
2025-06-19 15:37:30,171 - __main__ - INFO - ...Image to Text MAP = 0.41394762168000077
2025-06-19 15:37:30,340 - __main__ - INFO - ...Text to Image MAP = 0.40045216409584894
2025-06-19 15:37:30,346 - __main__ - INFO - ...Average MAP = 0.40719989288792485
2025-06-19 15:38:50,622 - __main__ - INFO - Noise ratio: 0.6
2025-06-19 15:38:50,623 - __main__ - INFO - Namespace(dataset='wiki', seed=8, alpha=0.9, lamda=1, margin=0.9, lambd=5, barycenter_number=1, top_k=10, warm_up_epoch=0, MAX_EPOCH=100, batch_size=256, output_dim=512, lr=0.0001, noisy_ratio=0.6, noise_mode='sym', GPU=1, hard_weight=False, noisy_train=True, logging='wiki_ablation')
2025-06-19 15:41:13,518 - __main__ - INFO - ...Image to Text MAP = 0.5032484080450113
2025-06-19 15:41:13,616 - __main__ - INFO - ...Text to Image MAP = 0.46270070849244826
2025-06-19 15:41:13,617 - __main__ - INFO - ...Average MAP = 0.48297455826872976
2025-06-19 15:41:29,555 - __main__ - INFO - Noise ratio: 0.8
2025-06-19 15:41:29,560 - __main__ - INFO - Namespace(dataset='wiki', seed=8, alpha=0.9, lamda=1, margin=0.9, lambd=5, barycenter_number=1, top_k=10, warm_up_epoch=0, MAX_EPOCH=100, batch_size=256, output_dim=512, lr=0.0001, noisy_ratio=0.8, noise_mode='sym', GPU=1, hard_weight=True, noisy_train=True, logging='wiki_ablation')
2025-06-19 15:44:19,330 - __main__ - INFO - ...Image to Text MAP = 0.4368852268469407
2025-06-19 15:44:19,425 - __main__ - INFO - ...Text to Image MAP = 0.41767466503153405
2025-06-19 15:44:19,425 - __main__ - INFO - ...Average MAP = 0.42727994593923735
2025-06-19 15:44:27,097 - __main__ - INFO - Noise ratio: 0.8
2025-06-19 15:44:27,098 - __main__ - INFO - Namespace(dataset='wiki', seed=8, alpha=0.0, lamda=1, margin=0.9, lambd=5, barycenter_number=1, top_k=10, warm_up_epoch=0, MAX_EPOCH=100, batch_size=256, output_dim=512, lr=0.0001, noisy_ratio=0.8, noise_mode='sym', GPU=1, hard_weight=True, noisy_train=True, logging='wiki_ablation')
2025-06-19 15:47:30,653 - __main__ - INFO - ...Image to Text MAP = 0.16425327156251138
2025-06-19 15:47:30,787 - __main__ - INFO - ...Text to Image MAP = 0.17964750361265563
2025-06-19 15:47:30,811 - __main__ - INFO - ...Average MAP = 0.17195038758758352
2025-06-19 15:50:36,813 - __main__ - INFO - Noise ratio: 0.8
2025-06-19 15:50:36,837 - __main__ - INFO - Namespace(dataset='wiki', seed=8, alpha=0.9, lamda=1, margin=0.9, lambd=5, barycenter_number=1, top_k=10, warm_up_epoch=0, MAX_EPOCH=100, batch_size=256, output_dim=512, lr=0.0001, noisy_ratio=0.8, noise_mode='sym', GPU=1, hard_weight=True, noisy_train=False, logging='wiki_ablation')
2025-06-19 15:52:35,795 - __main__ - INFO - ...Image to Text MAP = 0.38192153321136274
2025-06-19 15:52:35,894 - __main__ - INFO - ...Text to Image MAP = 0.3617429734933025
2025-06-19 15:52:35,912 - __main__ - INFO - ...Average MAP = 0.3718322533523326
2025-06-19 15:53:43,645 - __main__ - INFO - Noise ratio: 0.8
2025-06-19 15:53:43,645 - __main__ - INFO - Namespace(dataset='wiki', seed=8, alpha=0.9, lamda=0.0, margin=0.9, lambd=5, barycenter_number=1, top_k=10, warm_up_epoch=0, MAX_EPOCH=100, batch_size=256, output_dim=512, lr=0.0001, noisy_ratio=0.8, noise_mode='sym', GPU=1, hard_weight=True, noisy_train=True, logging='wiki_ablation')
2025-06-19 15:55:16,015 - __main__ - INFO - ...Image to Text MAP = 0.4228575309846754
2025-06-19 15:55:16,126 - __main__ - INFO - ...Text to Image MAP = 0.4013037221664051
2025-06-19 15:55:16,176 - __main__ - INFO - ...Average MAP = 0.41208062657554023
2025-06-19 15:58:19,353 - __main__ - INFO - Noise ratio: 0.8
2025-06-19 15:58:19,365 - __main__ - INFO - Namespace(dataset='wiki', seed=8, alpha=0.9, lamda=1, margin=0.9, lambd=5, barycenter_number=1, top_k=10, warm_up_epoch=0, MAX_EPOCH=100, batch_size=256, output_dim=512, lr=0.0001, noisy_ratio=0.8, noise_mode='sym', GPU=1, hard_weight=False, noisy_train=True, logging='wiki_ablation')
2025-06-19 16:00:29,450 - __main__ - INFO - ...Image to Text MAP = 0.44475800585574454
2025-06-19 16:00:29,614 - __main__ - INFO - ...Text to Image MAP = 0.4214076414361642
2025-06-19 16:00:29,788 - __main__ - INFO - ...Average MAP = 0.4330828236459544
2025-06-19 16:07:06,241 - __main__ - INFO - Noise ratio: 0.2
2025-06-19 16:07:06,244 - __main__ - INFO - Namespace(dataset='wiki', seed=8, alpha=1.0, lamda=1, margin=0.9, lambd=5, barycenter_number=1, top_k=10, warm_up_epoch=0, MAX_EPOCH=100, batch_size=256, output_dim=512, lr=0.0001, noisy_ratio=0.2, noise_mode='sym', GPU=1, hard_weight=True, noisy_train=True, logging='wiki_ablation')
2025-06-19 16:08:52,893 - __main__ - INFO - ...Image to Text MAP = 0.5086799674408876
2025-06-19 16:08:53,037 - __main__ - INFO - ...Text to Image MAP = 0.4516512014130977
2025-06-19 16:08:53,039 - __main__ - INFO - ...Average MAP = 0.48016558442699264
2025-06-19 16:11:44,374 - __main__ - INFO - Noise ratio: 0.2
2025-06-19 16:11:44,459 - __main__ - INFO - Namespace(dataset='wiki', seed=8, alpha=0.0, lamda=1, margin=0.9, lambd=5, barycenter_number=1, top_k=10, warm_up_epoch=0, MAX_EPOCH=100, batch_size=256, output_dim=512, lr=0.0001, noisy_ratio=0.2, noise_mode='sym', GPU=1, hard_weight=True, noisy_train=True, logging='wiki_ablation')
2025-06-19 16:13:10,648 - __main__ - INFO - ...Image to Text MAP = 0.376660814851985
2025-06-19 16:13:10,749 - __main__ - INFO - ...Text to Image MAP = 0.3319515786639967
2025-06-19 16:13:10,777 - __main__ - INFO - ...Average MAP = 0.35430619675799085
2025-06-19 16:14:54,346 - __main__ - INFO - Noise ratio: 0.2
2025-06-19 16:14:54,346 - __main__ - INFO - Namespace(dataset='wiki', seed=8, alpha=1.0, lamda=1, margin=0.9, lambd=5, barycenter_number=1, top_k=10, warm_up_epoch=0, MAX_EPOCH=100, batch_size=256, output_dim=512, lr=0.0001, noisy_ratio=0.2, noise_mode='sym', GPU=1, hard_weight=True, noisy_train=False, logging='wiki_ablation')
2025-06-19 16:17:09,073 - __main__ - INFO - ...Image to Text MAP = 0.5323702900278128
2025-06-19 16:17:09,175 - __main__ - INFO - ...Text to Image MAP = 0.4826895339976359
2025-06-19 16:17:09,206 - __main__ - INFO - ...Average MAP = 0.5075299120127243
2025-06-19 16:17:37,362 - __main__ - INFO - Noise ratio: 0.2
2025-06-19 16:17:37,363 - __main__ - INFO - Namespace(dataset='wiki', seed=8, alpha=1.0, lamda=0.0, margin=0.9, lambd=5, barycenter_number=1, top_k=10, warm_up_epoch=0, MAX_EPOCH=100, batch_size=256, output_dim=512, lr=0.0001, noisy_ratio=0.2, noise_mode='sym', GPU=1, hard_weight=True, noisy_train=True, logging='wiki_ablation')
2025-06-19 16:20:14,047 - __main__ - INFO - ...Image to Text MAP = 0.40887471403123915
2025-06-19 16:20:14,162 - __main__ - INFO - ...Text to Image MAP = 0.3856066431236932
2025-06-19 16:20:14,193 - __main__ - INFO - ...Average MAP = 0.39724067857746614
2025-06-19 16:21:33,537 - __main__ - INFO - Noise ratio: 0.2
2025-06-19 16:21:33,537 - __main__ - INFO - Namespace(dataset='wiki', seed=8, alpha=1.0, lamda=1, margin=0.9, lambd=5, barycenter_number=1, top_k=10, warm_up_epoch=0, MAX_EPOCH=100, batch_size=256, output_dim=512, lr=0.0001, noisy_ratio=0.2, noise_mode='sym', GPU=1, hard_weight=False, noisy_train=True, logging='wiki_ablation')
2025-06-19 16:23:44,468 - __main__ - INFO - ...Image to Text MAP = 0.5333408728181079
2025-06-19 16:23:44,587 - __main__ - INFO - ...Text to Image MAP = 0.4734007949192549
2025-06-19 16:23:44,588 - __main__ - INFO - ...Average MAP = 0.5033708338686814
2025-06-19 16:23:50,386 - __main__ - INFO - Noise ratio: 0.4
2025-06-19 16:23:50,387 - __main__ - INFO - Namespace(dataset='wiki', seed=8, alpha=1.0, lamda=1, margin=0.9, lambd=5, barycenter_number=1, top_k=10, warm_up_epoch=0, MAX_EPOCH=100, batch_size=256, output_dim=512, lr=0.0001, noisy_ratio=0.4, noise_mode='sym', GPU=1, hard_weight=True, noisy_train=True, logging='wiki_ablation')
2025-06-19 16:26:54,185 - __main__ - INFO - ...Image to Text MAP = 0.5280913647538487
2025-06-19 16:26:54,324 - __main__ - INFO - ...Text to Image MAP = 0.4709657202082616
2025-06-19 16:26:54,325 - __main__ - INFO - ...Average MAP = 0.49952854248105516
2025-06-19 16:27:08,142 - __main__ - INFO - Noise ratio: 0.4
2025-06-19 16:27:08,153 - __main__ - INFO - Namespace(dataset='wiki', seed=8, alpha=0.0, lamda=1, margin=0.9, lambd=5, barycenter_number=1, top_k=10, warm_up_epoch=0, MAX_EPOCH=100, batch_size=256, output_dim=512, lr=0.0001, noisy_ratio=0.4, noise_mode='sym', GPU=1, hard_weight=True, noisy_train=True, logging='wiki_ablation')
2025-06-19 16:29:50,521 - __main__ - INFO - ...Image to Text MAP = 0.2919887073139626
2025-06-19 16:29:50,632 - __main__ - INFO - ...Text to Image MAP = 0.29840554484602116
2025-06-19 16:29:50,632 - __main__ - INFO - ...Average MAP = 0.2951971260799919
2025-06-19 16:30:08,296 - __main__ - INFO - Noise ratio: 0.4
2025-06-19 16:30:08,297 - __main__ - INFO - Namespace(dataset='wiki', seed=8, alpha=1.0, lamda=1, margin=0.9, lambd=5, barycenter_number=1, top_k=10, warm_up_epoch=0, MAX_EPOCH=100, batch_size=256, output_dim=512, lr=0.0001, noisy_ratio=0.4, noise_mode='sym', GPU=1, hard_weight=True, noisy_train=False, logging='wiki_ablation')
2025-06-19 16:32:52,916 - __main__ - INFO - ...Image to Text MAP = 0.510350501822437
2025-06-19 16:32:53,045 - __main__ - INFO - ...Text to Image MAP = 0.46575347001750045
2025-06-19 16:32:53,079 - __main__ - INFO - ...Average MAP = 0.48805198591996873
2025-06-19 16:33:34,323 - __main__ - INFO - Noise ratio: 0.4
2025-06-19 16:33:34,324 - __main__ - INFO - Namespace(dataset='wiki', seed=8, alpha=1.0, lamda=0.0, margin=0.9, lambd=5, barycenter_number=1, top_k=10, warm_up_epoch=0, MAX_EPOCH=100, batch_size=256, output_dim=512, lr=0.0001, noisy_ratio=0.4, noise_mode='sym', GPU=1, hard_weight=True, noisy_train=True, logging='wiki_ablation')
2025-06-19 16:36:20,061 - __main__ - INFO - ...Image to Text MAP = 0.42421850662687105
2025-06-19 16:36:20,282 - __main__ - INFO - ...Text to Image MAP = 0.39992153909997635
2025-06-19 16:36:20,296 - __main__ - INFO - ...Average MAP = 0.4120700228634237
2025-06-19 16:38:10,993 - __main__ - INFO - Noise ratio: 0.4
2025-06-19 16:38:10,994 - __main__ - INFO - Namespace(dataset='wiki', seed=8, alpha=1.0, lamda=1, margin=0.9, lambd=5, barycenter_number=1, top_k=10, warm_up_epoch=0, MAX_EPOCH=100, batch_size=256, output_dim=512, lr=0.0001, noisy_ratio=0.4, noise_mode='sym', GPU=1, hard_weight=False, noisy_train=True, logging='wiki_ablation')
2025-06-19 16:40:04,967 - __main__ - INFO - ...Image to Text MAP = 0.5087260998290127
2025-06-19 16:40:05,189 - __main__ - INFO - ...Text to Image MAP = 0.4726492859461632
2025-06-19 16:40:05,199 - __main__ - INFO - ...Average MAP = 0.49068769288758796
2025-06-19 16:41:03,684 - __main__ - INFO - Noise ratio: 0.6
2025-06-19 16:41:03,688 - __main__ - INFO - Namespace(dataset='wiki', seed=8, alpha=1.0, lamda=1, margin=0.9, lambd=5, barycenter_number=1, top_k=10, warm_up_epoch=0, MAX_EPOCH=100, batch_size=256, output_dim=512, lr=0.0001, noisy_ratio=0.6, noise_mode='sym', GPU=1, hard_weight=True, noisy_train=True, logging='wiki_ablation')
2025-06-19 16:44:06,514 - __main__ - INFO - ...Image to Text MAP = 0.481458561072332
2025-06-19 16:44:06,684 - __main__ - INFO - ...Text to Image MAP = 0.4517340398075677
2025-06-19 16:44:06,710 - __main__ - INFO - ...Average MAP = 0.4665963004399498
2025-06-19 16:44:23,752 - __main__ - INFO - Noise ratio: 0.6
2025-06-19 16:44:23,753 - __main__ - INFO - Namespace(dataset='wiki', seed=8, alpha=0.0, lamda=1, margin=0.9, lambd=5, barycenter_number=1, top_k=10, warm_up_epoch=0, MAX_EPOCH=100, batch_size=256, output_dim=512, lr=0.0001, noisy_ratio=0.6, noise_mode='sym', GPU=1, hard_weight=True, noisy_train=True, logging='wiki_ablation')
2025-06-19 16:46:13,928 - __main__ - INFO - ...Image to Text MAP = 0.22662866328462047
2025-06-19 16:46:14,024 - __main__ - INFO - ...Text to Image MAP = 0.24200335768117806
2025-06-19 16:46:14,025 - __main__ - INFO - ...Average MAP = 0.23431601048289927
2025-06-19 16:46:19,832 - __main__ - INFO - Noise ratio: 0.6
2025-06-19 16:46:19,832 - __main__ - INFO - Namespace(dataset='wiki', seed=8, alpha=1.0, lamda=1, margin=0.9, lambd=5, barycenter_number=1, top_k=10, warm_up_epoch=0, MAX_EPOCH=100, batch_size=256, output_dim=512, lr=0.0001, noisy_ratio=0.6, noise_mode='sym', GPU=1, hard_weight=True, noisy_train=False, logging='wiki_ablation')
2025-06-19 16:47:48,067 - __main__ - INFO - ...Image to Text MAP = 0.48219887943801854
2025-06-19 16:47:48,211 - __main__ - INFO - ...Text to Image MAP = 0.4430976112467398
2025-06-19 16:47:48,211 - __main__ - INFO - ...Average MAP = 0.46264824534237914
2025-06-19 16:47:55,116 - __main__ - INFO - Noise ratio: 0.6
2025-06-19 16:47:55,117 - __main__ - INFO - Namespace(dataset='wiki', seed=8, alpha=1.0, lamda=0.0, margin=0.9, lambd=5, barycenter_number=1, top_k=10, warm_up_epoch=0, MAX_EPOCH=100, batch_size=256, output_dim=512, lr=0.0001, noisy_ratio=0.6, noise_mode='sym', GPU=1, hard_weight=True, noisy_train=True, logging='wiki_ablation')
2025-06-19 16:49:58,335 - __main__ - INFO - ...Image to Text MAP = 0.420757613327674
2025-06-19 16:49:58,427 - __main__ - INFO - ...Text to Image MAP = 0.39641664919752795
2025-06-19 16:49:58,427 - __main__ - INFO - ...Average MAP = 0.40858713126260093
2025-06-19 16:50:05,267 - __main__ - INFO - Noise ratio: 0.6
2025-06-19 16:50:05,267 - __main__ - INFO - Namespace(dataset='wiki', seed=8, alpha=1.0, lamda=1, margin=0.9, lambd=5, barycenter_number=1, top_k=10, warm_up_epoch=0, MAX_EPOCH=100, batch_size=256, output_dim=512, lr=0.0001, noisy_ratio=0.6, noise_mode='sym', GPU=1, hard_weight=False, noisy_train=True, logging='wiki_ablation')
2025-06-19 16:52:49,044 - __main__ - INFO - ...Image to Text MAP = 0.48154830319633757
2025-06-19 16:52:49,140 - __main__ - INFO - ...Text to Image MAP = 0.44123127256193856
2025-06-19 16:52:49,148 - __main__ - INFO - ...Average MAP = 0.4613897878791381
2025-06-19 16:52:58,239 - __main__ - INFO - Noise ratio: 0.8
2025-06-19 16:52:58,240 - __main__ - INFO - Namespace(dataset='wiki', seed=8, alpha=1.0, lamda=1, margin=0.9, lambd=5, barycenter_number=1, top_k=10, warm_up_epoch=0, MAX_EPOCH=100, batch_size=256, output_dim=512, lr=0.0001, noisy_ratio=0.8, noise_mode='sym', GPU=1, hard_weight=True, noisy_train=True, logging='wiki_ablation')
2025-06-19 16:55:10,990 - __main__ - INFO - ...Image to Text MAP = 0.4294900224459425
2025-06-19 16:55:11,082 - __main__ - INFO - ...Text to Image MAP = 0.41583103143266903
2025-06-19 16:55:11,083 - __main__ - INFO - ...Average MAP = 0.4226605269393058
2025-06-19 16:55:16,998 - __main__ - INFO - Noise ratio: 0.8
2025-06-19 16:55:17,000 - __main__ - INFO - Namespace(dataset='wiki', seed=8, alpha=0.0, lamda=1, margin=0.9, lambd=5, barycenter_number=1, top_k=10, warm_up_epoch=0, MAX_EPOCH=100, batch_size=256, output_dim=512, lr=0.0001, noisy_ratio=0.8, noise_mode='sym', GPU=1, hard_weight=True, noisy_train=True, logging='wiki_ablation')
2025-06-19 16:57:08,092 - __main__ - INFO - ...Image to Text MAP = 0.16425327156251138
2025-06-19 16:57:08,175 - __main__ - INFO - ...Text to Image MAP = 0.17964750361265563
2025-06-19 16:57:08,175 - __main__ - INFO - ...Average MAP = 0.17195038758758352
2025-06-19 16:57:13,575 - __main__ - INFO - Noise ratio: 0.8
2025-06-19 16:57:13,576 - __main__ - INFO - Namespace(dataset='wiki', seed=8, alpha=1.0, lamda=1, margin=0.9, lambd=5, barycenter_number=1, top_k=10, warm_up_epoch=0, MAX_EPOCH=100, batch_size=256, output_dim=512, lr=0.0001, noisy_ratio=0.8, noise_mode='sym', GPU=1, hard_weight=True, noisy_train=False, logging='wiki_ablation')
2025-06-19 16:58:58,814 - __main__ - INFO - ...Image to Text MAP = 0.3692203378693529
2025-06-19 16:58:58,960 - __main__ - INFO - ...Text to Image MAP = 0.3584231050675654
2025-06-19 16:58:58,961 - __main__ - INFO - ...Average MAP = 0.36382172146845915
2025-06-19 16:59:07,600 - __main__ - INFO - Noise ratio: 0.8
2025-06-19 16:59:07,600 - __main__ - INFO - Namespace(dataset='wiki', seed=8, alpha=1.0, lamda=0.0, margin=0.9, lambd=5, barycenter_number=1, top_k=10, warm_up_epoch=0, MAX_EPOCH=100, batch_size=256, output_dim=512, lr=0.0001, noisy_ratio=0.8, noise_mode='sym', GPU=1, hard_weight=True, noisy_train=True, logging='wiki_ablation')
2025-06-19 17:01:41,233 - __main__ - INFO - ...Image to Text MAP = 0.4258550639750456
2025-06-19 17:01:41,335 - __main__ - INFO - ...Text to Image MAP = 0.401411713588605
2025-06-19 17:01:41,336 - __main__ - INFO - ...Average MAP = 0.4136333887818253
2025-06-19 17:01:49,913 - __main__ - INFO - Noise ratio: 0.8
2025-06-19 17:01:49,913 - __main__ - INFO - Namespace(dataset='wiki', seed=8, alpha=1.0, lamda=1, margin=0.9, lambd=5, barycenter_number=1, top_k=10, warm_up_epoch=0, MAX_EPOCH=100, batch_size=256, output_dim=512, lr=0.0001, noisy_ratio=0.8, noise_mode='sym', GPU=1, hard_weight=False, noisy_train=True, logging='wiki_ablation')
2025-06-19 17:04:13,865 - __main__ - INFO - ...Image to Text MAP = 0.4435924344661042
2025-06-19 17:04:13,961 - __main__ - INFO - ...Text to Image MAP = 0.42310183660403855
2025-06-19 17:04:13,961 - __main__ - INFO - ...Average MAP = 0.43334713553507137
2025-06-19 17:04:19,135 - __main__ - INFO - Noise ratio: 0.2
2025-06-19 17:04:19,136 - __main__ - INFO - Namespace(dataset='wiki', seed=8, alpha=2.0, lamda=1, margin=0.9, lambd=5, barycenter_number=1, top_k=10, warm_up_epoch=0, MAX_EPOCH=100, batch_size=256, output_dim=512, lr=0.0001, noisy_ratio=0.2, noise_mode='sym', GPU=1, hard_weight=True, noisy_train=True, logging='wiki_ablation')
2025-06-19 17:06:19,512 - __main__ - INFO - ...Image to Text MAP = 0.519775132716442
2025-06-19 17:06:19,633 - __main__ - INFO - ...Text to Image MAP = 0.4814700584095479
2025-06-19 17:06:19,634 - __main__ - INFO - ...Average MAP = 0.5006225955629949
2025-06-19 17:06:25,722 - __main__ - INFO - Noise ratio: 0.2
2025-06-19 17:06:25,724 - __main__ - INFO - Namespace(dataset='wiki', seed=8, alpha=0.0, lamda=1, margin=0.9, lambd=5, barycenter_number=1, top_k=10, warm_up_epoch=0, MAX_EPOCH=100, batch_size=256, output_dim=512, lr=0.0001, noisy_ratio=0.2, noise_mode='sym', GPU=1, hard_weight=True, noisy_train=True, logging='wiki_ablation')
2025-06-19 17:08:33,126 - __main__ - INFO - ...Image to Text MAP = 0.376660814851985
2025-06-19 17:08:33,224 - __main__ - INFO - ...Text to Image MAP = 0.3319515786639967
2025-06-19 17:08:33,224 - __main__ - INFO - ...Average MAP = 0.35430619675799085
2025-06-19 17:08:39,194 - __main__ - INFO - Noise ratio: 0.2
2025-06-19 17:08:39,195 - __main__ - INFO - Namespace(dataset='wiki', seed=8, alpha=2.0, lamda=1, margin=0.9, lambd=5, barycenter_number=1, top_k=10, warm_up_epoch=0, MAX_EPOCH=100, batch_size=256, output_dim=512, lr=0.0001, noisy_ratio=0.2, noise_mode='sym', GPU=1, hard_weight=True, noisy_train=False, logging='wiki_ablation')
2025-06-19 17:10:32,750 - __main__ - INFO - ...Image to Text MAP = 0.5209905086728982
2025-06-19 17:10:32,858 - __main__ - INFO - ...Text to Image MAP = 0.48105006628179026
2025-06-19 17:10:32,859 - __main__ - INFO - ...Average MAP = 0.5010202874773442
2025-06-19 17:10:39,875 - __main__ - INFO - Noise ratio: 0.2
2025-06-19 17:10:39,875 - __main__ - INFO - Namespace(dataset='wiki', seed=8, alpha=2.0, lamda=0.0, margin=0.9, lambd=5, barycenter_number=1, top_k=10, warm_up_epoch=0, MAX_EPOCH=100, batch_size=256, output_dim=512, lr=0.0001, noisy_ratio=0.2, noise_mode='sym', GPU=1, hard_weight=True, noisy_train=True, logging='wiki_ablation')
2025-06-19 17:12:35,992 - __main__ - INFO - ...Image to Text MAP = 0.4088946719975608
2025-06-19 17:12:36,107 - __main__ - INFO - ...Text to Image MAP = 0.3824458134644551
2025-06-19 17:12:36,108 - __main__ - INFO - ...Average MAP = 0.3956702427310079
2025-06-19 17:12:42,325 - __main__ - INFO - Noise ratio: 0.2
2025-06-19 17:12:42,326 - __main__ - INFO - Namespace(dataset='wiki', seed=8, alpha=2.0, lamda=1, margin=0.9, lambd=5, barycenter_number=1, top_k=10, warm_up_epoch=0, MAX_EPOCH=100, batch_size=256, output_dim=512, lr=0.0001, noisy_ratio=0.2, noise_mode='sym', GPU=1, hard_weight=False, noisy_train=True, logging='wiki_ablation')
2025-06-19 17:14:47,062 - __main__ - INFO - ...Image to Text MAP = 0.5261263998945701
2025-06-19 17:14:47,171 - __main__ - INFO - ...Text to Image MAP = 0.47915874209145065
2025-06-19 17:14:47,172 - __main__ - INFO - ...Average MAP = 0.5026425709930104
2025-06-19 17:14:53,986 - __main__ - INFO - Noise ratio: 0.4
2025-06-19 17:14:53,987 - __main__ - INFO - Namespace(dataset='wiki', seed=8, alpha=2.0, lamda=1, margin=0.9, lambd=5, barycenter_number=1, top_k=10, warm_up_epoch=0, MAX_EPOCH=100, batch_size=256, output_dim=512, lr=0.0001, noisy_ratio=0.4, noise_mode='sym', GPU=1, hard_weight=True, noisy_train=True, logging='wiki_ablation')
2025-06-19 17:16:46,219 - __main__ - INFO - ...Image to Text MAP = 0.48287377347872373
2025-06-19 17:16:46,350 - __main__ - INFO - ...Text to Image MAP = 0.4461251937194132
2025-06-19 17:16:46,350 - __main__ - INFO - ...Average MAP = 0.46449948359906845
2025-06-19 17:16:52,712 - __main__ - INFO - Noise ratio: 0.4
2025-06-19 17:16:52,713 - __main__ - INFO - Namespace(dataset='wiki', seed=8, alpha=0.0, lamda=1, margin=0.9, lambd=5, barycenter_number=1, top_k=10, warm_up_epoch=0, MAX_EPOCH=100, batch_size=256, output_dim=512, lr=0.0001, noisy_ratio=0.4, noise_mode='sym', GPU=1, hard_weight=True, noisy_train=True, logging='wiki_ablation')
2025-06-19 17:18:48,555 - __main__ - INFO - ...Image to Text MAP = 0.2919887073139626
2025-06-19 17:18:48,655 - __main__ - INFO - ...Text to Image MAP = 0.29840554484602116
2025-06-19 17:18:48,655 - __main__ - INFO - ...Average MAP = 0.2951971260799919
2025-06-19 17:18:55,264 - __main__ - INFO - Noise ratio: 0.4
2025-06-19 17:18:55,264 - __main__ - INFO - Namespace(dataset='wiki', seed=8, alpha=2.0, lamda=1, margin=0.9, lambd=5, barycenter_number=1, top_k=10, warm_up_epoch=0, MAX_EPOCH=100, batch_size=256, output_dim=512, lr=0.0001, noisy_ratio=0.4, noise_mode='sym', GPU=1, hard_weight=True, noisy_train=False, logging='wiki_ablation')
2025-06-19 17:20:57,004 - __main__ - INFO - ...Image to Text MAP = 0.47524735195147605
2025-06-19 17:20:57,102 - __main__ - INFO - ...Text to Image MAP = 0.4313411353458923
2025-06-19 17:20:57,110 - __main__ - INFO - ...Average MAP = 0.4532942436486842
2025-06-19 17:21:03,473 - __main__ - INFO - Noise ratio: 0.4
2025-06-19 17:21:03,474 - __main__ - INFO - Namespace(dataset='wiki', seed=8, alpha=2.0, lamda=0.0, margin=0.9, lambd=5, barycenter_number=1, top_k=10, warm_up_epoch=0, MAX_EPOCH=100, batch_size=256, output_dim=512, lr=0.0001, noisy_ratio=0.4, noise_mode='sym', GPU=1, hard_weight=True, noisy_train=True, logging='wiki_ablation')
2025-06-19 17:23:22,042 - __main__ - INFO - ...Image to Text MAP = 0.4236885794185962
2025-06-19 17:23:22,177 - __main__ - INFO - ...Text to Image MAP = 0.3994402298620175
2025-06-19 17:23:22,177 - __main__ - INFO - ...Average MAP = 0.41156440464030686
2025-06-19 17:23:27,920 - __main__ - INFO - Noise ratio: 0.4
2025-06-19 17:23:27,921 - __main__ - INFO - Namespace(dataset='wiki', seed=8, alpha=2.0, lamda=1, margin=0.9, lambd=5, barycenter_number=1, top_k=10, warm_up_epoch=0, MAX_EPOCH=100, batch_size=256, output_dim=512, lr=0.0001, noisy_ratio=0.4, noise_mode='sym', GPU=1, hard_weight=False, noisy_train=True, logging='wiki_ablation')
2025-06-19 17:25:31,868 - __main__ - INFO - ...Image to Text MAP = 0.49473437457860314
2025-06-19 17:25:32,266 - __main__ - INFO - ...Text to Image MAP = 0.4539068524494189
2025-06-19 17:25:32,267 - __main__ - INFO - ...Average MAP = 0.474320613514011
2025-06-19 17:25:43,693 - __main__ - INFO - Noise ratio: 0.6
2025-06-19 17:25:43,694 - __main__ - INFO - Namespace(dataset='wiki', seed=8, alpha=2.0, lamda=1, margin=0.9, lambd=5, barycenter_number=1, top_k=10, warm_up_epoch=0, MAX_EPOCH=100, batch_size=256, output_dim=512, lr=0.0001, noisy_ratio=0.6, noise_mode='sym', GPU=1, hard_weight=True, noisy_train=True, logging='wiki_ablation')
2025-06-19 17:27:43,630 - __main__ - INFO - ...Image to Text MAP = 0.4434581833352907
2025-06-19 17:27:43,739 - __main__ - INFO - ...Text to Image MAP = 0.4223655641463968
2025-06-19 17:27:43,744 - __main__ - INFO - ...Average MAP = 0.4329118737408437
2025-06-19 17:27:50,574 - __main__ - INFO - Noise ratio: 0.6
2025-06-19 17:27:50,576 - __main__ - INFO - Namespace(dataset='wiki', seed=8, alpha=0.0, lamda=1, margin=0.9, lambd=5, barycenter_number=1, top_k=10, warm_up_epoch=0, MAX_EPOCH=100, batch_size=256, output_dim=512, lr=0.0001, noisy_ratio=0.6, noise_mode='sym', GPU=1, hard_weight=True, noisy_train=True, logging='wiki_ablation')
2025-06-19 17:29:55,656 - __main__ - INFO - ...Image to Text MAP = 0.22662866328462047
2025-06-19 17:29:55,754 - __main__ - INFO - ...Text to Image MAP = 0.24200335768117806
2025-06-19 17:29:55,755 - __main__ - INFO - ...Average MAP = 0.23431601048289927
2025-06-19 17:30:01,554 - __main__ - INFO - Noise ratio: 0.6
2025-06-19 17:30:01,555 - __main__ - INFO - Namespace(dataset='wiki', seed=8, alpha=2.0, lamda=1, margin=0.9, lambd=5, barycenter_number=1, top_k=10, warm_up_epoch=0, MAX_EPOCH=100, batch_size=256, output_dim=512, lr=0.0001, noisy_ratio=0.6, noise_mode='sym', GPU=1, hard_weight=True, noisy_train=False, logging='wiki_ablation')
2025-06-19 17:31:24,672 - __main__ - INFO - ...Image to Text MAP = 0.3864866035715444
2025-06-19 17:31:24,770 - __main__ - INFO - ...Text to Image MAP = 0.3623743241639655
2025-06-19 17:31:24,770 - __main__ - INFO - ...Average MAP = 0.3744304638677549
2025-06-19 17:31:30,243 - __main__ - INFO - Noise ratio: 0.6
2025-06-19 17:31:30,244 - __main__ - INFO - Namespace(dataset='wiki', seed=8, alpha=2.0, lamda=0.0, margin=0.9, lambd=5, barycenter_number=1, top_k=10, warm_up_epoch=0, MAX_EPOCH=100, batch_size=256, output_dim=512, lr=0.0001, noisy_ratio=0.6, noise_mode='sym', GPU=1, hard_weight=True, noisy_train=True, logging='wiki_ablation')
2025-06-19 17:33:27,923 - __main__ - INFO - ...Image to Text MAP = 0.4126094951626592
2025-06-19 17:33:28,037 - __main__ - INFO - ...Text to Image MAP = 0.39822539345259433
2025-06-19 17:33:28,038 - __main__ - INFO - ...Average MAP = 0.4054174443076268
2025-06-19 17:33:34,373 - __main__ - INFO - Noise ratio: 0.6
2025-06-19 17:33:34,374 - __main__ - INFO - Namespace(dataset='wiki', seed=8, alpha=2.0, lamda=1, margin=0.9, lambd=5, barycenter_number=1, top_k=10, warm_up_epoch=0, MAX_EPOCH=100, batch_size=256, output_dim=512, lr=0.0001, noisy_ratio=0.6, noise_mode='sym', GPU=1, hard_weight=False, noisy_train=True, logging='wiki_ablation')
2025-06-19 17:35:46,733 - __main__ - INFO - ...Image to Text MAP = 0.45247587383596216
2025-06-19 17:35:46,828 - __main__ - INFO - ...Text to Image MAP = 0.43103501520478704
2025-06-19 17:35:46,829 - __main__ - INFO - ...Average MAP = 0.44175544452037463
2025-06-19 17:35:52,128 - __main__ - INFO - Noise ratio: 0.8
2025-06-19 17:35:52,129 - __main__ - INFO - Namespace(dataset='wiki', seed=8, alpha=2.0, lamda=1, margin=0.9, lambd=5, barycenter_number=1, top_k=10, warm_up_epoch=0, MAX_EPOCH=100, batch_size=256, output_dim=512, lr=0.0001, noisy_ratio=0.8, noise_mode='sym', GPU=1, hard_weight=True, noisy_train=True, logging='wiki_ablation')
2025-06-19 17:37:50,309 - __main__ - INFO - ...Image to Text MAP = 0.4280765045286211
2025-06-19 17:37:50,491 - __main__ - INFO - ...Text to Image MAP = 0.40989930084209747
2025-06-19 17:37:50,492 - __main__ - INFO - ...Average MAP = 0.4189879026853593
2025-06-19 17:37:56,349 - __main__ - INFO - Noise ratio: 0.8
2025-06-19 17:37:56,350 - __main__ - INFO - Namespace(dataset='wiki', seed=8, alpha=0.0, lamda=1, margin=0.9, lambd=5, barycenter_number=1, top_k=10, warm_up_epoch=0, MAX_EPOCH=100, batch_size=256, output_dim=512, lr=0.0001, noisy_ratio=0.8, noise_mode='sym', GPU=1, hard_weight=True, noisy_train=True, logging='wiki_ablation')
2025-06-19 17:39:49,399 - __main__ - INFO - ...Image to Text MAP = 0.16425327156251138
2025-06-19 17:39:49,513 - __main__ - INFO - ...Text to Image MAP = 0.17964750361265563
2025-06-19 17:39:49,514 - __main__ - INFO - ...Average MAP = 0.17195038758758352
2025-06-19 17:39:56,545 - __main__ - INFO - Noise ratio: 0.8
2025-06-19 17:39:56,546 - __main__ - INFO - Namespace(dataset='wiki', seed=8, alpha=2.0, lamda=1, margin=0.9, lambd=5, barycenter_number=1, top_k=10, warm_up_epoch=0, MAX_EPOCH=100, batch_size=256, output_dim=512, lr=0.0001, noisy_ratio=0.8, noise_mode='sym', GPU=1, hard_weight=True, noisy_train=False, logging='wiki_ablation')
2025-06-19 17:41:35,126 - __main__ - INFO - ...Image to Text MAP = 0.3644134950028028
2025-06-19 17:41:35,220 - __main__ - INFO - ...Text to Image MAP = 0.34215782559238517
2025-06-19 17:41:35,223 - __main__ - INFO - ...Average MAP = 0.353285660297594
2025-06-19 17:41:40,994 - __main__ - INFO - Noise ratio: 0.8
2025-06-19 17:41:40,995 - __main__ - INFO - Namespace(dataset='wiki', seed=8, alpha=2.0, lamda=0.0, margin=0.9, lambd=5, barycenter_number=1, top_k=10, warm_up_epoch=0, MAX_EPOCH=100, batch_size=256, output_dim=512, lr=0.0001, noisy_ratio=0.8, noise_mode='sym', GPU=1, hard_weight=True, noisy_train=True, logging='wiki_ablation')
2025-06-19 17:43:44,833 - __main__ - INFO - ...Image to Text MAP = 0.42302733234462114
2025-06-19 17:43:44,930 - __main__ - INFO - ...Text to Image MAP = 0.4034541849525327
2025-06-19 17:43:44,931 - __main__ - INFO - ...Average MAP = 0.4132407586485769
2025-06-19 17:43:50,908 - __main__ - INFO - Noise ratio: 0.8
2025-06-19 17:43:50,908 - __main__ - INFO - Namespace(dataset='wiki', seed=8, alpha=2.0, lamda=1, margin=0.9, lambd=5, barycenter_number=1, top_k=10, warm_up_epoch=0, MAX_EPOCH=100, batch_size=256, output_dim=512, lr=0.0001, noisy_ratio=0.8, noise_mode='sym', GPU=1, hard_weight=False, noisy_train=True, logging='wiki_ablation')
2025-06-19 17:45:48,160 - __main__ - INFO - ...Image to Text MAP = 0.4302166728811174
2025-06-19 17:45:48,273 - __main__ - INFO - ...Text to Image MAP = 0.4146968315071738
2025-06-19 17:45:48,274 - __main__ - INFO - ...Average MAP = 0.4224567521941456
2025-06-19 17:45:54,876 - __main__ - INFO - Noise ratio: 0.2
2025-06-19 17:45:54,878 - __main__ - INFO - Namespace(dataset='wiki', seed=8, alpha=3.0, lamda=1, margin=0.9, lambd=5, barycenter_number=1, top_k=10, warm_up_epoch=0, MAX_EPOCH=100, batch_size=256, output_dim=512, lr=0.0001, noisy_ratio=0.2, noise_mode='sym', GPU=1, hard_weight=True, noisy_train=True, logging='wiki_ablation')
2025-06-19 17:48:08,205 - __main__ - INFO - ...Image to Text MAP = 0.4642123926025261
2025-06-19 17:48:08,319 - __main__ - INFO - ...Text to Image MAP = 0.4339595061870898
2025-06-19 17:48:08,320 - __main__ - INFO - ...Average MAP = 0.44908594939480795
2025-06-19 17:48:15,345 - __main__ - INFO - Noise ratio: 0.2
2025-06-19 17:48:15,346 - __main__ - INFO - Namespace(dataset='wiki', seed=8, alpha=0.0, lamda=1, margin=0.9, lambd=5, barycenter_number=1, top_k=10, warm_up_epoch=0, MAX_EPOCH=100, batch_size=256, output_dim=512, lr=0.0001, noisy_ratio=0.2, noise_mode='sym', GPU=1, hard_weight=True, noisy_train=True, logging='wiki_ablation')
2025-06-19 17:50:24,912 - __main__ - INFO - ...Image to Text MAP = 0.376660814851985
2025-06-19 17:50:25,037 - __main__ - INFO - ...Text to Image MAP = 0.3319515786639967
2025-06-19 17:50:25,038 - __main__ - INFO - ...Average MAP = 0.35430619675799085
2025-06-19 17:50:30,732 - __main__ - INFO - Noise ratio: 0.2
2025-06-19 17:50:30,732 - __main__ - INFO - Namespace(dataset='wiki', seed=8, alpha=3.0, lamda=1, margin=0.9, lambd=5, barycenter_number=1, top_k=10, warm_up_epoch=0, MAX_EPOCH=100, batch_size=256, output_dim=512, lr=0.0001, noisy_ratio=0.2, noise_mode='sym', GPU=1, hard_weight=True, noisy_train=False, logging='wiki_ablation')
2025-06-19 17:52:20,785 - __main__ - INFO - ...Image to Text MAP = 0.46629576154168384
2025-06-19 17:52:20,901 - __main__ - INFO - ...Text to Image MAP = 0.4245931151645504
2025-06-19 17:52:20,902 - __main__ - INFO - ...Average MAP = 0.4454444383531171
2025-06-19 17:52:27,904 - __main__ - INFO - Noise ratio: 0.2
2025-06-19 17:52:27,915 - __main__ - INFO - Namespace(dataset='wiki', seed=8, alpha=3.0, lamda=0.0, margin=0.9, lambd=5, barycenter_number=1, top_k=10, warm_up_epoch=0, MAX_EPOCH=100, batch_size=256, output_dim=512, lr=0.0001, noisy_ratio=0.2, noise_mode='sym', GPU=1, hard_weight=True, noisy_train=True, logging='wiki_ablation')
2025-06-19 17:54:28,486 - __main__ - INFO - ...Image to Text MAP = 0.4063296028839676
2025-06-19 17:54:28,617 - __main__ - INFO - ...Text to Image MAP = 0.3842918830826541
2025-06-19 17:54:28,617 - __main__ - INFO - ...Average MAP = 0.3953107429833108
2025-06-19 17:54:34,908 - __main__ - INFO - Noise ratio: 0.2
2025-06-19 17:54:34,908 - __main__ - INFO - Namespace(dataset='wiki', seed=8, alpha=3.0, lamda=1, margin=0.9, lambd=5, barycenter_number=1, top_k=10, warm_up_epoch=0, MAX_EPOCH=100, batch_size=256, output_dim=512, lr=0.0001, noisy_ratio=0.2, noise_mode='sym', GPU=1, hard_weight=False, noisy_train=True, logging='wiki_ablation')
2025-06-19 17:56:46,455 - __main__ - INFO - ...Image to Text MAP = 0.48923106904054725
2025-06-19 17:56:46,666 - __main__ - INFO - ...Text to Image MAP = 0.4506227522826494
2025-06-19 17:56:46,667 - __main__ - INFO - ...Average MAP = 0.4699269106615983
2025-06-19 17:56:52,601 - __main__ - INFO - Noise ratio: 0.4
2025-06-19 17:56:52,603 - __main__ - INFO - Namespace(dataset='wiki', seed=8, alpha=3.0, lamda=1, margin=0.9, lambd=5, barycenter_number=1, top_k=10, warm_up_epoch=0, MAX_EPOCH=100, batch_size=256, output_dim=512, lr=0.0001, noisy_ratio=0.4, noise_mode='sym', GPU=1, hard_weight=True, noisy_train=True, logging='wiki_ablation')
2025-06-19 17:58:54,538 - __main__ - INFO - ...Image to Text MAP = 0.4519987165495468
2025-06-19 17:58:54,680 - __main__ - INFO - ...Text to Image MAP = 0.4299152869467315
2025-06-19 17:58:54,681 - __main__ - INFO - ...Average MAP = 0.4409570017481391
2025-06-19 17:59:00,941 - __main__ - INFO - Noise ratio: 0.4
2025-06-19 17:59:00,943 - __main__ - INFO - Namespace(dataset='wiki', seed=8, alpha=0.0, lamda=1, margin=0.9, lambd=5, barycenter_number=1, top_k=10, warm_up_epoch=0, MAX_EPOCH=100, batch_size=256, output_dim=512, lr=0.0001, noisy_ratio=0.4, noise_mode='sym', GPU=1, hard_weight=True, noisy_train=True, logging='wiki_ablation')
2025-06-19 18:01:27,506 - __main__ - INFO - ...Image to Text MAP = 0.2919887073139626
2025-06-19 18:01:27,590 - __main__ - INFO - ...Text to Image MAP = 0.29840554484602116
2025-06-19 18:01:27,590 - __main__ - INFO - ...Average MAP = 0.2951971260799919
2025-06-19 18:01:34,336 - __main__ - INFO - Noise ratio: 0.4
2025-06-19 18:01:34,337 - __main__ - INFO - Namespace(dataset='wiki', seed=8, alpha=3.0, lamda=1, margin=0.9, lambd=5, barycenter_number=1, top_k=10, warm_up_epoch=0, MAX_EPOCH=100, batch_size=256, output_dim=512, lr=0.0001, noisy_ratio=0.4, noise_mode='sym', GPU=1, hard_weight=True, noisy_train=False, logging='wiki_ablation')
2025-06-19 18:03:41,756 - __main__ - INFO - ...Image to Text MAP = 0.3965257359476883
2025-06-19 18:03:41,856 - __main__ - INFO - ...Text to Image MAP = 0.3737429985107532
2025-06-19 18:03:41,857 - __main__ - INFO - ...Average MAP = 0.3851343672292208
2025-06-19 18:03:48,309 - __main__ - INFO - Noise ratio: 0.4
2025-06-19 18:03:48,309 - __main__ - INFO - Namespace(dataset='wiki', seed=8, alpha=3.0, lamda=0.0, margin=0.9, lambd=5, barycenter_number=1, top_k=10, warm_up_epoch=0, MAX_EPOCH=100, batch_size=256, output_dim=512, lr=0.0001, noisy_ratio=0.4, noise_mode='sym', GPU=1, hard_weight=True, noisy_train=True, logging='wiki_ablation')
2025-06-19 18:05:59,225 - __main__ - INFO - ...Image to Text MAP = 0.4200143959674723
2025-06-19 18:05:59,415 - __main__ - INFO - ...Text to Image MAP = 0.4029055591420001
2025-06-19 18:05:59,416 - __main__ - INFO - ...Average MAP = 0.4114599775547362
2025-06-19 18:06:05,978 - __main__ - INFO - Noise ratio: 0.4
2025-06-19 18:06:05,978 - __main__ - INFO - Namespace(dataset='wiki', seed=8, alpha=3.0, lamda=1, margin=0.9, lambd=5, barycenter_number=1, top_k=10, warm_up_epoch=0, MAX_EPOCH=100, batch_size=256, output_dim=512, lr=0.0001, noisy_ratio=0.4, noise_mode='sym', GPU=1, hard_weight=False, noisy_train=True, logging='wiki_ablation')
2025-06-19 18:08:16,648 - __main__ - INFO - ...Image to Text MAP = 0.45428902469470595
2025-06-19 18:08:16,770 - __main__ - INFO - ...Text to Image MAP = 0.4381367487149869
2025-06-19 18:08:16,771 - __main__ - INFO - ...Average MAP = 0.44621288670484643
2025-06-19 18:08:24,543 - __main__ - INFO - Noise ratio: 0.6
2025-06-19 18:08:24,547 - __main__ - INFO - Namespace(dataset='wiki', seed=8, alpha=3.0, lamda=1, margin=0.9, lambd=5, barycenter_number=1, top_k=10, warm_up_epoch=0, MAX_EPOCH=100, batch_size=256, output_dim=512, lr=0.0001, noisy_ratio=0.6, noise_mode='sym', GPU=1, hard_weight=True, noisy_train=True, logging='wiki_ablation')
2025-06-19 18:10:44,836 - __main__ - INFO - ...Image to Text MAP = 0.4309115173565702
2025-06-19 18:10:44,946 - __main__ - INFO - ...Text to Image MAP = 0.4124587523178868
2025-06-19 18:10:44,947 - __main__ - INFO - ...Average MAP = 0.42168513483722847
2025-06-19 18:10:52,182 - __main__ - INFO - Noise ratio: 0.6
2025-06-19 18:10:52,185 - __main__ - INFO - Namespace(dataset='wiki', seed=8, alpha=0.0, lamda=1, margin=0.9, lambd=5, barycenter_number=1, top_k=10, warm_up_epoch=0, MAX_EPOCH=100, batch_size=256, output_dim=512, lr=0.0001, noisy_ratio=0.6, noise_mode='sym', GPU=1, hard_weight=True, noisy_train=True, logging='wiki_ablation')
2025-06-19 18:12:51,549 - __main__ - INFO - ...Image to Text MAP = 0.22662866328462047
2025-06-19 18:12:51,650 - __main__ - INFO - ...Text to Image MAP = 0.24200335768117806
2025-06-19 18:12:51,650 - __main__ - INFO - ...Average MAP = 0.23431601048289927
2025-06-19 18:12:58,927 - __main__ - INFO - Noise ratio: 0.6
2025-06-19 18:12:58,927 - __main__ - INFO - Namespace(dataset='wiki', seed=8, alpha=3.0, lamda=1, margin=0.9, lambd=5, barycenter_number=1, top_k=10, warm_up_epoch=0, MAX_EPOCH=100, batch_size=256, output_dim=512, lr=0.0001, noisy_ratio=0.6, noise_mode='sym', GPU=1, hard_weight=True, noisy_train=False, logging='wiki_ablation')
2025-06-19 18:14:51,740 - __main__ - INFO - ...Image to Text MAP = 0.37550326025933733
2025-06-19 18:14:51,842 - __main__ - INFO - ...Text to Image MAP = 0.339316053411895
2025-06-19 18:14:51,843 - __main__ - INFO - ...Average MAP = 0.3574096568356162
2025-06-19 18:14:57,851 - __main__ - INFO - Noise ratio: 0.6
2025-06-19 18:14:57,851 - __main__ - INFO - Namespace(dataset='wiki', seed=8, alpha=3.0, lamda=0.0, margin=0.9, lambd=5, barycenter_number=1, top_k=10, warm_up_epoch=0, MAX_EPOCH=100, batch_size=256, output_dim=512, lr=0.0001, noisy_ratio=0.6, noise_mode='sym', GPU=1, hard_weight=True, noisy_train=True, logging='wiki_ablation')
2025-06-19 18:17:06,340 - __main__ - INFO - ...Image to Text MAP = 0.4182809242090552
2025-06-19 18:17:06,435 - __main__ - INFO - ...Text to Image MAP = 0.3994235239032117
2025-06-19 18:17:06,435 - __main__ - INFO - ...Average MAP = 0.4088522240561334
2025-06-19 18:17:12,161 - __main__ - INFO - Noise ratio: 0.6
2025-06-19 18:17:12,161 - __main__ - INFO - Namespace(dataset='wiki', seed=8, alpha=3.0, lamda=1, margin=0.9, lambd=5, barycenter_number=1, top_k=10, warm_up_epoch=0, MAX_EPOCH=100, batch_size=256, output_dim=512, lr=0.0001, noisy_ratio=0.6, noise_mode='sym', GPU=1, hard_weight=False, noisy_train=True, logging='wiki_ablation')
2025-06-19 18:19:07,112 - __main__ - INFO - ...Image to Text MAP = 0.44249607339927505
2025-06-19 18:19:07,208 - __main__ - INFO - ...Text to Image MAP = 0.4247548043205304
2025-06-19 18:19:07,209 - __main__ - INFO - ...Average MAP = 0.43362543885990273
2025-06-19 18:19:12,030 - __main__ - INFO - Noise ratio: 0.8
2025-06-19 18:19:12,032 - __main__ - INFO - Namespace(dataset='wiki', seed=8, alpha=3.0, lamda=1, margin=0.9, lambd=5, barycenter_number=1, top_k=10, warm_up_epoch=0, MAX_EPOCH=100, batch_size=256, output_dim=512, lr=0.0001, noisy_ratio=0.8, noise_mode='sym', GPU=1, hard_weight=True, noisy_train=True, logging='wiki_ablation')
2025-06-19 18:21:40,125 - __main__ - INFO - ...Image to Text MAP = 0.42578380664320015
2025-06-19 18:21:40,279 - __main__ - INFO - ...Text to Image MAP = 0.40983897053182844
2025-06-19 18:21:40,284 - __main__ - INFO - ...Average MAP = 0.4178113885875143
2025-06-19 18:21:46,478 - __main__ - INFO - Noise ratio: 0.8
2025-06-19 18:21:46,480 - __main__ - INFO - Namespace(dataset='wiki', seed=8, alpha=0.0, lamda=1, margin=0.9, lambd=5, barycenter_number=1, top_k=10, warm_up_epoch=0, MAX_EPOCH=100, batch_size=256, output_dim=512, lr=0.0001, noisy_ratio=0.8, noise_mode='sym', GPU=1, hard_weight=True, noisy_train=True, logging='wiki_ablation')
2025-06-19 18:24:12,416 - __main__ - INFO - ...Image to Text MAP = 0.16425327156251138
2025-06-19 18:24:12,535 - __main__ - INFO - ...Text to Image MAP = 0.17964750361265563
2025-06-19 18:24:12,536 - __main__ - INFO - ...Average MAP = 0.17195038758758352
2025-06-19 18:24:18,901 - __main__ - INFO - Noise ratio: 0.8
2025-06-19 18:24:18,901 - __main__ - INFO - Namespace(dataset='wiki', seed=8, alpha=3.0, lamda=1, margin=0.9, lambd=5, barycenter_number=1, top_k=10, warm_up_epoch=0, MAX_EPOCH=100, batch_size=256, output_dim=512, lr=0.0001, noisy_ratio=0.8, noise_mode='sym', GPU=1, hard_weight=True, noisy_train=False, logging='wiki_ablation')
2025-06-19 18:25:41,899 - __main__ - INFO - ...Image to Text MAP = 0.36987286209510906
2025-06-19 18:25:41,980 - __main__ - INFO - ...Text to Image MAP = 0.34896860320396894
2025-06-19 18:25:41,980 - __main__ - INFO - ...Average MAP = 0.359420732649539
2025-06-19 18:25:47,544 - __main__ - INFO - Noise ratio: 0.8
2025-06-19 18:25:47,544 - __main__ - INFO - Namespace(dataset='wiki', seed=8, alpha=3.0, lamda=0.0, margin=0.9, lambd=5, barycenter_number=1, top_k=10, warm_up_epoch=0, MAX_EPOCH=100, batch_size=256, output_dim=512, lr=0.0001, noisy_ratio=0.8, noise_mode='sym', GPU=1, hard_weight=True, noisy_train=True, logging='wiki_ablation')
2025-06-19 18:25:59,236 - __main__ - INFO - Noise ratio: 0.8
2025-06-19 18:25:59,238 - __main__ - INFO - Namespace(dataset='wiki', seed=8, alpha=3.0, lamda=1, margin=0.9, lambd=5, barycenter_number=1, top_k=10, warm_up_epoch=0, MAX_EPOCH=100, batch_size=256, output_dim=512, lr=0.0001, noisy_ratio=0.8, noise_mode='sym', GPU=1, hard_weight=False, noisy_train=True, logging='wiki_ablation')
2025-06-19 18:27:55,394 - __main__ - INFO - ...Image to Text MAP = 0.42139448497296755
2025-06-19 18:27:55,490 - __main__ - INFO - ...Text to Image MAP = 0.40815417301298845
2025-06-19 18:27:55,491 - __main__ - INFO - ...Average MAP = 0.414774328992978
2025-06-19 18:28:01,757 - __main__ - INFO - Noise ratio: 0.2
2025-06-19 18:28:01,758 - __main__ - INFO - Namespace(dataset='wiki', seed=9, alpha=0.7, lamda=1, margin=0.9, lambd=5, barycenter_number=1, top_k=10, warm_up_epoch=0, MAX_EPOCH=100, batch_size=256, output_dim=512, lr=0.0001, noisy_ratio=0.2, noise_mode='sym', GPU=1, hard_weight=True, noisy_train=True, logging='wiki_ablation')
2025-06-19 18:30:37,308 - __main__ - INFO - ...Image to Text MAP = 0.5066137775554467
2025-06-19 18:30:37,405 - __main__ - INFO - ...Text to Image MAP = 0.450224512923575
2025-06-19 18:30:37,406 - __main__ - INFO - ...Average MAP = 0.47841914523951085
2025-06-19 18:30:44,825 - __main__ - INFO - Noise ratio: 0.2
2025-06-19 18:30:44,827 - __main__ - INFO - Namespace(dataset='wiki', seed=9, alpha=0.0, lamda=1, margin=0.9, lambd=5, barycenter_number=1, top_k=10, warm_up_epoch=0, MAX_EPOCH=100, batch_size=256, output_dim=512, lr=0.0001, noisy_ratio=0.2, noise_mode='sym', GPU=1, hard_weight=True, noisy_train=True, logging='wiki_ablation')
2025-06-19 18:33:08,750 - __main__ - INFO - ...Image to Text MAP = 0.43597991622700755
2025-06-19 18:33:08,832 - __main__ - INFO - ...Text to Image MAP = 0.35923280128451146
2025-06-19 18:33:08,832 - __main__ - INFO - ...Average MAP = 0.3976063587557595
2025-06-19 18:33:15,162 - __main__ - INFO - Noise ratio: 0.2
2025-06-19 18:33:15,162 - __main__ - INFO - Namespace(dataset='wiki', seed=9, alpha=0.7, lamda=1, margin=0.9, lambd=5, barycenter_number=1, top_k=10, warm_up_epoch=0, MAX_EPOCH=100, batch_size=256, output_dim=512, lr=0.0001, noisy_ratio=0.2, noise_mode='sym', GPU=1, hard_weight=True, noisy_train=False, logging='wiki_ablation')
2025-06-19 18:35:47,386 - __main__ - INFO - ...Image to Text MAP = 0.5141550202038876
2025-06-19 18:35:47,523 - __main__ - INFO - ...Text to Image MAP = 0.4646230790642741
2025-06-19 18:35:47,579 - __main__ - INFO - ...Average MAP = 0.4893890496340808
2025-06-19 18:36:04,168 - __main__ - INFO - Noise ratio: 0.2
2025-06-19 18:36:04,174 - __main__ - INFO - Namespace(dataset='wiki', seed=9, alpha=0.7, lamda=0.0, margin=0.9, lambd=5, barycenter_number=1, top_k=10, warm_up_epoch=0, MAX_EPOCH=100, batch_size=256, output_dim=512, lr=0.0001, noisy_ratio=0.2, noise_mode='sym', GPU=1, hard_weight=True, noisy_train=True, logging='wiki_ablation')
2025-06-19 18:39:03,668 - __main__ - INFO - ...Image to Text MAP = 0.408278392354408
2025-06-19 18:39:03,766 - __main__ - INFO - ...Text to Image MAP = 0.3869462498756603
2025-06-19 18:39:03,766 - __main__ - INFO - ...Average MAP = 0.39761232111503414
2025-06-19 18:39:13,103 - __main__ - INFO - Noise ratio: 0.2
2025-06-19 18:39:13,103 - __main__ - INFO - Namespace(dataset='wiki', seed=9, alpha=0.7, lamda=1, margin=0.9, lambd=5, barycenter_number=1, top_k=10, warm_up_epoch=0, MAX_EPOCH=100, batch_size=256, output_dim=512, lr=0.0001, noisy_ratio=0.2, noise_mode='sym', GPU=1, hard_weight=False, noisy_train=True, logging='wiki_ablation')
2025-06-19 18:42:05,432 - __main__ - INFO - ...Image to Text MAP = 0.5121687294294125
2025-06-19 18:42:05,536 - __main__ - INFO - ...Text to Image MAP = 0.4601538887264411
2025-06-19 18:42:05,537 - __main__ - INFO - ...Average MAP = 0.48616130907792676
2025-06-19 18:42:15,213 - __main__ - INFO - Noise ratio: 0.4
2025-06-19 18:42:15,216 - __main__ - INFO - Namespace(dataset='wiki', seed=9, alpha=0.7, lamda=1, margin=0.9, lambd=5, barycenter_number=1, top_k=10, warm_up_epoch=0, MAX_EPOCH=100, batch_size=256, output_dim=512, lr=0.0001, noisy_ratio=0.4, noise_mode='sym', GPU=1, hard_weight=True, noisy_train=True, logging='wiki_ablation')
2025-06-19 18:45:46,276 - __main__ - INFO - ...Image to Text MAP = 0.4930491769067515
2025-06-19 18:45:46,391 - __main__ - INFO - ...Text to Image MAP = 0.44708549899542266
2025-06-19 18:45:46,397 - __main__ - INFO - ...Average MAP = 0.47006733795108707
2025-06-19 18:45:59,045 - __main__ - INFO - Noise ratio: 0.4
2025-06-19 18:45:59,048 - __main__ - INFO - Namespace(dataset='wiki', seed=9, alpha=0.0, lamda=1, margin=0.9, lambd=5, barycenter_number=1, top_k=10, warm_up_epoch=0, MAX_EPOCH=100, batch_size=256, output_dim=512, lr=0.0001, noisy_ratio=0.4, noise_mode='sym', GPU=1, hard_weight=True, noisy_train=True, logging='wiki_ablation')
2025-06-19 18:48:28,317 - __main__ - INFO - ...Image to Text MAP = 0.27932168089426984
2025-06-19 18:48:28,414 - __main__ - INFO - ...Text to Image MAP = 0.3118813392499148
2025-06-19 18:48:28,414 - __main__ - INFO - ...Average MAP = 0.29560151007209234
2025-06-19 18:48:35,385 - __main__ - INFO - Noise ratio: 0.4
2025-06-19 18:48:35,386 - __main__ - INFO - Namespace(dataset='wiki', seed=9, alpha=0.7, lamda=1, margin=0.9, lambd=5, barycenter_number=1, top_k=10, warm_up_epoch=0, MAX_EPOCH=100, batch_size=256, output_dim=512, lr=0.0001, noisy_ratio=0.4, noise_mode='sym', GPU=1, hard_weight=True, noisy_train=False, logging='wiki_ablation')
2025-06-19 18:51:17,064 - __main__ - INFO - ...Image to Text MAP = 0.5016964057177303
2025-06-19 18:51:17,174 - __main__ - INFO - ...Text to Image MAP = 0.45318711089787467
2025-06-19 18:51:17,178 - __main__ - INFO - ...Average MAP = 0.4774417583078025
2025-06-19 18:51:26,193 - __main__ - INFO - Noise ratio: 0.4
2025-06-19 18:51:26,193 - __main__ - INFO - Namespace(dataset='wiki', seed=9, alpha=0.7, lamda=0.0, margin=0.9, lambd=5, barycenter_number=1, top_k=10, warm_up_epoch=0, MAX_EPOCH=100, batch_size=256, output_dim=512, lr=0.0001, noisy_ratio=0.4, noise_mode='sym', GPU=1, hard_weight=True, noisy_train=True, logging='wiki_ablation')
2025-06-19 18:53:57,091 - __main__ - INFO - ...Image to Text MAP = 0.4167090888020581
2025-06-19 18:53:57,186 - __main__ - INFO - ...Text to Image MAP = 0.3947371113810931
2025-06-19 18:53:57,186 - __main__ - INFO - ...Average MAP = 0.4057231000915756
2025-06-19 18:54:02,716 - __main__ - INFO - Noise ratio: 0.4
2025-06-19 18:54:02,716 - __main__ - INFO - Namespace(dataset='wiki', seed=9, alpha=0.7, lamda=1, margin=0.9, lambd=5, barycenter_number=1, top_k=10, warm_up_epoch=0, MAX_EPOCH=100, batch_size=256, output_dim=512, lr=0.0001, noisy_ratio=0.4, noise_mode='sym', GPU=1, hard_weight=False, noisy_train=True, logging='wiki_ablation')
2025-06-19 18:56:52,948 - __main__ - INFO - ...Image to Text MAP = 0.5044112664011186
2025-06-19 18:56:53,047 - __main__ - INFO - ...Text to Image MAP = 0.45721000754346464
2025-06-19 18:56:53,051 - __main__ - INFO - ...Average MAP = 0.4808106369722916
2025-06-19 18:57:01,768 - __main__ - INFO - Noise ratio: 0.6
2025-06-19 18:57:01,771 - __main__ - INFO - Namespace(dataset='wiki', seed=9, alpha=0.7, lamda=1, margin=0.9, lambd=5, barycenter_number=1, top_k=10, warm_up_epoch=0, MAX_EPOCH=100, batch_size=256, output_dim=512, lr=0.0001, noisy_ratio=0.6, noise_mode='sym', GPU=1, hard_weight=True, noisy_train=True, logging='wiki_ablation')
2025-06-19 18:59:26,540 - __main__ - INFO - ...Image to Text MAP = 0.4977748998439555
2025-06-19 18:59:26,637 - __main__ - INFO - ...Text to Image MAP = 0.45144920867880445
2025-06-19 18:59:26,638 - __main__ - INFO - ...Average MAP = 0.47461205426138
2025-06-19 18:59:35,106 - __main__ - INFO - Noise ratio: 0.6
2025-06-19 18:59:35,108 - __main__ - INFO - Namespace(dataset='wiki', seed=9, alpha=0.0, lamda=1, margin=0.9, lambd=5, barycenter_number=1, top_k=10, warm_up_epoch=0, MAX_EPOCH=100, batch_size=256, output_dim=512, lr=0.0001, noisy_ratio=0.6, noise_mode='sym', GPU=1, hard_weight=True, noisy_train=True, logging='wiki_ablation')
2025-06-19 19:02:56,174 - __main__ - INFO - ...Image to Text MAP = 0.2562607896587487
2025-06-19 19:02:56,271 - __main__ - INFO - ...Text to Image MAP = 0.23412413102257604
2025-06-19 19:02:56,272 - __main__ - INFO - ...Average MAP = 0.2451924603406624
2025-06-19 19:03:06,375 - __main__ - INFO - Noise ratio: 0.6
2025-06-19 19:03:06,376 - __main__ - INFO - Namespace(dataset='wiki', seed=9, alpha=0.7, lamda=1, margin=0.9, lambd=5, barycenter_number=1, top_k=10, warm_up_epoch=0, MAX_EPOCH=100, batch_size=256, output_dim=512, lr=0.0001, noisy_ratio=0.6, noise_mode='sym', GPU=1, hard_weight=True, noisy_train=False, logging='wiki_ablation')
2025-06-19 19:06:06,385 - __main__ - INFO - ...Image to Text MAP = 0.47435359126523635
2025-06-19 19:06:06,487 - __main__ - INFO - ...Text to Image MAP = 0.4255294141312925
2025-06-19 19:06:06,488 - __main__ - INFO - ...Average MAP = 0.44994150269826444
2025-06-19 19:06:15,970 - __main__ - INFO - Noise ratio: 0.6
2025-06-19 19:06:15,977 - __main__ - INFO - Namespace(dataset='wiki', seed=9, alpha=0.7, lamda=0.0, margin=0.9, lambd=5, barycenter_number=1, top_k=10, warm_up_epoch=0, MAX_EPOCH=100, batch_size=256, output_dim=512, lr=0.0001, noisy_ratio=0.6, noise_mode='sym', GPU=1, hard_weight=True, noisy_train=True, logging='wiki_ablation')
2025-06-19 19:09:49,564 - __main__ - INFO - ...Image to Text MAP = 0.4127881888862054
2025-06-19 19:09:49,793 - __main__ - INFO - ...Text to Image MAP = 0.3983488796748462
2025-06-19 19:09:49,794 - __main__ - INFO - ...Average MAP = 0.4055685342805258
2025-06-19 19:09:59,901 - __main__ - INFO - Noise ratio: 0.6
2025-06-19 19:09:59,901 - __main__ - INFO - Namespace(dataset='wiki', seed=9, alpha=0.7, lamda=1, margin=0.9, lambd=5, barycenter_number=1, top_k=10, warm_up_epoch=0, MAX_EPOCH=100, batch_size=256, output_dim=512, lr=0.0001, noisy_ratio=0.6, noise_mode='sym', GPU=1, hard_weight=False, noisy_train=True, logging='wiki_ablation')
2025-06-19 19:13:12,434 - __main__ - INFO - ...Image to Text MAP = 0.4901403514011083
2025-06-19 19:13:12,548 - __main__ - INFO - ...Text to Image MAP = 0.455531286668976
2025-06-19 19:13:12,552 - __main__ - INFO - ...Average MAP = 0.4728358190350421
2025-06-19 19:13:37,751 - __main__ - INFO - Noise ratio: 0.8
2025-06-19 19:13:37,757 - __main__ - INFO - Namespace(dataset='wiki', seed=9, alpha=0.7, lamda=1, margin=0.9, lambd=5, barycenter_number=1, top_k=10, warm_up_epoch=0, MAX_EPOCH=100, batch_size=256, output_dim=512, lr=0.0001, noisy_ratio=0.8, noise_mode='sym', GPU=1, hard_weight=True, noisy_train=True, logging='wiki_ablation')
2025-06-19 19:17:01,241 - __main__ - INFO - ...Image to Text MAP = 0.4296371958489324
2025-06-19 19:17:01,327 - __main__ - INFO - ...Text to Image MAP = 0.41935640092290094
2025-06-19 19:17:01,328 - __main__ - INFO - ...Average MAP = 0.4244967983859167
2025-06-19 19:17:07,683 - __main__ - INFO - Noise ratio: 0.8
2025-06-19 19:17:07,686 - __main__ - INFO - Namespace(dataset='wiki', seed=9, alpha=0.0, lamda=1, margin=0.9, lambd=5, barycenter_number=1, top_k=10, warm_up_epoch=0, MAX_EPOCH=100, batch_size=256, output_dim=512, lr=0.0001, noisy_ratio=0.8, noise_mode='sym', GPU=1, hard_weight=True, noisy_train=True, logging='wiki_ablation')
2025-06-19 19:19:42,579 - __main__ - INFO - ...Image to Text MAP = 0.18730525232516
2025-06-19 19:19:42,681 - __main__ - INFO - ...Text to Image MAP = 0.16803037372602722
2025-06-19 19:19:42,681 - __main__ - INFO - ...Average MAP = 0.1776678130255936
2025-06-19 19:19:50,520 - __main__ - INFO - Noise ratio: 0.8
2025-06-19 19:19:50,522 - __main__ - INFO - Namespace(dataset='wiki', seed=9, alpha=0.7, lamda=1, margin=0.9, lambd=5, barycenter_number=1, top_k=10, warm_up_epoch=0, MAX_EPOCH=100, batch_size=256, output_dim=512, lr=0.0001, noisy_ratio=0.8, noise_mode='sym', GPU=1, hard_weight=True, noisy_train=False, logging='wiki_ablation')
2025-06-19 19:21:48,919 - __main__ - INFO - ...Image to Text MAP = 0.41094436731044554
2025-06-19 19:21:49,016 - __main__ - INFO - ...Text to Image MAP = 0.3996654751451872
2025-06-19 19:21:49,016 - __main__ - INFO - ...Average MAP = 0.40530492122781636
2025-06-19 19:21:56,945 - __main__ - INFO - Noise ratio: 0.8
2025-06-19 19:21:56,945 - __main__ - INFO - Namespace(dataset='wiki', seed=9, alpha=0.7, lamda=0.0, margin=0.9, lambd=5, barycenter_number=1, top_k=10, warm_up_epoch=0, MAX_EPOCH=100, batch_size=256, output_dim=512, lr=0.0001, noisy_ratio=0.8, noise_mode='sym', GPU=1, hard_weight=True, noisy_train=True, logging='wiki_ablation')
2025-06-19 19:25:09,695 - __main__ - INFO - ...Image to Text MAP = 0.41840129819657607
2025-06-19 19:25:09,786 - __main__ - INFO - ...Text to Image MAP = 0.40323687135095976
2025-06-19 19:25:09,789 - __main__ - INFO - ...Average MAP = 0.41081908477376794
2025-06-19 19:25:19,392 - __main__ - INFO - Noise ratio: 0.8
2025-06-19 19:25:19,393 - __main__ - INFO - Namespace(dataset='wiki', seed=9, alpha=0.7, lamda=1, margin=0.9, lambd=5, barycenter_number=1, top_k=10, warm_up_epoch=0, MAX_EPOCH=100, batch_size=256, output_dim=512, lr=0.0001, noisy_ratio=0.8, noise_mode='sym', GPU=1, hard_weight=False, noisy_train=True, logging='wiki_ablation')
2025-06-19 19:28:33,298 - __main__ - INFO - ...Image to Text MAP = 0.4468560190383106
2025-06-19 19:28:33,422 - __main__ - INFO - ...Text to Image MAP = 0.4270192207328664
2025-06-19 19:28:33,434 - __main__ - INFO - ...Average MAP = 0.43693761988558855
2025-06-19 19:28:43,212 - __main__ - INFO - Noise ratio: 0.2
2025-06-19 19:28:43,213 - __main__ - INFO - Namespace(dataset='wiki', seed=9, alpha=0.8, lamda=1, margin=0.9, lambd=5, barycenter_number=1, top_k=10, warm_up_epoch=0, MAX_EPOCH=100, batch_size=256, output_dim=512, lr=0.0001, noisy_ratio=0.2, noise_mode='sym', GPU=1, hard_weight=True, noisy_train=True, logging='wiki_ablation')
2025-06-19 19:32:25,502 - __main__ - INFO - ...Image to Text MAP = 0.5032685310279248
2025-06-19 19:32:25,609 - __main__ - INFO - ...Text to Image MAP = 0.45998532849351453
2025-06-19 19:32:25,609 - __main__ - INFO - ...Average MAP = 0.48162692976071964
2025-06-19 19:32:34,091 - __main__ - INFO - Noise ratio: 0.2
2025-06-19 19:32:34,094 - __main__ - INFO - Namespace(dataset='wiki', seed=9, alpha=0.0, lamda=1, margin=0.9, lambd=5, barycenter_number=1, top_k=10, warm_up_epoch=0, MAX_EPOCH=100, batch_size=256, output_dim=512, lr=0.0001, noisy_ratio=0.2, noise_mode='sym', GPU=1, hard_weight=True, noisy_train=True, logging='wiki_ablation')
2025-06-19 19:35:07,384 - __main__ - INFO - ...Image to Text MAP = 0.43597991622700755
2025-06-19 19:35:07,482 - __main__ - INFO - ...Text to Image MAP = 0.35923280128451146
2025-06-19 19:35:07,482 - __main__ - INFO - ...Average MAP = 0.3976063587557595
2025-06-19 19:35:15,052 - __main__ - INFO - Noise ratio: 0.2
2025-06-19 19:35:15,053 - __main__ - INFO - Namespace(dataset='wiki', seed=9, alpha=0.8, lamda=1, margin=0.9, lambd=5, barycenter_number=1, top_k=10, warm_up_epoch=0, MAX_EPOCH=100, batch_size=256, output_dim=512, lr=0.0001, noisy_ratio=0.2, noise_mode='sym', GPU=1, hard_weight=True, noisy_train=False, logging='wiki_ablation')
2025-06-19 19:38:22,490 - __main__ - INFO - ...Image to Text MAP = 0.5191949077871866
2025-06-19 19:38:22,601 - __main__ - INFO - ...Text to Image MAP = 0.4680182822283268
2025-06-19 19:38:22,602 - __main__ - INFO - ...Average MAP = 0.4936065950077567
2025-06-19 19:38:31,143 - __main__ - INFO - Noise ratio: 0.2
2025-06-19 19:38:31,145 - __main__ - INFO - Namespace(dataset='wiki', seed=9, alpha=0.8, lamda=0.0, margin=0.9, lambd=5, barycenter_number=1, top_k=10, warm_up_epoch=0, MAX_EPOCH=100, batch_size=256, output_dim=512, lr=0.0001, noisy_ratio=0.2, noise_mode='sym', GPU=1, hard_weight=True, noisy_train=True, logging='wiki_ablation')
2025-06-19 19:40:54,314 - __main__ - INFO - ...Image to Text MAP = 0.405068560839495
2025-06-19 19:40:54,417 - __main__ - INFO - ...Text to Image MAP = 0.389644391313501
2025-06-19 19:40:54,417 - __main__ - INFO - ...Average MAP = 0.397356476076498
2025-06-19 19:41:07,692 - __main__ - INFO - Noise ratio: 0.2
2025-06-19 19:41:07,693 - __main__ - INFO - Namespace(dataset='wiki', seed=9, alpha=0.8, lamda=1, margin=0.9, lambd=5, barycenter_number=1, top_k=10, warm_up_epoch=0, MAX_EPOCH=100, batch_size=256, output_dim=512, lr=0.0001, noisy_ratio=0.2, noise_mode='sym', GPU=1, hard_weight=False, noisy_train=True, logging='wiki_ablation')
2025-06-19 19:44:33,930 - __main__ - INFO - ...Image to Text MAP = 0.5267853037252246
2025-06-19 19:44:34,028 - __main__ - INFO - ...Text to Image MAP = 0.4688048954184535
2025-06-19 19:44:34,029 - __main__ - INFO - ...Average MAP = 0.49779509957183904
2025-06-19 19:44:49,067 - __main__ - INFO - Noise ratio: 0.4
2025-06-19 19:44:49,070 - __main__ - INFO - Namespace(dataset='wiki', seed=9, alpha=0.8, lamda=1, margin=0.9, lambd=5, barycenter_number=1, top_k=10, warm_up_epoch=0, MAX_EPOCH=100, batch_size=256, output_dim=512, lr=0.0001, noisy_ratio=0.4, noise_mode='sym', GPU=1, hard_weight=True, noisy_train=True, logging='wiki_ablation')
2025-06-19 19:48:21,961 - __main__ - INFO - ...Image to Text MAP = 0.5110745106929329
2025-06-19 19:48:22,355 - __main__ - INFO - ...Text to Image MAP = 0.46573187721588966
2025-06-19 19:48:22,712 - __main__ - INFO - ...Average MAP = 0.48840319395441123
2025-06-19 19:48:37,442 - __main__ - INFO - Noise ratio: 0.4
2025-06-19 19:48:37,445 - __main__ - INFO - Namespace(dataset='wiki', seed=9, alpha=0.0, lamda=1, margin=0.9, lambd=5, barycenter_number=1, top_k=10, warm_up_epoch=0, MAX_EPOCH=100, batch_size=256, output_dim=512, lr=0.0001, noisy_ratio=0.4, noise_mode='sym', GPU=1, hard_weight=True, noisy_train=True, logging='wiki_ablation')
2025-06-19 19:51:34,288 - __main__ - INFO - ...Image to Text MAP = 0.27932168089426984
2025-06-19 19:51:34,753 - __main__ - INFO - ...Text to Image MAP = 0.3118813392499148
2025-06-19 19:51:34,777 - __main__ - INFO - ...Average MAP = 0.29560151007209234
2025-06-19 19:51:49,161 - __main__ - INFO - Noise ratio: 0.4
2025-06-19 19:51:49,161 - __main__ - INFO - Namespace(dataset='wiki', seed=9, alpha=0.8, lamda=1, margin=0.9, lambd=5, barycenter_number=1, top_k=10, warm_up_epoch=0, MAX_EPOCH=100, batch_size=256, output_dim=512, lr=0.0001, noisy_ratio=0.4, noise_mode='sym', GPU=1, hard_weight=True, noisy_train=False, logging='wiki_ablation')
2025-06-19 19:54:01,756 - __main__ - INFO - ...Image to Text MAP = 0.4995612479621434
2025-06-19 19:54:01,852 - __main__ - INFO - ...Text to Image MAP = 0.4561285787310408
2025-06-19 19:54:01,852 - __main__ - INFO - ...Average MAP = 0.47784491334659207
2025-06-19 19:54:16,831 - __main__ - INFO - Noise ratio: 0.4
2025-06-19 19:54:16,832 - __main__ - INFO - Namespace(dataset='wiki', seed=9, alpha=0.8, lamda=0.0, margin=0.9, lambd=5, barycenter_number=1, top_k=10, warm_up_epoch=0, MAX_EPOCH=100, batch_size=256, output_dim=512, lr=0.0001, noisy_ratio=0.4, noise_mode='sym', GPU=1, hard_weight=True, noisy_train=True, logging='wiki_ablation')
2025-06-19 19:57:23,617 - __main__ - INFO - ...Image to Text MAP = 0.4138998931752801
2025-06-19 19:57:23,715 - __main__ - INFO - ...Text to Image MAP = 0.39197748340308314
2025-06-19 19:57:23,715 - __main__ - INFO - ...Average MAP = 0.4029386882891816
2025-06-19 19:57:36,230 - __main__ - INFO - Noise ratio: 0.4
2025-06-19 19:57:36,231 - __main__ - INFO - Namespace(dataset='wiki', seed=9, alpha=0.8, lamda=1, margin=0.9, lambd=5, barycenter_number=1, top_k=10, warm_up_epoch=0, MAX_EPOCH=100, batch_size=256, output_dim=512, lr=0.0001, noisy_ratio=0.4, noise_mode='sym', GPU=1, hard_weight=False, noisy_train=True, logging='wiki_ablation')
2025-06-19 20:00:26,515 - __main__ - INFO - ...Image to Text MAP = 0.4914229745778981
2025-06-19 20:00:26,624 - __main__ - INFO - ...Text to Image MAP = 0.44592785289509385
2025-06-19 20:00:26,631 - __main__ - INFO - ...Average MAP = 0.46867541373649596
2025-06-19 20:00:47,034 - __main__ - INFO - Noise ratio: 0.6
2025-06-19 20:00:47,050 - __main__ - INFO - Namespace(dataset='wiki', seed=9, alpha=0.8, lamda=1, margin=0.9, lambd=5, barycenter_number=1, top_k=10, warm_up_epoch=0, MAX_EPOCH=100, batch_size=256, output_dim=512, lr=0.0001, noisy_ratio=0.6, noise_mode='sym', GPU=1, hard_weight=True, noisy_train=True, logging='wiki_ablation')
2025-06-19 20:03:34,982 - __main__ - INFO - ...Image to Text MAP = 0.4917658452878441
2025-06-19 20:03:35,136 - __main__ - INFO - ...Text to Image MAP = 0.45319274909358637
2025-06-19 20:03:35,143 - __main__ - INFO - ...Average MAP = 0.47247929719071524
2025-06-19 20:03:52,993 - __main__ - INFO - Noise ratio: 0.6
2025-06-19 20:03:52,997 - __main__ - INFO - Namespace(dataset='wiki', seed=9, alpha=0.0, lamda=1, margin=0.9, lambd=5, barycenter_number=1, top_k=10, warm_up_epoch=0, MAX_EPOCH=100, batch_size=256, output_dim=512, lr=0.0001, noisy_ratio=0.6, noise_mode='sym', GPU=1, hard_weight=True, noisy_train=True, logging='wiki_ablation')
2025-06-19 20:06:21,031 - __main__ - INFO - ...Image to Text MAP = 0.2562607896587487
2025-06-19 20:06:21,133 - __main__ - INFO - ...Text to Image MAP = 0.23412413102257604
2025-06-19 20:06:21,134 - __main__ - INFO - ...Average MAP = 0.2451924603406624
2025-06-19 20:06:29,003 - __main__ - INFO - Noise ratio: 0.6
2025-06-19 20:06:29,004 - __main__ - INFO - Namespace(dataset='wiki', seed=9, alpha=0.8, lamda=1, margin=0.9, lambd=5, barycenter_number=1, top_k=10, warm_up_epoch=0, MAX_EPOCH=100, batch_size=256, output_dim=512, lr=0.0001, noisy_ratio=0.6, noise_mode='sym', GPU=1, hard_weight=True, noisy_train=False, logging='wiki_ablation')
2025-06-19 20:08:54,091 - __main__ - INFO - ...Image to Text MAP = 0.4827042253857418
2025-06-19 20:08:54,229 - __main__ - INFO - ...Text to Image MAP = 0.4290251866110869
2025-06-19 20:08:54,236 - __main__ - INFO - ...Average MAP = 0.45586470599841433
2025-06-19 20:09:02,159 - __main__ - INFO - Noise ratio: 0.6
2025-06-19 20:09:02,159 - __main__ - INFO - Namespace(dataset='wiki', seed=9, alpha=0.8, lamda=0.0, margin=0.9, lambd=5, barycenter_number=1, top_k=10, warm_up_epoch=0, MAX_EPOCH=100, batch_size=256, output_dim=512, lr=0.0001, noisy_ratio=0.6, noise_mode='sym', GPU=1, hard_weight=True, noisy_train=True, logging='wiki_ablation')
2025-06-19 20:12:45,430 - __main__ - INFO - ...Image to Text MAP = 0.4238464017953527
2025-06-19 20:12:45,535 - __main__ - INFO - ...Text to Image MAP = 0.3998304987888895
2025-06-19 20:12:45,535 - __main__ - INFO - ...Average MAP = 0.41183845029212107
2025-06-19 20:12:54,109 - __main__ - INFO - Noise ratio: 0.6
2025-06-19 20:12:54,109 - __main__ - INFO - Namespace(dataset='wiki', seed=9, alpha=0.8, lamda=1, margin=0.9, lambd=5, barycenter_number=1, top_k=10, warm_up_epoch=0, MAX_EPOCH=100, batch_size=256, output_dim=512, lr=0.0001, noisy_ratio=0.6, noise_mode='sym', GPU=1, hard_weight=False, noisy_train=True, logging='wiki_ablation')
2025-06-19 20:16:44,205 - __main__ - INFO - ...Image to Text MAP = 0.49301184535051557
2025-06-19 20:16:44,363 - __main__ - INFO - ...Text to Image MAP = 0.45854891864756325
2025-06-19 20:16:44,363 - __main__ - INFO - ...Average MAP = 0.4757803819990394
2025-06-19 20:16:51,777 - __main__ - INFO - Noise ratio: 0.8
2025-06-19 20:16:51,778 - __main__ - INFO - Namespace(dataset='wiki', seed=9, alpha=0.8, lamda=1, margin=0.9, lambd=5, barycenter_number=1, top_k=10, warm_up_epoch=0, MAX_EPOCH=100, batch_size=256, output_dim=512, lr=0.0001, noisy_ratio=0.8, noise_mode='sym', GPU=1, hard_weight=True, noisy_train=True, logging='wiki_ablation')
2025-06-19 20:20:16,293 - __main__ - INFO - ...Image to Text MAP = 0.43484731428831713
2025-06-19 20:20:16,392 - __main__ - INFO - ...Text to Image MAP = 0.42239307697406725
2025-06-19 20:20:16,393 - __main__ - INFO - ...Average MAP = 0.4286201956311922
2025-06-19 20:20:25,318 - __main__ - INFO - Noise ratio: 0.8
2025-06-19 20:20:25,320 - __main__ - INFO - Namespace(dataset='wiki', seed=9, alpha=0.0, lamda=1, margin=0.9, lambd=5, barycenter_number=1, top_k=10, warm_up_epoch=0, MAX_EPOCH=100, batch_size=256, output_dim=512, lr=0.0001, noisy_ratio=0.8, noise_mode='sym', GPU=1, hard_weight=True, noisy_train=True, logging='wiki_ablation')
2025-06-19 20:23:49,030 - __main__ - INFO - ...Image to Text MAP = 0.18730525232516
2025-06-19 20:23:49,139 - __main__ - INFO - ...Text to Image MAP = 0.16803037372602722
2025-06-19 20:23:49,140 - __main__ - INFO - ...Average MAP = 0.1776678130255936
2025-06-19 20:23:56,522 - __main__ - INFO - Noise ratio: 0.8
2025-06-19 20:23:56,522 - __main__ - INFO - Namespace(dataset='wiki', seed=9, alpha=0.8, lamda=1, margin=0.9, lambd=5, barycenter_number=1, top_k=10, warm_up_epoch=0, MAX_EPOCH=100, batch_size=256, output_dim=512, lr=0.0001, noisy_ratio=0.8, noise_mode='sym', GPU=1, hard_weight=True, noisy_train=False, logging='wiki_ablation')
2025-06-19 20:26:32,837 - __main__ - INFO - ...Image to Text MAP = 0.3952386183174388
2025-06-19 20:26:32,940 - __main__ - INFO - ...Text to Image MAP = 0.3810739807949581
2025-06-19 20:26:32,941 - __main__ - INFO - ...Average MAP = 0.38815629955619846
2025-06-19 20:26:42,308 - __main__ - INFO - Noise ratio: 0.8
2025-06-19 20:26:42,308 - __main__ - INFO - Namespace(dataset='wiki', seed=9, alpha=0.8, lamda=0.0, margin=0.9, lambd=5, barycenter_number=1, top_k=10, warm_up_epoch=0, MAX_EPOCH=100, batch_size=256, output_dim=512, lr=0.0001, noisy_ratio=0.8, noise_mode='sym', GPU=1, hard_weight=True, noisy_train=True, logging='wiki_ablation')
2025-06-19 20:30:17,251 - __main__ - INFO - ...Image to Text MAP = 0.4207242442991495
2025-06-19 20:30:17,368 - __main__ - INFO - ...Text to Image MAP = 0.40719442753952984
2025-06-19 20:30:17,369 - __main__ - INFO - ...Average MAP = 0.41395933591933964
2025-06-19 20:30:34,858 - __main__ - INFO - Noise ratio: 0.8
2025-06-19 20:30:34,858 - __main__ - INFO - Namespace(dataset='wiki', seed=9, alpha=0.8, lamda=1, margin=0.9, lambd=5, barycenter_number=1, top_k=10, warm_up_epoch=0, MAX_EPOCH=100, batch_size=256, output_dim=512, lr=0.0001, noisy_ratio=0.8, noise_mode='sym', GPU=1, hard_weight=False, noisy_train=True, logging='wiki_ablation')
2025-06-19 20:32:32,474 - __main__ - INFO - ...Image to Text MAP = 0.4469765078488281
2025-06-19 20:32:32,614 - __main__ - INFO - ...Text to Image MAP = 0.4311225848854713
2025-06-19 20:32:32,614 - __main__ - INFO - ...Average MAP = 0.43904954636714966
2025-06-19 20:33:01,609 - __main__ - INFO - Noise ratio: 0.2
2025-06-19 20:33:01,612 - __main__ - INFO - Namespace(dataset='wiki', seed=9, alpha=0.9, lamda=1, margin=0.9, lambd=5, barycenter_number=1, top_k=10, warm_up_epoch=0, MAX_EPOCH=100, batch_size=256, output_dim=512, lr=0.0001, noisy_ratio=0.2, noise_mode='sym', GPU=1, hard_weight=True, noisy_train=True, logging='wiki_ablation')
2025-06-19 20:35:17,509 - __main__ - INFO - ...Image to Text MAP = 0.5007809773630955
2025-06-19 20:35:17,623 - __main__ - INFO - ...Text to Image MAP = 0.44093463462442845
2025-06-19 20:35:17,715 - __main__ - INFO - ...Average MAP = 0.4708578059937619
2025-06-19 20:35:58,896 - __main__ - INFO - Noise ratio: 0.2
2025-06-19 20:35:58,898 - __main__ - INFO - Namespace(dataset='wiki', seed=9, alpha=0.0, lamda=1, margin=0.9, lambd=5, barycenter_number=1, top_k=10, warm_up_epoch=0, MAX_EPOCH=100, batch_size=256, output_dim=512, lr=0.0001, noisy_ratio=0.2, noise_mode='sym', GPU=1, hard_weight=True, noisy_train=True, logging='wiki_ablation')
2025-06-19 20:37:55,785 - __main__ - INFO - ...Image to Text MAP = 0.43597991622700755
2025-06-19 20:37:55,908 - __main__ - INFO - ...Text to Image MAP = 0.35923280128451146
2025-06-19 20:37:55,931 - __main__ - INFO - ...Average MAP = 0.3976063587557595
2025-06-19 20:38:58,439 - __main__ - INFO - Noise ratio: 0.2
2025-06-19 20:38:58,439 - __main__ - INFO - Namespace(dataset='wiki', seed=9, alpha=0.9, lamda=1, margin=0.9, lambd=5, barycenter_number=1, top_k=10, warm_up_epoch=0, MAX_EPOCH=100, batch_size=256, output_dim=512, lr=0.0001, noisy_ratio=0.2, noise_mode='sym', GPU=1, hard_weight=True, noisy_train=False, logging='wiki_ablation')
2025-06-19 20:40:26,456 - __main__ - INFO - ...Image to Text MAP = 0.5190719083582694
2025-06-19 20:40:26,653 - __main__ - INFO - ...Text to Image MAP = 0.47819980910994153
2025-06-19 20:40:26,779 - __main__ - INFO - ...Average MAP = 0.4986358587341055
2025-06-19 20:41:23,455 - __main__ - INFO - Noise ratio: 0.2
2025-06-19 20:41:23,455 - __main__ - INFO - Namespace(dataset='wiki', seed=9, alpha=0.9, lamda=0.0, margin=0.9, lambd=5, barycenter_number=1, top_k=10, warm_up_epoch=0, MAX_EPOCH=100, batch_size=256, output_dim=512, lr=0.0001, noisy_ratio=0.2, noise_mode='sym', GPU=1, hard_weight=True, noisy_train=True, logging='wiki_ablation')
2025-06-19 20:44:00,169 - __main__ - INFO - ...Image to Text MAP = 0.4093695563459195
2025-06-19 20:44:00,287 - __main__ - INFO - ...Text to Image MAP = 0.3890364621690454
2025-06-19 20:44:00,354 - __main__ - INFO - ...Average MAP = 0.3992030092574824
2025-06-19 20:44:47,780 - __main__ - INFO - Noise ratio: 0.2
2025-06-19 20:44:47,781 - __main__ - INFO - Namespace(dataset='wiki', seed=9, alpha=0.9, lamda=1, margin=0.9, lambd=5, barycenter_number=1, top_k=10, warm_up_epoch=0, MAX_EPOCH=100, batch_size=256, output_dim=512, lr=0.0001, noisy_ratio=0.2, noise_mode='sym', GPU=1, hard_weight=False, noisy_train=True, logging='wiki_ablation')
2025-06-19 20:47:48,012 - __main__ - INFO - ...Image to Text MAP = 0.4809838890157654
2025-06-19 20:47:48,111 - __main__ - INFO - ...Text to Image MAP = 0.44838776057324975
2025-06-19 20:47:48,111 - __main__ - INFO - ...Average MAP = 0.4646858247945076
2025-06-19 20:47:55,371 - __main__ - INFO - Noise ratio: 0.4
2025-06-19 20:47:55,373 - __main__ - INFO - Namespace(dataset='wiki', seed=9, alpha=0.9, lamda=1, margin=0.9, lambd=5, barycenter_number=1, top_k=10, warm_up_epoch=0, MAX_EPOCH=100, batch_size=256, output_dim=512, lr=0.0001, noisy_ratio=0.4, noise_mode='sym', GPU=1, hard_weight=True, noisy_train=True, logging='wiki_ablation')
2025-06-19 20:50:39,228 - __main__ - INFO - ...Image to Text MAP = 0.5091147287741328
2025-06-19 20:50:39,364 - __main__ - INFO - ...Text to Image MAP = 0.46675533825272353
2025-06-19 20:50:39,364 - __main__ - INFO - ...Average MAP = 0.48793503351342815
2025-06-19 20:50:50,543 - __main__ - INFO - Noise ratio: 0.4
2025-06-19 20:50:50,556 - __main__ - INFO - Namespace(dataset='wiki', seed=9, alpha=0.0, lamda=1, margin=0.9, lambd=5, barycenter_number=1, top_k=10, warm_up_epoch=0, MAX_EPOCH=100, batch_size=256, output_dim=512, lr=0.0001, noisy_ratio=0.4, noise_mode='sym', GPU=1, hard_weight=True, noisy_train=True, logging='wiki_ablation')
2025-06-19 20:54:21,036 - __main__ - INFO - ...Image to Text MAP = 0.27932168089426984
2025-06-19 20:54:21,144 - __main__ - INFO - ...Text to Image MAP = 0.3118813392499148
2025-06-19 20:54:21,145 - __main__ - INFO - ...Average MAP = 0.29560151007209234
2025-06-19 20:54:29,966 - __main__ - INFO - Noise ratio: 0.4
2025-06-19 20:54:29,967 - __main__ - INFO - Namespace(dataset='wiki', seed=9, alpha=0.9, lamda=1, margin=0.9, lambd=5, barycenter_number=1, top_k=10, warm_up_epoch=0, MAX_EPOCH=100, batch_size=256, output_dim=512, lr=0.0001, noisy_ratio=0.4, noise_mode='sym', GPU=1, hard_weight=True, noisy_train=False, logging='wiki_ablation')
2025-06-19 20:56:57,354 - __main__ - INFO - ...Image to Text MAP = 0.5028642079481102
2025-06-19 20:56:57,447 - __main__ - INFO - ...Text to Image MAP = 0.44691615466927676
2025-06-19 20:56:57,448 - __main__ - INFO - ...Average MAP = 0.4748901813086934
2025-06-19 20:57:07,379 - __main__ - INFO - Noise ratio: 0.4
2025-06-19 20:57:07,383 - __main__ - INFO - Namespace(dataset='wiki', seed=9, alpha=0.9, lamda=0.0, margin=0.9, lambd=5, barycenter_number=1, top_k=10, warm_up_epoch=0, MAX_EPOCH=100, batch_size=256, output_dim=512, lr=0.0001, noisy_ratio=0.4, noise_mode='sym', GPU=1, hard_weight=True, noisy_train=True, logging='wiki_ablation')
2025-06-19 21:00:21,190 - __main__ - INFO - ...Image to Text MAP = 0.413714252986838
2025-06-19 21:00:21,340 - __main__ - INFO - ...Text to Image MAP = 0.3929373451911798
2025-06-19 21:00:21,341 - __main__ - INFO - ...Average MAP = 0.4033257990890089
2025-06-19 21:00:30,308 - __main__ - INFO - Noise ratio: 0.4
2025-06-19 21:00:30,310 - __main__ - INFO - Namespace(dataset='wiki', seed=9, alpha=0.9, lamda=1, margin=0.9, lambd=5, barycenter_number=1, top_k=10, warm_up_epoch=0, MAX_EPOCH=100, batch_size=256, output_dim=512, lr=0.0001, noisy_ratio=0.4, noise_mode='sym', GPU=1, hard_weight=False, noisy_train=True, logging='wiki_ablation')
2025-06-19 21:03:36,912 - __main__ - INFO - ...Image to Text MAP = 0.503922128457162
2025-06-19 21:03:36,997 - __main__ - INFO - ...Text to Image MAP = 0.45568596014839646
2025-06-19 21:03:36,997 - __main__ - INFO - ...Average MAP = 0.47980404430277923
2025-06-19 21:03:45,340 - __main__ - INFO - Noise ratio: 0.6
2025-06-19 21:03:45,342 - __main__ - INFO - Namespace(dataset='wiki', seed=9, alpha=0.9, lamda=1, margin=0.9, lambd=5, barycenter_number=1, top_k=10, warm_up_epoch=0, MAX_EPOCH=100, batch_size=256, output_dim=512, lr=0.0001, noisy_ratio=0.6, noise_mode='sym', GPU=1, hard_weight=True, noisy_train=True, logging='wiki_ablation')
2025-06-19 21:06:36,104 - __main__ - INFO - ...Image to Text MAP = 0.4886287115712742
2025-06-19 21:06:36,193 - __main__ - INFO - ...Text to Image MAP = 0.4570311690974568
2025-06-19 21:06:36,194 - __main__ - INFO - ...Average MAP = 0.4728299403343655
2025-06-19 21:06:44,586 - __main__ - INFO - Noise ratio: 0.6
2025-06-19 21:06:44,587 - __main__ - INFO - Namespace(dataset='wiki', seed=9, alpha=0.0, lamda=1, margin=0.9, lambd=5, barycenter_number=1, top_k=10, warm_up_epoch=0, MAX_EPOCH=100, batch_size=256, output_dim=512, lr=0.0001, noisy_ratio=0.6, noise_mode='sym', GPU=1, hard_weight=True, noisy_train=True, logging='wiki_ablation')
2025-06-19 21:09:43,226 - __main__ - INFO - ...Image to Text MAP = 0.2562607896587487
2025-06-19 21:09:43,330 - __main__ - INFO - ...Text to Image MAP = 0.23412413102257604
2025-06-19 21:09:43,331 - __main__ - INFO - ...Average MAP = 0.2451924603406624
2025-06-19 21:09:52,445 - __main__ - INFO - Noise ratio: 0.6
2025-06-19 21:09:52,446 - __main__ - INFO - Namespace(dataset='wiki', seed=9, alpha=0.9, lamda=1, margin=0.9, lambd=5, barycenter_number=1, top_k=10, warm_up_epoch=0, MAX_EPOCH=100, batch_size=256, output_dim=512, lr=0.0001, noisy_ratio=0.6, noise_mode='sym', GPU=1, hard_weight=True, noisy_train=False, logging='wiki_ablation')
2025-06-19 21:12:29,310 - __main__ - INFO - ...Image to Text MAP = 0.484413564611667
2025-06-19 21:12:29,535 - __main__ - INFO - ...Text to Image MAP = 0.4327460415028501
2025-06-19 21:12:29,536 - __main__ - INFO - ...Average MAP = 0.45857980305725854
2025-06-19 21:12:38,161 - __main__ - INFO - Noise ratio: 0.6
2025-06-19 21:12:38,161 - __main__ - INFO - Namespace(dataset='wiki', seed=9, alpha=0.9, lamda=0.0, margin=0.9, lambd=5, barycenter_number=1, top_k=10, warm_up_epoch=0, MAX_EPOCH=100, batch_size=256, output_dim=512, lr=0.0001, noisy_ratio=0.6, noise_mode='sym', GPU=1, hard_weight=True, noisy_train=True, logging='wiki_ablation')
2025-06-19 21:15:51,274 - __main__ - INFO - ...Image to Text MAP = 0.42147669504835283
2025-06-19 21:15:51,383 - __main__ - INFO - ...Text to Image MAP = 0.40026415576495344
2025-06-19 21:15:51,387 - __main__ - INFO - ...Average MAP = 0.41087042540665314
2025-06-19 21:15:58,762 - __main__ - INFO - Noise ratio: 0.6
2025-06-19 21:15:58,762 - __main__ - INFO - Namespace(dataset='wiki', seed=9, alpha=0.9, lamda=1, margin=0.9, lambd=5, barycenter_number=1, top_k=10, warm_up_epoch=0, MAX_EPOCH=100, batch_size=256, output_dim=512, lr=0.0001, noisy_ratio=0.6, noise_mode='sym', GPU=1, hard_weight=False, noisy_train=True, logging='wiki_ablation')
2025-06-19 21:19:00,354 - __main__ - INFO - ...Image to Text MAP = 0.4861154707812195
2025-06-19 21:19:00,474 - __main__ - INFO - ...Text to Image MAP = 0.4587719576783839
2025-06-19 21:19:00,475 - __main__ - INFO - ...Average MAP = 0.4724437142298017
2025-06-19 21:19:08,812 - __main__ - INFO - Noise ratio: 0.8
2025-06-19 21:19:08,816 - __main__ - INFO - Namespace(dataset='wiki', seed=9, alpha=0.9, lamda=1, margin=0.9, lambd=5, barycenter_number=1, top_k=10, warm_up_epoch=0, MAX_EPOCH=100, batch_size=256, output_dim=512, lr=0.0001, noisy_ratio=0.8, noise_mode='sym', GPU=1, hard_weight=True, noisy_train=True, logging='wiki_ablation')
2025-06-19 21:22:15,359 - __main__ - INFO - ...Image to Text MAP = 0.42605041383822106
2025-06-19 21:22:15,473 - __main__ - INFO - ...Text to Image MAP = 0.4191289849781116
2025-06-19 21:22:15,481 - __main__ - INFO - ...Average MAP = 0.4225896994081663
2025-06-19 21:22:25,123 - __main__ - INFO - Noise ratio: 0.8
2025-06-19 21:22:25,126 - __main__ - INFO - Namespace(dataset='wiki', seed=9, alpha=0.0, lamda=1, margin=0.9, lambd=5, barycenter_number=1, top_k=10, warm_up_epoch=0, MAX_EPOCH=100, batch_size=256, output_dim=512, lr=0.0001, noisy_ratio=0.8, noise_mode='sym', GPU=1, hard_weight=True, noisy_train=True, logging='wiki_ablation')
2025-06-19 21:25:42,421 - __main__ - INFO - ...Image to Text MAP = 0.18730525232516
2025-06-19 21:25:42,506 - __main__ - INFO - ...Text to Image MAP = 0.16803037372602722
2025-06-19 21:25:42,506 - __main__ - INFO - ...Average MAP = 0.1776678130255936
2025-06-19 21:25:51,665 - __main__ - INFO - Noise ratio: 0.8
2025-06-19 21:25:51,666 - __main__ - INFO - Namespace(dataset='wiki', seed=9, alpha=0.9, lamda=1, margin=0.9, lambd=5, barycenter_number=1, top_k=10, warm_up_epoch=0, MAX_EPOCH=100, batch_size=256, output_dim=512, lr=0.0001, noisy_ratio=0.8, noise_mode='sym', GPU=1, hard_weight=True, noisy_train=False, logging='wiki_ablation')
2025-06-19 21:28:21,306 - __main__ - INFO - ...Image to Text MAP = 0.37095524985683465
2025-06-19 21:28:21,396 - __main__ - INFO - ...Text to Image MAP = 0.35995541924973845
2025-06-19 21:28:21,398 - __main__ - INFO - ...Average MAP = 0.36545533455328655
2025-06-19 21:28:30,289 - __main__ - INFO - Noise ratio: 0.8
2025-06-19 21:28:30,290 - __main__ - INFO - Namespace(dataset='wiki', seed=9, alpha=0.9, lamda=0.0, margin=0.9, lambd=5, barycenter_number=1, top_k=10, warm_up_epoch=0, MAX_EPOCH=100, batch_size=256, output_dim=512, lr=0.0001, noisy_ratio=0.8, noise_mode='sym', GPU=1, hard_weight=True, noisy_train=True, logging='wiki_ablation')
2025-06-19 21:32:06,512 - __main__ - INFO - ...Image to Text MAP = 0.4202232378178185
2025-06-19 21:32:06,629 - __main__ - INFO - ...Text to Image MAP = 0.40533872528237713
2025-06-19 21:32:06,629 - __main__ - INFO - ...Average MAP = 0.4127809815500978
2025-06-19 21:32:16,334 - __main__ - INFO - Noise ratio: 0.8
2025-06-19 21:32:16,335 - __main__ - INFO - Namespace(dataset='wiki', seed=9, alpha=0.9, lamda=1, margin=0.9, lambd=5, barycenter_number=1, top_k=10, warm_up_epoch=0, MAX_EPOCH=100, batch_size=256, output_dim=512, lr=0.0001, noisy_ratio=0.8, noise_mode='sym', GPU=1, hard_weight=False, noisy_train=True, logging='wiki_ablation')
2025-06-19 21:35:32,348 - __main__ - INFO - ...Image to Text MAP = 0.4386406000612755
2025-06-19 21:35:32,472 - __main__ - INFO - ...Text to Image MAP = 0.4254265196520037
2025-06-19 21:35:32,473 - __main__ - INFO - ...Average MAP = 0.4320335598566396
2025-06-19 21:35:38,141 - __main__ - INFO - Noise ratio: 0.2
2025-06-19 21:35:38,142 - __main__ - INFO - Namespace(dataset='wiki', seed=9, alpha=1.0, lamda=1, margin=0.9, lambd=5, barycenter_number=1, top_k=10, warm_up_epoch=0, MAX_EPOCH=100, batch_size=256, output_dim=512, lr=0.0001, noisy_ratio=0.2, noise_mode='sym', GPU=1, hard_weight=True, noisy_train=True, logging='wiki_ablation')
