2025-06-17 16:34:40,549 - __main__ - INFO - Noise ratio: 0.2
2025-06-17 16:34:40,550 - __main__ - INFO - Namespace(dataset='xmedia', seed=0, alpha=0.1, lamda=1, margin=0.9, lambd=5, barycenter_number=1, top_k=10, warm_up_epoch=0, MAX_EPOCH=100, batch_size=256, output_dim=512, lr=0.0001, noisy_ratio=0.2, noise_mode='sym', GPU=1, hard_weight=True, noisy_train=True, logging='xmedia_findMAP')
2025-06-17 16:40:19,609 - __main__ - INFO - ...Image to Text MAP = 0.9168562892376303
2025-06-17 16:40:19,870 - __main__ - INFO - ...Text to Image MAP = 0.9117825664837418
2025-06-17 16:40:19,875 - __main__ - INFO - ...Average MAP = 0.9143194278606861
2025-06-17 16:40:29,820 - __main__ - INFO - Noise ratio: 0.4
2025-06-17 16:40:29,827 - __main__ - INFO - Namespace(dataset='xmedia', seed=0, alpha=0.1, lamda=1, margin=0.9, lambd=5, barycenter_number=1, top_k=10, warm_up_epoch=0, MAX_EPOCH=100, batch_size=256, output_dim=512, lr=0.0001, noisy_ratio=0.4, noise_mode='sym', GPU=1, hard_weight=True, noisy_train=True, logging='xmedia_findMAP')
2025-06-17 16:48:46,886 - __main__ - INFO - ...Image to Text MAP = 0.8927689429664726
2025-06-17 16:48:46,984 - __main__ - INFO - ...Text to Image MAP = 0.8876112399593561
2025-06-17 16:48:46,985 - __main__ - INFO - ...Average MAP = 0.8901900914629144
2025-06-17 16:48:55,500 - __main__ - INFO - Noise ratio: 0.6
2025-06-17 16:48:55,501 - __main__ - INFO - Namespace(dataset='xmedia', seed=0, alpha=0.1, lamda=1, margin=0.9, lambd=5, barycenter_number=1, top_k=10, warm_up_epoch=0, MAX_EPOCH=100, batch_size=256, output_dim=512, lr=0.0001, noisy_ratio=0.6, noise_mode='sym', GPU=1, hard_weight=True, noisy_train=True, logging='xmedia_findMAP')
2025-06-17 16:57:04,055 - __main__ - INFO - ...Image to Text MAP = 0.864777153772986
2025-06-17 16:57:04,245 - __main__ - INFO - ...Text to Image MAP = 0.859284466900024
2025-06-17 16:57:04,246 - __main__ - INFO - ...Average MAP = 0.8620308103365051
2025-06-17 16:57:13,170 - __main__ - INFO - Noise ratio: 0.8
2025-06-17 16:57:13,171 - __main__ - INFO - Namespace(dataset='xmedia', seed=0, alpha=0.1, lamda=1, margin=0.9, lambd=5, barycenter_number=1, top_k=10, warm_up_epoch=0, MAX_EPOCH=100, batch_size=256, output_dim=512, lr=0.0001, noisy_ratio=0.8, noise_mode='sym', GPU=1, hard_weight=True, noisy_train=True, logging='xmedia_findMAP')
2025-06-17 17:05:01,361 - __main__ - INFO - ...Image to Text MAP = 0.6985536782956671
2025-06-17 17:05:01,636 - __main__ - INFO - ...Text to Image MAP = 0.740659580720555
2025-06-17 17:05:01,637 - __main__ - INFO - ...Average MAP = 0.719606629508111
2025-06-17 17:05:10,120 - __main__ - INFO - Noise ratio: 0.2
2025-06-17 17:05:10,122 - __main__ - INFO - Namespace(dataset='xmedia', seed=0, alpha=0.2, lamda=1, margin=0.9, lambd=5, barycenter_number=1, top_k=10, warm_up_epoch=0, MAX_EPOCH=100, batch_size=256, output_dim=512, lr=0.0001, noisy_ratio=0.2, noise_mode='sym', GPU=1, hard_weight=True, noisy_train=True, logging='xmedia_findMAP')
2025-06-17 17:14:02,245 - __main__ - INFO - ...Image to Text MAP = 0.9160164070025623
2025-06-17 17:14:02,436 - __main__ - INFO - ...Text to Image MAP = 0.9158508403698565
2025-06-17 17:14:02,458 - __main__ - INFO - ...Average MAP = 0.9159336236862095
2025-06-17 17:14:12,291 - __main__ - INFO - Noise ratio: 0.4
2025-06-17 17:14:12,292 - __main__ - INFO - Namespace(dataset='xmedia', seed=0, alpha=0.2, lamda=1, margin=0.9, lambd=5, barycenter_number=1, top_k=10, warm_up_epoch=0, MAX_EPOCH=100, batch_size=256, output_dim=512, lr=0.0001, noisy_ratio=0.4, noise_mode='sym', GPU=1, hard_weight=True, noisy_train=True, logging='xmedia_findMAP')
2025-06-17 17:20:59,625 - __main__ - INFO - ...Image to Text MAP = 0.9100160606972085
2025-06-17 17:21:00,147 - __main__ - INFO - ...Text to Image MAP = 0.9027414837608626
2025-06-17 17:21:00,163 - __main__ - INFO - ...Average MAP = 0.9063787722290355
2025-06-17 17:23:41,057 - __main__ - INFO - Noise ratio: 0.6
2025-06-17 17:23:41,058 - __main__ - INFO - Namespace(dataset='xmedia', seed=0, alpha=0.2, lamda=1, margin=0.9, lambd=5, barycenter_number=1, top_k=10, warm_up_epoch=0, MAX_EPOCH=100, batch_size=256, output_dim=512, lr=0.0001, noisy_ratio=0.6, noise_mode='sym', GPU=1, hard_weight=True, noisy_train=True, logging='xmedia_findMAP')
2025-06-17 17:29:23,352 - __main__ - INFO - ...Image to Text MAP = 0.8955514946827567
2025-06-17 17:29:23,539 - __main__ - INFO - ...Text to Image MAP = 0.9023257803664522
2025-06-17 17:29:23,576 - __main__ - INFO - ...Average MAP = 0.8989386375246045
2025-06-17 17:35:43,439 - __main__ - INFO - Noise ratio: 0.8
2025-06-17 17:35:43,453 - __main__ - INFO - Namespace(dataset='xmedia', seed=0, alpha=0.2, lamda=1, margin=0.9, lambd=5, barycenter_number=1, top_k=10, warm_up_epoch=0, MAX_EPOCH=100, batch_size=256, output_dim=512, lr=0.0001, noisy_ratio=0.8, noise_mode='sym', GPU=1, hard_weight=True, noisy_train=True, logging='xmedia_findMAP')
2025-06-17 17:44:22,653 - __main__ - INFO - ...Image to Text MAP = 0.8716924760217107
2025-06-17 17:44:22,802 - __main__ - INFO - ...Text to Image MAP = 0.8762090794608898
2025-06-17 17:44:22,813 - __main__ - INFO - ...Average MAP = 0.8739507777413003
2025-06-17 17:45:37,544 - __main__ - INFO - Noise ratio: 0.2
2025-06-17 17:45:37,562 - __main__ - INFO - Namespace(dataset='xmedia', seed=0, alpha=0.3, lamda=1, margin=0.9, lambd=5, barycenter_number=1, top_k=10, warm_up_epoch=0, MAX_EPOCH=100, batch_size=256, output_dim=512, lr=0.0001, noisy_ratio=0.2, noise_mode='sym', GPU=1, hard_weight=True, noisy_train=True, logging='xmedia_findMAP')
2025-06-17 17:53:23,523 - __main__ - INFO - ...Image to Text MAP = 0.9206072765090609
2025-06-17 17:53:23,644 - __main__ - INFO - ...Text to Image MAP = 0.9169564048248993
2025-06-17 17:53:23,658 - __main__ - INFO - ...Average MAP = 0.9187818406669801
2025-06-17 17:58:30,117 - __main__ - INFO - Noise ratio: 0.4
2025-06-17 17:58:30,119 - __main__ - INFO - Namespace(dataset='xmedia', seed=0, alpha=0.3, lamda=1, margin=0.9, lambd=5, barycenter_number=1, top_k=10, warm_up_epoch=0, MAX_EPOCH=100, batch_size=256, output_dim=512, lr=0.0001, noisy_ratio=0.4, noise_mode='sym', GPU=1, hard_weight=True, noisy_train=True, logging='xmedia_findMAP')
2025-06-17 18:07:46,119 - __main__ - INFO - ...Image to Text MAP = 0.9153511247320711
2025-06-17 18:07:46,246 - __main__ - INFO - ...Text to Image MAP = 0.9155408774914747
2025-06-17 18:07:46,248 - __main__ - INFO - ...Average MAP = 0.9154460011117729
2025-06-17 18:07:58,230 - __main__ - INFO - Noise ratio: 0.6
2025-06-17 18:07:58,231 - __main__ - INFO - Namespace(dataset='xmedia', seed=0, alpha=0.3, lamda=1, margin=0.9, lambd=5, barycenter_number=1, top_k=10, warm_up_epoch=0, MAX_EPOCH=100, batch_size=256, output_dim=512, lr=0.0001, noisy_ratio=0.6, noise_mode='sym', GPU=1, hard_weight=True, noisy_train=True, logging='xmedia_findMAP')
2025-06-17 18:17:37,815 - __main__ - INFO - ...Image to Text MAP = 0.9077825218689268
2025-06-17 18:17:38,064 - __main__ - INFO - ...Text to Image MAP = 0.9162570749301221
2025-06-17 18:17:38,064 - __main__ - INFO - ...Average MAP = 0.9120197983995244
2025-06-17 18:17:47,542 - __main__ - INFO - Noise ratio: 0.8
2025-06-17 18:17:47,543 - __main__ - INFO - Namespace(dataset='xmedia', seed=0, alpha=0.3, lamda=1, margin=0.9, lambd=5, barycenter_number=1, top_k=10, warm_up_epoch=0, MAX_EPOCH=100, batch_size=256, output_dim=512, lr=0.0001, noisy_ratio=0.8, noise_mode='sym', GPU=1, hard_weight=True, noisy_train=True, logging='xmedia_findMAP')
2025-06-17 18:27:43,201 - __main__ - INFO - ...Image to Text MAP = 0.9111867850528466
2025-06-17 18:27:43,396 - __main__ - INFO - ...Text to Image MAP = 0.9187425075812795
2025-06-17 18:27:43,397 - __main__ - INFO - ...Average MAP = 0.9149646463170631
2025-06-17 18:27:53,765 - __main__ - INFO - Noise ratio: 0.2
2025-06-17 18:27:53,768 - __main__ - INFO - Namespace(dataset='xmedia', seed=0, alpha=0.4, lamda=1, margin=0.9, lambd=5, barycenter_number=1, top_k=10, warm_up_epoch=0, MAX_EPOCH=100, batch_size=256, output_dim=512, lr=0.0001, noisy_ratio=0.2, noise_mode='sym', GPU=1, hard_weight=True, noisy_train=True, logging='xmedia_findMAP')
2025-06-17 18:37:47,610 - __main__ - INFO - ...Image to Text MAP = 0.917407584992428
2025-06-17 18:37:47,943 - __main__ - INFO - ...Text to Image MAP = 0.9171638710428835
2025-06-17 18:37:47,944 - __main__ - INFO - ...Average MAP = 0.9172857280176558
2025-06-17 18:38:00,881 - __main__ - INFO - Noise ratio: 0.4
2025-06-17 18:38:00,884 - __main__ - INFO - Namespace(dataset='xmedia', seed=0, alpha=0.4, lamda=1, margin=0.9, lambd=5, barycenter_number=1, top_k=10, warm_up_epoch=0, MAX_EPOCH=100, batch_size=256, output_dim=512, lr=0.0001, noisy_ratio=0.4, noise_mode='sym', GPU=1, hard_weight=True, noisy_train=True, logging='xmedia_findMAP')
2025-06-17 18:47:11,619 - __main__ - INFO - ...Image to Text MAP = 0.9115075206069095
2025-06-17 18:47:11,840 - __main__ - INFO - ...Text to Image MAP = 0.9058040564178858
2025-06-17 18:47:11,841 - __main__ - INFO - ...Average MAP = 0.9086557885123976
2025-06-17 18:47:22,653 - __main__ - INFO - Noise ratio: 0.6
2025-06-17 18:47:22,654 - __main__ - INFO - Namespace(dataset='xmedia', seed=0, alpha=0.4, lamda=1, margin=0.9, lambd=5, barycenter_number=1, top_k=10, warm_up_epoch=0, MAX_EPOCH=100, batch_size=256, output_dim=512, lr=0.0001, noisy_ratio=0.6, noise_mode='sym', GPU=1, hard_weight=True, noisy_train=True, logging='xmedia_findMAP')
2025-06-17 18:57:00,787 - __main__ - INFO - ...Image to Text MAP = 0.9093315831611665
2025-06-17 18:57:00,894 - __main__ - INFO - ...Text to Image MAP = 0.9136468177810397
2025-06-17 18:57:00,895 - __main__ - INFO - ...Average MAP = 0.911489200471103
2025-06-17 18:57:11,300 - __main__ - INFO - Noise ratio: 0.8
2025-06-17 18:57:11,303 - __main__ - INFO - Namespace(dataset='xmedia', seed=0, alpha=0.4, lamda=1, margin=0.9, lambd=5, barycenter_number=1, top_k=10, warm_up_epoch=0, MAX_EPOCH=100, batch_size=256, output_dim=512, lr=0.0001, noisy_ratio=0.8, noise_mode='sym', GPU=1, hard_weight=True, noisy_train=True, logging='xmedia_findMAP')
2025-06-17 19:06:59,318 - __main__ - INFO - ...Image to Text MAP = 0.9114061531185775
2025-06-17 19:06:59,484 - __main__ - INFO - ...Text to Image MAP = 0.9168746087447978
2025-06-17 19:06:59,485 - __main__ - INFO - ...Average MAP = 0.9141403809316877
2025-06-17 19:07:10,325 - __main__ - INFO - Noise ratio: 0.2
2025-06-17 19:07:10,328 - __main__ - INFO - Namespace(dataset='xmedia', seed=0, alpha=0.5, lamda=1, margin=0.9, lambd=5, barycenter_number=1, top_k=10, warm_up_epoch=0, MAX_EPOCH=100, batch_size=256, output_dim=512, lr=0.0001, noisy_ratio=0.2, noise_mode='sym', GPU=1, hard_weight=True, noisy_train=True, logging='xmedia_findMAP')
2025-06-17 19:16:28,095 - __main__ - INFO - ...Image to Text MAP = 0.913819953879796
2025-06-17 19:16:28,337 - __main__ - INFO - ...Text to Image MAP = 0.9164698932846871
2025-06-17 19:16:28,337 - __main__ - INFO - ...Average MAP = 0.9151449235822415
2025-06-17 19:16:38,684 - __main__ - INFO - Noise ratio: 0.4
2025-06-17 19:16:38,687 - __main__ - INFO - Namespace(dataset='xmedia', seed=0, alpha=0.5, lamda=1, margin=0.9, lambd=5, barycenter_number=1, top_k=10, warm_up_epoch=0, MAX_EPOCH=100, batch_size=256, output_dim=512, lr=0.0001, noisy_ratio=0.4, noise_mode='sym', GPU=1, hard_weight=True, noisy_train=True, logging='xmedia_findMAP')
2025-06-17 19:26:34,072 - __main__ - INFO - ...Image to Text MAP = 0.9215899445983254
2025-06-17 19:26:34,333 - __main__ - INFO - ...Text to Image MAP = 0.9078596835947906
2025-06-17 19:26:34,333 - __main__ - INFO - ...Average MAP = 0.914724814096558
2025-06-17 19:26:45,616 - __main__ - INFO - Noise ratio: 0.6
2025-06-17 19:26:45,618 - __main__ - INFO - Namespace(dataset='xmedia', seed=0, alpha=0.5, lamda=1, margin=0.9, lambd=5, barycenter_number=1, top_k=10, warm_up_epoch=0, MAX_EPOCH=100, batch_size=256, output_dim=512, lr=0.0001, noisy_ratio=0.6, noise_mode='sym', GPU=1, hard_weight=True, noisy_train=True, logging='xmedia_findMAP')
2025-06-17 19:37:18,286 - __main__ - INFO - ...Image to Text MAP = 0.9151577383518724
2025-06-17 19:37:18,477 - __main__ - INFO - ...Text to Image MAP = 0.9180361796227133
2025-06-17 19:37:18,478 - __main__ - INFO - ...Average MAP = 0.9165969589872929
2025-06-17 19:37:29,734 - __main__ - INFO - Noise ratio: 0.8
2025-06-17 19:37:29,739 - __main__ - INFO - Namespace(dataset='xmedia', seed=0, alpha=0.5, lamda=1, margin=0.9, lambd=5, barycenter_number=1, top_k=10, warm_up_epoch=0, MAX_EPOCH=100, batch_size=256, output_dim=512, lr=0.0001, noisy_ratio=0.8, noise_mode='sym', GPU=1, hard_weight=True, noisy_train=True, logging='xmedia_findMAP')
2025-06-17 19:47:30,767 - __main__ - INFO - ...Image to Text MAP = 0.9114740211225233
2025-06-17 19:47:30,990 - __main__ - INFO - ...Text to Image MAP = 0.9199865501660354
2025-06-17 19:47:30,991 - __main__ - INFO - ...Average MAP = 0.9157302856442793
2025-06-17 19:47:39,425 - __main__ - INFO - Noise ratio: 0.2
2025-06-17 19:47:39,427 - __main__ - INFO - Namespace(dataset='xmedia', seed=0, alpha=0.6, lamda=1, margin=0.9, lambd=5, barycenter_number=1, top_k=10, warm_up_epoch=0, MAX_EPOCH=100, batch_size=256, output_dim=512, lr=0.0001, noisy_ratio=0.2, noise_mode='sym', GPU=1, hard_weight=True, noisy_train=True, logging='xmedia_findMAP')
2025-06-17 19:58:07,824 - __main__ - INFO - ...Image to Text MAP = 0.9167844313995475
2025-06-17 19:58:07,977 - __main__ - INFO - ...Text to Image MAP = 0.9207705051738412
2025-06-17 19:58:07,979 - __main__ - INFO - ...Average MAP = 0.9187774682866943
2025-06-17 19:58:20,288 - __main__ - INFO - Noise ratio: 0.4
2025-06-17 19:58:20,289 - __main__ - INFO - Namespace(dataset='xmedia', seed=0, alpha=0.6, lamda=1, margin=0.9, lambd=5, barycenter_number=1, top_k=10, warm_up_epoch=0, MAX_EPOCH=100, batch_size=256, output_dim=512, lr=0.0001, noisy_ratio=0.4, noise_mode='sym', GPU=1, hard_weight=True, noisy_train=True, logging='xmedia_findMAP')
2025-06-17 20:08:31,899 - __main__ - INFO - ...Image to Text MAP = 0.9171902531214389
2025-06-17 20:08:32,027 - __main__ - INFO - ...Text to Image MAP = 0.9152560068358129
2025-06-17 20:08:32,028 - __main__ - INFO - ...Average MAP = 0.9162231299786259
2025-06-17 20:08:43,666 - __main__ - INFO - Noise ratio: 0.6
2025-06-17 20:08:43,671 - __main__ - INFO - Namespace(dataset='xmedia', seed=0, alpha=0.6, lamda=1, margin=0.9, lambd=5, barycenter_number=1, top_k=10, warm_up_epoch=0, MAX_EPOCH=100, batch_size=256, output_dim=512, lr=0.0001, noisy_ratio=0.6, noise_mode='sym', GPU=1, hard_weight=True, noisy_train=True, logging='xmedia_findMAP')
2025-06-17 20:18:58,385 - __main__ - INFO - ...Image to Text MAP = 0.9126619015872488
2025-06-17 20:18:58,566 - __main__ - INFO - ...Text to Image MAP = 0.9191651810367655
2025-06-17 20:18:58,567 - __main__ - INFO - ...Average MAP = 0.9159135413120072
2025-06-17 20:19:08,424 - __main__ - INFO - Noise ratio: 0.8
2025-06-17 20:19:08,426 - __main__ - INFO - Namespace(dataset='xmedia', seed=0, alpha=0.6, lamda=1, margin=0.9, lambd=5, barycenter_number=1, top_k=10, warm_up_epoch=0, MAX_EPOCH=100, batch_size=256, output_dim=512, lr=0.0001, noisy_ratio=0.8, noise_mode='sym', GPU=1, hard_weight=True, noisy_train=True, logging='xmedia_findMAP')
2025-06-17 20:29:24,497 - __main__ - INFO - ...Image to Text MAP = 0.9149454331185403
2025-06-17 20:29:24,726 - __main__ - INFO - ...Text to Image MAP = 0.9189764122540391
2025-06-17 20:29:24,726 - __main__ - INFO - ...Average MAP = 0.9169609226862897
2025-06-17 20:29:35,795 - __main__ - INFO - Noise ratio: 0.2
2025-06-17 20:29:35,797 - __main__ - INFO - Namespace(dataset='xmedia', seed=0, alpha=0.7, lamda=1, margin=0.9, lambd=5, barycenter_number=1, top_k=10, warm_up_epoch=0, MAX_EPOCH=100, batch_size=256, output_dim=512, lr=0.0001, noisy_ratio=0.2, noise_mode='sym', GPU=1, hard_weight=True, noisy_train=True, logging='xmedia_findMAP')
2025-06-17 20:39:42,923 - __main__ - INFO - ...Image to Text MAP = 0.9188891841231823
2025-06-17 20:39:43,061 - __main__ - INFO - ...Text to Image MAP = 0.9208778036879027
2025-06-17 20:39:43,061 - __main__ - INFO - ...Average MAP = 0.9198834939055425
2025-06-17 20:39:52,854 - __main__ - INFO - Noise ratio: 0.4
2025-06-17 20:39:52,858 - __main__ - INFO - Namespace(dataset='xmedia', seed=0, alpha=0.7, lamda=1, margin=0.9, lambd=5, barycenter_number=1, top_k=10, warm_up_epoch=0, MAX_EPOCH=100, batch_size=256, output_dim=512, lr=0.0001, noisy_ratio=0.4, noise_mode='sym', GPU=1, hard_weight=True, noisy_train=True, logging='xmedia_findMAP')
2025-06-17 20:50:30,648 - __main__ - INFO - ...Image to Text MAP = 0.9123022091362519
2025-06-17 20:50:30,931 - __main__ - INFO - ...Text to Image MAP = 0.9065882658216755
2025-06-17 20:50:30,932 - __main__ - INFO - ...Average MAP = 0.9094452374789637
2025-06-17 20:50:43,951 - __main__ - INFO - Noise ratio: 0.6
2025-06-17 20:50:43,953 - __main__ - INFO - Namespace(dataset='xmedia', seed=0, alpha=0.7, lamda=1, margin=0.9, lambd=5, barycenter_number=1, top_k=10, warm_up_epoch=0, MAX_EPOCH=100, batch_size=256, output_dim=512, lr=0.0001, noisy_ratio=0.6, noise_mode='sym', GPU=1, hard_weight=True, noisy_train=True, logging='xmedia_findMAP')
2025-06-17 21:00:45,845 - __main__ - INFO - ...Image to Text MAP = 0.9147384899522543
2025-06-17 21:00:46,080 - __main__ - INFO - ...Text to Image MAP = 0.9206011122982074
2025-06-17 21:00:46,080 - __main__ - INFO - ...Average MAP = 0.9176698011252309
2025-06-17 21:00:55,928 - __main__ - INFO - Noise ratio: 0.8
2025-06-17 21:00:55,929 - __main__ - INFO - Namespace(dataset='xmedia', seed=0, alpha=0.7, lamda=1, margin=0.9, lambd=5, barycenter_number=1, top_k=10, warm_up_epoch=0, MAX_EPOCH=100, batch_size=256, output_dim=512, lr=0.0001, noisy_ratio=0.8, noise_mode='sym', GPU=1, hard_weight=True, noisy_train=True, logging='xmedia_findMAP')
2025-06-17 21:11:05,391 - __main__ - INFO - ...Image to Text MAP = 0.9060215199741976
2025-06-17 21:11:05,514 - __main__ - INFO - ...Text to Image MAP = 0.9176327727275793
2025-06-17 21:11:05,515 - __main__ - INFO - ...Average MAP = 0.9118271463508885
2025-06-17 21:11:17,093 - __main__ - INFO - Noise ratio: 0.2
2025-06-17 21:11:17,095 - __main__ - INFO - Namespace(dataset='xmedia', seed=0, alpha=0.8, lamda=1, margin=0.9, lambd=5, barycenter_number=1, top_k=10, warm_up_epoch=0, MAX_EPOCH=100, batch_size=256, output_dim=512, lr=0.0001, noisy_ratio=0.2, noise_mode='sym', GPU=1, hard_weight=True, noisy_train=True, logging='xmedia_findMAP')
2025-06-17 21:21:54,743 - __main__ - INFO - ...Image to Text MAP = 0.9157862658958988
2025-06-17 21:21:54,870 - __main__ - INFO - ...Text to Image MAP = 0.9208277878463602
2025-06-17 21:21:54,871 - __main__ - INFO - ...Average MAP = 0.9183070268711295
2025-06-17 21:22:05,754 - __main__ - INFO - Noise ratio: 0.4
2025-06-17 21:22:05,757 - __main__ - INFO - Namespace(dataset='xmedia', seed=0, alpha=0.8, lamda=1, margin=0.9, lambd=5, barycenter_number=1, top_k=10, warm_up_epoch=0, MAX_EPOCH=100, batch_size=256, output_dim=512, lr=0.0001, noisy_ratio=0.4, noise_mode='sym', GPU=1, hard_weight=True, noisy_train=True, logging='xmedia_findMAP')
2025-06-17 21:32:02,730 - __main__ - INFO - ...Image to Text MAP = 0.9131693493108746
2025-06-17 21:32:02,904 - __main__ - INFO - ...Text to Image MAP = 0.9103146795226998
2025-06-17 21:32:02,905 - __main__ - INFO - ...Average MAP = 0.9117420144167871
2025-06-17 21:32:15,014 - __main__ - INFO - Noise ratio: 0.6
2025-06-17 21:32:15,017 - __main__ - INFO - Namespace(dataset='xmedia', seed=0, alpha=0.8, lamda=1, margin=0.9, lambd=5, barycenter_number=1, top_k=10, warm_up_epoch=0, MAX_EPOCH=100, batch_size=256, output_dim=512, lr=0.0001, noisy_ratio=0.6, noise_mode='sym', GPU=1, hard_weight=True, noisy_train=True, logging='xmedia_findMAP')
2025-06-17 21:42:43,164 - __main__ - INFO - ...Image to Text MAP = 0.9178245715945252
2025-06-17 21:42:43,271 - __main__ - INFO - ...Text to Image MAP = 0.9193449275381629
2025-06-17 21:42:43,275 - __main__ - INFO - ...Average MAP = 0.9185847495663441
2025-06-17 21:42:55,844 - __main__ - INFO - Noise ratio: 0.8
2025-06-17 21:42:55,846 - __main__ - INFO - Namespace(dataset='xmedia', seed=0, alpha=0.8, lamda=1, margin=0.9, lambd=5, barycenter_number=1, top_k=10, warm_up_epoch=0, MAX_EPOCH=100, batch_size=256, output_dim=512, lr=0.0001, noisy_ratio=0.8, noise_mode='sym', GPU=1, hard_weight=True, noisy_train=True, logging='xmedia_findMAP')
2025-06-17 21:53:29,419 - __main__ - INFO - ...Image to Text MAP = 0.9099197699179554
2025-06-17 21:53:29,751 - __main__ - INFO - ...Text to Image MAP = 0.9170792346015674
2025-06-17 21:53:29,760 - __main__ - INFO - ...Average MAP = 0.9134995022597614
2025-06-17 21:53:41,029 - __main__ - INFO - Noise ratio: 0.2
2025-06-17 21:53:41,031 - __main__ - INFO - Namespace(dataset='xmedia', seed=0, alpha=0.9, lamda=1, margin=0.9, lambd=5, barycenter_number=1, top_k=10, warm_up_epoch=0, MAX_EPOCH=100, batch_size=256, output_dim=512, lr=0.0001, noisy_ratio=0.2, noise_mode='sym', GPU=1, hard_weight=True, noisy_train=True, logging='xmedia_findMAP')
2025-06-17 22:03:49,870 - __main__ - INFO - ...Image to Text MAP = 0.9141647334395339
2025-06-17 22:03:50,004 - __main__ - INFO - ...Text to Image MAP = 0.9191099858016059
2025-06-17 22:03:50,015 - __main__ - INFO - ...Average MAP = 0.9166373596205699
2025-06-17 22:04:01,107 - __main__ - INFO - Noise ratio: 0.4
2025-06-17 22:04:01,109 - __main__ - INFO - Namespace(dataset='xmedia', seed=0, alpha=0.9, lamda=1, margin=0.9, lambd=5, barycenter_number=1, top_k=10, warm_up_epoch=0, MAX_EPOCH=100, batch_size=256, output_dim=512, lr=0.0001, noisy_ratio=0.4, noise_mode='sym', GPU=1, hard_weight=True, noisy_train=True, logging='xmedia_findMAP')
2025-06-17 22:14:56,284 - __main__ - INFO - ...Image to Text MAP = 0.9097367847806566
2025-06-17 22:14:56,505 - __main__ - INFO - ...Text to Image MAP = 0.9039698284333888
2025-06-17 22:14:56,506 - __main__ - INFO - ...Average MAP = 0.9068533066070227
2025-06-17 22:15:06,112 - __main__ - INFO - Noise ratio: 0.6
2025-06-17 22:15:06,114 - __main__ - INFO - Namespace(dataset='xmedia', seed=0, alpha=0.9, lamda=1, margin=0.9, lambd=5, barycenter_number=1, top_k=10, warm_up_epoch=0, MAX_EPOCH=100, batch_size=256, output_dim=512, lr=0.0001, noisy_ratio=0.6, noise_mode='sym', GPU=1, hard_weight=True, noisy_train=True, logging='xmedia_findMAP')
2025-06-17 22:25:38,939 - __main__ - INFO - ...Image to Text MAP = 0.9163688159730575
2025-06-17 22:25:39,129 - __main__ - INFO - ...Text to Image MAP = 0.913970653181519
2025-06-17 22:25:39,146 - __main__ - INFO - ...Average MAP = 0.9151697345772882
2025-06-17 22:25:49,656 - __main__ - INFO - Noise ratio: 0.8
2025-06-17 22:25:49,660 - __main__ - INFO - Namespace(dataset='xmedia', seed=0, alpha=0.9, lamda=1, margin=0.9, lambd=5, barycenter_number=1, top_k=10, warm_up_epoch=0, MAX_EPOCH=100, batch_size=256, output_dim=512, lr=0.0001, noisy_ratio=0.8, noise_mode='sym', GPU=1, hard_weight=True, noisy_train=True, logging='xmedia_findMAP')
2025-06-17 22:36:24,946 - __main__ - INFO - ...Image to Text MAP = 0.9086851394055069
2025-06-17 22:36:25,194 - __main__ - INFO - ...Text to Image MAP = 0.9186687795986466
2025-06-17 22:36:25,207 - __main__ - INFO - ...Average MAP = 0.9136769595020767
2025-06-17 22:36:37,331 - __main__ - INFO - Noise ratio: 0.2
2025-06-17 22:36:37,335 - __main__ - INFO - Namespace(dataset='xmedia', seed=0, alpha=1.0, lamda=1, margin=0.9, lambd=5, barycenter_number=1, top_k=10, warm_up_epoch=0, MAX_EPOCH=100, batch_size=256, output_dim=512, lr=0.0001, noisy_ratio=0.2, noise_mode='sym', GPU=1, hard_weight=True, noisy_train=True, logging='xmedia_findMAP')
2025-06-17 22:46:45,877 - __main__ - INFO - ...Image to Text MAP = 0.9146363274589239
2025-06-17 22:46:46,309 - __main__ - INFO - ...Text to Image MAP = 0.9151706038302395
2025-06-17 22:46:46,310 - __main__ - INFO - ...Average MAP = 0.9149034656445817
2025-06-17 22:46:57,126 - __main__ - INFO - Noise ratio: 0.4
2025-06-17 22:46:57,128 - __main__ - INFO - Namespace(dataset='xmedia', seed=0, alpha=1.0, lamda=1, margin=0.9, lambd=5, barycenter_number=1, top_k=10, warm_up_epoch=0, MAX_EPOCH=100, batch_size=256, output_dim=512, lr=0.0001, noisy_ratio=0.4, noise_mode='sym', GPU=1, hard_weight=True, noisy_train=True, logging='xmedia_findMAP')
2025-06-17 22:56:50,727 - __main__ - INFO - ...Image to Text MAP = 0.9124014934415885
2025-06-17 22:56:50,848 - __main__ - INFO - ...Text to Image MAP = 0.9092380007425204
2025-06-17 22:56:50,849 - __main__ - INFO - ...Average MAP = 0.9108197470920545
2025-06-17 22:57:01,025 - __main__ - INFO - Noise ratio: 0.6
2025-06-17 22:57:01,027 - __main__ - INFO - Namespace(dataset='xmedia', seed=0, alpha=1.0, lamda=1, margin=0.9, lambd=5, barycenter_number=1, top_k=10, warm_up_epoch=0, MAX_EPOCH=100, batch_size=256, output_dim=512, lr=0.0001, noisy_ratio=0.6, noise_mode='sym', GPU=1, hard_weight=True, noisy_train=True, logging='xmedia_findMAP')
2025-06-17 23:07:14,169 - __main__ - INFO - ...Image to Text MAP = 0.9086826934317868
2025-06-17 23:07:14,472 - __main__ - INFO - ...Text to Image MAP = 0.9132086276646155
2025-06-17 23:07:14,473 - __main__ - INFO - ...Average MAP = 0.9109456605482011
2025-06-17 23:07:27,254 - __main__ - INFO - Noise ratio: 0.8
2025-06-17 23:07:27,257 - __main__ - INFO - Namespace(dataset='xmedia', seed=0, alpha=1.0, lamda=1, margin=0.9, lambd=5, barycenter_number=1, top_k=10, warm_up_epoch=0, MAX_EPOCH=100, batch_size=256, output_dim=512, lr=0.0001, noisy_ratio=0.8, noise_mode='sym', GPU=1, hard_weight=True, noisy_train=True, logging='xmedia_findMAP')
2025-06-17 23:17:28,273 - __main__ - INFO - ...Image to Text MAP = 0.9086344935011476
2025-06-17 23:17:28,608 - __main__ - INFO - ...Text to Image MAP = 0.9221363824975977
2025-06-17 23:17:28,626 - __main__ - INFO - ...Average MAP = 0.9153854379993727
2025-06-17 23:17:40,229 - __main__ - INFO - Noise ratio: 0.2
2025-06-17 23:17:40,232 - __main__ - INFO - Namespace(dataset='xmedia', seed=1, alpha=0.1, lamda=1, margin=0.9, lambd=5, barycenter_number=1, top_k=10, warm_up_epoch=0, MAX_EPOCH=100, batch_size=256, output_dim=512, lr=0.0001, noisy_ratio=0.2, noise_mode='sym', GPU=1, hard_weight=True, noisy_train=True, logging='xmedia_findMAP')
2025-06-17 23:27:34,193 - __main__ - INFO - ...Image to Text MAP = 0.9135175890796322
2025-06-17 23:27:34,307 - __main__ - INFO - ...Text to Image MAP = 0.9123153751463282
2025-06-17 23:27:34,312 - __main__ - INFO - ...Average MAP = 0.9129164821129803
2025-06-17 23:27:45,771 - __main__ - INFO - Noise ratio: 0.4
2025-06-17 23:27:45,775 - __main__ - INFO - Namespace(dataset='xmedia', seed=1, alpha=0.1, lamda=1, margin=0.9, lambd=5, barycenter_number=1, top_k=10, warm_up_epoch=0, MAX_EPOCH=100, batch_size=256, output_dim=512, lr=0.0001, noisy_ratio=0.4, noise_mode='sym', GPU=1, hard_weight=True, noisy_train=True, logging='xmedia_findMAP')
2025-06-17 23:37:46,764 - __main__ - INFO - ...Image to Text MAP = 0.9034217901995336
2025-06-17 23:37:46,883 - __main__ - INFO - ...Text to Image MAP = 0.8932270043417978
2025-06-17 23:37:46,884 - __main__ - INFO - ...Average MAP = 0.8983243972706657
2025-06-17 23:37:58,812 - __main__ - INFO - Noise ratio: 0.6
2025-06-17 23:37:58,817 - __main__ - INFO - Namespace(dataset='xmedia', seed=1, alpha=0.1, lamda=1, margin=0.9, lambd=5, barycenter_number=1, top_k=10, warm_up_epoch=0, MAX_EPOCH=100, batch_size=256, output_dim=512, lr=0.0001, noisy_ratio=0.6, noise_mode='sym', GPU=1, hard_weight=True, noisy_train=True, logging='xmedia_findMAP')
2025-06-17 23:48:36,817 - __main__ - INFO - ...Image to Text MAP = 0.8476915714640352
2025-06-17 23:48:36,977 - __main__ - INFO - ...Text to Image MAP = 0.8402165446037719
2025-06-17 23:48:36,978 - __main__ - INFO - ...Average MAP = 0.8439540580339036
2025-06-17 23:48:46,586 - __main__ - INFO - Noise ratio: 0.8
2025-06-17 23:48:46,587 - __main__ - INFO - Namespace(dataset='xmedia', seed=1, alpha=0.1, lamda=1, margin=0.9, lambd=5, barycenter_number=1, top_k=10, warm_up_epoch=0, MAX_EPOCH=100, batch_size=256, output_dim=512, lr=0.0001, noisy_ratio=0.8, noise_mode='sym', GPU=1, hard_weight=True, noisy_train=True, logging='xmedia_findMAP')
2025-06-17 23:58:42,070 - __main__ - INFO - ...Image to Text MAP = 0.6798861461704258
2025-06-17 23:58:42,193 - __main__ - INFO - ...Text to Image MAP = 0.7191187219263299
2025-06-17 23:58:42,194 - __main__ - INFO - ...Average MAP = 0.6995024340483778
2025-06-17 23:58:52,151 - __main__ - INFO - Noise ratio: 0.2
2025-06-17 23:58:52,154 - __main__ - INFO - Namespace(dataset='xmedia', seed=1, alpha=0.2, lamda=1, margin=0.9, lambd=5, barycenter_number=1, top_k=10, warm_up_epoch=0, MAX_EPOCH=100, batch_size=256, output_dim=512, lr=0.0001, noisy_ratio=0.2, noise_mode='sym', GPU=1, hard_weight=True, noisy_train=True, logging='xmedia_findMAP')
2025-06-18 00:08:03,465 - __main__ - INFO - ...Image to Text MAP = 0.9214463473640117
2025-06-18 00:08:03,733 - __main__ - INFO - ...Text to Image MAP = 0.915612781423184
2025-06-18 00:08:03,734 - __main__ - INFO - ...Average MAP = 0.9185295643935978
2025-06-18 00:08:15,372 - __main__ - INFO - Noise ratio: 0.4
2025-06-18 00:08:15,374 - __main__ - INFO - Namespace(dataset='xmedia', seed=1, alpha=0.2, lamda=1, margin=0.9, lambd=5, barycenter_number=1, top_k=10, warm_up_epoch=0, MAX_EPOCH=100, batch_size=256, output_dim=512, lr=0.0001, noisy_ratio=0.4, noise_mode='sym', GPU=1, hard_weight=True, noisy_train=True, logging='xmedia_findMAP')
2025-06-18 00:17:18,486 - __main__ - INFO - ...Image to Text MAP = 0.9154216967687075
2025-06-18 00:17:18,609 - __main__ - INFO - ...Text to Image MAP = 0.9085239372582812
2025-06-18 00:17:18,609 - __main__ - INFO - ...Average MAP = 0.9119728170134944
2025-06-18 00:17:28,557 - __main__ - INFO - Noise ratio: 0.6
2025-06-18 00:17:28,562 - __main__ - INFO - Namespace(dataset='xmedia', seed=1, alpha=0.2, lamda=1, margin=0.9, lambd=5, barycenter_number=1, top_k=10, warm_up_epoch=0, MAX_EPOCH=100, batch_size=256, output_dim=512, lr=0.0001, noisy_ratio=0.6, noise_mode='sym', GPU=1, hard_weight=True, noisy_train=True, logging='xmedia_findMAP')
2025-06-18 00:26:50,115 - __main__ - INFO - ...Image to Text MAP = 0.8945687806325379
2025-06-18 00:26:50,279 - __main__ - INFO - ...Text to Image MAP = 0.8935303447280694
2025-06-18 00:26:50,279 - __main__ - INFO - ...Average MAP = 0.8940495626803036
2025-06-18 00:27:00,456 - __main__ - INFO - Noise ratio: 0.8
2025-06-18 00:27:00,458 - __main__ - INFO - Namespace(dataset='xmedia', seed=1, alpha=0.2, lamda=1, margin=0.9, lambd=5, barycenter_number=1, top_k=10, warm_up_epoch=0, MAX_EPOCH=100, batch_size=256, output_dim=512, lr=0.0001, noisy_ratio=0.8, noise_mode='sym', GPU=1, hard_weight=True, noisy_train=True, logging='xmedia_findMAP')
2025-06-18 00:36:10,908 - __main__ - INFO - ...Image to Text MAP = 0.8632208159876327
2025-06-18 00:36:11,293 - __main__ - INFO - ...Text to Image MAP = 0.867839233037036
2025-06-18 00:36:11,294 - __main__ - INFO - ...Average MAP = 0.8655300245123343
2025-06-18 00:36:20,121 - __main__ - INFO - Noise ratio: 0.2
2025-06-18 00:36:20,123 - __main__ - INFO - Namespace(dataset='xmedia', seed=1, alpha=0.3, lamda=1, margin=0.9, lambd=5, barycenter_number=1, top_k=10, warm_up_epoch=0, MAX_EPOCH=100, batch_size=256, output_dim=512, lr=0.0001, noisy_ratio=0.2, noise_mode='sym', GPU=1, hard_weight=True, noisy_train=True, logging='xmedia_findMAP')
2025-06-18 00:45:40,542 - __main__ - INFO - ...Image to Text MAP = 0.9234540021511688
2025-06-18 00:45:40,647 - __main__ - INFO - ...Text to Image MAP = 0.9178000919195474
2025-06-18 00:45:40,648 - __main__ - INFO - ...Average MAP = 0.9206270470353581
2025-06-18 00:45:51,242 - __main__ - INFO - Noise ratio: 0.4
2025-06-18 00:45:51,244 - __main__ - INFO - Namespace(dataset='xmedia', seed=1, alpha=0.3, lamda=1, margin=0.9, lambd=5, barycenter_number=1, top_k=10, warm_up_epoch=0, MAX_EPOCH=100, batch_size=256, output_dim=512, lr=0.0001, noisy_ratio=0.4, noise_mode='sym', GPU=1, hard_weight=True, noisy_train=True, logging='xmedia_findMAP')
2025-06-18 00:55:38,103 - __main__ - INFO - ...Image to Text MAP = 0.915726779226796
2025-06-18 00:55:38,488 - __main__ - INFO - ...Text to Image MAP = 0.9085317127513766
2025-06-18 00:55:38,489 - __main__ - INFO - ...Average MAP = 0.9121292459890863
2025-06-18 00:55:47,716 - __main__ - INFO - Noise ratio: 0.6
2025-06-18 00:55:47,718 - __main__ - INFO - Namespace(dataset='xmedia', seed=1, alpha=0.3, lamda=1, margin=0.9, lambd=5, barycenter_number=1, top_k=10, warm_up_epoch=0, MAX_EPOCH=100, batch_size=256, output_dim=512, lr=0.0001, noisy_ratio=0.6, noise_mode='sym', GPU=1, hard_weight=True, noisy_train=True, logging='xmedia_findMAP')
2025-06-18 01:04:18,921 - __main__ - INFO - ...Image to Text MAP = 0.9087864081033199
2025-06-18 01:04:19,118 - __main__ - INFO - ...Text to Image MAP = 0.9057641331477162
2025-06-18 01:04:19,118 - __main__ - INFO - ...Average MAP = 0.907275270625518
2025-06-18 01:04:28,059 - __main__ - INFO - Noise ratio: 0.8
2025-06-18 01:04:28,061 - __main__ - INFO - Namespace(dataset='xmedia', seed=1, alpha=0.3, lamda=1, margin=0.9, lambd=5, barycenter_number=1, top_k=10, warm_up_epoch=0, MAX_EPOCH=100, batch_size=256, output_dim=512, lr=0.0001, noisy_ratio=0.8, noise_mode='sym', GPU=1, hard_weight=True, noisy_train=True, logging='xmedia_findMAP')
2025-06-18 01:13:48,524 - __main__ - INFO - ...Image to Text MAP = 0.9075111896150745
2025-06-18 01:13:48,796 - __main__ - INFO - ...Text to Image MAP = 0.9094389621610905
2025-06-18 01:13:48,797 - __main__ - INFO - ...Average MAP = 0.9084750758880825
2025-06-18 01:13:58,877 - __main__ - INFO - Noise ratio: 0.2
2025-06-18 01:13:58,879 - __main__ - INFO - Namespace(dataset='xmedia', seed=1, alpha=0.4, lamda=1, margin=0.9, lambd=5, barycenter_number=1, top_k=10, warm_up_epoch=0, MAX_EPOCH=100, batch_size=256, output_dim=512, lr=0.0001, noisy_ratio=0.2, noise_mode='sym', GPU=1, hard_weight=True, noisy_train=True, logging='xmedia_findMAP')
2025-06-18 01:23:49,963 - __main__ - INFO - ...Image to Text MAP = 0.9218871726692164
2025-06-18 01:23:50,064 - __main__ - INFO - ...Text to Image MAP = 0.9182804376572603
2025-06-18 01:23:50,064 - __main__ - INFO - ...Average MAP = 0.9200838051632383
2025-06-18 01:23:58,989 - __main__ - INFO - Noise ratio: 0.4
2025-06-18 01:23:58,992 - __main__ - INFO - Namespace(dataset='xmedia', seed=1, alpha=0.4, lamda=1, margin=0.9, lambd=5, barycenter_number=1, top_k=10, warm_up_epoch=0, MAX_EPOCH=100, batch_size=256, output_dim=512, lr=0.0001, noisy_ratio=0.4, noise_mode='sym', GPU=1, hard_weight=True, noisy_train=True, logging='xmedia_findMAP')
2025-06-18 01:32:45,900 - __main__ - INFO - ...Image to Text MAP = 0.916925460047373
2025-06-18 01:32:46,031 - __main__ - INFO - ...Text to Image MAP = 0.9113467672618426
2025-06-18 01:32:46,032 - __main__ - INFO - ...Average MAP = 0.9141361136546078
2025-06-18 01:32:55,189 - __main__ - INFO - Noise ratio: 0.6
2025-06-18 01:32:55,191 - __main__ - INFO - Namespace(dataset='xmedia', seed=1, alpha=0.4, lamda=1, margin=0.9, lambd=5, barycenter_number=1, top_k=10, warm_up_epoch=0, MAX_EPOCH=100, batch_size=256, output_dim=512, lr=0.0001, noisy_ratio=0.6, noise_mode='sym', GPU=1, hard_weight=True, noisy_train=True, logging='xmedia_findMAP')
2025-06-18 01:41:52,602 - __main__ - INFO - ...Image to Text MAP = 0.9103169281681147
2025-06-18 01:41:52,731 - __main__ - INFO - ...Text to Image MAP = 0.9172908535723541
2025-06-18 01:41:52,731 - __main__ - INFO - ...Average MAP = 0.9138038908702344
2025-06-18 01:42:03,253 - __main__ - INFO - Noise ratio: 0.8
2025-06-18 01:42:03,255 - __main__ - INFO - Namespace(dataset='xmedia', seed=1, alpha=0.4, lamda=1, margin=0.9, lambd=5, barycenter_number=1, top_k=10, warm_up_epoch=0, MAX_EPOCH=100, batch_size=256, output_dim=512, lr=0.0001, noisy_ratio=0.8, noise_mode='sym', GPU=1, hard_weight=True, noisy_train=True, logging='xmedia_findMAP')
2025-06-18 01:51:53,146 - __main__ - INFO - ...Image to Text MAP = 0.9129349136943327
2025-06-18 01:51:53,302 - __main__ - INFO - ...Text to Image MAP = 0.918329301164832
2025-06-18 01:51:53,303 - __main__ - INFO - ...Average MAP = 0.9156321074295823
2025-06-18 01:52:01,818 - __main__ - INFO - Noise ratio: 0.2
2025-06-18 01:52:01,820 - __main__ - INFO - Namespace(dataset='xmedia', seed=1, alpha=0.5, lamda=1, margin=0.9, lambd=5, barycenter_number=1, top_k=10, warm_up_epoch=0, MAX_EPOCH=100, batch_size=256, output_dim=512, lr=0.0001, noisy_ratio=0.2, noise_mode='sym', GPU=1, hard_weight=True, noisy_train=True, logging='xmedia_findMAP')
2025-06-18 02:01:16,457 - __main__ - INFO - ...Image to Text MAP = 0.9247805011687924
2025-06-18 02:01:16,572 - __main__ - INFO - ...Text to Image MAP = 0.9195728497756013
2025-06-18 02:01:16,572 - __main__ - INFO - ...Average MAP = 0.9221766754721968
2025-06-18 02:01:26,199 - __main__ - INFO - Noise ratio: 0.4
2025-06-18 02:01:26,202 - __main__ - INFO - Namespace(dataset='xmedia', seed=1, alpha=0.5, lamda=1, margin=0.9, lambd=5, barycenter_number=1, top_k=10, warm_up_epoch=0, MAX_EPOCH=100, batch_size=256, output_dim=512, lr=0.0001, noisy_ratio=0.4, noise_mode='sym', GPU=1, hard_weight=True, noisy_train=True, logging='xmedia_findMAP')
2025-06-18 02:10:22,043 - __main__ - INFO - ...Image to Text MAP = 0.9209859014237575
2025-06-18 02:10:22,205 - __main__ - INFO - ...Text to Image MAP = 0.9156001015363453
2025-06-18 02:10:22,206 - __main__ - INFO - ...Average MAP = 0.9182930014800514
2025-06-18 02:10:31,603 - __main__ - INFO - Noise ratio: 0.6
2025-06-18 02:10:31,605 - __main__ - INFO - Namespace(dataset='xmedia', seed=1, alpha=0.5, lamda=1, margin=0.9, lambd=5, barycenter_number=1, top_k=10, warm_up_epoch=0, MAX_EPOCH=100, batch_size=256, output_dim=512, lr=0.0001, noisy_ratio=0.6, noise_mode='sym', GPU=1, hard_weight=True, noisy_train=True, logging='xmedia_findMAP')
2025-06-18 02:20:06,268 - __main__ - INFO - ...Image to Text MAP = 0.9157132999209453
2025-06-18 02:20:06,393 - __main__ - INFO - ...Text to Image MAP = 0.9197644845158139
2025-06-18 02:20:06,393 - __main__ - INFO - ...Average MAP = 0.9177388922183796
2025-06-18 02:20:16,860 - __main__ - INFO - Noise ratio: 0.8
2025-06-18 02:20:16,861 - __main__ - INFO - Namespace(dataset='xmedia', seed=1, alpha=0.5, lamda=1, margin=0.9, lambd=5, barycenter_number=1, top_k=10, warm_up_epoch=0, MAX_EPOCH=100, batch_size=256, output_dim=512, lr=0.0001, noisy_ratio=0.8, noise_mode='sym', GPU=1, hard_weight=True, noisy_train=True, logging='xmedia_findMAP')
2025-06-18 02:30:15,468 - __main__ - INFO - ...Image to Text MAP = 0.9134105295314774
2025-06-18 02:30:15,710 - __main__ - INFO - ...Text to Image MAP = 0.912491745603483
2025-06-18 02:30:15,711 - __main__ - INFO - ...Average MAP = 0.9129511375674801
2025-06-18 02:30:25,786 - __main__ - INFO - Noise ratio: 0.2
2025-06-18 02:30:25,788 - __main__ - INFO - Namespace(dataset='xmedia', seed=1, alpha=0.6, lamda=1, margin=0.9, lambd=5, barycenter_number=1, top_k=10, warm_up_epoch=0, MAX_EPOCH=100, batch_size=256, output_dim=512, lr=0.0001, noisy_ratio=0.2, noise_mode='sym', GPU=1, hard_weight=True, noisy_train=True, logging='xmedia_findMAP')
2025-06-18 02:39:49,633 - __main__ - INFO - ...Image to Text MAP = 0.9246464195952772
2025-06-18 02:39:49,774 - __main__ - INFO - ...Text to Image MAP = 0.9237244748744289
2025-06-18 02:39:49,775 - __main__ - INFO - ...Average MAP = 0.924185447234853
2025-06-18 02:40:00,224 - __main__ - INFO - Noise ratio: 0.4
2025-06-18 02:40:00,226 - __main__ - INFO - Namespace(dataset='xmedia', seed=1, alpha=0.6, lamda=1, margin=0.9, lambd=5, barycenter_number=1, top_k=10, warm_up_epoch=0, MAX_EPOCH=100, batch_size=256, output_dim=512, lr=0.0001, noisy_ratio=0.4, noise_mode='sym', GPU=1, hard_weight=True, noisy_train=True, logging='xmedia_findMAP')
2025-06-18 02:49:26,777 - __main__ - INFO - ...Image to Text MAP = 0.9172754201356472
2025-06-18 02:49:26,965 - __main__ - INFO - ...Text to Image MAP = 0.9179857278097836
2025-06-18 02:49:26,966 - __main__ - INFO - ...Average MAP = 0.9176305739727154
2025-06-18 02:49:36,736 - __main__ - INFO - Noise ratio: 0.6
2025-06-18 02:49:36,738 - __main__ - INFO - Namespace(dataset='xmedia', seed=1, alpha=0.6, lamda=1, margin=0.9, lambd=5, barycenter_number=1, top_k=10, warm_up_epoch=0, MAX_EPOCH=100, batch_size=256, output_dim=512, lr=0.0001, noisy_ratio=0.6, noise_mode='sym', GPU=1, hard_weight=True, noisy_train=True, logging='xmedia_findMAP')
2025-06-18 02:58:03,382 - __main__ - INFO - ...Image to Text MAP = 0.9106163483676828
2025-06-18 02:58:03,533 - __main__ - INFO - ...Text to Image MAP = 0.9161663296139985
2025-06-18 02:58:03,533 - __main__ - INFO - ...Average MAP = 0.9133913389908406
2025-06-18 02:58:15,386 - __main__ - INFO - Noise ratio: 0.8
2025-06-18 02:58:15,390 - __main__ - INFO - Namespace(dataset='xmedia', seed=1, alpha=0.6, lamda=1, margin=0.9, lambd=5, barycenter_number=1, top_k=10, warm_up_epoch=0, MAX_EPOCH=100, batch_size=256, output_dim=512, lr=0.0001, noisy_ratio=0.8, noise_mode='sym', GPU=1, hard_weight=True, noisy_train=True, logging='xmedia_findMAP')
2025-06-18 03:07:35,748 - __main__ - INFO - ...Image to Text MAP = 0.9090887481973882
2025-06-18 03:07:36,035 - __main__ - INFO - ...Text to Image MAP = 0.9153540797251634
2025-06-18 03:07:36,036 - __main__ - INFO - ...Average MAP = 0.9122214139612758
2025-06-18 03:07:47,042 - __main__ - INFO - Noise ratio: 0.2
2025-06-18 03:07:47,045 - __main__ - INFO - Namespace(dataset='xmedia', seed=1, alpha=0.7, lamda=1, margin=0.9, lambd=5, barycenter_number=1, top_k=10, warm_up_epoch=0, MAX_EPOCH=100, batch_size=256, output_dim=512, lr=0.0001, noisy_ratio=0.2, noise_mode='sym', GPU=1, hard_weight=True, noisy_train=True, logging='xmedia_findMAP')
2025-06-18 03:17:23,296 - __main__ - INFO - ...Image to Text MAP = 0.9225643502438122
2025-06-18 03:17:23,481 - __main__ - INFO - ...Text to Image MAP = 0.9219085115452692
2025-06-18 03:17:23,486 - __main__ - INFO - ...Average MAP = 0.9222364308945408
2025-06-18 03:17:33,956 - __main__ - INFO - Noise ratio: 0.4
2025-06-18 03:17:33,959 - __main__ - INFO - Namespace(dataset='xmedia', seed=1, alpha=0.7, lamda=1, margin=0.9, lambd=5, barycenter_number=1, top_k=10, warm_up_epoch=0, MAX_EPOCH=100, batch_size=256, output_dim=512, lr=0.0001, noisy_ratio=0.4, noise_mode='sym', GPU=1, hard_weight=True, noisy_train=True, logging='xmedia_findMAP')
2025-06-18 03:27:17,572 - __main__ - INFO - ...Image to Text MAP = 0.9133553488652958
2025-06-18 03:27:17,706 - __main__ - INFO - ...Text to Image MAP = 0.9138246225195852
2025-06-18 03:27:17,707 - __main__ - INFO - ...Average MAP = 0.9135899856924405
2025-06-18 03:27:27,655 - __main__ - INFO - Noise ratio: 0.6
2025-06-18 03:27:27,657 - __main__ - INFO - Namespace(dataset='xmedia', seed=1, alpha=0.7, lamda=1, margin=0.9, lambd=5, barycenter_number=1, top_k=10, warm_up_epoch=0, MAX_EPOCH=100, batch_size=256, output_dim=512, lr=0.0001, noisy_ratio=0.6, noise_mode='sym', GPU=1, hard_weight=True, noisy_train=True, logging='xmedia_findMAP')
2025-06-18 03:37:14,850 - __main__ - INFO - ...Image to Text MAP = 0.9117914593215782
2025-06-18 03:37:15,085 - __main__ - INFO - ...Text to Image MAP = 0.9169697921945718
2025-06-18 03:37:15,085 - __main__ - INFO - ...Average MAP = 0.914380625758075
2025-06-18 03:37:26,372 - __main__ - INFO - Noise ratio: 0.8
2025-06-18 03:37:26,410 - __main__ - INFO - Namespace(dataset='xmedia', seed=1, alpha=0.7, lamda=1, margin=0.9, lambd=5, barycenter_number=1, top_k=10, warm_up_epoch=0, MAX_EPOCH=100, batch_size=256, output_dim=512, lr=0.0001, noisy_ratio=0.8, noise_mode='sym', GPU=1, hard_weight=True, noisy_train=True, logging='xmedia_findMAP')
2025-06-18 03:46:56,740 - __main__ - INFO - ...Image to Text MAP = 0.9086315785937213
2025-06-18 03:46:56,864 - __main__ - INFO - ...Text to Image MAP = 0.917927606524409
2025-06-18 03:46:56,865 - __main__ - INFO - ...Average MAP = 0.9132795925590651
2025-06-18 03:47:06,608 - __main__ - INFO - Noise ratio: 0.2
2025-06-18 03:47:06,621 - __main__ - INFO - Namespace(dataset='xmedia', seed=1, alpha=0.8, lamda=1, margin=0.9, lambd=5, barycenter_number=1, top_k=10, warm_up_epoch=0, MAX_EPOCH=100, batch_size=256, output_dim=512, lr=0.0001, noisy_ratio=0.2, noise_mode='sym', GPU=1, hard_weight=True, noisy_train=True, logging='xmedia_findMAP')
2025-06-18 03:56:20,698 - __main__ - INFO - ...Image to Text MAP = 0.9181230002049556
2025-06-18 03:56:20,878 - __main__ - INFO - ...Text to Image MAP = 0.9069431969140868
2025-06-18 03:56:20,879 - __main__ - INFO - ...Average MAP = 0.9125330985595212
2025-06-18 03:56:30,165 - __main__ - INFO - Noise ratio: 0.4
2025-06-18 03:56:30,167 - __main__ - INFO - Namespace(dataset='xmedia', seed=1, alpha=0.8, lamda=1, margin=0.9, lambd=5, barycenter_number=1, top_k=10, warm_up_epoch=0, MAX_EPOCH=100, batch_size=256, output_dim=512, lr=0.0001, noisy_ratio=0.4, noise_mode='sym', GPU=1, hard_weight=True, noisy_train=True, logging='xmedia_findMAP')
2025-06-18 04:05:51,148 - __main__ - INFO - ...Image to Text MAP = 0.9062431316780648
2025-06-18 04:05:51,277 - __main__ - INFO - ...Text to Image MAP = 0.9127059331963713
2025-06-18 04:05:51,278 - __main__ - INFO - ...Average MAP = 0.909474532437218
2025-06-18 04:06:00,384 - __main__ - INFO - Noise ratio: 0.6
2025-06-18 04:06:00,387 - __main__ - INFO - Namespace(dataset='xmedia', seed=1, alpha=0.8, lamda=1, margin=0.9, lambd=5, barycenter_number=1, top_k=10, warm_up_epoch=0, MAX_EPOCH=100, batch_size=256, output_dim=512, lr=0.0001, noisy_ratio=0.6, noise_mode='sym', GPU=1, hard_weight=True, noisy_train=True, logging='xmedia_findMAP')
2025-06-18 04:15:56,080 - __main__ - INFO - ...Image to Text MAP = 0.9114139885700929
2025-06-18 04:15:56,327 - __main__ - INFO - ...Text to Image MAP = 0.9103847596908581
2025-06-18 04:15:56,329 - __main__ - INFO - ...Average MAP = 0.9108993741304755
2025-06-18 04:16:06,779 - __main__ - INFO - Noise ratio: 0.8
2025-06-18 04:16:06,781 - __main__ - INFO - Namespace(dataset='xmedia', seed=1, alpha=0.8, lamda=1, margin=0.9, lambd=5, barycenter_number=1, top_k=10, warm_up_epoch=0, MAX_EPOCH=100, batch_size=256, output_dim=512, lr=0.0001, noisy_ratio=0.8, noise_mode='sym', GPU=1, hard_weight=True, noisy_train=True, logging='xmedia_findMAP')
2025-06-18 04:26:17,643 - __main__ - INFO - ...Image to Text MAP = 0.9149321071627701
2025-06-18 04:26:17,847 - __main__ - INFO - ...Text to Image MAP = 0.9153786100557327
2025-06-18 04:26:17,848 - __main__ - INFO - ...Average MAP = 0.9151553586092513
2025-06-18 04:26:25,380 - __main__ - INFO - Noise ratio: 0.2
2025-06-18 04:26:25,382 - __main__ - INFO - Namespace(dataset='xmedia', seed=1, alpha=0.9, lamda=1, margin=0.9, lambd=5, barycenter_number=1, top_k=10, warm_up_epoch=0, MAX_EPOCH=100, batch_size=256, output_dim=512, lr=0.0001, noisy_ratio=0.2, noise_mode='sym', GPU=1, hard_weight=True, noisy_train=True, logging='xmedia_findMAP')
2025-06-18 04:35:59,782 - __main__ - INFO - ...Image to Text MAP = 0.9178759248178748
2025-06-18 04:36:00,097 - __main__ - INFO - ...Text to Image MAP = 0.9197556812071874
2025-06-18 04:36:00,097 - __main__ - INFO - ...Average MAP = 0.9188158030125311
2025-06-18 04:36:09,801 - __main__ - INFO - Noise ratio: 0.4
2025-06-18 04:36:09,807 - __main__ - INFO - Namespace(dataset='xmedia', seed=1, alpha=0.9, lamda=1, margin=0.9, lambd=5, barycenter_number=1, top_k=10, warm_up_epoch=0, MAX_EPOCH=100, batch_size=256, output_dim=512, lr=0.0001, noisy_ratio=0.4, noise_mode='sym', GPU=1, hard_weight=True, noisy_train=True, logging='xmedia_findMAP')
2025-06-18 04:46:07,336 - __main__ - INFO - ...Image to Text MAP = 0.9137726897301389
2025-06-18 04:46:07,598 - __main__ - INFO - ...Text to Image MAP = 0.9112527356833858
2025-06-18 04:46:07,599 - __main__ - INFO - ...Average MAP = 0.9125127127067624
2025-06-18 04:46:18,116 - __main__ - INFO - Noise ratio: 0.6
2025-06-18 04:46:18,121 - __main__ - INFO - Namespace(dataset='xmedia', seed=1, alpha=0.9, lamda=1, margin=0.9, lambd=5, barycenter_number=1, top_k=10, warm_up_epoch=0, MAX_EPOCH=100, batch_size=256, output_dim=512, lr=0.0001, noisy_ratio=0.6, noise_mode='sym', GPU=1, hard_weight=True, noisy_train=True, logging='xmedia_findMAP')
2025-06-18 04:55:56,904 - __main__ - INFO - ...Image to Text MAP = 0.9147173319234122
2025-06-18 04:55:57,041 - __main__ - INFO - ...Text to Image MAP = 0.9113136808125415
2025-06-18 04:55:57,041 - __main__ - INFO - ...Average MAP = 0.9130155063679768
2025-06-18 04:56:07,112 - __main__ - INFO - Noise ratio: 0.8
2025-06-18 04:56:07,114 - __main__ - INFO - Namespace(dataset='xmedia', seed=1, alpha=0.9, lamda=1, margin=0.9, lambd=5, barycenter_number=1, top_k=10, warm_up_epoch=0, MAX_EPOCH=100, batch_size=256, output_dim=512, lr=0.0001, noisy_ratio=0.8, noise_mode='sym', GPU=1, hard_weight=True, noisy_train=True, logging='xmedia_findMAP')
2025-06-18 05:05:45,272 - __main__ - INFO - ...Image to Text MAP = 0.9098317871143424
2025-06-18 05:05:45,438 - __main__ - INFO - ...Text to Image MAP = 0.9155514409118628
2025-06-18 05:05:45,438 - __main__ - INFO - ...Average MAP = 0.9126916140131026
2025-06-18 05:05:56,074 - __main__ - INFO - Noise ratio: 0.2
2025-06-18 05:05:56,079 - __main__ - INFO - Namespace(dataset='xmedia', seed=1, alpha=1.0, lamda=1, margin=0.9, lambd=5, barycenter_number=1, top_k=10, warm_up_epoch=0, MAX_EPOCH=100, batch_size=256, output_dim=512, lr=0.0001, noisy_ratio=0.2, noise_mode='sym', GPU=1, hard_weight=True, noisy_train=True, logging='xmedia_findMAP')
2025-06-18 05:15:24,355 - __main__ - INFO - ...Image to Text MAP = 0.9200483935791699
2025-06-18 05:15:24,560 - __main__ - INFO - ...Text to Image MAP = 0.9216314323802068
2025-06-18 05:15:24,561 - __main__ - INFO - ...Average MAP = 0.9208399129796884
2025-06-18 05:15:33,344 - __main__ - INFO - Noise ratio: 0.4
2025-06-18 05:15:33,349 - __main__ - INFO - Namespace(dataset='xmedia', seed=1, alpha=1.0, lamda=1, margin=0.9, lambd=5, barycenter_number=1, top_k=10, warm_up_epoch=0, MAX_EPOCH=100, batch_size=256, output_dim=512, lr=0.0001, noisy_ratio=0.4, noise_mode='sym', GPU=1, hard_weight=True, noisy_train=True, logging='xmedia_findMAP')
2025-06-18 05:25:05,183 - __main__ - INFO - ...Image to Text MAP = 0.9123818386931305
2025-06-18 05:25:05,516 - __main__ - INFO - ...Text to Image MAP = 0.9038227032225791
2025-06-18 05:25:05,517 - __main__ - INFO - ...Average MAP = 0.9081022709578548
2025-06-18 05:25:15,743 - __main__ - INFO - Noise ratio: 0.6
2025-06-18 05:25:15,745 - __main__ - INFO - Namespace(dataset='xmedia', seed=1, alpha=1.0, lamda=1, margin=0.9, lambd=5, barycenter_number=1, top_k=10, warm_up_epoch=0, MAX_EPOCH=100, batch_size=256, output_dim=512, lr=0.0001, noisy_ratio=0.6, noise_mode='sym', GPU=1, hard_weight=True, noisy_train=True, logging='xmedia_findMAP')
2025-06-18 05:34:44,764 - __main__ - INFO - ...Image to Text MAP = 0.9095055351345613
2025-06-18 05:34:44,887 - __main__ - INFO - ...Text to Image MAP = 0.9151447478180623
2025-06-18 05:34:44,888 - __main__ - INFO - ...Average MAP = 0.9123251414763118
2025-06-18 05:34:54,281 - __main__ - INFO - Noise ratio: 0.8
2025-06-18 05:34:54,283 - __main__ - INFO - Namespace(dataset='xmedia', seed=1, alpha=1.0, lamda=1, margin=0.9, lambd=5, barycenter_number=1, top_k=10, warm_up_epoch=0, MAX_EPOCH=100, batch_size=256, output_dim=512, lr=0.0001, noisy_ratio=0.8, noise_mode='sym', GPU=1, hard_weight=True, noisy_train=True, logging='xmedia_findMAP')
2025-06-18 05:44:34,213 - __main__ - INFO - ...Image to Text MAP = 0.9094525434231698
2025-06-18 05:44:34,317 - __main__ - INFO - ...Text to Image MAP = 0.9164602466948646
2025-06-18 05:44:34,317 - __main__ - INFO - ...Average MAP = 0.9129563950590172
2025-06-18 05:44:45,319 - __main__ - INFO - Noise ratio: 0.2
2025-06-18 05:44:45,320 - __main__ - INFO - Namespace(dataset='xmedia', seed=2, alpha=0.1, lamda=1, margin=0.9, lambd=5, barycenter_number=1, top_k=10, warm_up_epoch=0, MAX_EPOCH=100, batch_size=256, output_dim=512, lr=0.0001, noisy_ratio=0.2, noise_mode='sym', GPU=1, hard_weight=True, noisy_train=True, logging='xmedia_findMAP')
2025-06-18 05:54:05,887 - __main__ - INFO - ...Image to Text MAP = 0.9182355028113423
2025-06-18 05:54:06,156 - __main__ - INFO - ...Text to Image MAP = 0.913301353464511
2025-06-18 05:54:06,157 - __main__ - INFO - ...Average MAP = 0.9157684281379266
2025-06-18 05:54:14,697 - __main__ - INFO - Noise ratio: 0.4
2025-06-18 05:54:14,699 - __main__ - INFO - Namespace(dataset='xmedia', seed=2, alpha=0.1, lamda=1, margin=0.9, lambd=5, barycenter_number=1, top_k=10, warm_up_epoch=0, MAX_EPOCH=100, batch_size=256, output_dim=512, lr=0.0001, noisy_ratio=0.4, noise_mode='sym', GPU=1, hard_weight=True, noisy_train=True, logging='xmedia_findMAP')
2025-06-18 06:03:38,412 - __main__ - INFO - ...Image to Text MAP = 0.9024976170059532
2025-06-18 06:03:38,513 - __main__ - INFO - ...Text to Image MAP = 0.8931513169630538
2025-06-18 06:03:38,513 - __main__ - INFO - ...Average MAP = 0.8978244669845035
2025-06-18 06:03:47,254 - __main__ - INFO - Noise ratio: 0.6
2025-06-18 06:03:47,256 - __main__ - INFO - Namespace(dataset='xmedia', seed=2, alpha=0.1, lamda=1, margin=0.9, lambd=5, barycenter_number=1, top_k=10, warm_up_epoch=0, MAX_EPOCH=100, batch_size=256, output_dim=512, lr=0.0001, noisy_ratio=0.6, noise_mode='sym', GPU=1, hard_weight=True, noisy_train=True, logging='xmedia_findMAP')
2025-06-18 06:13:12,796 - __main__ - INFO - ...Image to Text MAP = 0.8452695119360063
2025-06-18 06:13:13,152 - __main__ - INFO - ...Text to Image MAP = 0.8491649459798485
2025-06-18 06:13:13,153 - __main__ - INFO - ...Average MAP = 0.8472172289579274
2025-06-18 06:13:24,169 - __main__ - INFO - Noise ratio: 0.8
2025-06-18 06:13:24,171 - __main__ - INFO - Namespace(dataset='xmedia', seed=2, alpha=0.1, lamda=1, margin=0.9, lambd=5, barycenter_number=1, top_k=10, warm_up_epoch=0, MAX_EPOCH=100, batch_size=256, output_dim=512, lr=0.0001, noisy_ratio=0.8, noise_mode='sym', GPU=1, hard_weight=True, noisy_train=True, logging='xmedia_findMAP')
2025-06-18 06:22:58,389 - __main__ - INFO - ...Image to Text MAP = 0.7056336036959611
2025-06-18 06:22:58,525 - __main__ - INFO - ...Text to Image MAP = 0.7442639148054719
2025-06-18 06:22:58,526 - __main__ - INFO - ...Average MAP = 0.7249487592507164
2025-06-18 06:23:07,853 - __main__ - INFO - Noise ratio: 0.2
2025-06-18 06:23:07,862 - __main__ - INFO - Namespace(dataset='xmedia', seed=2, alpha=0.2, lamda=1, margin=0.9, lambd=5, barycenter_number=1, top_k=10, warm_up_epoch=0, MAX_EPOCH=100, batch_size=256, output_dim=512, lr=0.0001, noisy_ratio=0.2, noise_mode='sym', GPU=1, hard_weight=True, noisy_train=True, logging='xmedia_findMAP')
2025-06-18 06:32:29,870 - __main__ - INFO - ...Image to Text MAP = 0.9228955146849076
2025-06-18 06:32:30,249 - __main__ - INFO - ...Text to Image MAP = 0.9136167009908055
2025-06-18 06:32:30,249 - __main__ - INFO - ...Average MAP = 0.9182561078378566
2025-06-18 06:32:40,401 - __main__ - INFO - Noise ratio: 0.4
2025-06-18 06:32:40,402 - __main__ - INFO - Namespace(dataset='xmedia', seed=2, alpha=0.2, lamda=1, margin=0.9, lambd=5, barycenter_number=1, top_k=10, warm_up_epoch=0, MAX_EPOCH=100, batch_size=256, output_dim=512, lr=0.0001, noisy_ratio=0.4, noise_mode='sym', GPU=1, hard_weight=True, noisy_train=True, logging='xmedia_findMAP')
2025-06-18 06:42:37,955 - __main__ - INFO - ...Image to Text MAP = 0.9035701387915293
2025-06-18 06:42:38,224 - __main__ - INFO - ...Text to Image MAP = 0.9023222877598023
2025-06-18 06:42:38,225 - __main__ - INFO - ...Average MAP = 0.9029462132756658
2025-06-18 06:42:48,390 - __main__ - INFO - Noise ratio: 0.6
2025-06-18 06:42:48,392 - __main__ - INFO - Namespace(dataset='xmedia', seed=2, alpha=0.2, lamda=1, margin=0.9, lambd=5, barycenter_number=1, top_k=10, warm_up_epoch=0, MAX_EPOCH=100, batch_size=256, output_dim=512, lr=0.0001, noisy_ratio=0.6, noise_mode='sym', GPU=1, hard_weight=True, noisy_train=True, logging='xmedia_findMAP')
2025-06-18 06:52:52,869 - __main__ - INFO - ...Image to Text MAP = 0.8975201086618765
2025-06-18 06:52:53,074 - __main__ - INFO - ...Text to Image MAP = 0.8846296198298428
2025-06-18 06:52:53,076 - __main__ - INFO - ...Average MAP = 0.8910748642458597
2025-06-18 06:53:03,731 - __main__ - INFO - Noise ratio: 0.8
2025-06-18 06:53:03,736 - __main__ - INFO - Namespace(dataset='xmedia', seed=2, alpha=0.2, lamda=1, margin=0.9, lambd=5, barycenter_number=1, top_k=10, warm_up_epoch=0, MAX_EPOCH=100, batch_size=256, output_dim=512, lr=0.0001, noisy_ratio=0.8, noise_mode='sym', GPU=1, hard_weight=True, noisy_train=True, logging='xmedia_findMAP')
2025-06-18 07:03:02,563 - __main__ - INFO - ...Image to Text MAP = 0.8619518256332662
2025-06-18 07:03:02,893 - __main__ - INFO - ...Text to Image MAP = 0.8735842615061277
2025-06-18 07:03:02,893 - __main__ - INFO - ...Average MAP = 0.867768043569697
2025-06-18 07:03:14,062 - __main__ - INFO - Noise ratio: 0.2
2025-06-18 07:03:14,065 - __main__ - INFO - Namespace(dataset='xmedia', seed=2, alpha=0.3, lamda=1, margin=0.9, lambd=5, barycenter_number=1, top_k=10, warm_up_epoch=0, MAX_EPOCH=100, batch_size=256, output_dim=512, lr=0.0001, noisy_ratio=0.2, noise_mode='sym', GPU=1, hard_weight=True, noisy_train=True, logging='xmedia_findMAP')
2025-06-18 07:12:35,051 - __main__ - INFO - ...Image to Text MAP = 0.9193013799898245
2025-06-18 07:12:35,184 - __main__ - INFO - ...Text to Image MAP = 0.9134787099362643
2025-06-18 07:12:35,185 - __main__ - INFO - ...Average MAP = 0.9163900449630444
2025-06-18 07:12:44,394 - __main__ - INFO - Noise ratio: 0.4
2025-06-18 07:12:44,398 - __main__ - INFO - Namespace(dataset='xmedia', seed=2, alpha=0.3, lamda=1, margin=0.9, lambd=5, barycenter_number=1, top_k=10, warm_up_epoch=0, MAX_EPOCH=100, batch_size=256, output_dim=512, lr=0.0001, noisy_ratio=0.4, noise_mode='sym', GPU=1, hard_weight=True, noisy_train=True, logging='xmedia_findMAP')
2025-06-18 07:22:18,534 - __main__ - INFO - ...Image to Text MAP = 0.9170603384405583
2025-06-18 07:22:18,695 - __main__ - INFO - ...Text to Image MAP = 0.9113858753569184
2025-06-18 07:22:18,696 - __main__ - INFO - ...Average MAP = 0.9142231068987383
2025-06-18 07:22:29,358 - __main__ - INFO - Noise ratio: 0.6
2025-06-18 07:22:29,362 - __main__ - INFO - Namespace(dataset='xmedia', seed=2, alpha=0.3, lamda=1, margin=0.9, lambd=5, barycenter_number=1, top_k=10, warm_up_epoch=0, MAX_EPOCH=100, batch_size=256, output_dim=512, lr=0.0001, noisy_ratio=0.6, noise_mode='sym', GPU=1, hard_weight=True, noisy_train=True, logging='xmedia_findMAP')
2025-06-18 07:32:21,651 - __main__ - INFO - ...Image to Text MAP = 0.9098005568962971
2025-06-18 07:32:21,802 - __main__ - INFO - ...Text to Image MAP = 0.9079232435138924
2025-06-18 07:32:21,803 - __main__ - INFO - ...Average MAP = 0.9088619002050948
2025-06-18 07:32:32,544 - __main__ - INFO - Noise ratio: 0.8
2025-06-18 07:32:32,548 - __main__ - INFO - Namespace(dataset='xmedia', seed=2, alpha=0.3, lamda=1, margin=0.9, lambd=5, barycenter_number=1, top_k=10, warm_up_epoch=0, MAX_EPOCH=100, batch_size=256, output_dim=512, lr=0.0001, noisy_ratio=0.8, noise_mode='sym', GPU=1, hard_weight=True, noisy_train=True, logging='xmedia_findMAP')
2025-06-18 07:41:36,483 - __main__ - INFO - ...Image to Text MAP = 0.9120567519873879
2025-06-18 07:41:36,590 - __main__ - INFO - ...Text to Image MAP = 0.9146590232350508
2025-06-18 07:41:36,599 - __main__ - INFO - ...Average MAP = 0.9133578876112194
2025-06-18 07:45:16,487 - __main__ - INFO - Noise ratio: 0.2
2025-06-18 07:45:16,490 - __main__ - INFO - Namespace(dataset='xmedia', seed=2, alpha=0.4, lamda=1, margin=0.9, lambd=5, barycenter_number=1, top_k=10, warm_up_epoch=0, MAX_EPOCH=100, batch_size=256, output_dim=512, lr=0.0001, noisy_ratio=0.2, noise_mode='sym', GPU=1, hard_weight=True, noisy_train=True, logging='xmedia_findMAP')
2025-06-18 07:53:29,370 - __main__ - INFO - ...Image to Text MAP = 0.9123691267031162
2025-06-18 07:53:29,548 - __main__ - INFO - ...Text to Image MAP = 0.9116187107113566
2025-06-18 07:53:29,593 - __main__ - INFO - ...Average MAP = 0.9119939187072363
2025-06-18 07:56:04,552 - __main__ - INFO - Noise ratio: 0.4
2025-06-18 07:56:04,567 - __main__ - INFO - Namespace(dataset='xmedia', seed=2, alpha=0.4, lamda=1, margin=0.9, lambd=5, barycenter_number=1, top_k=10, warm_up_epoch=0, MAX_EPOCH=100, batch_size=256, output_dim=512, lr=0.0001, noisy_ratio=0.4, noise_mode='sym', GPU=1, hard_weight=True, noisy_train=True, logging='xmedia_findMAP')
2025-06-18 08:02:27,668 - __main__ - INFO - ...Image to Text MAP = 0.9211035397179473
2025-06-18 08:02:28,043 - __main__ - INFO - ...Text to Image MAP = 0.9135423733238633
2025-06-18 08:02:28,083 - __main__ - INFO - ...Average MAP = 0.9173229565209053
2025-06-18 08:04:52,136 - __main__ - INFO - Noise ratio: 0.6
2025-06-18 08:04:52,165 - __main__ - INFO - Namespace(dataset='xmedia', seed=2, alpha=0.4, lamda=1, margin=0.9, lambd=5, barycenter_number=1, top_k=10, warm_up_epoch=0, MAX_EPOCH=100, batch_size=256, output_dim=512, lr=0.0001, noisy_ratio=0.6, noise_mode='sym', GPU=1, hard_weight=True, noisy_train=True, logging='xmedia_findMAP')
2025-06-18 08:12:53,916 - __main__ - INFO - ...Image to Text MAP = 0.908831038088972
2025-06-18 08:12:54,098 - __main__ - INFO - ...Text to Image MAP = 0.9122387831072435
2025-06-18 08:12:54,121 - __main__ - INFO - ...Average MAP = 0.9105349105981078
2025-06-18 08:16:17,285 - __main__ - INFO - Noise ratio: 0.8
2025-06-18 08:16:17,317 - __main__ - INFO - Namespace(dataset='xmedia', seed=2, alpha=0.4, lamda=1, margin=0.9, lambd=5, barycenter_number=1, top_k=10, warm_up_epoch=0, MAX_EPOCH=100, batch_size=256, output_dim=512, lr=0.0001, noisy_ratio=0.8, noise_mode='sym', GPU=1, hard_weight=True, noisy_train=True, logging='xmedia_findMAP')
2025-06-18 08:23:02,680 - __main__ - INFO - ...Image to Text MAP = 0.9108670540599832
2025-06-18 08:23:03,015 - __main__ - INFO - ...Text to Image MAP = 0.9152780567509874
2025-06-18 08:23:03,027 - __main__ - INFO - ...Average MAP = 0.9130725554054853
2025-06-18 08:25:33,666 - __main__ - INFO - Noise ratio: 0.2
2025-06-18 08:25:33,672 - __main__ - INFO - Namespace(dataset='xmedia', seed=2, alpha=0.5, lamda=1, margin=0.9, lambd=5, barycenter_number=1, top_k=10, warm_up_epoch=0, MAX_EPOCH=100, batch_size=256, output_dim=512, lr=0.0001, noisy_ratio=0.2, noise_mode='sym', GPU=1, hard_weight=True, noisy_train=True, logging='xmedia_findMAP')
2025-06-18 08:33:19,381 - __main__ - INFO - ...Image to Text MAP = 0.9212582680224197
2025-06-18 08:33:19,599 - __main__ - INFO - ...Text to Image MAP = 0.9188561325388808
2025-06-18 08:33:19,616 - __main__ - INFO - ...Average MAP = 0.9200572002806502
2025-06-18 08:36:32,161 - __main__ - INFO - Noise ratio: 0.4
2025-06-18 08:36:32,163 - __main__ - INFO - Namespace(dataset='xmedia', seed=2, alpha=0.5, lamda=1, margin=0.9, lambd=5, barycenter_number=1, top_k=10, warm_up_epoch=0, MAX_EPOCH=100, batch_size=256, output_dim=512, lr=0.0001, noisy_ratio=0.4, noise_mode='sym', GPU=1, hard_weight=True, noisy_train=True, logging='xmedia_findMAP')
2025-06-18 08:44:41,370 - __main__ - INFO - ...Image to Text MAP = 0.913107640513193
2025-06-18 08:44:41,583 - __main__ - INFO - ...Text to Image MAP = 0.913125447910581
2025-06-18 08:44:41,595 - __main__ - INFO - ...Average MAP = 0.913116544211887
2025-06-18 08:45:45,333 - __main__ - INFO - Noise ratio: 0.6
2025-06-18 08:45:45,336 - __main__ - INFO - Namespace(dataset='xmedia', seed=2, alpha=0.5, lamda=1, margin=0.9, lambd=5, barycenter_number=1, top_k=10, warm_up_epoch=0, MAX_EPOCH=100, batch_size=256, output_dim=512, lr=0.0001, noisy_ratio=0.6, noise_mode='sym', GPU=1, hard_weight=True, noisy_train=True, logging='xmedia_findMAP')
2025-06-18 08:54:34,043 - __main__ - INFO - ...Image to Text MAP = 0.9125818176182204
2025-06-18 08:54:34,187 - __main__ - INFO - ...Text to Image MAP = 0.9153620124809169
2025-06-18 08:54:34,190 - __main__ - INFO - ...Average MAP = 0.9139719150495687
2025-06-18 08:56:53,272 - __main__ - INFO - Noise ratio: 0.8
2025-06-18 08:56:53,281 - __main__ - INFO - Namespace(dataset='xmedia', seed=2, alpha=0.5, lamda=1, margin=0.9, lambd=5, barycenter_number=1, top_k=10, warm_up_epoch=0, MAX_EPOCH=100, batch_size=256, output_dim=512, lr=0.0001, noisy_ratio=0.8, noise_mode='sym', GPU=1, hard_weight=True, noisy_train=True, logging='xmedia_findMAP')
2025-06-18 09:04:19,546 - __main__ - INFO - ...Image to Text MAP = 0.9091406693988064
2025-06-18 09:04:19,769 - __main__ - INFO - ...Text to Image MAP = 0.910647418658292
2025-06-18 09:04:19,775 - __main__ - INFO - ...Average MAP = 0.9098940440285492
2025-06-18 09:05:46,957 - __main__ - INFO - Noise ratio: 0.2
2025-06-18 09:05:46,968 - __main__ - INFO - Namespace(dataset='xmedia', seed=2, alpha=0.6, lamda=1, margin=0.9, lambd=5, barycenter_number=1, top_k=10, warm_up_epoch=0, MAX_EPOCH=100, batch_size=256, output_dim=512, lr=0.0001, noisy_ratio=0.2, noise_mode='sym', GPU=1, hard_weight=True, noisy_train=True, logging='xmedia_findMAP')
2025-06-18 09:12:46,443 - __main__ - INFO - ...Image to Text MAP = 0.9192596626875286
2025-06-18 09:12:46,606 - __main__ - INFO - ...Text to Image MAP = 0.9154172794593419
2025-06-18 09:12:46,648 - __main__ - INFO - ...Average MAP = 0.9173384710734352
2025-06-18 09:15:45,013 - __main__ - INFO - Noise ratio: 0.4
2025-06-18 09:15:45,030 - __main__ - INFO - Namespace(dataset='xmedia', seed=2, alpha=0.6, lamda=1, margin=0.9, lambd=5, barycenter_number=1, top_k=10, warm_up_epoch=0, MAX_EPOCH=100, batch_size=256, output_dim=512, lr=0.0001, noisy_ratio=0.4, noise_mode='sym', GPU=1, hard_weight=True, noisy_train=True, logging='xmedia_findMAP')
2025-06-18 09:22:22,813 - __main__ - INFO - ...Image to Text MAP = 0.9166182748821508
2025-06-18 09:22:22,995 - __main__ - INFO - ...Text to Image MAP = 0.9132261225515165
2025-06-18 09:22:23,035 - __main__ - INFO - ...Average MAP = 0.9149221987168337
2025-06-18 09:26:19,875 - __main__ - INFO - Noise ratio: 0.6
2025-06-18 09:26:19,884 - __main__ - INFO - Namespace(dataset='xmedia', seed=2, alpha=0.6, lamda=1, margin=0.9, lambd=5, barycenter_number=1, top_k=10, warm_up_epoch=0, MAX_EPOCH=100, batch_size=256, output_dim=512, lr=0.0001, noisy_ratio=0.6, noise_mode='sym', GPU=1, hard_weight=True, noisy_train=True, logging='xmedia_findMAP')
2025-06-18 09:33:42,607 - __main__ - INFO - ...Image to Text MAP = 0.9148784997246718
2025-06-18 09:33:42,753 - __main__ - INFO - ...Text to Image MAP = 0.914887096964785
2025-06-18 09:33:42,805 - __main__ - INFO - ...Average MAP = 0.9148827983447284
2025-06-18 09:34:34,498 - __main__ - INFO - Noise ratio: 0.8
2025-06-18 09:34:34,500 - __main__ - INFO - Namespace(dataset='xmedia', seed=2, alpha=0.6, lamda=1, margin=0.9, lambd=5, barycenter_number=1, top_k=10, warm_up_epoch=0, MAX_EPOCH=100, batch_size=256, output_dim=512, lr=0.0001, noisy_ratio=0.8, noise_mode='sym', GPU=1, hard_weight=True, noisy_train=True, logging='xmedia_findMAP')
2025-06-18 09:42:48,846 - __main__ - INFO - ...Image to Text MAP = 0.913153699015328
2025-06-18 09:42:48,974 - __main__ - INFO - ...Text to Image MAP = 0.9170965475329824
2025-06-18 09:42:48,974 - __main__ - INFO - ...Average MAP = 0.9151251232741552
2025-06-18 09:42:58,488 - __main__ - INFO - Noise ratio: 0.2
2025-06-18 09:42:58,492 - __main__ - INFO - Namespace(dataset='xmedia', seed=2, alpha=0.7, lamda=1, margin=0.9, lambd=5, barycenter_number=1, top_k=10, warm_up_epoch=0, MAX_EPOCH=100, batch_size=256, output_dim=512, lr=0.0001, noisy_ratio=0.2, noise_mode='sym', GPU=1, hard_weight=True, noisy_train=True, logging='xmedia_findMAP')
2025-06-18 09:52:50,681 - __main__ - INFO - ...Image to Text MAP = 0.920360879990191
2025-06-18 09:52:50,806 - __main__ - INFO - ...Text to Image MAP = 0.9145684695980979
2025-06-18 09:52:50,807 - __main__ - INFO - ...Average MAP = 0.9174646747941444
2025-06-18 09:53:01,520 - __main__ - INFO - Noise ratio: 0.4
2025-06-18 09:53:01,525 - __main__ - INFO - Namespace(dataset='xmedia', seed=2, alpha=0.7, lamda=1, margin=0.9, lambd=5, barycenter_number=1, top_k=10, warm_up_epoch=0, MAX_EPOCH=100, batch_size=256, output_dim=512, lr=0.0001, noisy_ratio=0.4, noise_mode='sym', GPU=1, hard_weight=True, noisy_train=True, logging='xmedia_findMAP')
2025-06-18 10:02:26,669 - __main__ - INFO - ...Image to Text MAP = 0.9207075838472594
2025-06-18 10:02:27,201 - __main__ - INFO - ...Text to Image MAP = 0.9161520742334108
2025-06-18 10:02:27,202 - __main__ - INFO - ...Average MAP = 0.9184298290403351
2025-06-18 10:02:37,256 - __main__ - INFO - Noise ratio: 0.6
2025-06-18 10:02:37,260 - __main__ - INFO - Namespace(dataset='xmedia', seed=2, alpha=0.7, lamda=1, margin=0.9, lambd=5, barycenter_number=1, top_k=10, warm_up_epoch=0, MAX_EPOCH=100, batch_size=256, output_dim=512, lr=0.0001, noisy_ratio=0.6, noise_mode='sym', GPU=1, hard_weight=True, noisy_train=True, logging='xmedia_findMAP')
2025-06-18 10:11:35,767 - __main__ - INFO - ...Image to Text MAP = 0.9174920281755082
2025-06-18 10:11:35,890 - __main__ - INFO - ...Text to Image MAP = 0.9163047629150821
2025-06-18 10:11:35,890 - __main__ - INFO - ...Average MAP = 0.9168983955452952
2025-06-18 10:11:55,799 - __main__ - INFO - Noise ratio: 0.8
2025-06-18 10:11:55,801 - __main__ - INFO - Namespace(dataset='xmedia', seed=2, alpha=0.7, lamda=1, margin=0.9, lambd=5, barycenter_number=1, top_k=10, warm_up_epoch=0, MAX_EPOCH=100, batch_size=256, output_dim=512, lr=0.0001, noisy_ratio=0.8, noise_mode='sym', GPU=1, hard_weight=True, noisy_train=True, logging='xmedia_findMAP')
2025-06-18 10:21:06,677 - __main__ - INFO - ...Image to Text MAP = 0.913854846099326
2025-06-18 10:21:06,824 - __main__ - INFO - ...Text to Image MAP = 0.9203243444149508
2025-06-18 10:21:06,825 - __main__ - INFO - ...Average MAP = 0.9170895952571384
2025-06-18 10:21:16,188 - __main__ - INFO - Noise ratio: 0.2
2025-06-18 10:21:16,191 - __main__ - INFO - Namespace(dataset='xmedia', seed=2, alpha=0.8, lamda=1, margin=0.9, lambd=5, barycenter_number=1, top_k=10, warm_up_epoch=0, MAX_EPOCH=100, batch_size=256, output_dim=512, lr=0.0001, noisy_ratio=0.2, noise_mode='sym', GPU=1, hard_weight=True, noisy_train=True, logging='xmedia_findMAP')
2025-06-18 10:29:42,756 - __main__ - INFO - ...Image to Text MAP = 0.9195230496979139
2025-06-18 10:29:42,858 - __main__ - INFO - ...Text to Image MAP = 0.9185630540313896
2025-06-18 10:29:42,859 - __main__ - INFO - ...Average MAP = 0.9190430518646517
2025-06-18 10:29:53,823 - __main__ - INFO - Noise ratio: 0.4
2025-06-18 10:29:53,828 - __main__ - INFO - Namespace(dataset='xmedia', seed=2, alpha=0.8, lamda=1, margin=0.9, lambd=5, barycenter_number=1, top_k=10, warm_up_epoch=0, MAX_EPOCH=100, batch_size=256, output_dim=512, lr=0.0001, noisy_ratio=0.4, noise_mode='sym', GPU=1, hard_weight=True, noisy_train=True, logging='xmedia_findMAP')
2025-06-18 10:39:22,081 - __main__ - INFO - ...Image to Text MAP = 0.9187034111504409
2025-06-18 10:39:22,374 - __main__ - INFO - ...Text to Image MAP = 0.9150955615159582
2025-06-18 10:39:22,380 - __main__ - INFO - ...Average MAP = 0.9168994863331995
2025-06-18 10:39:32,669 - __main__ - INFO - Noise ratio: 0.6
2025-06-18 10:39:32,671 - __main__ - INFO - Namespace(dataset='xmedia', seed=2, alpha=0.8, lamda=1, margin=0.9, lambd=5, barycenter_number=1, top_k=10, warm_up_epoch=0, MAX_EPOCH=100, batch_size=256, output_dim=512, lr=0.0001, noisy_ratio=0.6, noise_mode='sym', GPU=1, hard_weight=True, noisy_train=True, logging='xmedia_findMAP')
2025-06-18 10:49:08,755 - __main__ - INFO - ...Image to Text MAP = 0.9032316987440525
2025-06-18 10:49:08,931 - __main__ - INFO - ...Text to Image MAP = 0.9064908276942968
2025-06-18 10:49:08,932 - __main__ - INFO - ...Average MAP = 0.9048612632191746
2025-06-18 10:49:20,154 - __main__ - INFO - Noise ratio: 0.8
2025-06-18 10:49:20,156 - __main__ - INFO - Namespace(dataset='xmedia', seed=2, alpha=0.8, lamda=1, margin=0.9, lambd=5, barycenter_number=1, top_k=10, warm_up_epoch=0, MAX_EPOCH=100, batch_size=256, output_dim=512, lr=0.0001, noisy_ratio=0.8, noise_mode='sym', GPU=1, hard_weight=True, noisy_train=True, logging='xmedia_findMAP')
2025-06-18 10:59:08,484 - __main__ - INFO - ...Image to Text MAP = 0.9113978164054525
2025-06-18 10:59:08,658 - __main__ - INFO - ...Text to Image MAP = 0.9214307184748568
2025-06-18 10:59:08,658 - __main__ - INFO - ...Average MAP = 0.9164142674401546
2025-06-18 10:59:19,649 - __main__ - INFO - Noise ratio: 0.2
2025-06-18 10:59:19,651 - __main__ - INFO - Namespace(dataset='xmedia', seed=2, alpha=0.9, lamda=1, margin=0.9, lambd=5, barycenter_number=1, top_k=10, warm_up_epoch=0, MAX_EPOCH=100, batch_size=256, output_dim=512, lr=0.0001, noisy_ratio=0.2, noise_mode='sym', GPU=1, hard_weight=True, noisy_train=True, logging='xmedia_findMAP')
2025-06-18 11:09:10,596 - __main__ - INFO - ...Image to Text MAP = 0.9149513909130083
2025-06-18 11:09:10,937 - __main__ - INFO - ...Text to Image MAP = 0.9125950911608627
2025-06-18 11:09:10,957 - __main__ - INFO - ...Average MAP = 0.9137732410369355
2025-06-18 11:09:21,265 - __main__ - INFO - Noise ratio: 0.4
2025-06-18 11:09:21,267 - __main__ - INFO - Namespace(dataset='xmedia', seed=2, alpha=0.9, lamda=1, margin=0.9, lambd=5, barycenter_number=1, top_k=10, warm_up_epoch=0, MAX_EPOCH=100, batch_size=256, output_dim=512, lr=0.0001, noisy_ratio=0.4, noise_mode='sym', GPU=1, hard_weight=True, noisy_train=True, logging='xmedia_findMAP')
2025-06-18 11:18:27,145 - __main__ - INFO - ...Image to Text MAP = 0.9110096533985648
2025-06-18 11:18:27,253 - __main__ - INFO - ...Text to Image MAP = 0.9047407595356117
2025-06-18 11:18:27,254 - __main__ - INFO - ...Average MAP = 0.9078752064670883
2025-06-18 11:18:35,428 - __main__ - INFO - Noise ratio: 0.6
2025-06-18 11:18:35,432 - __main__ - INFO - Namespace(dataset='xmedia', seed=2, alpha=0.9, lamda=1, margin=0.9, lambd=5, barycenter_number=1, top_k=10, warm_up_epoch=0, MAX_EPOCH=100, batch_size=256, output_dim=512, lr=0.0001, noisy_ratio=0.6, noise_mode='sym', GPU=1, hard_weight=True, noisy_train=True, logging='xmedia_findMAP')
2025-06-18 11:27:22,623 - __main__ - INFO - ...Image to Text MAP = 0.9099565768073727
2025-06-18 11:27:22,764 - __main__ - INFO - ...Text to Image MAP = 0.9124464492031747
2025-06-18 11:27:22,765 - __main__ - INFO - ...Average MAP = 0.9112015130052737
2025-06-18 11:27:34,085 - __main__ - INFO - Noise ratio: 0.8
2025-06-18 11:27:34,087 - __main__ - INFO - Namespace(dataset='xmedia', seed=2, alpha=0.9, lamda=1, margin=0.9, lambd=5, barycenter_number=1, top_k=10, warm_up_epoch=0, MAX_EPOCH=100, batch_size=256, output_dim=512, lr=0.0001, noisy_ratio=0.8, noise_mode='sym', GPU=1, hard_weight=True, noisy_train=True, logging='xmedia_findMAP')
2025-06-18 11:37:36,619 - __main__ - INFO - ...Image to Text MAP = 0.912299638005907
2025-06-18 11:37:36,749 - __main__ - INFO - ...Text to Image MAP = 0.9148167385893635
2025-06-18 11:37:36,749 - __main__ - INFO - ...Average MAP = 0.9135581882976352
2025-06-18 11:37:49,097 - __main__ - INFO - Noise ratio: 0.2
2025-06-18 11:37:49,100 - __main__ - INFO - Namespace(dataset='xmedia', seed=2, alpha=1.0, lamda=1, margin=0.9, lambd=5, barycenter_number=1, top_k=10, warm_up_epoch=0, MAX_EPOCH=100, batch_size=256, output_dim=512, lr=0.0001, noisy_ratio=0.2, noise_mode='sym', GPU=1, hard_weight=True, noisy_train=True, logging='xmedia_findMAP')
2025-06-18 11:46:18,033 - __main__ - INFO - ...Image to Text MAP = 0.9245376108355212
2025-06-18 11:46:18,182 - __main__ - INFO - ...Text to Image MAP = 0.9207040905063102
2025-06-18 11:46:18,182 - __main__ - INFO - ...Average MAP = 0.9226208506709157
2025-06-18 11:46:28,394 - __main__ - INFO - Noise ratio: 0.4
2025-06-18 11:46:28,399 - __main__ - INFO - Namespace(dataset='xmedia', seed=2, alpha=1.0, lamda=1, margin=0.9, lambd=5, barycenter_number=1, top_k=10, warm_up_epoch=0, MAX_EPOCH=100, batch_size=256, output_dim=512, lr=0.0001, noisy_ratio=0.4, noise_mode='sym', GPU=1, hard_weight=True, noisy_train=True, logging='xmedia_findMAP')
2025-06-18 11:55:21,109 - __main__ - INFO - ...Image to Text MAP = 0.9144823081440968
2025-06-18 11:55:21,330 - __main__ - INFO - ...Text to Image MAP = 0.9119602467255071
2025-06-18 11:55:21,342 - __main__ - INFO - ...Average MAP = 0.913221277434802
2025-06-18 11:55:31,102 - __main__ - INFO - Noise ratio: 0.6
2025-06-18 11:55:31,104 - __main__ - INFO - Namespace(dataset='xmedia', seed=2, alpha=1.0, lamda=1, margin=0.9, lambd=5, barycenter_number=1, top_k=10, warm_up_epoch=0, MAX_EPOCH=100, batch_size=256, output_dim=512, lr=0.0001, noisy_ratio=0.6, noise_mode='sym', GPU=1, hard_weight=True, noisy_train=True, logging='xmedia_findMAP')
2025-06-18 12:04:20,735 - __main__ - INFO - ...Image to Text MAP = 0.9052264201136008
2025-06-18 12:04:21,105 - __main__ - INFO - ...Text to Image MAP = 0.9058842282733942
2025-06-18 12:04:21,106 - __main__ - INFO - ...Average MAP = 0.9055553241934975
2025-06-18 12:04:31,007 - __main__ - INFO - Noise ratio: 0.8
2025-06-18 12:04:31,011 - __main__ - INFO - Namespace(dataset='xmedia', seed=2, alpha=1.0, lamda=1, margin=0.9, lambd=5, barycenter_number=1, top_k=10, warm_up_epoch=0, MAX_EPOCH=100, batch_size=256, output_dim=512, lr=0.0001, noisy_ratio=0.8, noise_mode='sym', GPU=1, hard_weight=True, noisy_train=True, logging='xmedia_findMAP')
2025-06-18 12:13:19,529 - __main__ - INFO - ...Image to Text MAP = 0.91034245805013
2025-06-18 12:13:19,653 - __main__ - INFO - ...Text to Image MAP = 0.9175087947012056
2025-06-18 12:13:19,654 - __main__ - INFO - ...Average MAP = 0.9139256263756679
2025-06-18 12:13:30,707 - __main__ - INFO - Noise ratio: 0.2
2025-06-18 12:13:30,709 - __main__ - INFO - Namespace(dataset='xmedia', seed=3, alpha=0.1, lamda=1, margin=0.9, lambd=5, barycenter_number=1, top_k=10, warm_up_epoch=0, MAX_EPOCH=100, batch_size=256, output_dim=512, lr=0.0001, noisy_ratio=0.2, noise_mode='sym', GPU=1, hard_weight=True, noisy_train=True, logging='xmedia_findMAP')
2025-06-18 12:22:49,510 - __main__ - INFO - ...Image to Text MAP = 0.9170673728261179
2025-06-18 12:22:49,783 - __main__ - INFO - ...Text to Image MAP = 0.9176724627515116
2025-06-18 12:22:49,784 - __main__ - INFO - ...Average MAP = 0.9173699177888148
2025-06-18 12:23:00,700 - __main__ - INFO - Noise ratio: 0.4
2025-06-18 12:23:00,701 - __main__ - INFO - Namespace(dataset='xmedia', seed=3, alpha=0.1, lamda=1, margin=0.9, lambd=5, barycenter_number=1, top_k=10, warm_up_epoch=0, MAX_EPOCH=100, batch_size=256, output_dim=512, lr=0.0001, noisy_ratio=0.4, noise_mode='sym', GPU=1, hard_weight=True, noisy_train=True, logging='xmedia_findMAP')
2025-06-18 12:32:48,225 - __main__ - INFO - ...Image to Text MAP = 0.8918821068474463
2025-06-18 12:32:48,411 - __main__ - INFO - ...Text to Image MAP = 0.8771772547756881
2025-06-18 12:32:48,412 - __main__ - INFO - ...Average MAP = 0.8845296808115672
2025-06-18 12:32:58,550 - __main__ - INFO - Noise ratio: 0.6
2025-06-18 12:32:58,552 - __main__ - INFO - Namespace(dataset='xmedia', seed=3, alpha=0.1, lamda=1, margin=0.9, lambd=5, barycenter_number=1, top_k=10, warm_up_epoch=0, MAX_EPOCH=100, batch_size=256, output_dim=512, lr=0.0001, noisy_ratio=0.6, noise_mode='sym', GPU=1, hard_weight=True, noisy_train=True, logging='xmedia_findMAP')
2025-06-18 12:42:48,121 - __main__ - INFO - ...Image to Text MAP = 0.8166923772717608
2025-06-18 12:42:48,234 - __main__ - INFO - ...Text to Image MAP = 0.8289987562752007
2025-06-18 12:42:48,235 - __main__ - INFO - ...Average MAP = 0.8228455667734808
2025-06-18 12:42:57,030 - __main__ - INFO - Noise ratio: 0.8
2025-06-18 12:42:57,045 - __main__ - INFO - Namespace(dataset='xmedia', seed=3, alpha=0.1, lamda=1, margin=0.9, lambd=5, barycenter_number=1, top_k=10, warm_up_epoch=0, MAX_EPOCH=100, batch_size=256, output_dim=512, lr=0.0001, noisy_ratio=0.8, noise_mode='sym', GPU=1, hard_weight=True, noisy_train=True, logging='xmedia_findMAP')
2025-06-18 12:51:52,650 - __main__ - INFO - ...Image to Text MAP = 0.7338941523791879
2025-06-18 12:51:52,796 - __main__ - INFO - ...Text to Image MAP = 0.7730921318857843
2025-06-18 12:51:52,797 - __main__ - INFO - ...Average MAP = 0.7534931421324861
2025-06-18 12:52:01,689 - __main__ - INFO - Noise ratio: 0.2
2025-06-18 12:52:01,693 - __main__ - INFO - Namespace(dataset='xmedia', seed=3, alpha=0.2, lamda=1, margin=0.9, lambd=5, barycenter_number=1, top_k=10, warm_up_epoch=0, MAX_EPOCH=100, batch_size=256, output_dim=512, lr=0.0001, noisy_ratio=0.2, noise_mode='sym', GPU=1, hard_weight=True, noisy_train=True, logging='xmedia_findMAP')
2025-06-18 13:00:58,224 - __main__ - INFO - ...Image to Text MAP = 0.9197000681822306
2025-06-18 13:00:58,325 - __main__ - INFO - ...Text to Image MAP = 0.9082062989448718
2025-06-18 13:00:58,325 - __main__ - INFO - ...Average MAP = 0.9139531835635513
2025-06-18 13:01:06,758 - __main__ - INFO - Noise ratio: 0.4
2025-06-18 13:01:06,760 - __main__ - INFO - Namespace(dataset='xmedia', seed=3, alpha=0.2, lamda=1, margin=0.9, lambd=5, barycenter_number=1, top_k=10, warm_up_epoch=0, MAX_EPOCH=100, batch_size=256, output_dim=512, lr=0.0001, noisy_ratio=0.4, noise_mode='sym', GPU=1, hard_weight=True, noisy_train=True, logging='xmedia_findMAP')
2025-06-18 13:10:02,574 - __main__ - INFO - ...Image to Text MAP = 0.9099870613701472
2025-06-18 13:10:02,739 - __main__ - INFO - ...Text to Image MAP = 0.9076627909378442
2025-06-18 13:10:02,740 - __main__ - INFO - ...Average MAP = 0.9088249261539957
2025-06-18 13:10:12,828 - __main__ - INFO - Noise ratio: 0.6
2025-06-18 13:10:12,829 - __main__ - INFO - Namespace(dataset='xmedia', seed=3, alpha=0.2, lamda=1, margin=0.9, lambd=5, barycenter_number=1, top_k=10, warm_up_epoch=0, MAX_EPOCH=100, batch_size=256, output_dim=512, lr=0.0001, noisy_ratio=0.6, noise_mode='sym', GPU=1, hard_weight=True, noisy_train=True, logging='xmedia_findMAP')
2025-06-18 13:19:19,916 - __main__ - INFO - ...Image to Text MAP = 0.8953638902754446
2025-06-18 13:19:20,318 - __main__ - INFO - ...Text to Image MAP = 0.9061415234838734
2025-06-18 13:19:20,319 - __main__ - INFO - ...Average MAP = 0.900752706879659
2025-06-18 13:19:31,729 - __main__ - INFO - Noise ratio: 0.8
2025-06-18 13:19:31,732 - __main__ - INFO - Namespace(dataset='xmedia', seed=3, alpha=0.2, lamda=1, margin=0.9, lambd=5, barycenter_number=1, top_k=10, warm_up_epoch=0, MAX_EPOCH=100, batch_size=256, output_dim=512, lr=0.0001, noisy_ratio=0.8, noise_mode='sym', GPU=1, hard_weight=True, noisy_train=True, logging='xmedia_findMAP')
2025-06-18 13:29:31,245 - __main__ - INFO - ...Image to Text MAP = 0.88140074746504
2025-06-18 13:29:31,373 - __main__ - INFO - ...Text to Image MAP = 0.8874911455651318
2025-06-18 13:29:31,374 - __main__ - INFO - ...Average MAP = 0.8844459465150859
2025-06-18 13:29:41,592 - __main__ - INFO - Noise ratio: 0.2
2025-06-18 13:29:41,594 - __main__ - INFO - Namespace(dataset='xmedia', seed=3, alpha=0.3, lamda=1, margin=0.9, lambd=5, barycenter_number=1, top_k=10, warm_up_epoch=0, MAX_EPOCH=100, batch_size=256, output_dim=512, lr=0.0001, noisy_ratio=0.2, noise_mode='sym', GPU=1, hard_weight=True, noisy_train=True, logging='xmedia_findMAP')
2025-06-18 13:39:20,014 - __main__ - INFO - ...Image to Text MAP = 0.9223621333760523
2025-06-18 13:39:20,148 - __main__ - INFO - ...Text to Image MAP = 0.9139722481276829
2025-06-18 13:39:20,151 - __main__ - INFO - ...Average MAP = 0.9181671907518676
2025-06-18 13:39:32,321 - __main__ - INFO - Noise ratio: 0.4
2025-06-18 13:39:32,323 - __main__ - INFO - Namespace(dataset='xmedia', seed=3, alpha=0.3, lamda=1, margin=0.9, lambd=5, barycenter_number=1, top_k=10, warm_up_epoch=0, MAX_EPOCH=100, batch_size=256, output_dim=512, lr=0.0001, noisy_ratio=0.4, noise_mode='sym', GPU=1, hard_weight=True, noisy_train=True, logging='xmedia_findMAP')
2025-06-18 13:48:39,620 - __main__ - INFO - ...Image to Text MAP = 0.9192207149782307
2025-06-18 13:48:39,728 - __main__ - INFO - ...Text to Image MAP = 0.9149877513918748
2025-06-18 13:48:39,728 - __main__ - INFO - ...Average MAP = 0.9171042331850527
2025-06-18 13:48:49,536 - __main__ - INFO - Noise ratio: 0.6
2025-06-18 13:48:49,538 - __main__ - INFO - Namespace(dataset='xmedia', seed=3, alpha=0.3, lamda=1, margin=0.9, lambd=5, barycenter_number=1, top_k=10, warm_up_epoch=0, MAX_EPOCH=100, batch_size=256, output_dim=512, lr=0.0001, noisy_ratio=0.6, noise_mode='sym', GPU=1, hard_weight=True, noisy_train=True, logging='xmedia_findMAP')
2025-06-18 13:58:46,144 - __main__ - INFO - ...Image to Text MAP = 0.9132957274957794
2025-06-18 13:58:46,288 - __main__ - INFO - ...Text to Image MAP = 0.918554857140842
2025-06-18 13:58:46,289 - __main__ - INFO - ...Average MAP = 0.9159252923183107
2025-06-18 13:58:57,361 - __main__ - INFO - Noise ratio: 0.8
2025-06-18 13:58:57,366 - __main__ - INFO - Namespace(dataset='xmedia', seed=3, alpha=0.3, lamda=1, margin=0.9, lambd=5, barycenter_number=1, top_k=10, warm_up_epoch=0, MAX_EPOCH=100, batch_size=256, output_dim=512, lr=0.0001, noisy_ratio=0.8, noise_mode='sym', GPU=1, hard_weight=True, noisy_train=True, logging='xmedia_findMAP')
2025-06-18 14:08:33,250 - __main__ - INFO - ...Image to Text MAP = 0.9193045391660017
2025-06-18 14:08:33,390 - __main__ - INFO - ...Text to Image MAP = 0.9187335157946787
2025-06-18 14:08:33,391 - __main__ - INFO - ...Average MAP = 0.9190190274803403
2025-06-18 14:08:44,250 - __main__ - INFO - Noise ratio: 0.2
2025-06-18 14:08:44,253 - __main__ - INFO - Namespace(dataset='xmedia', seed=3, alpha=0.4, lamda=1, margin=0.9, lambd=5, barycenter_number=1, top_k=10, warm_up_epoch=0, MAX_EPOCH=100, batch_size=256, output_dim=512, lr=0.0001, noisy_ratio=0.2, noise_mode='sym', GPU=1, hard_weight=True, noisy_train=True, logging='xmedia_findMAP')
2025-06-18 14:18:05,500 - __main__ - INFO - ...Image to Text MAP = 0.9189056189467322
2025-06-18 14:18:05,880 - __main__ - INFO - ...Text to Image MAP = 0.9152446371517929
2025-06-18 14:18:05,882 - __main__ - INFO - ...Average MAP = 0.9170751280492626
2025-06-18 14:18:15,654 - __main__ - INFO - Noise ratio: 0.4
2025-06-18 14:18:15,659 - __main__ - INFO - Namespace(dataset='xmedia', seed=3, alpha=0.4, lamda=1, margin=0.9, lambd=5, barycenter_number=1, top_k=10, warm_up_epoch=0, MAX_EPOCH=100, batch_size=256, output_dim=512, lr=0.0001, noisy_ratio=0.4, noise_mode='sym', GPU=1, hard_weight=True, noisy_train=True, logging='xmedia_findMAP')
2025-06-18 14:27:25,914 - __main__ - INFO - ...Image to Text MAP = 0.9212413196531781
2025-06-18 14:27:26,089 - __main__ - INFO - ...Text to Image MAP = 0.9120310059092733
2025-06-18 14:27:26,090 - __main__ - INFO - ...Average MAP = 0.9166361627812257
2025-06-18 14:27:37,295 - __main__ - INFO - Noise ratio: 0.6
2025-06-18 14:27:37,297 - __main__ - INFO - Namespace(dataset='xmedia', seed=3, alpha=0.4, lamda=1, margin=0.9, lambd=5, barycenter_number=1, top_k=10, warm_up_epoch=0, MAX_EPOCH=100, batch_size=256, output_dim=512, lr=0.0001, noisy_ratio=0.6, noise_mode='sym', GPU=1, hard_weight=True, noisy_train=True, logging='xmedia_findMAP')
2025-06-18 14:37:10,769 - __main__ - INFO - ...Image to Text MAP = 0.9122170120663503
2025-06-18 14:37:10,932 - __main__ - INFO - ...Text to Image MAP = 0.9171111097291689
2025-06-18 14:37:10,932 - __main__ - INFO - ...Average MAP = 0.9146640608977596
2025-06-18 14:37:22,478 - __main__ - INFO - Noise ratio: 0.8
2025-06-18 14:37:22,482 - __main__ - INFO - Namespace(dataset='xmedia', seed=3, alpha=0.4, lamda=1, margin=0.9, lambd=5, barycenter_number=1, top_k=10, warm_up_epoch=0, MAX_EPOCH=100, batch_size=256, output_dim=512, lr=0.0001, noisy_ratio=0.8, noise_mode='sym', GPU=1, hard_weight=True, noisy_train=True, logging='xmedia_findMAP')
2025-06-18 14:47:22,804 - __main__ - INFO - ...Image to Text MAP = 0.9208866207198794
2025-06-18 14:47:23,114 - __main__ - INFO - ...Text to Image MAP = 0.9201272058478954
2025-06-18 14:47:23,115 - __main__ - INFO - ...Average MAP = 0.9205069132838875
2025-06-18 14:47:33,263 - __main__ - INFO - Noise ratio: 0.2
2025-06-18 14:47:33,267 - __main__ - INFO - Namespace(dataset='xmedia', seed=3, alpha=0.5, lamda=1, margin=0.9, lambd=5, barycenter_number=1, top_k=10, warm_up_epoch=0, MAX_EPOCH=100, batch_size=256, output_dim=512, lr=0.0001, noisy_ratio=0.2, noise_mode='sym', GPU=1, hard_weight=True, noisy_train=True, logging='xmedia_findMAP')
2025-06-18 14:57:09,672 - __main__ - INFO - ...Image to Text MAP = 0.9234298649450903
2025-06-18 14:57:10,064 - __main__ - INFO - ...Text to Image MAP = 0.9162464485732592
2025-06-18 14:57:10,064 - __main__ - INFO - ...Average MAP = 0.9198381567591747
2025-06-18 14:57:20,392 - __main__ - INFO - Noise ratio: 0.4
2025-06-18 14:57:20,395 - __main__ - INFO - Namespace(dataset='xmedia', seed=3, alpha=0.5, lamda=1, margin=0.9, lambd=5, barycenter_number=1, top_k=10, warm_up_epoch=0, MAX_EPOCH=100, batch_size=256, output_dim=512, lr=0.0001, noisy_ratio=0.4, noise_mode='sym', GPU=1, hard_weight=True, noisy_train=True, logging='xmedia_findMAP')
2025-06-18 15:06:53,375 - __main__ - INFO - ...Image to Text MAP = 0.9117557788352577
2025-06-18 15:06:53,596 - __main__ - INFO - ...Text to Image MAP = 0.9065581621228574
2025-06-18 15:06:53,597 - __main__ - INFO - ...Average MAP = 0.9091569704790576
2025-06-18 15:07:03,663 - __main__ - INFO - Noise ratio: 0.6
2025-06-18 15:07:03,665 - __main__ - INFO - Namespace(dataset='xmedia', seed=3, alpha=0.5, lamda=1, margin=0.9, lambd=5, barycenter_number=1, top_k=10, warm_up_epoch=0, MAX_EPOCH=100, batch_size=256, output_dim=512, lr=0.0001, noisy_ratio=0.6, noise_mode='sym', GPU=1, hard_weight=True, noisy_train=True, logging='xmedia_findMAP')
2025-06-18 15:16:36,593 - __main__ - INFO - ...Image to Text MAP = 0.9142797374512786
2025-06-18 15:16:37,002 - __main__ - INFO - ...Text to Image MAP = 0.9194403949475021
2025-06-18 15:16:37,019 - __main__ - INFO - ...Average MAP = 0.9168600661993903
2025-06-18 15:16:46,197 - __main__ - INFO - Noise ratio: 0.8
2025-06-18 15:16:46,200 - __main__ - INFO - Namespace(dataset='xmedia', seed=3, alpha=0.5, lamda=1, margin=0.9, lambd=5, barycenter_number=1, top_k=10, warm_up_epoch=0, MAX_EPOCH=100, batch_size=256, output_dim=512, lr=0.0001, noisy_ratio=0.8, noise_mode='sym', GPU=1, hard_weight=True, noisy_train=True, logging='xmedia_findMAP')
2025-06-18 15:25:35,976 - __main__ - INFO - ...Image to Text MAP = 0.9114114146029915
2025-06-18 15:25:36,079 - __main__ - INFO - ...Text to Image MAP = 0.9160061713081673
2025-06-18 15:25:36,080 - __main__ - INFO - ...Average MAP = 0.9137087929555794
2025-06-18 15:25:45,324 - __main__ - INFO - Noise ratio: 0.2
2025-06-18 15:25:45,325 - __main__ - INFO - Namespace(dataset='xmedia', seed=3, alpha=0.6, lamda=1, margin=0.9, lambd=5, barycenter_number=1, top_k=10, warm_up_epoch=0, MAX_EPOCH=100, batch_size=256, output_dim=512, lr=0.0001, noisy_ratio=0.2, noise_mode='sym', GPU=1, hard_weight=True, noisy_train=True, logging='xmedia_findMAP')
2025-06-18 15:34:49,513 - __main__ - INFO - ...Image to Text MAP = 0.9228776012570875
2025-06-18 15:34:49,822 - __main__ - INFO - ...Text to Image MAP = 0.9199220526634292
2025-06-18 15:34:49,823 - __main__ - INFO - ...Average MAP = 0.9213998269602584
2025-06-18 15:34:59,071 - __main__ - INFO - Noise ratio: 0.4
2025-06-18 15:34:59,073 - __main__ - INFO - Namespace(dataset='xmedia', seed=3, alpha=0.6, lamda=1, margin=0.9, lambd=5, barycenter_number=1, top_k=10, warm_up_epoch=0, MAX_EPOCH=100, batch_size=256, output_dim=512, lr=0.0001, noisy_ratio=0.4, noise_mode='sym', GPU=1, hard_weight=True, noisy_train=True, logging='xmedia_findMAP')
2025-06-18 15:44:52,144 - __main__ - INFO - ...Image to Text MAP = 0.9204981265403412
2025-06-18 15:44:52,285 - __main__ - INFO - ...Text to Image MAP = 0.907491863566609
2025-06-18 15:44:52,285 - __main__ - INFO - ...Average MAP = 0.9139949950534751
2025-06-18 15:45:03,286 - __main__ - INFO - Noise ratio: 0.6
2025-06-18 15:45:03,288 - __main__ - INFO - Namespace(dataset='xmedia', seed=3, alpha=0.6, lamda=1, margin=0.9, lambd=5, barycenter_number=1, top_k=10, warm_up_epoch=0, MAX_EPOCH=100, batch_size=256, output_dim=512, lr=0.0001, noisy_ratio=0.6, noise_mode='sym', GPU=1, hard_weight=True, noisy_train=True, logging='xmedia_findMAP')
2025-06-18 15:54:42,756 - __main__ - INFO - ...Image to Text MAP = 0.9103380423136278
2025-06-18 15:54:42,884 - __main__ - INFO - ...Text to Image MAP = 0.9121521324206221
2025-06-18 15:54:42,884 - __main__ - INFO - ...Average MAP = 0.911245087367125
2025-06-18 15:54:52,735 - __main__ - INFO - Noise ratio: 0.8
2025-06-18 15:54:52,741 - __main__ - INFO - Namespace(dataset='xmedia', seed=3, alpha=0.6, lamda=1, margin=0.9, lambd=5, barycenter_number=1, top_k=10, warm_up_epoch=0, MAX_EPOCH=100, batch_size=256, output_dim=512, lr=0.0001, noisy_ratio=0.8, noise_mode='sym', GPU=1, hard_weight=True, noisy_train=True, logging='xmedia_findMAP')
2025-06-18 16:04:38,252 - __main__ - INFO - ...Image to Text MAP = 0.9156451616987277
2025-06-18 16:04:38,737 - __main__ - INFO - ...Text to Image MAP = 0.9158689167408217
2025-06-18 16:04:38,738 - __main__ - INFO - ...Average MAP = 0.9157570392197747
2025-06-18 16:04:48,577 - __main__ - INFO - Noise ratio: 0.2
2025-06-18 16:04:48,607 - __main__ - INFO - Namespace(dataset='xmedia', seed=3, alpha=0.7, lamda=1, margin=0.9, lambd=5, barycenter_number=1, top_k=10, warm_up_epoch=0, MAX_EPOCH=100, batch_size=256, output_dim=512, lr=0.0001, noisy_ratio=0.2, noise_mode='sym', GPU=1, hard_weight=True, noisy_train=True, logging='xmedia_findMAP')
2025-06-18 16:12:19,388 - __main__ - INFO - ...Image to Text MAP = 0.9252966592954368
2025-06-18 16:12:19,507 - __main__ - INFO - ...Text to Image MAP = 0.9179619071429413
2025-06-18 16:12:19,508 - __main__ - INFO - ...Average MAP = 0.921629283219189
2025-06-18 16:12:28,236 - __main__ - INFO - Noise ratio: 0.4
2025-06-18 16:12:28,238 - __main__ - INFO - Namespace(dataset='xmedia', seed=3, alpha=0.7, lamda=1, margin=0.9, lambd=5, barycenter_number=1, top_k=10, warm_up_epoch=0, MAX_EPOCH=100, batch_size=256, output_dim=512, lr=0.0001, noisy_ratio=0.4, noise_mode='sym', GPU=1, hard_weight=True, noisy_train=True, logging='xmedia_findMAP')
2025-06-18 16:20:18,216 - __main__ - INFO - ...Image to Text MAP = 0.9212022620099078
2025-06-18 16:20:18,373 - __main__ - INFO - ...Text to Image MAP = 0.9122010356500453
2025-06-18 16:20:18,373 - __main__ - INFO - ...Average MAP = 0.9167016488299766
2025-06-18 16:20:27,410 - __main__ - INFO - Noise ratio: 0.6
2025-06-18 16:20:27,411 - __main__ - INFO - Namespace(dataset='xmedia', seed=3, alpha=0.7, lamda=1, margin=0.9, lambd=5, barycenter_number=1, top_k=10, warm_up_epoch=0, MAX_EPOCH=100, batch_size=256, output_dim=512, lr=0.0001, noisy_ratio=0.6, noise_mode='sym', GPU=1, hard_weight=True, noisy_train=True, logging='xmedia_findMAP')
2025-06-18 16:28:14,782 - __main__ - INFO - ...Image to Text MAP = 0.912398672798699
2025-06-18 16:28:14,993 - __main__ - INFO - ...Text to Image MAP = 0.9179897717968518
2025-06-18 16:28:14,994 - __main__ - INFO - ...Average MAP = 0.9151942222977754
2025-06-18 16:28:24,192 - __main__ - INFO - Noise ratio: 0.8
2025-06-18 16:28:24,193 - __main__ - INFO - Namespace(dataset='xmedia', seed=3, alpha=0.7, lamda=1, margin=0.9, lambd=5, barycenter_number=1, top_k=10, warm_up_epoch=0, MAX_EPOCH=100, batch_size=256, output_dim=512, lr=0.0001, noisy_ratio=0.8, noise_mode='sym', GPU=1, hard_weight=True, noisy_train=True, logging='xmedia_findMAP')
2025-06-18 16:36:51,558 - __main__ - INFO - ...Image to Text MAP = 0.9145761237311522
2025-06-18 16:36:51,783 - __main__ - INFO - ...Text to Image MAP = 0.9190099714622367
2025-06-18 16:36:51,784 - __main__ - INFO - ...Average MAP = 0.9167930475966944
2025-06-18 16:37:01,216 - __main__ - INFO - Noise ratio: 0.2
2025-06-18 16:37:01,217 - __main__ - INFO - Namespace(dataset='xmedia', seed=3, alpha=0.8, lamda=1, margin=0.9, lambd=5, barycenter_number=1, top_k=10, warm_up_epoch=0, MAX_EPOCH=100, batch_size=256, output_dim=512, lr=0.0001, noisy_ratio=0.2, noise_mode='sym', GPU=1, hard_weight=True, noisy_train=True, logging='xmedia_findMAP')
2025-06-18 16:45:58,296 - __main__ - INFO - ...Image to Text MAP = 0.921638482346876
2025-06-18 16:45:58,418 - __main__ - INFO - ...Text to Image MAP = 0.9140901240888034
2025-06-18 16:45:58,419 - __main__ - INFO - ...Average MAP = 0.9178643032178397
2025-06-18 16:46:07,219 - __main__ - INFO - Noise ratio: 0.4
2025-06-18 16:46:07,221 - __main__ - INFO - Namespace(dataset='xmedia', seed=3, alpha=0.8, lamda=1, margin=0.9, lambd=5, barycenter_number=1, top_k=10, warm_up_epoch=0, MAX_EPOCH=100, batch_size=256, output_dim=512, lr=0.0001, noisy_ratio=0.4, noise_mode='sym', GPU=1, hard_weight=True, noisy_train=True, logging='xmedia_findMAP')
2025-06-18 16:53:43,649 - __main__ - INFO - ...Image to Text MAP = 0.908368688974402
2025-06-18 16:53:43,763 - __main__ - INFO - ...Text to Image MAP = 0.9075324377106869
2025-06-18 16:53:43,764 - __main__ - INFO - ...Average MAP = 0.9079505633425444
2025-06-18 16:53:53,117 - __main__ - INFO - Noise ratio: 0.6
2025-06-18 16:53:53,120 - __main__ - INFO - Namespace(dataset='xmedia', seed=3, alpha=0.8, lamda=1, margin=0.9, lambd=5, barycenter_number=1, top_k=10, warm_up_epoch=0, MAX_EPOCH=100, batch_size=256, output_dim=512, lr=0.0001, noisy_ratio=0.6, noise_mode='sym', GPU=1, hard_weight=True, noisy_train=True, logging='xmedia_findMAP')
2025-06-18 17:01:05,962 - __main__ - INFO - ...Image to Text MAP = 0.9142028887353614
2025-06-18 17:01:06,208 - __main__ - INFO - ...Text to Image MAP = 0.9153021551092216
2025-06-18 17:01:06,209 - __main__ - INFO - ...Average MAP = 0.9147525219222915
2025-06-18 17:01:16,537 - __main__ - INFO - Noise ratio: 0.8
2025-06-18 17:01:16,538 - __main__ - INFO - Namespace(dataset='xmedia', seed=3, alpha=0.8, lamda=1, margin=0.9, lambd=5, barycenter_number=1, top_k=10, warm_up_epoch=0, MAX_EPOCH=100, batch_size=256, output_dim=512, lr=0.0001, noisy_ratio=0.8, noise_mode='sym', GPU=1, hard_weight=True, noisy_train=True, logging='xmedia_findMAP')
2025-06-18 17:08:41,894 - __main__ - INFO - ...Image to Text MAP = 0.911598608678451
2025-06-18 17:08:42,197 - __main__ - INFO - ...Text to Image MAP = 0.9122559836781432
2025-06-18 17:08:42,198 - __main__ - INFO - ...Average MAP = 0.9119272961782972
2025-06-18 17:08:51,480 - __main__ - INFO - Noise ratio: 0.2
2025-06-18 17:08:51,483 - __main__ - INFO - Namespace(dataset='xmedia', seed=3, alpha=0.9, lamda=1, margin=0.9, lambd=5, barycenter_number=1, top_k=10, warm_up_epoch=0, MAX_EPOCH=100, batch_size=256, output_dim=512, lr=0.0001, noisy_ratio=0.2, noise_mode='sym', GPU=1, hard_weight=True, noisy_train=True, logging='xmedia_findMAP')
2025-06-18 17:16:54,920 - __main__ - INFO - ...Image to Text MAP = 0.9258736303631335
2025-06-18 17:16:55,118 - __main__ - INFO - ...Text to Image MAP = 0.9213137201900552
2025-06-18 17:16:55,178 - __main__ - INFO - ...Average MAP = 0.9235936752765943
2025-06-18 17:20:21,006 - __main__ - INFO - Noise ratio: 0.4
2025-06-18 17:20:21,008 - __main__ - INFO - Namespace(dataset='xmedia', seed=3, alpha=0.9, lamda=1, margin=0.9, lambd=5, barycenter_number=1, top_k=10, warm_up_epoch=0, MAX_EPOCH=100, batch_size=256, output_dim=512, lr=0.0001, noisy_ratio=0.4, noise_mode='sym', GPU=1, hard_weight=True, noisy_train=True, logging='xmedia_findMAP')
2025-06-18 17:27:42,657 - __main__ - INFO - ...Image to Text MAP = 0.9187243660710833
2025-06-18 17:27:42,864 - __main__ - INFO - ...Text to Image MAP = 0.9131063818806995
2025-06-18 17:27:42,865 - __main__ - INFO - ...Average MAP = 0.9159153739758914
2025-06-18 17:27:52,111 - __main__ - INFO - Noise ratio: 0.6
2025-06-18 17:27:52,113 - __main__ - INFO - Namespace(dataset='xmedia', seed=3, alpha=0.9, lamda=1, margin=0.9, lambd=5, barycenter_number=1, top_k=10, warm_up_epoch=0, MAX_EPOCH=100, batch_size=256, output_dim=512, lr=0.0001, noisy_ratio=0.6, noise_mode='sym', GPU=1, hard_weight=True, noisy_train=True, logging='xmedia_findMAP')
2025-06-18 17:35:30,384 - __main__ - INFO - ...Image to Text MAP = 0.9099155521944267
2025-06-18 17:35:30,513 - __main__ - INFO - ...Text to Image MAP = 0.9228522603141194
2025-06-18 17:35:30,513 - __main__ - INFO - ...Average MAP = 0.916383906254273
2025-06-18 17:35:40,627 - __main__ - INFO - Noise ratio: 0.8
2025-06-18 17:35:40,628 - __main__ - INFO - Namespace(dataset='xmedia', seed=3, alpha=0.9, lamda=1, margin=0.9, lambd=5, barycenter_number=1, top_k=10, warm_up_epoch=0, MAX_EPOCH=100, batch_size=256, output_dim=512, lr=0.0001, noisy_ratio=0.8, noise_mode='sym', GPU=1, hard_weight=True, noisy_train=True, logging='xmedia_findMAP')
2025-06-18 17:42:37,518 - __main__ - INFO - ...Image to Text MAP = 0.9135671415309197
2025-06-18 17:42:37,684 - __main__ - INFO - ...Text to Image MAP = 0.9173485358057714
2025-06-18 17:42:37,685 - __main__ - INFO - ...Average MAP = 0.9154578386683455
2025-06-18 17:42:48,817 - __main__ - INFO - Noise ratio: 0.2
2025-06-18 17:42:48,821 - __main__ - INFO - Namespace(dataset='xmedia', seed=3, alpha=1.0, lamda=1, margin=0.9, lambd=5, barycenter_number=1, top_k=10, warm_up_epoch=0, MAX_EPOCH=100, batch_size=256, output_dim=512, lr=0.0001, noisy_ratio=0.2, noise_mode='sym', GPU=1, hard_weight=True, noisy_train=True, logging='xmedia_findMAP')
2025-06-18 17:50:03,245 - __main__ - INFO - ...Image to Text MAP = 0.9264344864517254
2025-06-18 17:50:03,536 - __main__ - INFO - ...Text to Image MAP = 0.9227938721301062
2025-06-18 17:50:03,538 - __main__ - INFO - ...Average MAP = 0.9246141792909158
2025-06-18 17:50:12,736 - __main__ - INFO - Noise ratio: 0.4
2025-06-18 17:50:12,739 - __main__ - INFO - Namespace(dataset='xmedia', seed=3, alpha=1.0, lamda=1, margin=0.9, lambd=5, barycenter_number=1, top_k=10, warm_up_epoch=0, MAX_EPOCH=100, batch_size=256, output_dim=512, lr=0.0001, noisy_ratio=0.4, noise_mode='sym', GPU=1, hard_weight=True, noisy_train=True, logging='xmedia_findMAP')
2025-06-18 17:57:25,561 - __main__ - INFO - ...Image to Text MAP = 0.9191981465031746
2025-06-18 17:57:25,687 - __main__ - INFO - ...Text to Image MAP = 0.916459608274128
2025-06-18 17:57:25,688 - __main__ - INFO - ...Average MAP = 0.9178288773886513
2025-06-18 17:57:33,895 - __main__ - INFO - Noise ratio: 0.6
2025-06-18 17:57:33,898 - __main__ - INFO - Namespace(dataset='xmedia', seed=3, alpha=1.0, lamda=1, margin=0.9, lambd=5, barycenter_number=1, top_k=10, warm_up_epoch=0, MAX_EPOCH=100, batch_size=256, output_dim=512, lr=0.0001, noisy_ratio=0.6, noise_mode='sym', GPU=1, hard_weight=True, noisy_train=True, logging='xmedia_findMAP')
2025-06-18 18:04:01,184 - __main__ - INFO - ...Image to Text MAP = 0.9183035665544803
2025-06-18 18:04:01,281 - __main__ - INFO - ...Text to Image MAP = 0.9134121504931499
2025-06-18 18:04:01,282 - __main__ - INFO - ...Average MAP = 0.9158578585238151
2025-06-18 18:04:08,322 - __main__ - INFO - Noise ratio: 0.8
2025-06-18 18:04:08,324 - __main__ - INFO - Namespace(dataset='xmedia', seed=3, alpha=1.0, lamda=1, margin=0.9, lambd=5, barycenter_number=1, top_k=10, warm_up_epoch=0, MAX_EPOCH=100, batch_size=256, output_dim=512, lr=0.0001, noisy_ratio=0.8, noise_mode='sym', GPU=1, hard_weight=True, noisy_train=True, logging='xmedia_findMAP')
2025-06-18 18:10:20,183 - __main__ - INFO - ...Image to Text MAP = 0.9114572177663484
2025-06-18 18:10:20,290 - __main__ - INFO - ...Text to Image MAP = 0.9151076987788699
2025-06-18 18:10:20,290 - __main__ - INFO - ...Average MAP = 0.9132824582726091
2025-06-18 18:10:27,216 - __main__ - INFO - Noise ratio: 0.2
2025-06-18 18:10:27,217 - __main__ - INFO - Namespace(dataset='xmedia', seed=4, alpha=0.1, lamda=1, margin=0.9, lambd=5, barycenter_number=1, top_k=10, warm_up_epoch=0, MAX_EPOCH=100, batch_size=256, output_dim=512, lr=0.0001, noisy_ratio=0.2, noise_mode='sym', GPU=1, hard_weight=True, noisy_train=True, logging='xmedia_findMAP')
2025-06-18 18:16:06,156 - __main__ - INFO - ...Image to Text MAP = 0.9202380968298869
2025-06-18 18:16:06,262 - __main__ - INFO - ...Text to Image MAP = 0.9082906557507042
2025-06-18 18:16:06,262 - __main__ - INFO - ...Average MAP = 0.9142643762902956
2025-06-18 18:16:14,639 - __main__ - INFO - Noise ratio: 0.4
2025-06-18 18:16:14,642 - __main__ - INFO - Namespace(dataset='xmedia', seed=4, alpha=0.1, lamda=1, margin=0.9, lambd=5, barycenter_number=1, top_k=10, warm_up_epoch=0, MAX_EPOCH=100, batch_size=256, output_dim=512, lr=0.0001, noisy_ratio=0.4, noise_mode='sym', GPU=1, hard_weight=True, noisy_train=True, logging='xmedia_findMAP')
2025-06-18 18:22:47,695 - __main__ - INFO - ...Image to Text MAP = 0.903602091911938
2025-06-18 18:22:47,823 - __main__ - INFO - ...Text to Image MAP = 0.8933416923416758
2025-06-18 18:22:47,823 - __main__ - INFO - ...Average MAP = 0.8984718921268069
2025-06-18 18:22:56,062 - __main__ - INFO - Noise ratio: 0.6
2025-06-18 18:22:56,064 - __main__ - INFO - Namespace(dataset='xmedia', seed=4, alpha=0.1, lamda=1, margin=0.9, lambd=5, barycenter_number=1, top_k=10, warm_up_epoch=0, MAX_EPOCH=100, batch_size=256, output_dim=512, lr=0.0001, noisy_ratio=0.6, noise_mode='sym', GPU=1, hard_weight=True, noisy_train=True, logging='xmedia_findMAP')
2025-06-18 18:29:15,259 - __main__ - INFO - ...Image to Text MAP = 0.8416820812128161
2025-06-18 18:29:15,380 - __main__ - INFO - ...Text to Image MAP = 0.8384225535937436
2025-06-18 18:29:15,380 - __main__ - INFO - ...Average MAP = 0.8400523174032799
2025-06-18 18:29:22,740 - __main__ - INFO - Noise ratio: 0.8
2025-06-18 18:29:22,742 - __main__ - INFO - Namespace(dataset='xmedia', seed=4, alpha=0.1, lamda=1, margin=0.9, lambd=5, barycenter_number=1, top_k=10, warm_up_epoch=0, MAX_EPOCH=100, batch_size=256, output_dim=512, lr=0.0001, noisy_ratio=0.8, noise_mode='sym', GPU=1, hard_weight=True, noisy_train=True, logging='xmedia_findMAP')
2025-06-18 18:35:46,585 - __main__ - INFO - ...Image to Text MAP = 0.7073174400752085
2025-06-18 18:35:46,697 - __main__ - INFO - ...Text to Image MAP = 0.7411375126684367
2025-06-18 18:35:46,698 - __main__ - INFO - ...Average MAP = 0.7242274763718226
2025-06-18 18:35:54,459 - __main__ - INFO - Noise ratio: 0.2
2025-06-18 18:35:54,462 - __main__ - INFO - Namespace(dataset='xmedia', seed=4, alpha=0.2, lamda=1, margin=0.9, lambd=5, barycenter_number=1, top_k=10, warm_up_epoch=0, MAX_EPOCH=100, batch_size=256, output_dim=512, lr=0.0001, noisy_ratio=0.2, noise_mode='sym', GPU=1, hard_weight=True, noisy_train=True, logging='xmedia_findMAP')
2025-06-18 18:41:59,275 - __main__ - INFO - ...Image to Text MAP = 0.922372179872177
2025-06-18 18:41:59,384 - __main__ - INFO - ...Text to Image MAP = 0.9178201664718725
2025-06-18 18:41:59,385 - __main__ - INFO - ...Average MAP = 0.9200961731720247
2025-06-18 18:42:06,998 - __main__ - INFO - Noise ratio: 0.4
2025-06-18 18:42:07,001 - __main__ - INFO - Namespace(dataset='xmedia', seed=4, alpha=0.2, lamda=1, margin=0.9, lambd=5, barycenter_number=1, top_k=10, warm_up_epoch=0, MAX_EPOCH=100, batch_size=256, output_dim=512, lr=0.0001, noisy_ratio=0.4, noise_mode='sym', GPU=1, hard_weight=True, noisy_train=True, logging='xmedia_findMAP')
2025-06-18 18:48:10,221 - __main__ - INFO - ...Image to Text MAP = 0.9146719292026416
2025-06-18 18:48:10,326 - __main__ - INFO - ...Text to Image MAP = 0.9168976671460976
2025-06-18 18:48:10,326 - __main__ - INFO - ...Average MAP = 0.9157847981743696
2025-06-18 18:48:18,424 - __main__ - INFO - Noise ratio: 0.6
2025-06-18 18:48:18,425 - __main__ - INFO - Namespace(dataset='xmedia', seed=4, alpha=0.2, lamda=1, margin=0.9, lambd=5, barycenter_number=1, top_k=10, warm_up_epoch=0, MAX_EPOCH=100, batch_size=256, output_dim=512, lr=0.0001, noisy_ratio=0.6, noise_mode='sym', GPU=1, hard_weight=True, noisy_train=True, logging='xmedia_findMAP')
2025-06-18 18:54:41,758 - __main__ - INFO - ...Image to Text MAP = 0.8907270485109243
2025-06-18 18:54:41,878 - __main__ - INFO - ...Text to Image MAP = 0.9001061998889981
2025-06-18 18:54:41,879 - __main__ - INFO - ...Average MAP = 0.8954166241999613
2025-06-18 18:54:49,902 - __main__ - INFO - Noise ratio: 0.8
2025-06-18 18:54:49,904 - __main__ - INFO - Namespace(dataset='xmedia', seed=4, alpha=0.2, lamda=1, margin=0.9, lambd=5, barycenter_number=1, top_k=10, warm_up_epoch=0, MAX_EPOCH=100, batch_size=256, output_dim=512, lr=0.0001, noisy_ratio=0.8, noise_mode='sym', GPU=1, hard_weight=True, noisy_train=True, logging='xmedia_findMAP')
2025-06-18 19:01:19,190 - __main__ - INFO - ...Image to Text MAP = 0.9063599899980214
2025-06-18 19:01:19,312 - __main__ - INFO - ...Text to Image MAP = 0.9079022024070781
2025-06-18 19:01:19,313 - __main__ - INFO - ...Average MAP = 0.9071310962025497
2025-06-18 19:01:26,633 - __main__ - INFO - Noise ratio: 0.2
2025-06-18 19:01:26,635 - __main__ - INFO - Namespace(dataset='xmedia', seed=4, alpha=0.3, lamda=1, margin=0.9, lambd=5, barycenter_number=1, top_k=10, warm_up_epoch=0, MAX_EPOCH=100, batch_size=256, output_dim=512, lr=0.0001, noisy_ratio=0.2, noise_mode='sym', GPU=1, hard_weight=True, noisy_train=True, logging='xmedia_findMAP')
2025-06-18 19:07:15,267 - __main__ - INFO - ...Image to Text MAP = 0.9221784324769213
2025-06-18 19:07:15,369 - __main__ - INFO - ...Text to Image MAP = 0.9075888107489125
2025-06-18 19:07:15,370 - __main__ - INFO - ...Average MAP = 0.9148836216129169
2025-06-18 19:07:22,958 - __main__ - INFO - Noise ratio: 0.4
2025-06-18 19:07:22,959 - __main__ - INFO - Namespace(dataset='xmedia', seed=4, alpha=0.3, lamda=1, margin=0.9, lambd=5, barycenter_number=1, top_k=10, warm_up_epoch=0, MAX_EPOCH=100, batch_size=256, output_dim=512, lr=0.0001, noisy_ratio=0.4, noise_mode='sym', GPU=1, hard_weight=True, noisy_train=True, logging='xmedia_findMAP')
2025-06-18 19:13:09,229 - __main__ - INFO - ...Image to Text MAP = 0.9120528434997845
2025-06-18 19:13:09,361 - __main__ - INFO - ...Text to Image MAP = 0.9098756328857946
2025-06-18 19:13:09,362 - __main__ - INFO - ...Average MAP = 0.9109642381927896
2025-06-18 19:13:16,793 - __main__ - INFO - Noise ratio: 0.6
2025-06-18 19:13:16,794 - __main__ - INFO - Namespace(dataset='xmedia', seed=4, alpha=0.3, lamda=1, margin=0.9, lambd=5, barycenter_number=1, top_k=10, warm_up_epoch=0, MAX_EPOCH=100, batch_size=256, output_dim=512, lr=0.0001, noisy_ratio=0.6, noise_mode='sym', GPU=1, hard_weight=True, noisy_train=True, logging='xmedia_findMAP')
2025-06-18 19:19:23,200 - __main__ - INFO - ...Image to Text MAP = 0.9093644911840288
2025-06-18 19:19:23,325 - __main__ - INFO - ...Text to Image MAP = 0.9165705050687433
2025-06-18 19:19:23,326 - __main__ - INFO - ...Average MAP = 0.912967498126386
2025-06-18 19:19:31,066 - __main__ - INFO - Noise ratio: 0.8
2025-06-18 19:19:31,069 - __main__ - INFO - Namespace(dataset='xmedia', seed=4, alpha=0.3, lamda=1, margin=0.9, lambd=5, barycenter_number=1, top_k=10, warm_up_epoch=0, MAX_EPOCH=100, batch_size=256, output_dim=512, lr=0.0001, noisy_ratio=0.8, noise_mode='sym', GPU=1, hard_weight=True, noisy_train=True, logging='xmedia_findMAP')
2025-06-18 19:26:00,968 - __main__ - INFO - ...Image to Text MAP = 0.906873461752336
2025-06-18 19:26:01,114 - __main__ - INFO - ...Text to Image MAP = 0.910552193440041
2025-06-18 19:26:01,115 - __main__ - INFO - ...Average MAP = 0.9087128275961884
2025-06-18 19:26:09,402 - __main__ - INFO - Noise ratio: 0.2
2025-06-18 19:26:09,404 - __main__ - INFO - Namespace(dataset='xmedia', seed=4, alpha=0.4, lamda=1, margin=0.9, lambd=5, barycenter_number=1, top_k=10, warm_up_epoch=0, MAX_EPOCH=100, batch_size=256, output_dim=512, lr=0.0001, noisy_ratio=0.2, noise_mode='sym', GPU=1, hard_weight=True, noisy_train=True, logging='xmedia_findMAP')
2025-06-18 19:31:51,579 - __main__ - INFO - ...Image to Text MAP = 0.9199005439429283
2025-06-18 19:31:51,723 - __main__ - INFO - ...Text to Image MAP = 0.9121568239897433
2025-06-18 19:31:51,723 - __main__ - INFO - ...Average MAP = 0.9160286839663359
2025-06-18 19:31:59,726 - __main__ - INFO - Noise ratio: 0.4
2025-06-18 19:31:59,727 - __main__ - INFO - Namespace(dataset='xmedia', seed=4, alpha=0.4, lamda=1, margin=0.9, lambd=5, barycenter_number=1, top_k=10, warm_up_epoch=0, MAX_EPOCH=100, batch_size=256, output_dim=512, lr=0.0001, noisy_ratio=0.4, noise_mode='sym', GPU=1, hard_weight=True, noisy_train=True, logging='xmedia_findMAP')
2025-06-18 19:38:13,462 - __main__ - INFO - ...Image to Text MAP = 0.9081819544775966
2025-06-18 19:38:13,585 - __main__ - INFO - ...Text to Image MAP = 0.9027171131970217
2025-06-18 19:38:13,585 - __main__ - INFO - ...Average MAP = 0.9054495338373092
2025-06-18 19:38:21,679 - __main__ - INFO - Noise ratio: 0.6
2025-06-18 19:38:21,681 - __main__ - INFO - Namespace(dataset='xmedia', seed=4, alpha=0.4, lamda=1, margin=0.9, lambd=5, barycenter_number=1, top_k=10, warm_up_epoch=0, MAX_EPOCH=100, batch_size=256, output_dim=512, lr=0.0001, noisy_ratio=0.6, noise_mode='sym', GPU=1, hard_weight=True, noisy_train=True, logging='xmedia_findMAP')
2025-06-18 19:44:43,466 - __main__ - INFO - ...Image to Text MAP = 0.911692330539377
2025-06-18 19:44:43,594 - __main__ - INFO - ...Text to Image MAP = 0.9176508503032412
2025-06-18 19:44:43,595 - __main__ - INFO - ...Average MAP = 0.9146715904213092
2025-06-18 19:44:51,051 - __main__ - INFO - Noise ratio: 0.8
2025-06-18 19:44:51,054 - __main__ - INFO - Namespace(dataset='xmedia', seed=4, alpha=0.4, lamda=1, margin=0.9, lambd=5, barycenter_number=1, top_k=10, warm_up_epoch=0, MAX_EPOCH=100, batch_size=256, output_dim=512, lr=0.0001, noisy_ratio=0.8, noise_mode='sym', GPU=1, hard_weight=True, noisy_train=True, logging='xmedia_findMAP')
2025-06-18 19:50:52,677 - __main__ - INFO - ...Image to Text MAP = 0.92045904700819
2025-06-18 19:50:52,811 - __main__ - INFO - ...Text to Image MAP = 0.9235070602677984
2025-06-18 19:50:52,812 - __main__ - INFO - ...Average MAP = 0.9219830536379943
2025-06-18 19:51:00,090 - __main__ - INFO - Noise ratio: 0.2
2025-06-18 19:51:00,092 - __main__ - INFO - Namespace(dataset='xmedia', seed=4, alpha=0.5, lamda=1, margin=0.9, lambd=5, barycenter_number=1, top_k=10, warm_up_epoch=0, MAX_EPOCH=100, batch_size=256, output_dim=512, lr=0.0001, noisy_ratio=0.2, noise_mode='sym', GPU=1, hard_weight=True, noisy_train=True, logging='xmedia_findMAP')
2025-06-18 19:57:19,613 - __main__ - INFO - ...Image to Text MAP = 0.9240735242553298
2025-06-18 19:57:19,743 - __main__ - INFO - ...Text to Image MAP = 0.9179556884183971
2025-06-18 19:57:19,744 - __main__ - INFO - ...Average MAP = 0.9210146063368635
2025-06-18 19:57:27,370 - __main__ - INFO - Noise ratio: 0.4
2025-06-18 19:57:27,371 - __main__ - INFO - Namespace(dataset='xmedia', seed=4, alpha=0.5, lamda=1, margin=0.9, lambd=5, barycenter_number=1, top_k=10, warm_up_epoch=0, MAX_EPOCH=100, batch_size=256, output_dim=512, lr=0.0001, noisy_ratio=0.4, noise_mode='sym', GPU=1, hard_weight=True, noisy_train=True, logging='xmedia_findMAP')
2025-06-18 20:03:35,122 - __main__ - INFO - ...Image to Text MAP = 0.917246997456585
2025-06-18 20:03:35,258 - __main__ - INFO - ...Text to Image MAP = 0.908241077606309
2025-06-18 20:03:35,259 - __main__ - INFO - ...Average MAP = 0.9127440375314471
2025-06-18 20:03:43,449 - __main__ - INFO - Noise ratio: 0.6
2025-06-18 20:03:43,453 - __main__ - INFO - Namespace(dataset='xmedia', seed=4, alpha=0.5, lamda=1, margin=0.9, lambd=5, barycenter_number=1, top_k=10, warm_up_epoch=0, MAX_EPOCH=100, batch_size=256, output_dim=512, lr=0.0001, noisy_ratio=0.6, noise_mode='sym', GPU=1, hard_weight=True, noisy_train=True, logging='xmedia_findMAP')
2025-06-18 20:09:35,885 - __main__ - INFO - ...Image to Text MAP = 0.9174808211629772
2025-06-18 20:09:35,985 - __main__ - INFO - ...Text to Image MAP = 0.9199587011008384
2025-06-18 20:09:35,986 - __main__ - INFO - ...Average MAP = 0.9187197611319078
2025-06-18 20:09:43,631 - __main__ - INFO - Noise ratio: 0.8
2025-06-18 20:09:43,633 - __main__ - INFO - Namespace(dataset='xmedia', seed=4, alpha=0.5, lamda=1, margin=0.9, lambd=5, barycenter_number=1, top_k=10, warm_up_epoch=0, MAX_EPOCH=100, batch_size=256, output_dim=512, lr=0.0001, noisy_ratio=0.8, noise_mode='sym', GPU=1, hard_weight=True, noisy_train=True, logging='xmedia_findMAP')
2025-06-18 20:15:48,628 - __main__ - INFO - ...Image to Text MAP = 0.9027072607811089
2025-06-18 20:15:48,765 - __main__ - INFO - ...Text to Image MAP = 0.9081524252798394
2025-06-18 20:15:48,766 - __main__ - INFO - ...Average MAP = 0.9054298430304741
2025-06-18 20:15:56,696 - __main__ - INFO - Noise ratio: 0.2
2025-06-18 20:15:56,698 - __main__ - INFO - Namespace(dataset='xmedia', seed=4, alpha=0.6, lamda=1, margin=0.9, lambd=5, barycenter_number=1, top_k=10, warm_up_epoch=0, MAX_EPOCH=100, batch_size=256, output_dim=512, lr=0.0001, noisy_ratio=0.2, noise_mode='sym', GPU=1, hard_weight=True, noisy_train=True, logging='xmedia_findMAP')
2025-06-18 20:21:34,151 - __main__ - INFO - ...Image to Text MAP = 0.9274933691836916
2025-06-18 20:21:34,318 - __main__ - INFO - ...Text to Image MAP = 0.9170469827983452
2025-06-18 20:21:34,319 - __main__ - INFO - ...Average MAP = 0.9222701759910183
2025-06-18 20:21:40,609 - __main__ - INFO - Noise ratio: 0.4
2025-06-18 20:21:40,610 - __main__ - INFO - Namespace(dataset='xmedia', seed=4, alpha=0.6, lamda=1, margin=0.9, lambd=5, barycenter_number=1, top_k=10, warm_up_epoch=0, MAX_EPOCH=100, batch_size=256, output_dim=512, lr=0.0001, noisy_ratio=0.4, noise_mode='sym', GPU=1, hard_weight=True, noisy_train=True, logging='xmedia_findMAP')
2025-06-18 20:28:12,157 - __main__ - INFO - ...Image to Text MAP = 0.9200091838598334
2025-06-18 20:28:12,260 - __main__ - INFO - ...Text to Image MAP = 0.9120083172324608
2025-06-18 20:28:12,261 - __main__ - INFO - ...Average MAP = 0.9160087505461472
2025-06-18 20:28:19,647 - __main__ - INFO - Noise ratio: 0.6
2025-06-18 20:28:19,649 - __main__ - INFO - Namespace(dataset='xmedia', seed=4, alpha=0.6, lamda=1, margin=0.9, lambd=5, barycenter_number=1, top_k=10, warm_up_epoch=0, MAX_EPOCH=100, batch_size=256, output_dim=512, lr=0.0001, noisy_ratio=0.6, noise_mode='sym', GPU=1, hard_weight=True, noisy_train=True, logging='xmedia_findMAP')
2025-06-18 20:34:57,503 - __main__ - INFO - ...Image to Text MAP = 0.9129938014877915
2025-06-18 20:34:57,632 - __main__ - INFO - ...Text to Image MAP = 0.9159133264643751
2025-06-18 20:34:57,633 - __main__ - INFO - ...Average MAP = 0.9144535639760834
2025-06-18 20:35:05,630 - __main__ - INFO - Noise ratio: 0.8
2025-06-18 20:35:05,632 - __main__ - INFO - Namespace(dataset='xmedia', seed=4, alpha=0.6, lamda=1, margin=0.9, lambd=5, barycenter_number=1, top_k=10, warm_up_epoch=0, MAX_EPOCH=100, batch_size=256, output_dim=512, lr=0.0001, noisy_ratio=0.8, noise_mode='sym', GPU=1, hard_weight=True, noisy_train=True, logging='xmedia_findMAP')
2025-06-18 20:40:42,707 - __main__ - INFO - ...Image to Text MAP = 0.9102111882188385
2025-06-18 20:40:42,837 - __main__ - INFO - ...Text to Image MAP = 0.916979308806737
2025-06-18 20:40:42,838 - __main__ - INFO - ...Average MAP = 0.9135952485127877
2025-06-18 20:40:50,932 - __main__ - INFO - Noise ratio: 0.2
2025-06-18 20:40:50,933 - __main__ - INFO - Namespace(dataset='xmedia', seed=4, alpha=0.7, lamda=1, margin=0.9, lambd=5, barycenter_number=1, top_k=10, warm_up_epoch=0, MAX_EPOCH=100, batch_size=256, output_dim=512, lr=0.0001, noisy_ratio=0.2, noise_mode='sym', GPU=1, hard_weight=True, noisy_train=True, logging='xmedia_findMAP')
2025-06-18 20:47:15,331 - __main__ - INFO - ...Image to Text MAP = 0.9242419953278437
2025-06-18 20:47:15,427 - __main__ - INFO - ...Text to Image MAP = 0.9186614181038087
2025-06-18 20:47:15,427 - __main__ - INFO - ...Average MAP = 0.9214517067158262
2025-06-18 20:47:22,855 - __main__ - INFO - Noise ratio: 0.4
2025-06-18 20:47:22,857 - __main__ - INFO - Namespace(dataset='xmedia', seed=4, alpha=0.7, lamda=1, margin=0.9, lambd=5, barycenter_number=1, top_k=10, warm_up_epoch=0, MAX_EPOCH=100, batch_size=256, output_dim=512, lr=0.0001, noisy_ratio=0.4, noise_mode='sym', GPU=1, hard_weight=True, noisy_train=True, logging='xmedia_findMAP')
2025-06-18 20:53:36,633 - __main__ - INFO - ...Image to Text MAP = 0.9112046207260478
2025-06-18 20:53:36,750 - __main__ - INFO - ...Text to Image MAP = 0.9121493518690741
2025-06-18 20:53:36,750 - __main__ - INFO - ...Average MAP = 0.9116769862975609
2025-06-18 20:53:44,099 - __main__ - INFO - Noise ratio: 0.6
2025-06-18 20:53:44,100 - __main__ - INFO - Namespace(dataset='xmedia', seed=4, alpha=0.7, lamda=1, margin=0.9, lambd=5, barycenter_number=1, top_k=10, warm_up_epoch=0, MAX_EPOCH=100, batch_size=256, output_dim=512, lr=0.0001, noisy_ratio=0.6, noise_mode='sym', GPU=1, hard_weight=True, noisy_train=True, logging='xmedia_findMAP')
2025-06-18 20:59:39,928 - __main__ - INFO - ...Image to Text MAP = 0.9123174472071545
2025-06-18 20:59:40,076 - __main__ - INFO - ...Text to Image MAP = 0.91887554645234
2025-06-18 20:59:40,077 - __main__ - INFO - ...Average MAP = 0.9155964968297472
2025-06-18 20:59:47,079 - __main__ - INFO - Noise ratio: 0.8
2025-06-18 20:59:47,081 - __main__ - INFO - Namespace(dataset='xmedia', seed=4, alpha=0.7, lamda=1, margin=0.9, lambd=5, barycenter_number=1, top_k=10, warm_up_epoch=0, MAX_EPOCH=100, batch_size=256, output_dim=512, lr=0.0001, noisy_ratio=0.8, noise_mode='sym', GPU=1, hard_weight=True, noisy_train=True, logging='xmedia_findMAP')
2025-06-18 21:05:38,555 - __main__ - INFO - ...Image to Text MAP = 0.9099825541040684
2025-06-18 21:05:38,659 - __main__ - INFO - ...Text to Image MAP = 0.9159487994609974
2025-06-18 21:05:38,659 - __main__ - INFO - ...Average MAP = 0.9129656767825329
2025-06-18 21:05:46,170 - __main__ - INFO - Noise ratio: 0.2
2025-06-18 21:05:46,171 - __main__ - INFO - Namespace(dataset='xmedia', seed=4, alpha=0.8, lamda=1, margin=0.9, lambd=5, barycenter_number=1, top_k=10, warm_up_epoch=0, MAX_EPOCH=100, batch_size=256, output_dim=512, lr=0.0001, noisy_ratio=0.2, noise_mode='sym', GPU=1, hard_weight=True, noisy_train=True, logging='xmedia_findMAP')
2025-06-18 21:11:53,947 - __main__ - INFO - ...Image to Text MAP = 0.919868451604272
2025-06-18 21:11:54,077 - __main__ - INFO - ...Text to Image MAP = 0.9114072944050622
2025-06-18 21:11:54,078 - __main__ - INFO - ...Average MAP = 0.915637873004667
2025-06-18 21:12:01,493 - __main__ - INFO - Noise ratio: 0.4
2025-06-18 21:12:01,494 - __main__ - INFO - Namespace(dataset='xmedia', seed=4, alpha=0.8, lamda=1, margin=0.9, lambd=5, barycenter_number=1, top_k=10, warm_up_epoch=0, MAX_EPOCH=100, batch_size=256, output_dim=512, lr=0.0001, noisy_ratio=0.4, noise_mode='sym', GPU=1, hard_weight=True, noisy_train=True, logging='xmedia_findMAP')
2025-06-18 21:17:56,155 - __main__ - INFO - ...Image to Text MAP = 0.9199323095854488
2025-06-18 21:17:56,256 - __main__ - INFO - ...Text to Image MAP = 0.910618482507013
2025-06-18 21:17:56,256 - __main__ - INFO - ...Average MAP = 0.915275396046231
2025-06-18 21:18:03,348 - __main__ - INFO - Noise ratio: 0.6
2025-06-18 21:18:03,349 - __main__ - INFO - Namespace(dataset='xmedia', seed=4, alpha=0.8, lamda=1, margin=0.9, lambd=5, barycenter_number=1, top_k=10, warm_up_epoch=0, MAX_EPOCH=100, batch_size=256, output_dim=512, lr=0.0001, noisy_ratio=0.6, noise_mode='sym', GPU=1, hard_weight=True, noisy_train=True, logging='xmedia_findMAP')
2025-06-18 21:24:10,998 - __main__ - INFO - ...Image to Text MAP = 0.9061454107512324
2025-06-18 21:24:11,103 - __main__ - INFO - ...Text to Image MAP = 0.9136254725946846
2025-06-18 21:24:11,104 - __main__ - INFO - ...Average MAP = 0.9098854416729585
2025-06-18 21:24:19,086 - __main__ - INFO - Noise ratio: 0.8
2025-06-18 21:24:19,087 - __main__ - INFO - Namespace(dataset='xmedia', seed=4, alpha=0.8, lamda=1, margin=0.9, lambd=5, barycenter_number=1, top_k=10, warm_up_epoch=0, MAX_EPOCH=100, batch_size=256, output_dim=512, lr=0.0001, noisy_ratio=0.8, noise_mode='sym', GPU=1, hard_weight=True, noisy_train=True, logging='xmedia_findMAP')
2025-06-18 21:30:48,823 - __main__ - INFO - ...Image to Text MAP = 0.9067275681499631
2025-06-18 21:30:48,928 - __main__ - INFO - ...Text to Image MAP = 0.9133846852929858
2025-06-18 21:30:48,928 - __main__ - INFO - ...Average MAP = 0.9100561267214744
2025-06-18 21:30:55,597 - __main__ - INFO - Noise ratio: 0.2
2025-06-18 21:30:55,598 - __main__ - INFO - Namespace(dataset='xmedia', seed=4, alpha=0.9, lamda=1, margin=0.9, lambd=5, barycenter_number=1, top_k=10, warm_up_epoch=0, MAX_EPOCH=100, batch_size=256, output_dim=512, lr=0.0001, noisy_ratio=0.2, noise_mode='sym', GPU=1, hard_weight=True, noisy_train=True, logging='xmedia_findMAP')
2025-06-18 21:37:20,679 - __main__ - INFO - ...Image to Text MAP = 0.9201697983017466
2025-06-18 21:37:20,836 - __main__ - INFO - ...Text to Image MAP = 0.9162170520000625
2025-06-18 21:37:20,836 - __main__ - INFO - ...Average MAP = 0.9181934251509045
2025-06-18 21:37:27,770 - __main__ - INFO - Noise ratio: 0.4
2025-06-18 21:37:27,773 - __main__ - INFO - Namespace(dataset='xmedia', seed=4, alpha=0.9, lamda=1, margin=0.9, lambd=5, barycenter_number=1, top_k=10, warm_up_epoch=0, MAX_EPOCH=100, batch_size=256, output_dim=512, lr=0.0001, noisy_ratio=0.4, noise_mode='sym', GPU=1, hard_weight=True, noisy_train=True, logging='xmedia_findMAP')
2025-06-18 21:43:28,693 - __main__ - INFO - ...Image to Text MAP = 0.9152422549174216
2025-06-18 21:43:28,820 - __main__ - INFO - ...Text to Image MAP = 0.9168623322308062
2025-06-18 21:43:28,821 - __main__ - INFO - ...Average MAP = 0.9160522935741139
2025-06-18 21:43:35,535 - __main__ - INFO - Noise ratio: 0.6
2025-06-18 21:43:35,537 - __main__ - INFO - Namespace(dataset='xmedia', seed=4, alpha=0.9, lamda=1, margin=0.9, lambd=5, barycenter_number=1, top_k=10, warm_up_epoch=0, MAX_EPOCH=100, batch_size=256, output_dim=512, lr=0.0001, noisy_ratio=0.6, noise_mode='sym', GPU=1, hard_weight=True, noisy_train=True, logging='xmedia_findMAP')
2025-06-18 21:50:04,278 - __main__ - INFO - ...Image to Text MAP = 0.9105314614338972
2025-06-18 21:50:04,381 - __main__ - INFO - ...Text to Image MAP = 0.9185087784079848
2025-06-18 21:50:04,381 - __main__ - INFO - ...Average MAP = 0.914520119920941
2025-06-18 21:50:11,384 - __main__ - INFO - Noise ratio: 0.8
2025-06-18 21:50:11,385 - __main__ - INFO - Namespace(dataset='xmedia', seed=4, alpha=0.9, lamda=1, margin=0.9, lambd=5, barycenter_number=1, top_k=10, warm_up_epoch=0, MAX_EPOCH=100, batch_size=256, output_dim=512, lr=0.0001, noisy_ratio=0.8, noise_mode='sym', GPU=1, hard_weight=True, noisy_train=True, logging='xmedia_findMAP')
2025-06-18 21:56:51,183 - __main__ - INFO - ...Image to Text MAP = 0.9135382780684067
2025-06-18 21:56:51,308 - __main__ - INFO - ...Text to Image MAP = 0.9221186436223741
2025-06-18 21:56:51,309 - __main__ - INFO - ...Average MAP = 0.9178284608453904
2025-06-18 21:56:58,034 - __main__ - INFO - Noise ratio: 0.2
2025-06-18 21:56:58,035 - __main__ - INFO - Namespace(dataset='xmedia', seed=4, alpha=1.0, lamda=1, margin=0.9, lambd=5, barycenter_number=1, top_k=10, warm_up_epoch=0, MAX_EPOCH=100, batch_size=256, output_dim=512, lr=0.0001, noisy_ratio=0.2, noise_mode='sym', GPU=1, hard_weight=True, noisy_train=True, logging='xmedia_findMAP')
2025-06-18 22:03:30,687 - __main__ - INFO - ...Image to Text MAP = 0.921831480339343
2025-06-18 22:03:30,956 - __main__ - INFO - ...Text to Image MAP = 0.920093192561126
2025-06-18 22:03:30,970 - __main__ - INFO - ...Average MAP = 0.9209623364502345
2025-06-18 22:03:37,901 - __main__ - INFO - Noise ratio: 0.4
2025-06-18 22:03:37,903 - __main__ - INFO - Namespace(dataset='xmedia', seed=4, alpha=1.0, lamda=1, margin=0.9, lambd=5, barycenter_number=1, top_k=10, warm_up_epoch=0, MAX_EPOCH=100, batch_size=256, output_dim=512, lr=0.0001, noisy_ratio=0.4, noise_mode='sym', GPU=1, hard_weight=True, noisy_train=True, logging='xmedia_findMAP')
2025-06-18 22:09:41,865 - __main__ - INFO - ...Image to Text MAP = 0.9243937533093296
2025-06-18 22:09:41,989 - __main__ - INFO - ...Text to Image MAP = 0.9153164408760838
2025-06-18 22:09:41,990 - __main__ - INFO - ...Average MAP = 0.9198550970927066
2025-06-18 22:09:49,315 - __main__ - INFO - Noise ratio: 0.6
2025-06-18 22:09:49,317 - __main__ - INFO - Namespace(dataset='xmedia', seed=4, alpha=1.0, lamda=1, margin=0.9, lambd=5, barycenter_number=1, top_k=10, warm_up_epoch=0, MAX_EPOCH=100, batch_size=256, output_dim=512, lr=0.0001, noisy_ratio=0.6, noise_mode='sym', GPU=1, hard_weight=True, noisy_train=True, logging='xmedia_findMAP')
2025-06-18 22:15:31,737 - __main__ - INFO - ...Image to Text MAP = 0.9146454107936863
2025-06-18 22:15:31,924 - __main__ - INFO - ...Text to Image MAP = 0.9201836078770741
2025-06-18 22:15:31,925 - __main__ - INFO - ...Average MAP = 0.9174145093353803
2025-06-18 22:15:38,536 - __main__ - INFO - Noise ratio: 0.8
2025-06-18 22:15:38,537 - __main__ - INFO - Namespace(dataset='xmedia', seed=4, alpha=1.0, lamda=1, margin=0.9, lambd=5, barycenter_number=1, top_k=10, warm_up_epoch=0, MAX_EPOCH=100, batch_size=256, output_dim=512, lr=0.0001, noisy_ratio=0.8, noise_mode='sym', GPU=1, hard_weight=True, noisy_train=True, logging='xmedia_findMAP')
2025-06-18 22:21:40,480 - __main__ - INFO - ...Image to Text MAP = 0.9102058641353319
2025-06-18 22:21:40,584 - __main__ - INFO - ...Text to Image MAP = 0.9182019587498866
2025-06-18 22:21:40,585 - __main__ - INFO - ...Average MAP = 0.9142039114426093
2025-06-18 22:21:48,072 - __main__ - INFO - Noise ratio: 0.2
2025-06-18 22:21:48,073 - __main__ - INFO - Namespace(dataset='xmedia', seed=5, alpha=0.1, lamda=1, margin=0.9, lambd=5, barycenter_number=1, top_k=10, warm_up_epoch=0, MAX_EPOCH=100, batch_size=256, output_dim=512, lr=0.0001, noisy_ratio=0.2, noise_mode='sym', GPU=1, hard_weight=True, noisy_train=True, logging='xmedia_findMAP')
2025-06-18 22:28:07,806 - __main__ - INFO - ...Image to Text MAP = 0.91645811250666
2025-06-18 22:28:08,043 - __main__ - INFO - ...Text to Image MAP = 0.914174026791452
2025-06-18 22:28:08,044 - __main__ - INFO - ...Average MAP = 0.915316069649056
2025-06-18 22:28:17,078 - __main__ - INFO - Noise ratio: 0.4
2025-06-18 22:28:17,080 - __main__ - INFO - Namespace(dataset='xmedia', seed=5, alpha=0.1, lamda=1, margin=0.9, lambd=5, barycenter_number=1, top_k=10, warm_up_epoch=0, MAX_EPOCH=100, batch_size=256, output_dim=512, lr=0.0001, noisy_ratio=0.4, noise_mode='sym', GPU=1, hard_weight=True, noisy_train=True, logging='xmedia_findMAP')
2025-06-18 22:34:56,869 - __main__ - INFO - ...Image to Text MAP = 0.9008023265943454
2025-06-18 22:34:56,994 - __main__ - INFO - ...Text to Image MAP = 0.8842272595278727
2025-06-18 22:34:56,995 - __main__ - INFO - ...Average MAP = 0.892514793061109
2025-06-18 22:35:04,408 - __main__ - INFO - Noise ratio: 0.6
2025-06-18 22:35:04,410 - __main__ - INFO - Namespace(dataset='xmedia', seed=5, alpha=0.1, lamda=1, margin=0.9, lambd=5, barycenter_number=1, top_k=10, warm_up_epoch=0, MAX_EPOCH=100, batch_size=256, output_dim=512, lr=0.0001, noisy_ratio=0.6, noise_mode='sym', GPU=1, hard_weight=True, noisy_train=True, logging='xmedia_findMAP')
2025-06-18 22:41:27,964 - __main__ - INFO - ...Image to Text MAP = 0.8271782444960051
2025-06-18 22:41:28,090 - __main__ - INFO - ...Text to Image MAP = 0.836190009071197
2025-06-18 22:41:28,090 - __main__ - INFO - ...Average MAP = 0.831684126783601
2025-06-18 22:41:34,814 - __main__ - INFO - Noise ratio: 0.8
2025-06-18 22:41:34,816 - __main__ - INFO - Namespace(dataset='xmedia', seed=5, alpha=0.1, lamda=1, margin=0.9, lambd=5, barycenter_number=1, top_k=10, warm_up_epoch=0, MAX_EPOCH=100, batch_size=256, output_dim=512, lr=0.0001, noisy_ratio=0.8, noise_mode='sym', GPU=1, hard_weight=True, noisy_train=True, logging='xmedia_findMAP')
2025-06-18 22:48:26,538 - __main__ - INFO - ...Image to Text MAP = 0.719893416805996
2025-06-18 22:48:26,680 - __main__ - INFO - ...Text to Image MAP = 0.7573217227330993
2025-06-18 22:48:26,681 - __main__ - INFO - ...Average MAP = 0.7386075697695476
2025-06-18 22:48:34,642 - __main__ - INFO - Noise ratio: 0.2
2025-06-18 22:48:34,643 - __main__ - INFO - Namespace(dataset='xmedia', seed=5, alpha=0.2, lamda=1, margin=0.9, lambd=5, barycenter_number=1, top_k=10, warm_up_epoch=0, MAX_EPOCH=100, batch_size=256, output_dim=512, lr=0.0001, noisy_ratio=0.2, noise_mode='sym', GPU=1, hard_weight=True, noisy_train=True, logging='xmedia_findMAP')
2025-06-18 22:55:15,743 - __main__ - INFO - ...Image to Text MAP = 0.9130389002119438
2025-06-18 22:55:15,838 - __main__ - INFO - ...Text to Image MAP = 0.9119963180472973
2025-06-18 22:55:15,839 - __main__ - INFO - ...Average MAP = 0.9125176091296205
2025-06-18 22:55:24,076 - __main__ - INFO - Noise ratio: 0.4
2025-06-18 22:55:24,079 - __main__ - INFO - Namespace(dataset='xmedia', seed=5, alpha=0.2, lamda=1, margin=0.9, lambd=5, barycenter_number=1, top_k=10, warm_up_epoch=0, MAX_EPOCH=100, batch_size=256, output_dim=512, lr=0.0001, noisy_ratio=0.4, noise_mode='sym', GPU=1, hard_weight=True, noisy_train=True, logging='xmedia_findMAP')
2025-06-18 23:01:38,701 - __main__ - INFO - ...Image to Text MAP = 0.9091491721040865
2025-06-18 23:01:38,848 - __main__ - INFO - ...Text to Image MAP = 0.902899431853651
2025-06-18 23:01:38,849 - __main__ - INFO - ...Average MAP = 0.9060243019788687
2025-06-18 23:01:46,248 - __main__ - INFO - Noise ratio: 0.6
2025-06-18 23:01:46,251 - __main__ - INFO - Namespace(dataset='xmedia', seed=5, alpha=0.2, lamda=1, margin=0.9, lambd=5, barycenter_number=1, top_k=10, warm_up_epoch=0, MAX_EPOCH=100, batch_size=256, output_dim=512, lr=0.0001, noisy_ratio=0.6, noise_mode='sym', GPU=1, hard_weight=True, noisy_train=True, logging='xmedia_findMAP')
2025-06-18 23:08:02,691 - __main__ - INFO - ...Image to Text MAP = 0.8917737010718628
2025-06-18 23:08:02,879 - __main__ - INFO - ...Text to Image MAP = 0.8958370936982903
2025-06-18 23:08:02,880 - __main__ - INFO - ...Average MAP = 0.8938053973850766
2025-06-18 23:08:11,000 - __main__ - INFO - Noise ratio: 0.8
2025-06-18 23:08:11,002 - __main__ - INFO - Namespace(dataset='xmedia', seed=5, alpha=0.2, lamda=1, margin=0.9, lambd=5, barycenter_number=1, top_k=10, warm_up_epoch=0, MAX_EPOCH=100, batch_size=256, output_dim=512, lr=0.0001, noisy_ratio=0.8, noise_mode='sym', GPU=1, hard_weight=True, noisy_train=True, logging='xmedia_findMAP')
2025-06-18 23:15:12,379 - __main__ - INFO - ...Image to Text MAP = 0.8982260553472603
2025-06-18 23:15:12,499 - __main__ - INFO - ...Text to Image MAP = 0.9051869915041276
2025-06-18 23:15:12,500 - __main__ - INFO - ...Average MAP = 0.901706523425694
2025-06-18 23:15:19,372 - __main__ - INFO - Noise ratio: 0.2
2025-06-18 23:15:19,375 - __main__ - INFO - Namespace(dataset='xmedia', seed=5, alpha=0.3, lamda=1, margin=0.9, lambd=5, barycenter_number=1, top_k=10, warm_up_epoch=0, MAX_EPOCH=100, batch_size=256, output_dim=512, lr=0.0001, noisy_ratio=0.2, noise_mode='sym', GPU=1, hard_weight=True, noisy_train=True, logging='xmedia_findMAP')
2025-06-18 23:21:30,047 - __main__ - INFO - ...Image to Text MAP = 0.9157658160525114
2025-06-18 23:21:30,149 - __main__ - INFO - ...Text to Image MAP = 0.912383558879375
2025-06-18 23:21:30,149 - __main__ - INFO - ...Average MAP = 0.9140746874659431
2025-06-18 23:21:36,747 - __main__ - INFO - Noise ratio: 0.4
2025-06-18 23:21:36,748 - __main__ - INFO - Namespace(dataset='xmedia', seed=5, alpha=0.3, lamda=1, margin=0.9, lambd=5, barycenter_number=1, top_k=10, warm_up_epoch=0, MAX_EPOCH=100, batch_size=256, output_dim=512, lr=0.0001, noisy_ratio=0.4, noise_mode='sym', GPU=1, hard_weight=True, noisy_train=True, logging='xmedia_findMAP')
2025-06-18 23:27:32,041 - __main__ - INFO - ...Image to Text MAP = 0.9147789132578895
2025-06-18 23:27:32,145 - __main__ - INFO - ...Text to Image MAP = 0.914031400135993
2025-06-18 23:27:32,145 - __main__ - INFO - ...Average MAP = 0.9144051566969413
2025-06-18 23:27:40,980 - __main__ - INFO - Noise ratio: 0.6
2025-06-18 23:27:40,981 - __main__ - INFO - Namespace(dataset='xmedia', seed=5, alpha=0.3, lamda=1, margin=0.9, lambd=5, barycenter_number=1, top_k=10, warm_up_epoch=0, MAX_EPOCH=100, batch_size=256, output_dim=512, lr=0.0001, noisy_ratio=0.6, noise_mode='sym', GPU=1, hard_weight=True, noisy_train=True, logging='xmedia_findMAP')
2025-06-18 23:34:01,113 - __main__ - INFO - ...Image to Text MAP = 0.910290390169036
2025-06-18 23:34:01,239 - __main__ - INFO - ...Text to Image MAP = 0.9144786687112545
2025-06-18 23:34:01,240 - __main__ - INFO - ...Average MAP = 0.9123845294401453
2025-06-18 23:34:08,428 - __main__ - INFO - Noise ratio: 0.8
2025-06-18 23:34:08,430 - __main__ - INFO - Namespace(dataset='xmedia', seed=5, alpha=0.3, lamda=1, margin=0.9, lambd=5, barycenter_number=1, top_k=10, warm_up_epoch=0, MAX_EPOCH=100, batch_size=256, output_dim=512, lr=0.0001, noisy_ratio=0.8, noise_mode='sym', GPU=1, hard_weight=True, noisy_train=True, logging='xmedia_findMAP')
2025-06-18 23:40:21,468 - __main__ - INFO - ...Image to Text MAP = 0.9029033886609973
2025-06-18 23:40:21,733 - __main__ - INFO - ...Text to Image MAP = 0.9108087237499192
2025-06-18 23:40:21,745 - __main__ - INFO - ...Average MAP = 0.9068560562054582
2025-06-18 23:40:29,720 - __main__ - INFO - Noise ratio: 0.2
2025-06-18 23:40:29,722 - __main__ - INFO - Namespace(dataset='xmedia', seed=5, alpha=0.4, lamda=1, margin=0.9, lambd=5, barycenter_number=1, top_k=10, warm_up_epoch=0, MAX_EPOCH=100, batch_size=256, output_dim=512, lr=0.0001, noisy_ratio=0.2, noise_mode='sym', GPU=1, hard_weight=True, noisy_train=True, logging='xmedia_findMAP')
2025-06-18 23:46:45,153 - __main__ - INFO - ...Image to Text MAP = 0.9203337100341755
2025-06-18 23:46:45,255 - __main__ - INFO - ...Text to Image MAP = 0.9168247449447597
2025-06-18 23:46:45,256 - __main__ - INFO - ...Average MAP = 0.9185792274894676
2025-06-18 23:46:53,086 - __main__ - INFO - Noise ratio: 0.4
2025-06-18 23:46:53,088 - __main__ - INFO - Namespace(dataset='xmedia', seed=5, alpha=0.4, lamda=1, margin=0.9, lambd=5, barycenter_number=1, top_k=10, warm_up_epoch=0, MAX_EPOCH=100, batch_size=256, output_dim=512, lr=0.0001, noisy_ratio=0.4, noise_mode='sym', GPU=1, hard_weight=True, noisy_train=True, logging='xmedia_findMAP')
2025-06-18 23:52:52,989 - __main__ - INFO - ...Image to Text MAP = 0.91773699237299
2025-06-18 23:52:53,116 - __main__ - INFO - ...Text to Image MAP = 0.9086516673968787
2025-06-18 23:52:53,117 - __main__ - INFO - ...Average MAP = 0.9131943298849343
2025-06-18 23:53:00,672 - __main__ - INFO - Noise ratio: 0.6
2025-06-18 23:53:00,674 - __main__ - INFO - Namespace(dataset='xmedia', seed=5, alpha=0.4, lamda=1, margin=0.9, lambd=5, barycenter_number=1, top_k=10, warm_up_epoch=0, MAX_EPOCH=100, batch_size=256, output_dim=512, lr=0.0001, noisy_ratio=0.6, noise_mode='sym', GPU=1, hard_weight=True, noisy_train=True, logging='xmedia_findMAP')
2025-06-18 23:59:23,126 - __main__ - INFO - ...Image to Text MAP = 0.9107837203791155
2025-06-18 23:59:23,229 - __main__ - INFO - ...Text to Image MAP = 0.9173648588917883
2025-06-18 23:59:23,229 - __main__ - INFO - ...Average MAP = 0.9140742896354519
2025-06-18 23:59:31,497 - __main__ - INFO - Noise ratio: 0.8
2025-06-18 23:59:31,499 - __main__ - INFO - Namespace(dataset='xmedia', seed=5, alpha=0.4, lamda=1, margin=0.9, lambd=5, barycenter_number=1, top_k=10, warm_up_epoch=0, MAX_EPOCH=100, batch_size=256, output_dim=512, lr=0.0001, noisy_ratio=0.8, noise_mode='sym', GPU=1, hard_weight=True, noisy_train=True, logging='xmedia_findMAP')
2025-06-19 00:06:12,117 - __main__ - INFO - ...Image to Text MAP = 0.9056947412189635
2025-06-19 00:06:12,228 - __main__ - INFO - ...Text to Image MAP = 0.9087841140618075
2025-06-19 00:06:12,237 - __main__ - INFO - ...Average MAP = 0.9072394276403855
2025-06-19 00:06:28,800 - __main__ - INFO - Noise ratio: 0.2
2025-06-19 00:06:28,801 - __main__ - INFO - Namespace(dataset='xmedia', seed=5, alpha=0.5, lamda=1, margin=0.9, lambd=5, barycenter_number=1, top_k=10, warm_up_epoch=0, MAX_EPOCH=100, batch_size=256, output_dim=512, lr=0.0001, noisy_ratio=0.2, noise_mode='sym', GPU=1, hard_weight=True, noisy_train=True, logging='xmedia_findMAP')
2025-06-19 00:13:16,483 - __main__ - INFO - ...Image to Text MAP = 0.9123288670272944
2025-06-19 00:13:16,586 - __main__ - INFO - ...Text to Image MAP = 0.9131925773785747
2025-06-19 00:13:16,586 - __main__ - INFO - ...Average MAP = 0.9127607222029346
2025-06-19 00:13:23,769 - __main__ - INFO - Noise ratio: 0.4
2025-06-19 00:13:23,771 - __main__ - INFO - Namespace(dataset='xmedia', seed=5, alpha=0.5, lamda=1, margin=0.9, lambd=5, barycenter_number=1, top_k=10, warm_up_epoch=0, MAX_EPOCH=100, batch_size=256, output_dim=512, lr=0.0001, noisy_ratio=0.4, noise_mode='sym', GPU=1, hard_weight=True, noisy_train=True, logging='xmedia_findMAP')
2025-06-19 00:19:57,297 - __main__ - INFO - ...Image to Text MAP = 0.9101934482892166
2025-06-19 00:19:57,421 - __main__ - INFO - ...Text to Image MAP = 0.9102862974016418
2025-06-19 00:19:57,422 - __main__ - INFO - ...Average MAP = 0.9102398728454292
2025-06-19 00:20:04,655 - __main__ - INFO - Noise ratio: 0.6
2025-06-19 00:20:04,656 - __main__ - INFO - Namespace(dataset='xmedia', seed=5, alpha=0.5, lamda=1, margin=0.9, lambd=5, barycenter_number=1, top_k=10, warm_up_epoch=0, MAX_EPOCH=100, batch_size=256, output_dim=512, lr=0.0001, noisy_ratio=0.6, noise_mode='sym', GPU=1, hard_weight=True, noisy_train=True, logging='xmedia_findMAP')
2025-06-19 00:26:37,994 - __main__ - INFO - ...Image to Text MAP = 0.9145013558009377
2025-06-19 00:26:38,149 - __main__ - INFO - ...Text to Image MAP = 0.9182055150054861
2025-06-19 00:26:38,150 - __main__ - INFO - ...Average MAP = 0.9163534354032119
2025-06-19 00:26:46,069 - __main__ - INFO - Noise ratio: 0.8
2025-06-19 00:26:46,070 - __main__ - INFO - Namespace(dataset='xmedia', seed=5, alpha=0.5, lamda=1, margin=0.9, lambd=5, barycenter_number=1, top_k=10, warm_up_epoch=0, MAX_EPOCH=100, batch_size=256, output_dim=512, lr=0.0001, noisy_ratio=0.8, noise_mode='sym', GPU=1, hard_weight=True, noisy_train=True, logging='xmedia_findMAP')
2025-06-19 00:33:18,204 - __main__ - INFO - ...Image to Text MAP = 0.9049923335361046
2025-06-19 00:33:18,311 - __main__ - INFO - ...Text to Image MAP = 0.9117826028005538
2025-06-19 00:33:18,311 - __main__ - INFO - ...Average MAP = 0.9083874681683293
2025-06-19 00:33:26,427 - __main__ - INFO - Noise ratio: 0.2
2025-06-19 00:33:26,429 - __main__ - INFO - Namespace(dataset='xmedia', seed=5, alpha=0.6, lamda=1, margin=0.9, lambd=5, barycenter_number=1, top_k=10, warm_up_epoch=0, MAX_EPOCH=100, batch_size=256, output_dim=512, lr=0.0001, noisy_ratio=0.2, noise_mode='sym', GPU=1, hard_weight=True, noisy_train=True, logging='xmedia_findMAP')
2025-06-19 00:39:29,154 - __main__ - INFO - ...Image to Text MAP = 0.9135574642372112
2025-06-19 00:39:29,314 - __main__ - INFO - ...Text to Image MAP = 0.9147657402742367
2025-06-19 00:39:29,314 - __main__ - INFO - ...Average MAP = 0.914161602255724
2025-06-19 00:39:37,179 - __main__ - INFO - Noise ratio: 0.4
2025-06-19 00:39:37,181 - __main__ - INFO - Namespace(dataset='xmedia', seed=5, alpha=0.6, lamda=1, margin=0.9, lambd=5, barycenter_number=1, top_k=10, warm_up_epoch=0, MAX_EPOCH=100, batch_size=256, output_dim=512, lr=0.0001, noisy_ratio=0.4, noise_mode='sym', GPU=1, hard_weight=True, noisy_train=True, logging='xmedia_findMAP')
2025-06-19 00:45:58,561 - __main__ - INFO - ...Image to Text MAP = 0.912541196506578
2025-06-19 00:45:58,789 - __main__ - INFO - ...Text to Image MAP = 0.9088195701460751
2025-06-19 00:45:58,790 - __main__ - INFO - ...Average MAP = 0.9106803833263265
2025-06-19 00:46:07,706 - __main__ - INFO - Noise ratio: 0.6
2025-06-19 00:46:07,707 - __main__ - INFO - Namespace(dataset='xmedia', seed=5, alpha=0.6, lamda=1, margin=0.9, lambd=5, barycenter_number=1, top_k=10, warm_up_epoch=0, MAX_EPOCH=100, batch_size=256, output_dim=512, lr=0.0001, noisy_ratio=0.6, noise_mode='sym', GPU=1, hard_weight=True, noisy_train=True, logging='xmedia_findMAP')
2025-06-19 00:52:43,178 - __main__ - INFO - ...Image to Text MAP = 0.914847864781356
2025-06-19 00:52:43,272 - __main__ - INFO - ...Text to Image MAP = 0.9177060750690117
2025-06-19 00:52:43,273 - __main__ - INFO - ...Average MAP = 0.9162769699251838
2025-06-19 00:52:50,825 - __main__ - INFO - Noise ratio: 0.8
2025-06-19 00:52:50,829 - __main__ - INFO - Namespace(dataset='xmedia', seed=5, alpha=0.6, lamda=1, margin=0.9, lambd=5, barycenter_number=1, top_k=10, warm_up_epoch=0, MAX_EPOCH=100, batch_size=256, output_dim=512, lr=0.0001, noisy_ratio=0.8, noise_mode='sym', GPU=1, hard_weight=True, noisy_train=True, logging='xmedia_findMAP')
2025-06-19 00:59:01,674 - __main__ - INFO - ...Image to Text MAP = 0.9075776421323563
2025-06-19 00:59:01,803 - __main__ - INFO - ...Text to Image MAP = 0.9157323430414185
2025-06-19 00:59:01,804 - __main__ - INFO - ...Average MAP = 0.9116549925868873
2025-06-19 00:59:08,854 - __main__ - INFO - Noise ratio: 0.2
2025-06-19 00:59:08,856 - __main__ - INFO - Namespace(dataset='xmedia', seed=5, alpha=0.7, lamda=1, margin=0.9, lambd=5, barycenter_number=1, top_k=10, warm_up_epoch=0, MAX_EPOCH=100, batch_size=256, output_dim=512, lr=0.0001, noisy_ratio=0.2, noise_mode='sym', GPU=1, hard_weight=True, noisy_train=True, logging='xmedia_findMAP')
2025-06-19 01:05:08,758 - __main__ - INFO - ...Image to Text MAP = 0.9204435668134578
2025-06-19 01:05:08,864 - __main__ - INFO - ...Text to Image MAP = 0.9238298486780148
2025-06-19 01:05:08,865 - __main__ - INFO - ...Average MAP = 0.9221367077457363
2025-06-19 01:05:15,861 - __main__ - INFO - Noise ratio: 0.4
2025-06-19 01:05:15,863 - __main__ - INFO - Namespace(dataset='xmedia', seed=5, alpha=0.7, lamda=1, margin=0.9, lambd=5, barycenter_number=1, top_k=10, warm_up_epoch=0, MAX_EPOCH=100, batch_size=256, output_dim=512, lr=0.0001, noisy_ratio=0.4, noise_mode='sym', GPU=1, hard_weight=True, noisy_train=True, logging='xmedia_findMAP')
2025-06-19 01:11:39,597 - __main__ - INFO - ...Image to Text MAP = 0.9147233264463791
2025-06-19 01:11:39,712 - __main__ - INFO - ...Text to Image MAP = 0.9105673417369173
2025-06-19 01:11:39,713 - __main__ - INFO - ...Average MAP = 0.9126453340916483
2025-06-19 01:11:47,179 - __main__ - INFO - Noise ratio: 0.6
2025-06-19 01:11:47,182 - __main__ - INFO - Namespace(dataset='xmedia', seed=5, alpha=0.7, lamda=1, margin=0.9, lambd=5, barycenter_number=1, top_k=10, warm_up_epoch=0, MAX_EPOCH=100, batch_size=256, output_dim=512, lr=0.0001, noisy_ratio=0.6, noise_mode='sym', GPU=1, hard_weight=True, noisy_train=True, logging='xmedia_findMAP')
2025-06-19 01:18:18,330 - __main__ - INFO - ...Image to Text MAP = 0.9188252487598388
2025-06-19 01:18:18,473 - __main__ - INFO - ...Text to Image MAP = 0.9216703309173827
2025-06-19 01:18:18,475 - __main__ - INFO - ...Average MAP = 0.9202477898386108
2025-06-19 01:18:26,394 - __main__ - INFO - Noise ratio: 0.8
2025-06-19 01:18:26,395 - __main__ - INFO - Namespace(dataset='xmedia', seed=5, alpha=0.7, lamda=1, margin=0.9, lambd=5, barycenter_number=1, top_k=10, warm_up_epoch=0, MAX_EPOCH=100, batch_size=256, output_dim=512, lr=0.0001, noisy_ratio=0.8, noise_mode='sym', GPU=1, hard_weight=True, noisy_train=True, logging='xmedia_findMAP')
2025-06-19 01:25:16,532 - __main__ - INFO - ...Image to Text MAP = 0.9144402102277661
2025-06-19 01:25:16,630 - __main__ - INFO - ...Text to Image MAP = 0.9202543906014116
2025-06-19 01:25:16,630 - __main__ - INFO - ...Average MAP = 0.9173473004145889
2025-06-19 01:25:23,598 - __main__ - INFO - Noise ratio: 0.2
2025-06-19 01:25:23,600 - __main__ - INFO - Namespace(dataset='xmedia', seed=5, alpha=0.8, lamda=1, margin=0.9, lambd=5, barycenter_number=1, top_k=10, warm_up_epoch=0, MAX_EPOCH=100, batch_size=256, output_dim=512, lr=0.0001, noisy_ratio=0.2, noise_mode='sym', GPU=1, hard_weight=True, noisy_train=True, logging='xmedia_findMAP')
2025-06-19 01:32:11,400 - __main__ - INFO - ...Image to Text MAP = 0.9158940649726927
2025-06-19 01:32:11,542 - __main__ - INFO - ...Text to Image MAP = 0.9154591999585575
2025-06-19 01:32:11,542 - __main__ - INFO - ...Average MAP = 0.9156766324656251
2025-06-19 01:32:18,852 - __main__ - INFO - Noise ratio: 0.4
2025-06-19 01:32:18,856 - __main__ - INFO - Namespace(dataset='xmedia', seed=5, alpha=0.8, lamda=1, margin=0.9, lambd=5, barycenter_number=1, top_k=10, warm_up_epoch=0, MAX_EPOCH=100, batch_size=256, output_dim=512, lr=0.0001, noisy_ratio=0.4, noise_mode='sym', GPU=1, hard_weight=True, noisy_train=True, logging='xmedia_findMAP')
2025-06-19 01:38:28,713 - __main__ - INFO - ...Image to Text MAP = 0.9093624719143338
2025-06-19 01:38:28,837 - __main__ - INFO - ...Text to Image MAP = 0.9110127567396458
2025-06-19 01:38:28,838 - __main__ - INFO - ...Average MAP = 0.9101876143269898
2025-06-19 01:38:37,107 - __main__ - INFO - Noise ratio: 0.6
2025-06-19 01:38:37,109 - __main__ - INFO - Namespace(dataset='xmedia', seed=5, alpha=0.8, lamda=1, margin=0.9, lambd=5, barycenter_number=1, top_k=10, warm_up_epoch=0, MAX_EPOCH=100, batch_size=256, output_dim=512, lr=0.0001, noisy_ratio=0.6, noise_mode='sym', GPU=1, hard_weight=True, noisy_train=True, logging='xmedia_findMAP')
2025-06-19 01:44:41,841 - __main__ - INFO - ...Image to Text MAP = 0.9188164827479123
2025-06-19 01:44:41,971 - __main__ - INFO - ...Text to Image MAP = 0.9182904783190465
2025-06-19 01:44:41,971 - __main__ - INFO - ...Average MAP = 0.9185534805334794
2025-06-19 01:44:49,835 - __main__ - INFO - Noise ratio: 0.8
2025-06-19 01:44:49,838 - __main__ - INFO - Namespace(dataset='xmedia', seed=5, alpha=0.8, lamda=1, margin=0.9, lambd=5, barycenter_number=1, top_k=10, warm_up_epoch=0, MAX_EPOCH=100, batch_size=256, output_dim=512, lr=0.0001, noisy_ratio=0.8, noise_mode='sym', GPU=1, hard_weight=True, noisy_train=True, logging='xmedia_findMAP')
2025-06-19 01:51:22,932 - __main__ - INFO - ...Image to Text MAP = 0.9095427638195548
2025-06-19 01:51:23,155 - __main__ - INFO - ...Text to Image MAP = 0.918817229308107
2025-06-19 01:51:23,156 - __main__ - INFO - ...Average MAP = 0.9141799965638309
2025-06-19 01:51:30,666 - __main__ - INFO - Noise ratio: 0.2
2025-06-19 01:51:30,667 - __main__ - INFO - Namespace(dataset='xmedia', seed=5, alpha=0.9, lamda=1, margin=0.9, lambd=5, barycenter_number=1, top_k=10, warm_up_epoch=0, MAX_EPOCH=100, batch_size=256, output_dim=512, lr=0.0001, noisy_ratio=0.2, noise_mode='sym', GPU=1, hard_weight=True, noisy_train=True, logging='xmedia_findMAP')
2025-06-19 01:57:58,078 - __main__ - INFO - ...Image to Text MAP = 0.9121274743997033
2025-06-19 01:57:58,247 - __main__ - INFO - ...Text to Image MAP = 0.9170851140317388
2025-06-19 01:57:58,248 - __main__ - INFO - ...Average MAP = 0.914606294215721
2025-06-19 01:58:04,961 - __main__ - INFO - Noise ratio: 0.4
2025-06-19 01:58:04,963 - __main__ - INFO - Namespace(dataset='xmedia', seed=5, alpha=0.9, lamda=1, margin=0.9, lambd=5, barycenter_number=1, top_k=10, warm_up_epoch=0, MAX_EPOCH=100, batch_size=256, output_dim=512, lr=0.0001, noisy_ratio=0.4, noise_mode='sym', GPU=1, hard_weight=True, noisy_train=True, logging='xmedia_findMAP')
2025-06-19 02:04:42,738 - __main__ - INFO - ...Image to Text MAP = 0.908646149129933
2025-06-19 02:04:42,979 - __main__ - INFO - ...Text to Image MAP = 0.9073833770759235
2025-06-19 02:04:42,980 - __main__ - INFO - ...Average MAP = 0.9080147631029283
2025-06-19 02:04:50,488 - __main__ - INFO - Noise ratio: 0.6
2025-06-19 02:04:50,491 - __main__ - INFO - Namespace(dataset='xmedia', seed=5, alpha=0.9, lamda=1, margin=0.9, lambd=5, barycenter_number=1, top_k=10, warm_up_epoch=0, MAX_EPOCH=100, batch_size=256, output_dim=512, lr=0.0001, noisy_ratio=0.6, noise_mode='sym', GPU=1, hard_weight=True, noisy_train=True, logging='xmedia_findMAP')
2025-06-19 02:11:03,556 - __main__ - INFO - ...Image to Text MAP = 0.9144816122478455
2025-06-19 02:11:03,677 - __main__ - INFO - ...Text to Image MAP = 0.9196833395068513
2025-06-19 02:11:03,678 - __main__ - INFO - ...Average MAP = 0.9170824758773484
2025-06-19 02:11:11,124 - __main__ - INFO - Noise ratio: 0.8
2025-06-19 02:11:11,125 - __main__ - INFO - Namespace(dataset='xmedia', seed=5, alpha=0.9, lamda=1, margin=0.9, lambd=5, barycenter_number=1, top_k=10, warm_up_epoch=0, MAX_EPOCH=100, batch_size=256, output_dim=512, lr=0.0001, noisy_ratio=0.8, noise_mode='sym', GPU=1, hard_weight=True, noisy_train=True, logging='xmedia_findMAP')
2025-06-19 02:17:37,131 - __main__ - INFO - ...Image to Text MAP = 0.9104595959153612
2025-06-19 02:17:37,280 - __main__ - INFO - ...Text to Image MAP = 0.9199690344150588
2025-06-19 02:17:37,280 - __main__ - INFO - ...Average MAP = 0.91521431516521
2025-06-19 02:17:45,305 - __main__ - INFO - Noise ratio: 0.2
2025-06-19 02:17:45,307 - __main__ - INFO - Namespace(dataset='xmedia', seed=5, alpha=1.0, lamda=1, margin=0.9, lambd=5, barycenter_number=1, top_k=10, warm_up_epoch=0, MAX_EPOCH=100, batch_size=256, output_dim=512, lr=0.0001, noisy_ratio=0.2, noise_mode='sym', GPU=1, hard_weight=True, noisy_train=True, logging='xmedia_findMAP')
2025-06-19 02:23:31,281 - __main__ - INFO - ...Image to Text MAP = 0.9129407969964197
2025-06-19 02:23:31,383 - __main__ - INFO - ...Text to Image MAP = 0.9162737339156592
2025-06-19 02:23:31,384 - __main__ - INFO - ...Average MAP = 0.9146072654560395
2025-06-19 02:23:38,131 - __main__ - INFO - Noise ratio: 0.4
2025-06-19 02:23:38,134 - __main__ - INFO - Namespace(dataset='xmedia', seed=5, alpha=1.0, lamda=1, margin=0.9, lambd=5, barycenter_number=1, top_k=10, warm_up_epoch=0, MAX_EPOCH=100, batch_size=256, output_dim=512, lr=0.0001, noisy_ratio=0.4, noise_mode='sym', GPU=1, hard_weight=True, noisy_train=True, logging='xmedia_findMAP')
2025-06-19 02:29:51,404 - __main__ - INFO - ...Image to Text MAP = 0.9174862144933363
2025-06-19 02:29:51,530 - __main__ - INFO - ...Text to Image MAP = 0.9156583069644464
2025-06-19 02:29:51,531 - __main__ - INFO - ...Average MAP = 0.9165722607288913
2025-06-19 02:29:58,559 - __main__ - INFO - Noise ratio: 0.6
2025-06-19 02:29:58,561 - __main__ - INFO - Namespace(dataset='xmedia', seed=5, alpha=1.0, lamda=1, margin=0.9, lambd=5, barycenter_number=1, top_k=10, warm_up_epoch=0, MAX_EPOCH=100, batch_size=256, output_dim=512, lr=0.0001, noisy_ratio=0.6, noise_mode='sym', GPU=1, hard_weight=True, noisy_train=True, logging='xmedia_findMAP')
2025-06-19 02:36:13,062 - __main__ - INFO - ...Image to Text MAP = 0.9148182724794219
2025-06-19 02:36:13,183 - __main__ - INFO - ...Text to Image MAP = 0.92240476524823
2025-06-19 02:36:13,184 - __main__ - INFO - ...Average MAP = 0.918611518863826
2025-06-19 02:36:20,710 - __main__ - INFO - Noise ratio: 0.8
2025-06-19 02:36:20,712 - __main__ - INFO - Namespace(dataset='xmedia', seed=5, alpha=1.0, lamda=1, margin=0.9, lambd=5, barycenter_number=1, top_k=10, warm_up_epoch=0, MAX_EPOCH=100, batch_size=256, output_dim=512, lr=0.0001, noisy_ratio=0.8, noise_mode='sym', GPU=1, hard_weight=True, noisy_train=True, logging='xmedia_findMAP')
2025-06-19 02:42:36,630 - __main__ - INFO - ...Image to Text MAP = 0.9060003449916093
2025-06-19 02:42:36,752 - __main__ - INFO - ...Text to Image MAP = 0.915966195898803
2025-06-19 02:42:36,753 - __main__ - INFO - ...Average MAP = 0.9109832704452061
2025-06-19 02:42:43,813 - __main__ - INFO - Noise ratio: 0.2
2025-06-19 02:42:43,815 - __main__ - INFO - Namespace(dataset='xmedia', seed=6, alpha=0.1, lamda=1, margin=0.9, lambd=5, barycenter_number=1, top_k=10, warm_up_epoch=0, MAX_EPOCH=100, batch_size=256, output_dim=512, lr=0.0001, noisy_ratio=0.2, noise_mode='sym', GPU=1, hard_weight=True, noisy_train=True, logging='xmedia_findMAP')
2025-06-19 02:49:01,193 - __main__ - INFO - ...Image to Text MAP = 0.9160631947756662
2025-06-19 02:49:01,304 - __main__ - INFO - ...Text to Image MAP = 0.9110315064506135
2025-06-19 02:49:01,305 - __main__ - INFO - ...Average MAP = 0.9135473506131399
2025-06-19 02:49:07,956 - __main__ - INFO - Noise ratio: 0.4
2025-06-19 02:49:07,958 - __main__ - INFO - Namespace(dataset='xmedia', seed=6, alpha=0.1, lamda=1, margin=0.9, lambd=5, barycenter_number=1, top_k=10, warm_up_epoch=0, MAX_EPOCH=100, batch_size=256, output_dim=512, lr=0.0001, noisy_ratio=0.4, noise_mode='sym', GPU=1, hard_weight=True, noisy_train=True, logging='xmedia_findMAP')
2025-06-19 02:55:21,443 - __main__ - INFO - ...Image to Text MAP = 0.8952190508685933
2025-06-19 02:55:21,572 - __main__ - INFO - ...Text to Image MAP = 0.8860402034629462
2025-06-19 02:55:21,573 - __main__ - INFO - ...Average MAP = 0.8906296271657698
2025-06-19 02:55:28,446 - __main__ - INFO - Noise ratio: 0.6
2025-06-19 02:55:28,447 - __main__ - INFO - Namespace(dataset='xmedia', seed=6, alpha=0.1, lamda=1, margin=0.9, lambd=5, barycenter_number=1, top_k=10, warm_up_epoch=0, MAX_EPOCH=100, batch_size=256, output_dim=512, lr=0.0001, noisy_ratio=0.6, noise_mode='sym', GPU=1, hard_weight=True, noisy_train=True, logging='xmedia_findMAP')
2025-06-19 03:01:15,952 - __main__ - INFO - ...Image to Text MAP = 0.8642445634826603
2025-06-19 03:01:16,059 - __main__ - INFO - ...Text to Image MAP = 0.861739538711367
2025-06-19 03:01:16,059 - __main__ - INFO - ...Average MAP = 0.8629920510970137
2025-06-19 03:01:22,819 - __main__ - INFO - Noise ratio: 0.8
2025-06-19 03:01:22,820 - __main__ - INFO - Namespace(dataset='xmedia', seed=6, alpha=0.1, lamda=1, margin=0.9, lambd=5, barycenter_number=1, top_k=10, warm_up_epoch=0, MAX_EPOCH=100, batch_size=256, output_dim=512, lr=0.0001, noisy_ratio=0.8, noise_mode='sym', GPU=1, hard_weight=True, noisy_train=True, logging='xmedia_findMAP')
2025-06-19 03:08:13,843 - __main__ - INFO - ...Image to Text MAP = 0.6733895114523597
2025-06-19 03:08:13,947 - __main__ - INFO - ...Text to Image MAP = 0.7072036856216392
2025-06-19 03:08:13,947 - __main__ - INFO - ...Average MAP = 0.6902965985369994
2025-06-19 03:08:20,781 - __main__ - INFO - Noise ratio: 0.2
2025-06-19 03:08:20,783 - __main__ - INFO - Namespace(dataset='xmedia', seed=6, alpha=0.2, lamda=1, margin=0.9, lambd=5, barycenter_number=1, top_k=10, warm_up_epoch=0, MAX_EPOCH=100, batch_size=256, output_dim=512, lr=0.0001, noisy_ratio=0.2, noise_mode='sym', GPU=1, hard_weight=True, noisy_train=True, logging='xmedia_findMAP')
2025-06-19 03:15:04,564 - __main__ - INFO - ...Image to Text MAP = 0.9174321048154886
2025-06-19 03:15:04,689 - __main__ - INFO - ...Text to Image MAP = 0.9149324426793692
2025-06-19 03:15:04,690 - __main__ - INFO - ...Average MAP = 0.916182273747429
2025-06-19 03:15:11,992 - __main__ - INFO - Noise ratio: 0.4
2025-06-19 03:15:11,994 - __main__ - INFO - Namespace(dataset='xmedia', seed=6, alpha=0.2, lamda=1, margin=0.9, lambd=5, barycenter_number=1, top_k=10, warm_up_epoch=0, MAX_EPOCH=100, batch_size=256, output_dim=512, lr=0.0001, noisy_ratio=0.4, noise_mode='sym', GPU=1, hard_weight=True, noisy_train=True, logging='xmedia_findMAP')
2025-06-19 03:21:23,298 - __main__ - INFO - ...Image to Text MAP = 0.9125796231302687
2025-06-19 03:21:23,421 - __main__ - INFO - ...Text to Image MAP = 0.9057042825857002
2025-06-19 03:21:23,423 - __main__ - INFO - ...Average MAP = 0.9091419528579845
2025-06-19 03:21:30,916 - __main__ - INFO - Noise ratio: 0.6
2025-06-19 03:21:30,919 - __main__ - INFO - Namespace(dataset='xmedia', seed=6, alpha=0.2, lamda=1, margin=0.9, lambd=5, barycenter_number=1, top_k=10, warm_up_epoch=0, MAX_EPOCH=100, batch_size=256, output_dim=512, lr=0.0001, noisy_ratio=0.6, noise_mode='sym', GPU=1, hard_weight=True, noisy_train=True, logging='xmedia_findMAP')
2025-06-19 03:27:51,510 - __main__ - INFO - ...Image to Text MAP = 0.8954310619266007
2025-06-19 03:27:51,811 - __main__ - INFO - ...Text to Image MAP = 0.8977110030762006
2025-06-19 03:27:51,812 - __main__ - INFO - ...Average MAP = 0.8965710325014007
2025-06-19 03:27:59,070 - __main__ - INFO - Noise ratio: 0.8
2025-06-19 03:27:59,072 - __main__ - INFO - Namespace(dataset='xmedia', seed=6, alpha=0.2, lamda=1, margin=0.9, lambd=5, barycenter_number=1, top_k=10, warm_up_epoch=0, MAX_EPOCH=100, batch_size=256, output_dim=512, lr=0.0001, noisy_ratio=0.8, noise_mode='sym', GPU=1, hard_weight=True, noisy_train=True, logging='xmedia_findMAP')
2025-06-19 03:34:43,087 - __main__ - INFO - ...Image to Text MAP = 0.8860028156710221
2025-06-19 03:34:43,241 - __main__ - INFO - ...Text to Image MAP = 0.8901015729790516
2025-06-19 03:34:43,241 - __main__ - INFO - ...Average MAP = 0.8880521943250368
2025-06-19 03:34:50,375 - __main__ - INFO - Noise ratio: 0.2
2025-06-19 03:34:50,376 - __main__ - INFO - Namespace(dataset='xmedia', seed=6, alpha=0.3, lamda=1, margin=0.9, lambd=5, barycenter_number=1, top_k=10, warm_up_epoch=0, MAX_EPOCH=100, batch_size=256, output_dim=512, lr=0.0001, noisy_ratio=0.2, noise_mode='sym', GPU=1, hard_weight=True, noisy_train=True, logging='xmedia_findMAP')
2025-06-19 03:41:02,910 - __main__ - INFO - ...Image to Text MAP = 0.9209669755665701
2025-06-19 03:41:03,043 - __main__ - INFO - ...Text to Image MAP = 0.9147030836777369
2025-06-19 03:41:03,044 - __main__ - INFO - ...Average MAP = 0.9178350296221536
2025-06-19 03:41:09,762 - __main__ - INFO - Noise ratio: 0.4
2025-06-19 03:41:09,763 - __main__ - INFO - Namespace(dataset='xmedia', seed=6, alpha=0.3, lamda=1, margin=0.9, lambd=5, barycenter_number=1, top_k=10, warm_up_epoch=0, MAX_EPOCH=100, batch_size=256, output_dim=512, lr=0.0001, noisy_ratio=0.4, noise_mode='sym', GPU=1, hard_weight=True, noisy_train=True, logging='xmedia_findMAP')
2025-06-19 03:47:49,213 - __main__ - INFO - ...Image to Text MAP = 0.9055762711844316
2025-06-19 03:47:49,341 - __main__ - INFO - ...Text to Image MAP = 0.8976152047078728
2025-06-19 03:47:49,342 - __main__ - INFO - ...Average MAP = 0.9015957379461522
2025-06-19 03:47:56,479 - __main__ - INFO - Noise ratio: 0.6
2025-06-19 03:47:56,481 - __main__ - INFO - Namespace(dataset='xmedia', seed=6, alpha=0.3, lamda=1, margin=0.9, lambd=5, barycenter_number=1, top_k=10, warm_up_epoch=0, MAX_EPOCH=100, batch_size=256, output_dim=512, lr=0.0001, noisy_ratio=0.6, noise_mode='sym', GPU=1, hard_weight=True, noisy_train=True, logging='xmedia_findMAP')
2025-06-19 03:54:18,398 - __main__ - INFO - ...Image to Text MAP = 0.9079529911144275
2025-06-19 03:54:18,526 - __main__ - INFO - ...Text to Image MAP = 0.9035644018971976
2025-06-19 03:54:18,527 - __main__ - INFO - ...Average MAP = 0.9057586965058125
2025-06-19 03:54:26,289 - __main__ - INFO - Noise ratio: 0.8
2025-06-19 03:54:26,290 - __main__ - INFO - Namespace(dataset='xmedia', seed=6, alpha=0.3, lamda=1, margin=0.9, lambd=5, barycenter_number=1, top_k=10, warm_up_epoch=0, MAX_EPOCH=100, batch_size=256, output_dim=512, lr=0.0001, noisy_ratio=0.8, noise_mode='sym', GPU=1, hard_weight=True, noisy_train=True, logging='xmedia_findMAP')
2025-06-19 04:01:17,994 - __main__ - INFO - ...Image to Text MAP = 0.9109562015632291
2025-06-19 04:01:18,123 - __main__ - INFO - ...Text to Image MAP = 0.9106011220398685
2025-06-19 04:01:18,124 - __main__ - INFO - ...Average MAP = 0.9107786618015488
2025-06-19 04:01:25,606 - __main__ - INFO - Noise ratio: 0.2
2025-06-19 04:01:25,608 - __main__ - INFO - Namespace(dataset='xmedia', seed=6, alpha=0.4, lamda=1, margin=0.9, lambd=5, barycenter_number=1, top_k=10, warm_up_epoch=0, MAX_EPOCH=100, batch_size=256, output_dim=512, lr=0.0001, noisy_ratio=0.2, noise_mode='sym', GPU=1, hard_weight=True, noisy_train=True, logging='xmedia_findMAP')
2025-06-19 04:07:55,583 - __main__ - INFO - ...Image to Text MAP = 0.9184391607173091
2025-06-19 04:07:55,684 - __main__ - INFO - ...Text to Image MAP = 0.9120658160328475
2025-06-19 04:07:55,685 - __main__ - INFO - ...Average MAP = 0.9152524883750783
2025-06-19 04:08:02,659 - __main__ - INFO - Noise ratio: 0.4
2025-06-19 04:08:02,661 - __main__ - INFO - Namespace(dataset='xmedia', seed=6, alpha=0.4, lamda=1, margin=0.9, lambd=5, barycenter_number=1, top_k=10, warm_up_epoch=0, MAX_EPOCH=100, batch_size=256, output_dim=512, lr=0.0001, noisy_ratio=0.4, noise_mode='sym', GPU=1, hard_weight=True, noisy_train=True, logging='xmedia_findMAP')
2025-06-19 04:14:28,349 - __main__ - INFO - ...Image to Text MAP = 0.9191528822083012
2025-06-19 04:14:28,455 - __main__ - INFO - ...Text to Image MAP = 0.9169821250563518
2025-06-19 04:14:28,455 - __main__ - INFO - ...Average MAP = 0.9180675036323265
2025-06-19 04:14:36,253 - __main__ - INFO - Noise ratio: 0.6
2025-06-19 04:14:36,254 - __main__ - INFO - Namespace(dataset='xmedia', seed=6, alpha=0.4, lamda=1, margin=0.9, lambd=5, barycenter_number=1, top_k=10, warm_up_epoch=0, MAX_EPOCH=100, batch_size=256, output_dim=512, lr=0.0001, noisy_ratio=0.6, noise_mode='sym', GPU=1, hard_weight=True, noisy_train=True, logging='xmedia_findMAP')
2025-06-19 04:21:13,830 - __main__ - INFO - ...Image to Text MAP = 0.9133367108823159
2025-06-19 04:21:13,997 - __main__ - INFO - ...Text to Image MAP = 0.9160942848183725
2025-06-19 04:21:13,998 - __main__ - INFO - ...Average MAP = 0.9147154978503442
2025-06-19 04:21:22,649 - __main__ - INFO - Noise ratio: 0.8
2025-06-19 04:21:22,651 - __main__ - INFO - Namespace(dataset='xmedia', seed=6, alpha=0.4, lamda=1, margin=0.9, lambd=5, barycenter_number=1, top_k=10, warm_up_epoch=0, MAX_EPOCH=100, batch_size=256, output_dim=512, lr=0.0001, noisy_ratio=0.8, noise_mode='sym', GPU=1, hard_weight=True, noisy_train=True, logging='xmedia_findMAP')
2025-06-19 04:27:43,677 - __main__ - INFO - ...Image to Text MAP = 0.9124265643661036
2025-06-19 04:27:43,836 - __main__ - INFO - ...Text to Image MAP = 0.9150839267315558
2025-06-19 04:27:43,837 - __main__ - INFO - ...Average MAP = 0.9137552455488297
2025-06-19 04:27:51,404 - __main__ - INFO - Noise ratio: 0.2
2025-06-19 04:27:51,405 - __main__ - INFO - Namespace(dataset='xmedia', seed=6, alpha=0.5, lamda=1, margin=0.9, lambd=5, barycenter_number=1, top_k=10, warm_up_epoch=0, MAX_EPOCH=100, batch_size=256, output_dim=512, lr=0.0001, noisy_ratio=0.2, noise_mode='sym', GPU=1, hard_weight=True, noisy_train=True, logging='xmedia_findMAP')
2025-06-19 04:34:08,417 - __main__ - INFO - ...Image to Text MAP = 0.9233901693954417
2025-06-19 04:34:08,545 - __main__ - INFO - ...Text to Image MAP = 0.9205324538978431
2025-06-19 04:34:08,546 - __main__ - INFO - ...Average MAP = 0.9219613116466424
2025-06-19 04:34:16,108 - __main__ - INFO - Noise ratio: 0.4
2025-06-19 04:34:16,112 - __main__ - INFO - Namespace(dataset='xmedia', seed=6, alpha=0.5, lamda=1, margin=0.9, lambd=5, barycenter_number=1, top_k=10, warm_up_epoch=0, MAX_EPOCH=100, batch_size=256, output_dim=512, lr=0.0001, noisy_ratio=0.4, noise_mode='sym', GPU=1, hard_weight=True, noisy_train=True, logging='xmedia_findMAP')
2025-06-19 04:40:55,687 - __main__ - INFO - ...Image to Text MAP = 0.9190548153277454
2025-06-19 04:40:55,818 - __main__ - INFO - ...Text to Image MAP = 0.9129158792093919
2025-06-19 04:40:55,820 - __main__ - INFO - ...Average MAP = 0.9159853472685686
2025-06-19 04:41:04,127 - __main__ - INFO - Noise ratio: 0.6
2025-06-19 04:41:04,128 - __main__ - INFO - Namespace(dataset='xmedia', seed=6, alpha=0.5, lamda=1, margin=0.9, lambd=5, barycenter_number=1, top_k=10, warm_up_epoch=0, MAX_EPOCH=100, batch_size=256, output_dim=512, lr=0.0001, noisy_ratio=0.6, noise_mode='sym', GPU=1, hard_weight=True, noisy_train=True, logging='xmedia_findMAP')
2025-06-19 04:47:16,953 - __main__ - INFO - ...Image to Text MAP = 0.9165085013884441
2025-06-19 04:47:17,084 - __main__ - INFO - ...Text to Image MAP = 0.9157003078314726
2025-06-19 04:47:17,085 - __main__ - INFO - ...Average MAP = 0.9161044046099583
2025-06-19 04:47:24,493 - __main__ - INFO - Noise ratio: 0.8
2025-06-19 04:47:24,494 - __main__ - INFO - Namespace(dataset='xmedia', seed=6, alpha=0.5, lamda=1, margin=0.9, lambd=5, barycenter_number=1, top_k=10, warm_up_epoch=0, MAX_EPOCH=100, batch_size=256, output_dim=512, lr=0.0001, noisy_ratio=0.8, noise_mode='sym', GPU=1, hard_weight=True, noisy_train=True, logging='xmedia_findMAP')
2025-06-19 04:54:08,470 - __main__ - INFO - ...Image to Text MAP = 0.9053431135113201
2025-06-19 04:54:08,592 - __main__ - INFO - ...Text to Image MAP = 0.9137688969763089
2025-06-19 04:54:08,593 - __main__ - INFO - ...Average MAP = 0.9095560052438145
2025-06-19 04:54:16,595 - __main__ - INFO - Noise ratio: 0.2
2025-06-19 04:54:16,596 - __main__ - INFO - Namespace(dataset='xmedia', seed=6, alpha=0.6, lamda=1, margin=0.9, lambd=5, barycenter_number=1, top_k=10, warm_up_epoch=0, MAX_EPOCH=100, batch_size=256, output_dim=512, lr=0.0001, noisy_ratio=0.2, noise_mode='sym', GPU=1, hard_weight=True, noisy_train=True, logging='xmedia_findMAP')
2025-06-19 05:00:25,558 - __main__ - INFO - ...Image to Text MAP = 0.9206885706449491
2025-06-19 05:00:25,661 - __main__ - INFO - ...Text to Image MAP = 0.9152011261857192
2025-06-19 05:00:25,661 - __main__ - INFO - ...Average MAP = 0.9179448484153342
2025-06-19 05:00:31,949 - __main__ - INFO - Noise ratio: 0.4
2025-06-19 05:00:31,951 - __main__ - INFO - Namespace(dataset='xmedia', seed=6, alpha=0.6, lamda=1, margin=0.9, lambd=5, barycenter_number=1, top_k=10, warm_up_epoch=0, MAX_EPOCH=100, batch_size=256, output_dim=512, lr=0.0001, noisy_ratio=0.4, noise_mode='sym', GPU=1, hard_weight=True, noisy_train=True, logging='xmedia_findMAP')
2025-06-19 05:07:03,455 - __main__ - INFO - ...Image to Text MAP = 0.913739298521153
2025-06-19 05:07:03,571 - __main__ - INFO - ...Text to Image MAP = 0.9084759102204373
2025-06-19 05:07:03,571 - __main__ - INFO - ...Average MAP = 0.9111076043707951
2025-06-19 05:07:11,049 - __main__ - INFO - Noise ratio: 0.6
2025-06-19 05:07:11,051 - __main__ - INFO - Namespace(dataset='xmedia', seed=6, alpha=0.6, lamda=1, margin=0.9, lambd=5, barycenter_number=1, top_k=10, warm_up_epoch=0, MAX_EPOCH=100, batch_size=256, output_dim=512, lr=0.0001, noisy_ratio=0.6, noise_mode='sym', GPU=1, hard_weight=True, noisy_train=True, logging='xmedia_findMAP')
2025-06-19 05:13:32,277 - __main__ - INFO - ...Image to Text MAP = 0.914056188315283
2025-06-19 05:13:32,395 - __main__ - INFO - ...Text to Image MAP = 0.9188086684476597
2025-06-19 05:13:32,396 - __main__ - INFO - ...Average MAP = 0.9164324283814713
2025-06-19 05:13:39,675 - __main__ - INFO - Noise ratio: 0.8
2025-06-19 05:13:39,677 - __main__ - INFO - Namespace(dataset='xmedia', seed=6, alpha=0.6, lamda=1, margin=0.9, lambd=5, barycenter_number=1, top_k=10, warm_up_epoch=0, MAX_EPOCH=100, batch_size=256, output_dim=512, lr=0.0001, noisy_ratio=0.8, noise_mode='sym', GPU=1, hard_weight=True, noisy_train=True, logging='xmedia_findMAP')
2025-06-19 05:20:16,838 - __main__ - INFO - ...Image to Text MAP = 0.9110325845072951
2025-06-19 05:20:16,974 - __main__ - INFO - ...Text to Image MAP = 0.9142827371606217
2025-06-19 05:20:16,975 - __main__ - INFO - ...Average MAP = 0.9126576608339584
2025-06-19 05:20:24,428 - __main__ - INFO - Noise ratio: 0.2
2025-06-19 05:20:24,430 - __main__ - INFO - Namespace(dataset='xmedia', seed=6, alpha=0.7, lamda=1, margin=0.9, lambd=5, barycenter_number=1, top_k=10, warm_up_epoch=0, MAX_EPOCH=100, batch_size=256, output_dim=512, lr=0.0001, noisy_ratio=0.2, noise_mode='sym', GPU=1, hard_weight=True, noisy_train=True, logging='xmedia_findMAP')
2025-06-19 05:26:22,350 - __main__ - INFO - ...Image to Text MAP = 0.9164931203987036
2025-06-19 05:26:22,476 - __main__ - INFO - ...Text to Image MAP = 0.9136629443912184
2025-06-19 05:26:22,477 - __main__ - INFO - ...Average MAP = 0.915078032394961
2025-06-19 05:26:29,336 - __main__ - INFO - Noise ratio: 0.4
2025-06-19 05:26:29,337 - __main__ - INFO - Namespace(dataset='xmedia', seed=6, alpha=0.7, lamda=1, margin=0.9, lambd=5, barycenter_number=1, top_k=10, warm_up_epoch=0, MAX_EPOCH=100, batch_size=256, output_dim=512, lr=0.0001, noisy_ratio=0.4, noise_mode='sym', GPU=1, hard_weight=True, noisy_train=True, logging='xmedia_findMAP')
2025-06-19 05:33:04,478 - __main__ - INFO - ...Image to Text MAP = 0.9096037908867488
2025-06-19 05:33:04,623 - __main__ - INFO - ...Text to Image MAP = 0.9026353210855939
2025-06-19 05:33:04,623 - __main__ - INFO - ...Average MAP = 0.9061195559861713
2025-06-19 05:33:11,865 - __main__ - INFO - Noise ratio: 0.6
2025-06-19 05:33:11,865 - __main__ - INFO - Namespace(dataset='xmedia', seed=6, alpha=0.7, lamda=1, margin=0.9, lambd=5, barycenter_number=1, top_k=10, warm_up_epoch=0, MAX_EPOCH=100, batch_size=256, output_dim=512, lr=0.0001, noisy_ratio=0.6, noise_mode='sym', GPU=1, hard_weight=True, noisy_train=True, logging='xmedia_findMAP')
2025-06-19 05:39:45,638 - __main__ - INFO - ...Image to Text MAP = 0.9163840169161933
2025-06-19 05:39:45,778 - __main__ - INFO - ...Text to Image MAP = 0.9177814685287835
2025-06-19 05:39:45,778 - __main__ - INFO - ...Average MAP = 0.9170827427224884
2025-06-19 05:39:53,343 - __main__ - INFO - Noise ratio: 0.8
2025-06-19 05:39:53,345 - __main__ - INFO - Namespace(dataset='xmedia', seed=6, alpha=0.7, lamda=1, margin=0.9, lambd=5, barycenter_number=1, top_k=10, warm_up_epoch=0, MAX_EPOCH=100, batch_size=256, output_dim=512, lr=0.0001, noisy_ratio=0.8, noise_mode='sym', GPU=1, hard_weight=True, noisy_train=True, logging='xmedia_findMAP')
2025-06-19 05:46:29,746 - __main__ - INFO - ...Image to Text MAP = 0.9110381670365115
2025-06-19 05:46:29,927 - __main__ - INFO - ...Text to Image MAP = 0.9150163153571373
2025-06-19 05:46:29,928 - __main__ - INFO - ...Average MAP = 0.9130272411968244
2025-06-19 05:46:37,894 - __main__ - INFO - Noise ratio: 0.2
2025-06-19 05:46:37,895 - __main__ - INFO - Namespace(dataset='xmedia', seed=6, alpha=0.8, lamda=1, margin=0.9, lambd=5, barycenter_number=1, top_k=10, warm_up_epoch=0, MAX_EPOCH=100, batch_size=256, output_dim=512, lr=0.0001, noisy_ratio=0.2, noise_mode='sym', GPU=1, hard_weight=True, noisy_train=True, logging='xmedia_findMAP')
2025-06-19 05:52:56,655 - __main__ - INFO - ...Image to Text MAP = 0.9172247341974976
2025-06-19 05:52:56,886 - __main__ - INFO - ...Text to Image MAP = 0.9158313537824558
2025-06-19 05:52:56,887 - __main__ - INFO - ...Average MAP = 0.9165280439899768
2025-06-19 05:53:04,766 - __main__ - INFO - Noise ratio: 0.4
2025-06-19 05:53:04,768 - __main__ - INFO - Namespace(dataset='xmedia', seed=6, alpha=0.8, lamda=1, margin=0.9, lambd=5, barycenter_number=1, top_k=10, warm_up_epoch=0, MAX_EPOCH=100, batch_size=256, output_dim=512, lr=0.0001, noisy_ratio=0.4, noise_mode='sym', GPU=1, hard_weight=True, noisy_train=True, logging='xmedia_findMAP')
2025-06-19 05:59:15,846 - __main__ - INFO - ...Image to Text MAP = 0.9103905390409578
2025-06-19 05:59:16,226 - __main__ - INFO - ...Text to Image MAP = 0.9011074846938186
2025-06-19 05:59:16,226 - __main__ - INFO - ...Average MAP = 0.9057490118673882
2025-06-19 05:59:23,552 - __main__ - INFO - Noise ratio: 0.6
2025-06-19 05:59:23,555 - __main__ - INFO - Namespace(dataset='xmedia', seed=6, alpha=0.8, lamda=1, margin=0.9, lambd=5, barycenter_number=1, top_k=10, warm_up_epoch=0, MAX_EPOCH=100, batch_size=256, output_dim=512, lr=0.0001, noisy_ratio=0.6, noise_mode='sym', GPU=1, hard_weight=True, noisy_train=True, logging='xmedia_findMAP')
2025-06-19 06:05:43,666 - __main__ - INFO - ...Image to Text MAP = 0.911995586554993
2025-06-19 06:05:43,770 - __main__ - INFO - ...Text to Image MAP = 0.9153897378335633
2025-06-19 06:05:43,770 - __main__ - INFO - ...Average MAP = 0.9136926621942781
2025-06-19 06:05:51,621 - __main__ - INFO - Noise ratio: 0.8
2025-06-19 06:05:51,622 - __main__ - INFO - Namespace(dataset='xmedia', seed=6, alpha=0.8, lamda=1, margin=0.9, lambd=5, barycenter_number=1, top_k=10, warm_up_epoch=0, MAX_EPOCH=100, batch_size=256, output_dim=512, lr=0.0001, noisy_ratio=0.8, noise_mode='sym', GPU=1, hard_weight=True, noisy_train=True, logging='xmedia_findMAP')
2025-06-19 06:12:42,895 - __main__ - INFO - ...Image to Text MAP = 0.9070703415728808
2025-06-19 06:12:43,099 - __main__ - INFO - ...Text to Image MAP = 0.9152569965937597
2025-06-19 06:12:43,100 - __main__ - INFO - ...Average MAP = 0.9111636690833202
2025-06-19 06:12:50,167 - __main__ - INFO - Noise ratio: 0.2
2025-06-19 06:12:50,169 - __main__ - INFO - Namespace(dataset='xmedia', seed=6, alpha=0.9, lamda=1, margin=0.9, lambd=5, barycenter_number=1, top_k=10, warm_up_epoch=0, MAX_EPOCH=100, batch_size=256, output_dim=512, lr=0.0001, noisy_ratio=0.2, noise_mode='sym', GPU=1, hard_weight=True, noisy_train=True, logging='xmedia_findMAP')
2025-06-19 06:19:12,202 - __main__ - INFO - ...Image to Text MAP = 0.9166271245637402
2025-06-19 06:19:12,369 - __main__ - INFO - ...Text to Image MAP = 0.9092053944253302
2025-06-19 06:19:12,369 - __main__ - INFO - ...Average MAP = 0.9129162594945353
2025-06-19 06:19:21,444 - __main__ - INFO - Noise ratio: 0.4
2025-06-19 06:19:21,446 - __main__ - INFO - Namespace(dataset='xmedia', seed=6, alpha=0.9, lamda=1, margin=0.9, lambd=5, barycenter_number=1, top_k=10, warm_up_epoch=0, MAX_EPOCH=100, batch_size=256, output_dim=512, lr=0.0001, noisy_ratio=0.4, noise_mode='sym', GPU=1, hard_weight=True, noisy_train=True, logging='xmedia_findMAP')
2025-06-19 06:26:01,176 - __main__ - INFO - ...Image to Text MAP = 0.9212351581661
2025-06-19 06:26:01,273 - __main__ - INFO - ...Text to Image MAP = 0.9133459813430431
2025-06-19 06:26:01,273 - __main__ - INFO - ...Average MAP = 0.9172905697545716
2025-06-19 06:26:07,847 - __main__ - INFO - Noise ratio: 0.6
2025-06-19 06:26:07,848 - __main__ - INFO - Namespace(dataset='xmedia', seed=6, alpha=0.9, lamda=1, margin=0.9, lambd=5, barycenter_number=1, top_k=10, warm_up_epoch=0, MAX_EPOCH=100, batch_size=256, output_dim=512, lr=0.0001, noisy_ratio=0.6, noise_mode='sym', GPU=1, hard_weight=True, noisy_train=True, logging='xmedia_findMAP')
2025-06-19 06:32:51,664 - __main__ - INFO - ...Image to Text MAP = 0.9163567458980623
2025-06-19 06:32:51,825 - __main__ - INFO - ...Text to Image MAP = 0.9174006205287564
2025-06-19 06:32:51,825 - __main__ - INFO - ...Average MAP = 0.9168786832134093
2025-06-19 06:32:59,336 - __main__ - INFO - Noise ratio: 0.8
2025-06-19 06:32:59,338 - __main__ - INFO - Namespace(dataset='xmedia', seed=6, alpha=0.9, lamda=1, margin=0.9, lambd=5, barycenter_number=1, top_k=10, warm_up_epoch=0, MAX_EPOCH=100, batch_size=256, output_dim=512, lr=0.0001, noisy_ratio=0.8, noise_mode='sym', GPU=1, hard_weight=True, noisy_train=True, logging='xmedia_findMAP')
2025-06-19 06:39:22,208 - __main__ - INFO - ...Image to Text MAP = 0.9089783519010572
2025-06-19 06:39:22,315 - __main__ - INFO - ...Text to Image MAP = 0.9148294418266061
2025-06-19 06:39:22,316 - __main__ - INFO - ...Average MAP = 0.9119038968638317
2025-06-19 06:39:29,145 - __main__ - INFO - Noise ratio: 0.2
2025-06-19 06:39:29,146 - __main__ - INFO - Namespace(dataset='xmedia', seed=6, alpha=1.0, lamda=1, margin=0.9, lambd=5, barycenter_number=1, top_k=10, warm_up_epoch=0, MAX_EPOCH=100, batch_size=256, output_dim=512, lr=0.0001, noisy_ratio=0.2, noise_mode='sym', GPU=1, hard_weight=True, noisy_train=True, logging='xmedia_findMAP')
2025-06-19 06:45:36,806 - __main__ - INFO - ...Image to Text MAP = 0.9198526206682329
2025-06-19 06:45:36,935 - __main__ - INFO - ...Text to Image MAP = 0.9156333322186038
2025-06-19 06:45:36,936 - __main__ - INFO - ...Average MAP = 0.9177429764434184
2025-06-19 06:45:43,745 - __main__ - INFO - Noise ratio: 0.4
2025-06-19 06:45:43,747 - __main__ - INFO - Namespace(dataset='xmedia', seed=6, alpha=1.0, lamda=1, margin=0.9, lambd=5, barycenter_number=1, top_k=10, warm_up_epoch=0, MAX_EPOCH=100, batch_size=256, output_dim=512, lr=0.0001, noisy_ratio=0.4, noise_mode='sym', GPU=1, hard_weight=True, noisy_train=True, logging='xmedia_findMAP')
2025-06-19 06:51:55,654 - __main__ - INFO - ...Image to Text MAP = 0.9173269500847464
2025-06-19 06:51:55,806 - __main__ - INFO - ...Text to Image MAP = 0.9146120453586216
2025-06-19 06:51:55,807 - __main__ - INFO - ...Average MAP = 0.915969497721684
2025-06-19 06:52:03,900 - __main__ - INFO - Noise ratio: 0.6
2025-06-19 06:52:03,901 - __main__ - INFO - Namespace(dataset='xmedia', seed=6, alpha=1.0, lamda=1, margin=0.9, lambd=5, barycenter_number=1, top_k=10, warm_up_epoch=0, MAX_EPOCH=100, batch_size=256, output_dim=512, lr=0.0001, noisy_ratio=0.6, noise_mode='sym', GPU=1, hard_weight=True, noisy_train=True, logging='xmedia_findMAP')
2025-06-19 06:58:42,315 - __main__ - INFO - ...Image to Text MAP = 0.915283154543764
2025-06-19 06:58:42,480 - __main__ - INFO - ...Text to Image MAP = 0.9212503754207598
2025-06-19 06:58:42,480 - __main__ - INFO - ...Average MAP = 0.9182667649822619
2025-06-19 06:58:50,371 - __main__ - INFO - Noise ratio: 0.8
2025-06-19 06:58:50,372 - __main__ - INFO - Namespace(dataset='xmedia', seed=6, alpha=1.0, lamda=1, margin=0.9, lambd=5, barycenter_number=1, top_k=10, warm_up_epoch=0, MAX_EPOCH=100, batch_size=256, output_dim=512, lr=0.0001, noisy_ratio=0.8, noise_mode='sym', GPU=1, hard_weight=True, noisy_train=True, logging='xmedia_findMAP')
2025-06-19 07:05:12,059 - __main__ - INFO - ...Image to Text MAP = 0.909382349146629
2025-06-19 07:05:12,185 - __main__ - INFO - ...Text to Image MAP = 0.9171059597106259
2025-06-19 07:05:12,186 - __main__ - INFO - ...Average MAP = 0.9132441544286274
2025-06-19 07:05:20,237 - __main__ - INFO - Noise ratio: 0.2
2025-06-19 07:05:20,240 - __main__ - INFO - Namespace(dataset='xmedia', seed=7, alpha=0.1, lamda=1, margin=0.9, lambd=5, barycenter_number=1, top_k=10, warm_up_epoch=0, MAX_EPOCH=100, batch_size=256, output_dim=512, lr=0.0001, noisy_ratio=0.2, noise_mode='sym', GPU=1, hard_weight=True, noisy_train=True, logging='xmedia_findMAP')
2025-06-19 07:11:12,141 - __main__ - INFO - ...Image to Text MAP = 0.9154069368976768
2025-06-19 07:11:12,265 - __main__ - INFO - ...Text to Image MAP = 0.9075957431660868
2025-06-19 07:11:12,266 - __main__ - INFO - ...Average MAP = 0.9115013400318819
2025-06-19 07:11:19,686 - __main__ - INFO - Noise ratio: 0.4
2025-06-19 07:11:19,688 - __main__ - INFO - Namespace(dataset='xmedia', seed=7, alpha=0.1, lamda=1, margin=0.9, lambd=5, barycenter_number=1, top_k=10, warm_up_epoch=0, MAX_EPOCH=100, batch_size=256, output_dim=512, lr=0.0001, noisy_ratio=0.4, noise_mode='sym', GPU=1, hard_weight=True, noisy_train=True, logging='xmedia_findMAP')
2025-06-19 07:17:57,344 - __main__ - INFO - ...Image to Text MAP = 0.8921031890771762
2025-06-19 07:17:57,444 - __main__ - INFO - ...Text to Image MAP = 0.8846604432897902
2025-06-19 07:17:57,445 - __main__ - INFO - ...Average MAP = 0.8883818161834832
2025-06-19 07:18:05,707 - __main__ - INFO - Noise ratio: 0.6
2025-06-19 07:18:05,708 - __main__ - INFO - Namespace(dataset='xmedia', seed=7, alpha=0.1, lamda=1, margin=0.9, lambd=5, barycenter_number=1, top_k=10, warm_up_epoch=0, MAX_EPOCH=100, batch_size=256, output_dim=512, lr=0.0001, noisy_ratio=0.6, noise_mode='sym', GPU=1, hard_weight=True, noisy_train=True, logging='xmedia_findMAP')
2025-06-19 07:23:48,409 - __main__ - INFO - ...Image to Text MAP = 0.8041436181172317
2025-06-19 07:23:48,527 - __main__ - INFO - ...Text to Image MAP = 0.80346329129541
2025-06-19 07:23:48,528 - __main__ - INFO - ...Average MAP = 0.8038034547063209
2025-06-19 07:23:55,343 - __main__ - INFO - Noise ratio: 0.8
2025-06-19 07:23:55,344 - __main__ - INFO - Namespace(dataset='xmedia', seed=7, alpha=0.1, lamda=1, margin=0.9, lambd=5, barycenter_number=1, top_k=10, warm_up_epoch=0, MAX_EPOCH=100, batch_size=256, output_dim=512, lr=0.0001, noisy_ratio=0.8, noise_mode='sym', GPU=1, hard_weight=True, noisy_train=True, logging='xmedia_findMAP')
2025-06-19 07:30:09,605 - __main__ - INFO - ...Image to Text MAP = 0.7169459118373479
2025-06-19 07:30:09,703 - __main__ - INFO - ...Text to Image MAP = 0.7395144755787904
2025-06-19 07:30:09,704 - __main__ - INFO - ...Average MAP = 0.7282301937080691
2025-06-19 07:30:17,436 - __main__ - INFO - Noise ratio: 0.2
2025-06-19 07:30:17,437 - __main__ - INFO - Namespace(dataset='xmedia', seed=7, alpha=0.2, lamda=1, margin=0.9, lambd=5, barycenter_number=1, top_k=10, warm_up_epoch=0, MAX_EPOCH=100, batch_size=256, output_dim=512, lr=0.0001, noisy_ratio=0.2, noise_mode='sym', GPU=1, hard_weight=True, noisy_train=True, logging='xmedia_findMAP')
2025-06-19 07:36:14,926 - __main__ - INFO - ...Image to Text MAP = 0.9151246385964871
2025-06-19 07:36:15,062 - __main__ - INFO - ...Text to Image MAP = 0.9138557512360908
2025-06-19 07:36:15,071 - __main__ - INFO - ...Average MAP = 0.9144901949162889
2025-06-19 07:39:00,375 - __main__ - INFO - Noise ratio: 0.4
2025-06-19 07:39:00,386 - __main__ - INFO - Namespace(dataset='xmedia', seed=7, alpha=0.2, lamda=1, margin=0.9, lambd=5, barycenter_number=1, top_k=10, warm_up_epoch=0, MAX_EPOCH=100, batch_size=256, output_dim=512, lr=0.0001, noisy_ratio=0.4, noise_mode='sym', GPU=1, hard_weight=True, noisy_train=True, logging='xmedia_findMAP')
2025-06-19 07:43:44,615 - __main__ - INFO - ...Image to Text MAP = 0.9091778152725387
2025-06-19 07:43:44,744 - __main__ - INFO - ...Text to Image MAP = 0.8983826665382458
2025-06-19 07:43:44,751 - __main__ - INFO - ...Average MAP = 0.9037802409053923
2025-06-19 07:45:36,057 - __main__ - INFO - Noise ratio: 0.6
2025-06-19 07:45:36,078 - __main__ - INFO - Namespace(dataset='xmedia', seed=7, alpha=0.2, lamda=1, margin=0.9, lambd=5, barycenter_number=1, top_k=10, warm_up_epoch=0, MAX_EPOCH=100, batch_size=256, output_dim=512, lr=0.0001, noisy_ratio=0.6, noise_mode='sym', GPU=1, hard_weight=True, noisy_train=True, logging='xmedia_findMAP')
2025-06-19 07:50:54,894 - __main__ - INFO - ...Image to Text MAP = 0.9006333297056648
2025-06-19 07:50:54,993 - __main__ - INFO - ...Text to Image MAP = 0.9009117016366437
2025-06-19 07:50:54,999 - __main__ - INFO - ...Average MAP = 0.9007725156711542
2025-06-19 07:53:04,977 - __main__ - INFO - Noise ratio: 0.8
2025-06-19 07:53:04,985 - __main__ - INFO - Namespace(dataset='xmedia', seed=7, alpha=0.2, lamda=1, margin=0.9, lambd=5, barycenter_number=1, top_k=10, warm_up_epoch=0, MAX_EPOCH=100, batch_size=256, output_dim=512, lr=0.0001, noisy_ratio=0.8, noise_mode='sym', GPU=1, hard_weight=True, noisy_train=True, logging='xmedia_findMAP')
2025-06-19 07:58:39,043 - __main__ - INFO - ...Image to Text MAP = 0.8822970934610987
2025-06-19 07:58:39,139 - __main__ - INFO - ...Text to Image MAP = 0.8865476685509636
2025-06-19 07:58:39,145 - __main__ - INFO - ...Average MAP = 0.8844223810060312
2025-06-19 08:00:40,394 - __main__ - INFO - Noise ratio: 0.2
2025-06-19 08:00:40,402 - __main__ - INFO - Namespace(dataset='xmedia', seed=7, alpha=0.3, lamda=1, margin=0.9, lambd=5, barycenter_number=1, top_k=10, warm_up_epoch=0, MAX_EPOCH=100, batch_size=256, output_dim=512, lr=0.0001, noisy_ratio=0.2, noise_mode='sym', GPU=1, hard_weight=True, noisy_train=True, logging='xmedia_findMAP')
2025-06-19 08:05:29,372 - __main__ - INFO - ...Image to Text MAP = 0.9220810080972424
2025-06-19 08:05:29,513 - __main__ - INFO - ...Text to Image MAP = 0.915518501328522
2025-06-19 08:05:29,514 - __main__ - INFO - ...Average MAP = 0.9187997547128821
2025-06-19 08:07:10,126 - __main__ - INFO - Noise ratio: 0.4
2025-06-19 08:07:10,175 - __main__ - INFO - Namespace(dataset='xmedia', seed=7, alpha=0.3, lamda=1, margin=0.9, lambd=5, barycenter_number=1, top_k=10, warm_up_epoch=0, MAX_EPOCH=100, batch_size=256, output_dim=512, lr=0.0001, noisy_ratio=0.4, noise_mode='sym', GPU=1, hard_weight=True, noisy_train=True, logging='xmedia_findMAP')
2025-06-19 08:12:20,613 - __main__ - INFO - ...Image to Text MAP = 0.9252482792811096
2025-06-19 08:12:20,723 - __main__ - INFO - ...Text to Image MAP = 0.9172233612495027
2025-06-19 08:12:20,733 - __main__ - INFO - ...Average MAP = 0.9212358202653061
2025-06-19 08:15:06,896 - __main__ - INFO - Noise ratio: 0.6
2025-06-19 08:15:06,902 - __main__ - INFO - Namespace(dataset='xmedia', seed=7, alpha=0.3, lamda=1, margin=0.9, lambd=5, barycenter_number=1, top_k=10, warm_up_epoch=0, MAX_EPOCH=100, batch_size=256, output_dim=512, lr=0.0001, noisy_ratio=0.6, noise_mode='sym', GPU=1, hard_weight=True, noisy_train=True, logging='xmedia_findMAP')
2025-06-19 08:20:19,555 - __main__ - INFO - ...Image to Text MAP = 0.9014393369225527
2025-06-19 08:20:19,695 - __main__ - INFO - ...Text to Image MAP = 0.9068346942171308
2025-06-19 08:20:19,707 - __main__ - INFO - ...Average MAP = 0.9041370155698418
2025-06-19 08:22:47,280 - __main__ - INFO - Noise ratio: 0.8
2025-06-19 08:22:47,296 - __main__ - INFO - Namespace(dataset='xmedia', seed=7, alpha=0.3, lamda=1, margin=0.9, lambd=5, barycenter_number=1, top_k=10, warm_up_epoch=0, MAX_EPOCH=100, batch_size=256, output_dim=512, lr=0.0001, noisy_ratio=0.8, noise_mode='sym', GPU=1, hard_weight=True, noisy_train=True, logging='xmedia_findMAP')
2025-06-19 08:28:49,603 - __main__ - INFO - ...Image to Text MAP = 0.9101391714804712
2025-06-19 08:28:49,755 - __main__ - INFO - ...Text to Image MAP = 0.9131044018581258
2025-06-19 08:28:49,762 - __main__ - INFO - ...Average MAP = 0.9116217866692985
2025-06-19 08:31:19,256 - __main__ - INFO - Noise ratio: 0.2
2025-06-19 08:31:19,268 - __main__ - INFO - Namespace(dataset='xmedia', seed=7, alpha=0.4, lamda=1, margin=0.9, lambd=5, barycenter_number=1, top_k=10, warm_up_epoch=0, MAX_EPOCH=100, batch_size=256, output_dim=512, lr=0.0001, noisy_ratio=0.2, noise_mode='sym', GPU=1, hard_weight=True, noisy_train=True, logging='xmedia_findMAP')
2025-06-19 08:37:11,403 - __main__ - INFO - ...Image to Text MAP = 0.9167504650625428
2025-06-19 08:37:11,506 - __main__ - INFO - ...Text to Image MAP = 0.9176237786304569
2025-06-19 08:37:11,509 - __main__ - INFO - ...Average MAP = 0.9171871218464998
2025-06-19 08:38:20,418 - __main__ - INFO - Noise ratio: 0.4
2025-06-19 08:38:20,434 - __main__ - INFO - Namespace(dataset='xmedia', seed=7, alpha=0.4, lamda=1, margin=0.9, lambd=5, barycenter_number=1, top_k=10, warm_up_epoch=0, MAX_EPOCH=100, batch_size=256, output_dim=512, lr=0.0001, noisy_ratio=0.4, noise_mode='sym', GPU=1, hard_weight=True, noisy_train=True, logging='xmedia_findMAP')
2025-06-19 08:43:36,188 - __main__ - INFO - ...Image to Text MAP = 0.9174351728031097
2025-06-19 08:43:36,319 - __main__ - INFO - ...Text to Image MAP = 0.9131189360772511
2025-06-19 08:43:36,330 - __main__ - INFO - ...Average MAP = 0.9152770544401805
2025-06-19 08:45:14,598 - __main__ - INFO - Noise ratio: 0.6
2025-06-19 08:45:14,615 - __main__ - INFO - Namespace(dataset='xmedia', seed=7, alpha=0.4, lamda=1, margin=0.9, lambd=5, barycenter_number=1, top_k=10, warm_up_epoch=0, MAX_EPOCH=100, batch_size=256, output_dim=512, lr=0.0001, noisy_ratio=0.6, noise_mode='sym', GPU=1, hard_weight=True, noisy_train=True, logging='xmedia_findMAP')
2025-06-19 08:49:09,538 - __main__ - INFO - ...Image to Text MAP = 0.9157157643064648
2025-06-19 08:49:09,634 - __main__ - INFO - ...Text to Image MAP = 0.9197653956382524
2025-06-19 08:49:09,670 - __main__ - INFO - ...Average MAP = 0.9177405799723586
2025-06-19 08:50:35,653 - __main__ - INFO - Noise ratio: 0.8
2025-06-19 08:50:35,656 - __main__ - INFO - Namespace(dataset='xmedia', seed=7, alpha=0.4, lamda=1, margin=0.9, lambd=5, barycenter_number=1, top_k=10, warm_up_epoch=0, MAX_EPOCH=100, batch_size=256, output_dim=512, lr=0.0001, noisy_ratio=0.8, noise_mode='sym', GPU=1, hard_weight=True, noisy_train=True, logging='xmedia_findMAP')
2025-06-19 08:55:55,374 - __main__ - INFO - ...Image to Text MAP = 0.9102028759491136
2025-06-19 08:55:55,468 - __main__ - INFO - ...Text to Image MAP = 0.9110507068321385
2025-06-19 08:55:55,487 - __main__ - INFO - ...Average MAP = 0.9106267913906261
2025-06-19 08:57:49,386 - __main__ - INFO - Noise ratio: 0.2
2025-06-19 08:57:49,393 - __main__ - INFO - Namespace(dataset='xmedia', seed=7, alpha=0.5, lamda=1, margin=0.9, lambd=5, barycenter_number=1, top_k=10, warm_up_epoch=0, MAX_EPOCH=100, batch_size=256, output_dim=512, lr=0.0001, noisy_ratio=0.2, noise_mode='sym', GPU=1, hard_weight=True, noisy_train=True, logging='xmedia_findMAP')
2025-06-19 09:01:58,045 - __main__ - INFO - ...Image to Text MAP = 0.9213413266311891
2025-06-19 09:01:58,151 - __main__ - INFO - ...Text to Image MAP = 0.9176743584595152
2025-06-19 09:01:58,151 - __main__ - INFO - ...Average MAP = 0.9195078425453521
2025-06-19 09:04:36,466 - __main__ - INFO - Noise ratio: 0.4
2025-06-19 09:04:36,480 - __main__ - INFO - Namespace(dataset='xmedia', seed=7, alpha=0.5, lamda=1, margin=0.9, lambd=5, barycenter_number=1, top_k=10, warm_up_epoch=0, MAX_EPOCH=100, batch_size=256, output_dim=512, lr=0.0001, noisy_ratio=0.4, noise_mode='sym', GPU=1, hard_weight=True, noisy_train=True, logging='xmedia_findMAP')
2025-06-19 09:10:07,023 - __main__ - INFO - ...Image to Text MAP = 0.9162170666571897
2025-06-19 09:10:07,166 - __main__ - INFO - ...Text to Image MAP = 0.9123946888912352
2025-06-19 09:10:07,167 - __main__ - INFO - ...Average MAP = 0.9143058777742125
2025-06-19 09:10:14,048 - __main__ - INFO - Noise ratio: 0.6
2025-06-19 09:10:14,050 - __main__ - INFO - Namespace(dataset='xmedia', seed=7, alpha=0.5, lamda=1, margin=0.9, lambd=5, barycenter_number=1, top_k=10, warm_up_epoch=0, MAX_EPOCH=100, batch_size=256, output_dim=512, lr=0.0001, noisy_ratio=0.6, noise_mode='sym', GPU=1, hard_weight=True, noisy_train=True, logging='xmedia_findMAP')
2025-06-19 09:15:56,968 - __main__ - INFO - ...Image to Text MAP = 0.912185033921975
2025-06-19 09:15:57,075 - __main__ - INFO - ...Text to Image MAP = 0.9194517905896734
2025-06-19 09:15:57,075 - __main__ - INFO - ...Average MAP = 0.9158184122558242
2025-06-19 09:16:03,242 - __main__ - INFO - Noise ratio: 0.8
2025-06-19 09:16:03,244 - __main__ - INFO - Namespace(dataset='xmedia', seed=7, alpha=0.5, lamda=1, margin=0.9, lambd=5, barycenter_number=1, top_k=10, warm_up_epoch=0, MAX_EPOCH=100, batch_size=256, output_dim=512, lr=0.0001, noisy_ratio=0.8, noise_mode='sym', GPU=1, hard_weight=True, noisy_train=True, logging='xmedia_findMAP')
2025-06-19 09:21:35,780 - __main__ - INFO - ...Image to Text MAP = 0.9128572922532516
2025-06-19 09:21:35,903 - __main__ - INFO - ...Text to Image MAP = 0.9208734410216923
2025-06-19 09:21:35,904 - __main__ - INFO - ...Average MAP = 0.916865366637472
2025-06-19 09:21:42,295 - __main__ - INFO - Noise ratio: 0.2
2025-06-19 09:21:42,297 - __main__ - INFO - Namespace(dataset='xmedia', seed=7, alpha=0.6, lamda=1, margin=0.9, lambd=5, barycenter_number=1, top_k=10, warm_up_epoch=0, MAX_EPOCH=100, batch_size=256, output_dim=512, lr=0.0001, noisy_ratio=0.2, noise_mode='sym', GPU=1, hard_weight=True, noisy_train=True, logging='xmedia_findMAP')
2025-06-19 09:26:44,213 - __main__ - INFO - ...Image to Text MAP = 0.9240949978314664
2025-06-19 09:26:44,354 - __main__ - INFO - ...Text to Image MAP = 0.920296412471667
2025-06-19 09:26:44,355 - __main__ - INFO - ...Average MAP = 0.9221957051515668
2025-06-19 09:26:50,734 - __main__ - INFO - Noise ratio: 0.4
2025-06-19 09:26:50,743 - __main__ - INFO - Namespace(dataset='xmedia', seed=7, alpha=0.6, lamda=1, margin=0.9, lambd=5, barycenter_number=1, top_k=10, warm_up_epoch=0, MAX_EPOCH=100, batch_size=256, output_dim=512, lr=0.0001, noisy_ratio=0.4, noise_mode='sym', GPU=1, hard_weight=True, noisy_train=True, logging='xmedia_findMAP')
2025-06-19 09:31:32,049 - __main__ - INFO - ...Image to Text MAP = 0.9182520437428104
2025-06-19 09:31:32,151 - __main__ - INFO - ...Text to Image MAP = 0.9124863220144236
2025-06-19 09:31:32,151 - __main__ - INFO - ...Average MAP = 0.915369182878617
2025-06-19 09:31:38,542 - __main__ - INFO - Noise ratio: 0.6
2025-06-19 09:31:38,543 - __main__ - INFO - Namespace(dataset='xmedia', seed=7, alpha=0.6, lamda=1, margin=0.9, lambd=5, barycenter_number=1, top_k=10, warm_up_epoch=0, MAX_EPOCH=100, batch_size=256, output_dim=512, lr=0.0001, noisy_ratio=0.6, noise_mode='sym', GPU=1, hard_weight=True, noisy_train=True, logging='xmedia_findMAP')
2025-06-19 09:36:29,921 - __main__ - INFO - ...Image to Text MAP = 0.9128204494524048
2025-06-19 09:36:30,019 - __main__ - INFO - ...Text to Image MAP = 0.9201064841073948
2025-06-19 09:36:30,020 - __main__ - INFO - ...Average MAP = 0.9164634667798999
2025-06-19 09:36:47,322 - __main__ - INFO - Noise ratio: 0.8
2025-06-19 09:36:47,324 - __main__ - INFO - Namespace(dataset='xmedia', seed=7, alpha=0.6, lamda=1, margin=0.9, lambd=5, barycenter_number=1, top_k=10, warm_up_epoch=0, MAX_EPOCH=100, batch_size=256, output_dim=512, lr=0.0001, noisy_ratio=0.8, noise_mode='sym', GPU=1, hard_weight=True, noisy_train=True, logging='xmedia_findMAP')
2025-06-19 09:41:13,624 - __main__ - INFO - ...Image to Text MAP = 0.9096443728589957
2025-06-19 09:41:13,825 - __main__ - INFO - ...Text to Image MAP = 0.9148183569368448
2025-06-19 09:41:13,895 - __main__ - INFO - ...Average MAP = 0.9122313648979202
2025-06-19 09:41:49,990 - __main__ - INFO - Noise ratio: 0.2
2025-06-19 09:41:49,994 - __main__ - INFO - Namespace(dataset='xmedia', seed=7, alpha=0.7, lamda=1, margin=0.9, lambd=5, barycenter_number=1, top_k=10, warm_up_epoch=0, MAX_EPOCH=100, batch_size=256, output_dim=512, lr=0.0001, noisy_ratio=0.2, noise_mode='sym', GPU=1, hard_weight=True, noisy_train=True, logging='xmedia_findMAP')
2025-06-19 09:46:47,956 - __main__ - INFO - ...Image to Text MAP = 0.9214087408935934
2025-06-19 09:46:48,085 - __main__ - INFO - ...Text to Image MAP = 0.9187654101884061
2025-06-19 09:46:48,085 - __main__ - INFO - ...Average MAP = 0.9200870755409998
2025-06-19 09:46:56,628 - __main__ - INFO - Noise ratio: 0.4
2025-06-19 09:46:56,631 - __main__ - INFO - Namespace(dataset='xmedia', seed=7, alpha=0.7, lamda=1, margin=0.9, lambd=5, barycenter_number=1, top_k=10, warm_up_epoch=0, MAX_EPOCH=100, batch_size=256, output_dim=512, lr=0.0001, noisy_ratio=0.4, noise_mode='sym', GPU=1, hard_weight=True, noisy_train=True, logging='xmedia_findMAP')
2025-06-19 09:53:04,445 - __main__ - INFO - ...Image to Text MAP = 0.9171803911240816
2025-06-19 09:53:04,671 - __main__ - INFO - ...Text to Image MAP = 0.9118847637978611
2025-06-19 09:53:04,723 - __main__ - INFO - ...Average MAP = 0.9145325774609714
2025-06-19 09:53:16,948 - __main__ - INFO - Noise ratio: 0.6
2025-06-19 09:53:16,949 - __main__ - INFO - Namespace(dataset='xmedia', seed=7, alpha=0.7, lamda=1, margin=0.9, lambd=5, barycenter_number=1, top_k=10, warm_up_epoch=0, MAX_EPOCH=100, batch_size=256, output_dim=512, lr=0.0001, noisy_ratio=0.6, noise_mode='sym', GPU=1, hard_weight=True, noisy_train=True, logging='xmedia_findMAP')
2025-06-19 09:58:24,158 - __main__ - INFO - ...Image to Text MAP = 0.9121534155271546
2025-06-19 09:58:24,283 - __main__ - INFO - ...Text to Image MAP = 0.9187620785518391
2025-06-19 09:58:24,312 - __main__ - INFO - ...Average MAP = 0.9154577470394969
2025-06-19 10:00:13,456 - __main__ - INFO - Noise ratio: 0.8
2025-06-19 10:00:13,459 - __main__ - INFO - Namespace(dataset='xmedia', seed=7, alpha=0.7, lamda=1, margin=0.9, lambd=5, barycenter_number=1, top_k=10, warm_up_epoch=0, MAX_EPOCH=100, batch_size=256, output_dim=512, lr=0.0001, noisy_ratio=0.8, noise_mode='sym', GPU=1, hard_weight=True, noisy_train=True, logging='xmedia_findMAP')
2025-06-19 10:06:17,615 - __main__ - INFO - ...Image to Text MAP = 0.9081345908181544
2025-06-19 10:06:17,767 - __main__ - INFO - ...Text to Image MAP = 0.9096026156964574
2025-06-19 10:06:17,768 - __main__ - INFO - ...Average MAP = 0.9088686032573059
2025-06-19 10:06:26,411 - __main__ - INFO - Noise ratio: 0.2
2025-06-19 10:06:26,413 - __main__ - INFO - Namespace(dataset='xmedia', seed=7, alpha=0.8, lamda=1, margin=0.9, lambd=5, barycenter_number=1, top_k=10, warm_up_epoch=0, MAX_EPOCH=100, batch_size=256, output_dim=512, lr=0.0001, noisy_ratio=0.2, noise_mode='sym', GPU=1, hard_weight=True, noisy_train=True, logging='xmedia_findMAP')
2025-06-19 10:12:56,528 - __main__ - INFO - ...Image to Text MAP = 0.9164335669410849
2025-06-19 10:12:57,451 - __main__ - INFO - ...Text to Image MAP = 0.9131668374909653
2025-06-19 10:12:57,458 - __main__ - INFO - ...Average MAP = 0.9148002022160251
2025-06-19 10:13:12,418 - __main__ - INFO - Noise ratio: 0.4
2025-06-19 10:13:12,419 - __main__ - INFO - Namespace(dataset='xmedia', seed=7, alpha=0.8, lamda=1, margin=0.9, lambd=5, barycenter_number=1, top_k=10, warm_up_epoch=0, MAX_EPOCH=100, batch_size=256, output_dim=512, lr=0.0001, noisy_ratio=0.4, noise_mode='sym', GPU=1, hard_weight=True, noisy_train=True, logging='xmedia_findMAP')
2025-06-19 10:19:08,995 - __main__ - INFO - ...Image to Text MAP = 0.917201693303089
2025-06-19 10:19:09,131 - __main__ - INFO - ...Text to Image MAP = 0.9070537944977055
2025-06-19 10:19:09,135 - __main__ - INFO - ...Average MAP = 0.9121277439003972
2025-06-19 10:20:19,760 - __main__ - INFO - Noise ratio: 0.6
2025-06-19 10:20:19,762 - __main__ - INFO - Namespace(dataset='xmedia', seed=7, alpha=0.8, lamda=1, margin=0.9, lambd=5, barycenter_number=1, top_k=10, warm_up_epoch=0, MAX_EPOCH=100, batch_size=256, output_dim=512, lr=0.0001, noisy_ratio=0.6, noise_mode='sym', GPU=1, hard_weight=True, noisy_train=True, logging='xmedia_findMAP')
2025-06-19 10:25:49,153 - __main__ - INFO - ...Image to Text MAP = 0.9115423376212939
2025-06-19 10:25:49,381 - __main__ - INFO - ...Text to Image MAP = 0.9156765745312077
2025-06-19 10:25:49,381 - __main__ - INFO - ...Average MAP = 0.9136094560762508
2025-06-19 10:25:58,448 - __main__ - INFO - Noise ratio: 0.8
2025-06-19 10:25:58,449 - __main__ - INFO - Namespace(dataset='xmedia', seed=7, alpha=0.8, lamda=1, margin=0.9, lambd=5, barycenter_number=1, top_k=10, warm_up_epoch=0, MAX_EPOCH=100, batch_size=256, output_dim=512, lr=0.0001, noisy_ratio=0.8, noise_mode='sym', GPU=1, hard_weight=True, noisy_train=True, logging='xmedia_findMAP')
2025-06-19 10:32:41,054 - __main__ - INFO - ...Image to Text MAP = 0.9107043991337432
2025-06-19 10:32:41,190 - __main__ - INFO - ...Text to Image MAP = 0.9204290092480071
2025-06-19 10:32:41,191 - __main__ - INFO - ...Average MAP = 0.9155667041908752
2025-06-19 10:32:48,807 - __main__ - INFO - Noise ratio: 0.2
2025-06-19 10:32:48,808 - __main__ - INFO - Namespace(dataset='xmedia', seed=7, alpha=0.9, lamda=1, margin=0.9, lambd=5, barycenter_number=1, top_k=10, warm_up_epoch=0, MAX_EPOCH=100, batch_size=256, output_dim=512, lr=0.0001, noisy_ratio=0.2, noise_mode='sym', GPU=1, hard_weight=True, noisy_train=True, logging='xmedia_findMAP')
2025-06-19 10:37:58,436 - __main__ - INFO - ...Image to Text MAP = 0.9197635782648781
2025-06-19 10:37:58,565 - __main__ - INFO - ...Text to Image MAP = 0.9164197452208598
2025-06-19 10:37:58,578 - __main__ - INFO - ...Average MAP = 0.9180916617428689
2025-06-19 10:38:10,694 - __main__ - INFO - Noise ratio: 0.4
2025-06-19 10:38:10,696 - __main__ - INFO - Namespace(dataset='xmedia', seed=7, alpha=0.9, lamda=1, margin=0.9, lambd=5, barycenter_number=1, top_k=10, warm_up_epoch=0, MAX_EPOCH=100, batch_size=256, output_dim=512, lr=0.0001, noisy_ratio=0.4, noise_mode='sym', GPU=1, hard_weight=True, noisy_train=True, logging='xmedia_findMAP')
2025-06-19 10:43:56,463 - __main__ - INFO - ...Image to Text MAP = 0.9082868300441503
2025-06-19 10:43:56,570 - __main__ - INFO - ...Text to Image MAP = 0.9072309010466827
2025-06-19 10:43:56,590 - __main__ - INFO - ...Average MAP = 0.9077588655454165
2025-06-19 10:44:07,183 - __main__ - INFO - Noise ratio: 0.6
2025-06-19 10:44:07,186 - __main__ - INFO - Namespace(dataset='xmedia', seed=7, alpha=0.9, lamda=1, margin=0.9, lambd=5, barycenter_number=1, top_k=10, warm_up_epoch=0, MAX_EPOCH=100, batch_size=256, output_dim=512, lr=0.0001, noisy_ratio=0.6, noise_mode='sym', GPU=1, hard_weight=True, noisy_train=True, logging='xmedia_findMAP')
2025-06-19 10:51:25,306 - __main__ - INFO - ...Image to Text MAP = 0.912342138134331
2025-06-19 10:51:25,444 - __main__ - INFO - ...Text to Image MAP = 0.9184397435379488
2025-06-19 10:51:25,445 - __main__ - INFO - ...Average MAP = 0.9153909408361398
2025-06-19 10:51:42,456 - __main__ - INFO - Noise ratio: 0.8
2025-06-19 10:51:42,458 - __main__ - INFO - Namespace(dataset='xmedia', seed=7, alpha=0.9, lamda=1, margin=0.9, lambd=5, barycenter_number=1, top_k=10, warm_up_epoch=0, MAX_EPOCH=100, batch_size=256, output_dim=512, lr=0.0001, noisy_ratio=0.8, noise_mode='sym', GPU=1, hard_weight=True, noisy_train=True, logging='xmedia_findMAP')
2025-06-19 10:58:33,191 - __main__ - INFO - ...Image to Text MAP = 0.9082507389906277
2025-06-19 10:58:33,315 - __main__ - INFO - ...Text to Image MAP = 0.9113954968109047
2025-06-19 10:58:33,316 - __main__ - INFO - ...Average MAP = 0.9098231179007662
2025-06-19 10:59:00,895 - __main__ - INFO - Noise ratio: 0.2
2025-06-19 10:59:00,898 - __main__ - INFO - Namespace(dataset='xmedia', seed=7, alpha=1.0, lamda=1, margin=0.9, lambd=5, barycenter_number=1, top_k=10, warm_up_epoch=0, MAX_EPOCH=100, batch_size=256, output_dim=512, lr=0.0001, noisy_ratio=0.2, noise_mode='sym', GPU=1, hard_weight=True, noisy_train=True, logging='xmedia_findMAP')
2025-06-19 11:07:19,112 - __main__ - INFO - ...Image to Text MAP = 0.917927189440158
2025-06-19 11:07:19,296 - __main__ - INFO - ...Text to Image MAP = 0.9156139909480362
2025-06-19 11:07:19,296 - __main__ - INFO - ...Average MAP = 0.9167705901940971
2025-06-19 11:07:33,739 - __main__ - INFO - Noise ratio: 0.4
2025-06-19 11:07:33,742 - __main__ - INFO - Namespace(dataset='xmedia', seed=7, alpha=1.0, lamda=1, margin=0.9, lambd=5, barycenter_number=1, top_k=10, warm_up_epoch=0, MAX_EPOCH=100, batch_size=256, output_dim=512, lr=0.0001, noisy_ratio=0.4, noise_mode='sym', GPU=1, hard_weight=True, noisy_train=True, logging='xmedia_findMAP')
2025-06-19 11:15:10,844 - __main__ - INFO - ...Image to Text MAP = 0.9159074394743995
2025-06-19 11:15:10,966 - __main__ - INFO - ...Text to Image MAP = 0.9165675936655994
2025-06-19 11:15:11,000 - __main__ - INFO - ...Average MAP = 0.9162375165699994
2025-06-19 11:15:51,388 - __main__ - INFO - Noise ratio: 0.6
2025-06-19 11:15:51,391 - __main__ - INFO - Namespace(dataset='xmedia', seed=7, alpha=1.0, lamda=1, margin=0.9, lambd=5, barycenter_number=1, top_k=10, warm_up_epoch=0, MAX_EPOCH=100, batch_size=256, output_dim=512, lr=0.0001, noisy_ratio=0.6, noise_mode='sym', GPU=1, hard_weight=True, noisy_train=True, logging='xmedia_findMAP')
2025-06-19 11:24:46,812 - __main__ - INFO - ...Image to Text MAP = 0.9142072117479202
2025-06-19 11:24:47,033 - __main__ - INFO - ...Text to Image MAP = 0.9169821348000106
2025-06-19 11:24:47,034 - __main__ - INFO - ...Average MAP = 0.9155946732739654
2025-06-19 11:24:59,126 - __main__ - INFO - Noise ratio: 0.8
2025-06-19 11:24:59,129 - __main__ - INFO - Namespace(dataset='xmedia', seed=7, alpha=1.0, lamda=1, margin=0.9, lambd=5, barycenter_number=1, top_k=10, warm_up_epoch=0, MAX_EPOCH=100, batch_size=256, output_dim=512, lr=0.0001, noisy_ratio=0.8, noise_mode='sym', GPU=1, hard_weight=True, noisy_train=True, logging='xmedia_findMAP')
2025-06-19 11:33:13,515 - __main__ - INFO - ...Image to Text MAP = 0.910027790047972
2025-06-19 11:33:13,627 - __main__ - INFO - ...Text to Image MAP = 0.9211677802917532
2025-06-19 11:33:13,627 - __main__ - INFO - ...Average MAP = 0.9155977851698626
2025-06-19 11:33:26,484 - __main__ - INFO - Noise ratio: 0.2
2025-06-19 11:33:26,489 - __main__ - INFO - Namespace(dataset='xmedia', seed=8, alpha=0.1, lamda=1, margin=0.9, lambd=5, barycenter_number=1, top_k=10, warm_up_epoch=0, MAX_EPOCH=100, batch_size=256, output_dim=512, lr=0.0001, noisy_ratio=0.2, noise_mode='sym', GPU=1, hard_weight=True, noisy_train=True, logging='xmedia_findMAP')
2025-06-19 11:43:15,004 - __main__ - INFO - ...Image to Text MAP = 0.9107961249885651
2025-06-19 11:43:15,126 - __main__ - INFO - ...Text to Image MAP = 0.9055095875102531
2025-06-19 11:43:15,127 - __main__ - INFO - ...Average MAP = 0.9081528562494091
2025-06-19 11:43:27,060 - __main__ - INFO - Noise ratio: 0.4
2025-06-19 11:43:27,064 - __main__ - INFO - Namespace(dataset='xmedia', seed=8, alpha=0.1, lamda=1, margin=0.9, lambd=5, barycenter_number=1, top_k=10, warm_up_epoch=0, MAX_EPOCH=100, batch_size=256, output_dim=512, lr=0.0001, noisy_ratio=0.4, noise_mode='sym', GPU=1, hard_weight=True, noisy_train=True, logging='xmedia_findMAP')
2025-06-19 11:52:16,499 - __main__ - INFO - ...Image to Text MAP = 0.8965699558863648
2025-06-19 11:52:16,712 - __main__ - INFO - ...Text to Image MAP = 0.8715682605767604
2025-06-19 11:52:16,721 - __main__ - INFO - ...Average MAP = 0.8840691082315626
2025-06-19 11:52:28,249 - __main__ - INFO - Noise ratio: 0.6
2025-06-19 11:52:28,252 - __main__ - INFO - Namespace(dataset='xmedia', seed=8, alpha=0.1, lamda=1, margin=0.9, lambd=5, barycenter_number=1, top_k=10, warm_up_epoch=0, MAX_EPOCH=100, batch_size=256, output_dim=512, lr=0.0001, noisy_ratio=0.6, noise_mode='sym', GPU=1, hard_weight=True, noisy_train=True, logging='xmedia_findMAP')
2025-06-19 12:01:14,264 - __main__ - INFO - ...Image to Text MAP = 0.834435813342697
2025-06-19 12:01:14,435 - __main__ - INFO - ...Text to Image MAP = 0.8392395360550703
2025-06-19 12:01:14,445 - __main__ - INFO - ...Average MAP = 0.8368376746988837
2025-06-19 12:01:22,302 - __main__ - INFO - Noise ratio: 0.8
2025-06-19 12:01:22,306 - __main__ - INFO - Namespace(dataset='xmedia', seed=8, alpha=0.1, lamda=1, margin=0.9, lambd=5, barycenter_number=1, top_k=10, warm_up_epoch=0, MAX_EPOCH=100, batch_size=256, output_dim=512, lr=0.0001, noisy_ratio=0.8, noise_mode='sym', GPU=1, hard_weight=True, noisy_train=True, logging='xmedia_findMAP')
2025-06-19 12:10:41,573 - __main__ - INFO - ...Image to Text MAP = 0.6984618729166163
2025-06-19 12:10:41,714 - __main__ - INFO - ...Text to Image MAP = 0.7270561947657721
2025-06-19 12:10:41,715 - __main__ - INFO - ...Average MAP = 0.7127590338411942
2025-06-19 12:10:51,633 - __main__ - INFO - Noise ratio: 0.2
2025-06-19 12:10:51,636 - __main__ - INFO - Namespace(dataset='xmedia', seed=8, alpha=0.2, lamda=1, margin=0.9, lambd=5, barycenter_number=1, top_k=10, warm_up_epoch=0, MAX_EPOCH=100, batch_size=256, output_dim=512, lr=0.0001, noisy_ratio=0.2, noise_mode='sym', GPU=1, hard_weight=True, noisy_train=True, logging='xmedia_findMAP')
2025-06-19 12:20:13,069 - __main__ - INFO - ...Image to Text MAP = 0.9223091316009445
2025-06-19 12:20:13,198 - __main__ - INFO - ...Text to Image MAP = 0.9156719689213889
2025-06-19 12:20:13,204 - __main__ - INFO - ...Average MAP = 0.9189905502611667
2025-06-19 12:20:25,020 - __main__ - INFO - Noise ratio: 0.4
2025-06-19 12:20:25,023 - __main__ - INFO - Namespace(dataset='xmedia', seed=8, alpha=0.2, lamda=1, margin=0.9, lambd=5, barycenter_number=1, top_k=10, warm_up_epoch=0, MAX_EPOCH=100, batch_size=256, output_dim=512, lr=0.0001, noisy_ratio=0.4, noise_mode='sym', GPU=1, hard_weight=True, noisy_train=True, logging='xmedia_findMAP')
2025-06-19 12:28:38,938 - __main__ - INFO - ...Image to Text MAP = 0.9084923803883658
2025-06-19 12:28:39,081 - __main__ - INFO - ...Text to Image MAP = 0.9076550791339205
2025-06-19 12:28:39,081 - __main__ - INFO - ...Average MAP = 0.9080737297611432
2025-06-19 12:28:50,677 - __main__ - INFO - Noise ratio: 0.6
2025-06-19 12:28:50,679 - __main__ - INFO - Namespace(dataset='xmedia', seed=8, alpha=0.2, lamda=1, margin=0.9, lambd=5, barycenter_number=1, top_k=10, warm_up_epoch=0, MAX_EPOCH=100, batch_size=256, output_dim=512, lr=0.0001, noisy_ratio=0.6, noise_mode='sym', GPU=1, hard_weight=True, noisy_train=True, logging='xmedia_findMAP')
2025-06-19 12:37:53,349 - __main__ - INFO - ...Image to Text MAP = 0.8862028125925228
2025-06-19 12:37:53,466 - __main__ - INFO - ...Text to Image MAP = 0.9008691778356449
2025-06-19 12:37:53,466 - __main__ - INFO - ...Average MAP = 0.8935359952140838
2025-06-19 12:38:03,653 - __main__ - INFO - Noise ratio: 0.8
2025-06-19 12:38:03,656 - __main__ - INFO - Namespace(dataset='xmedia', seed=8, alpha=0.2, lamda=1, margin=0.9, lambd=5, barycenter_number=1, top_k=10, warm_up_epoch=0, MAX_EPOCH=100, batch_size=256, output_dim=512, lr=0.0001, noisy_ratio=0.8, noise_mode='sym', GPU=1, hard_weight=True, noisy_train=True, logging='xmedia_findMAP')
2025-06-19 12:46:48,666 - __main__ - INFO - ...Image to Text MAP = 0.8741896512543195
2025-06-19 12:46:48,776 - __main__ - INFO - ...Text to Image MAP = 0.8830642944034744
2025-06-19 12:46:48,778 - __main__ - INFO - ...Average MAP = 0.8786269728288969
2025-06-19 12:46:57,819 - __main__ - INFO - Noise ratio: 0.2
2025-06-19 12:46:57,821 - __main__ - INFO - Namespace(dataset='xmedia', seed=8, alpha=0.3, lamda=1, margin=0.9, lambd=5, barycenter_number=1, top_k=10, warm_up_epoch=0, MAX_EPOCH=100, batch_size=256, output_dim=512, lr=0.0001, noisy_ratio=0.2, noise_mode='sym', GPU=1, hard_weight=True, noisy_train=True, logging='xmedia_findMAP')
2025-06-19 12:55:03,845 - __main__ - INFO - ...Image to Text MAP = 0.9257325552508744
2025-06-19 12:55:04,140 - __main__ - INFO - ...Text to Image MAP = 0.9215219914339025
2025-06-19 12:55:04,141 - __main__ - INFO - ...Average MAP = 0.9236272733423885
2025-06-19 12:55:14,887 - __main__ - INFO - Noise ratio: 0.4
2025-06-19 12:55:14,889 - __main__ - INFO - Namespace(dataset='xmedia', seed=8, alpha=0.3, lamda=1, margin=0.9, lambd=5, barycenter_number=1, top_k=10, warm_up_epoch=0, MAX_EPOCH=100, batch_size=256, output_dim=512, lr=0.0001, noisy_ratio=0.4, noise_mode='sym', GPU=1, hard_weight=True, noisy_train=True, logging='xmedia_findMAP')
2025-06-19 13:04:00,842 - __main__ - INFO - ...Image to Text MAP = 0.9192951164359652
2025-06-19 13:04:00,949 - __main__ - INFO - ...Text to Image MAP = 0.911736272845295
2025-06-19 13:04:00,950 - __main__ - INFO - ...Average MAP = 0.9155156946406301
2025-06-19 13:04:12,475 - __main__ - INFO - Noise ratio: 0.6
2025-06-19 13:04:12,479 - __main__ - INFO - Namespace(dataset='xmedia', seed=8, alpha=0.3, lamda=1, margin=0.9, lambd=5, barycenter_number=1, top_k=10, warm_up_epoch=0, MAX_EPOCH=100, batch_size=256, output_dim=512, lr=0.0001, noisy_ratio=0.6, noise_mode='sym', GPU=1, hard_weight=True, noisy_train=True, logging='xmedia_findMAP')
2025-06-19 13:11:39,693 - __main__ - INFO - ...Image to Text MAP = 0.9088146146950037
2025-06-19 13:11:39,821 - __main__ - INFO - ...Text to Image MAP = 0.9146259887074143
2025-06-19 13:11:39,821 - __main__ - INFO - ...Average MAP = 0.911720301701209
2025-06-19 13:11:47,366 - __main__ - INFO - Noise ratio: 0.8
2025-06-19 13:11:47,369 - __main__ - INFO - Namespace(dataset='xmedia', seed=8, alpha=0.3, lamda=1, margin=0.9, lambd=5, barycenter_number=1, top_k=10, warm_up_epoch=0, MAX_EPOCH=100, batch_size=256, output_dim=512, lr=0.0001, noisy_ratio=0.8, noise_mode='sym', GPU=1, hard_weight=True, noisy_train=True, logging='xmedia_findMAP')
2025-06-19 13:21:48,294 - __main__ - INFO - ...Image to Text MAP = 0.9124474941261781
2025-06-19 13:21:48,422 - __main__ - INFO - ...Text to Image MAP = 0.9140794866926063
2025-06-19 13:21:48,423 - __main__ - INFO - ...Average MAP = 0.9132634904093921
2025-06-19 13:21:56,032 - __main__ - INFO - Noise ratio: 0.2
2025-06-19 13:21:56,036 - __main__ - INFO - Namespace(dataset='xmedia', seed=8, alpha=0.4, lamda=1, margin=0.9, lambd=5, barycenter_number=1, top_k=10, warm_up_epoch=0, MAX_EPOCH=100, batch_size=256, output_dim=512, lr=0.0001, noisy_ratio=0.2, noise_mode='sym', GPU=1, hard_weight=True, noisy_train=True, logging='xmedia_findMAP')
2025-06-19 13:31:36,797 - __main__ - INFO - ...Image to Text MAP = 0.9166488086368917
2025-06-19 13:31:37,005 - __main__ - INFO - ...Text to Image MAP = 0.9189190509164827
2025-06-19 13:31:37,011 - __main__ - INFO - ...Average MAP = 0.9177839297766872
2025-06-19 13:31:44,854 - __main__ - INFO - Noise ratio: 0.4
2025-06-19 13:31:44,855 - __main__ - INFO - Namespace(dataset='xmedia', seed=8, alpha=0.4, lamda=1, margin=0.9, lambd=5, barycenter_number=1, top_k=10, warm_up_epoch=0, MAX_EPOCH=100, batch_size=256, output_dim=512, lr=0.0001, noisy_ratio=0.4, noise_mode='sym', GPU=1, hard_weight=True, noisy_train=True, logging='xmedia_findMAP')
2025-06-19 13:40:17,941 - __main__ - INFO - ...Image to Text MAP = 0.9142593664743314
2025-06-19 13:40:18,250 - __main__ - INFO - ...Text to Image MAP = 0.91582285050188
2025-06-19 13:40:18,254 - __main__ - INFO - ...Average MAP = 0.9150411084881056
2025-06-19 13:40:29,120 - __main__ - INFO - Noise ratio: 0.6
2025-06-19 13:40:29,122 - __main__ - INFO - Namespace(dataset='xmedia', seed=8, alpha=0.4, lamda=1, margin=0.9, lambd=5, barycenter_number=1, top_k=10, warm_up_epoch=0, MAX_EPOCH=100, batch_size=256, output_dim=512, lr=0.0001, noisy_ratio=0.6, noise_mode='sym', GPU=1, hard_weight=True, noisy_train=True, logging='xmedia_findMAP')
2025-06-19 13:48:50,967 - __main__ - INFO - ...Image to Text MAP = 0.9111897331592945
2025-06-19 13:48:51,065 - __main__ - INFO - ...Text to Image MAP = 0.9195612585770702
2025-06-19 13:48:51,065 - __main__ - INFO - ...Average MAP = 0.9153754958681823
2025-06-19 13:48:58,765 - __main__ - INFO - Noise ratio: 0.8
2025-06-19 13:48:58,766 - __main__ - INFO - Namespace(dataset='xmedia', seed=8, alpha=0.4, lamda=1, margin=0.9, lambd=5, barycenter_number=1, top_k=10, warm_up_epoch=0, MAX_EPOCH=100, batch_size=256, output_dim=512, lr=0.0001, noisy_ratio=0.8, noise_mode='sym', GPU=1, hard_weight=True, noisy_train=True, logging='xmedia_findMAP')
2025-06-19 13:55:15,682 - __main__ - INFO - ...Image to Text MAP = 0.9127474886951051
2025-06-19 13:55:15,797 - __main__ - INFO - ...Text to Image MAP = 0.9169756607973361
2025-06-19 13:55:15,798 - __main__ - INFO - ...Average MAP = 0.9148615747462205
2025-06-19 13:55:23,850 - __main__ - INFO - Noise ratio: 0.2
2025-06-19 13:55:23,852 - __main__ - INFO - Namespace(dataset='xmedia', seed=8, alpha=0.5, lamda=1, margin=0.9, lambd=5, barycenter_number=1, top_k=10, warm_up_epoch=0, MAX_EPOCH=100, batch_size=256, output_dim=512, lr=0.0001, noisy_ratio=0.2, noise_mode='sym', GPU=1, hard_weight=True, noisy_train=True, logging='xmedia_findMAP')
2025-06-19 14:01:05,125 - __main__ - INFO - ...Image to Text MAP = 0.9303423093423505
2025-06-19 14:01:05,243 - __main__ - INFO - ...Text to Image MAP = 0.924038993476175
2025-06-19 14:01:05,263 - __main__ - INFO - ...Average MAP = 0.9271906514092627
2025-06-19 14:01:13,088 - __main__ - INFO - Noise ratio: 0.4
2025-06-19 14:01:13,090 - __main__ - INFO - Namespace(dataset='xmedia', seed=8, alpha=0.5, lamda=1, margin=0.9, lambd=5, barycenter_number=1, top_k=10, warm_up_epoch=0, MAX_EPOCH=100, batch_size=256, output_dim=512, lr=0.0001, noisy_ratio=0.4, noise_mode='sym', GPU=1, hard_weight=True, noisy_train=True, logging='xmedia_findMAP')
2025-06-19 14:06:49,600 - __main__ - INFO - ...Image to Text MAP = 0.913445639995282
2025-06-19 14:06:49,698 - __main__ - INFO - ...Text to Image MAP = 0.9082938575626837
2025-06-19 14:06:49,698 - __main__ - INFO - ...Average MAP = 0.9108697487789829
2025-06-19 14:06:56,323 - __main__ - INFO - Noise ratio: 0.6
2025-06-19 14:06:56,324 - __main__ - INFO - Namespace(dataset='xmedia', seed=8, alpha=0.5, lamda=1, margin=0.9, lambd=5, barycenter_number=1, top_k=10, warm_up_epoch=0, MAX_EPOCH=100, batch_size=256, output_dim=512, lr=0.0001, noisy_ratio=0.6, noise_mode='sym', GPU=1, hard_weight=True, noisy_train=True, logging='xmedia_findMAP')
2025-06-19 14:13:01,607 - __main__ - INFO - ...Image to Text MAP = 0.9125143455237349
2025-06-19 14:13:01,727 - __main__ - INFO - ...Text to Image MAP = 0.9185609051622429
2025-06-19 14:13:01,727 - __main__ - INFO - ...Average MAP = 0.9155376253429889
2025-06-19 14:13:08,335 - __main__ - INFO - Noise ratio: 0.8
2025-06-19 14:13:08,336 - __main__ - INFO - Namespace(dataset='xmedia', seed=8, alpha=0.5, lamda=1, margin=0.9, lambd=5, barycenter_number=1, top_k=10, warm_up_epoch=0, MAX_EPOCH=100, batch_size=256, output_dim=512, lr=0.0001, noisy_ratio=0.8, noise_mode='sym', GPU=1, hard_weight=True, noisy_train=True, logging='xmedia_findMAP')
2025-06-19 14:19:03,497 - __main__ - INFO - ...Image to Text MAP = 0.9114386712160403
2025-06-19 14:19:03,597 - __main__ - INFO - ...Text to Image MAP = 0.9182310830528402
2025-06-19 14:19:03,598 - __main__ - INFO - ...Average MAP = 0.9148348771344402
2025-06-19 14:19:10,512 - __main__ - INFO - Noise ratio: 0.2
2025-06-19 14:19:10,514 - __main__ - INFO - Namespace(dataset='xmedia', seed=8, alpha=0.6, lamda=1, margin=0.9, lambd=5, barycenter_number=1, top_k=10, warm_up_epoch=0, MAX_EPOCH=100, batch_size=256, output_dim=512, lr=0.0001, noisy_ratio=0.2, noise_mode='sym', GPU=1, hard_weight=True, noisy_train=True, logging='xmedia_findMAP')
2025-06-19 14:25:00,155 - __main__ - INFO - ...Image to Text MAP = 0.9199080107709569
2025-06-19 14:25:00,281 - __main__ - INFO - ...Text to Image MAP = 0.9209686396127345
2025-06-19 14:25:00,282 - __main__ - INFO - ...Average MAP = 0.9204383251918457
2025-06-19 14:25:07,416 - __main__ - INFO - Noise ratio: 0.4
2025-06-19 14:25:07,417 - __main__ - INFO - Namespace(dataset='xmedia', seed=8, alpha=0.6, lamda=1, margin=0.9, lambd=5, barycenter_number=1, top_k=10, warm_up_epoch=0, MAX_EPOCH=100, batch_size=256, output_dim=512, lr=0.0001, noisy_ratio=0.4, noise_mode='sym', GPU=1, hard_weight=True, noisy_train=True, logging='xmedia_findMAP')
2025-06-19 14:31:50,524 - __main__ - INFO - ...Image to Text MAP = 0.9127815800352722
2025-06-19 14:31:50,637 - __main__ - INFO - ...Text to Image MAP = 0.9129183460996153
2025-06-19 14:31:50,638 - __main__ - INFO - ...Average MAP = 0.9128499630674438
2025-06-19 14:32:02,360 - __main__ - INFO - Noise ratio: 0.6
2025-06-19 14:32:02,364 - __main__ - INFO - Namespace(dataset='xmedia', seed=8, alpha=0.6, lamda=1, margin=0.9, lambd=5, barycenter_number=1, top_k=10, warm_up_epoch=0, MAX_EPOCH=100, batch_size=256, output_dim=512, lr=0.0001, noisy_ratio=0.6, noise_mode='sym', GPU=1, hard_weight=True, noisy_train=True, logging='xmedia_findMAP')
2025-06-19 14:38:47,496 - __main__ - INFO - ...Image to Text MAP = 0.9143572699034362
2025-06-19 14:38:47,645 - __main__ - INFO - ...Text to Image MAP = 0.9215883248804269
2025-06-19 14:38:47,646 - __main__ - INFO - ...Average MAP = 0.9179727973919316
2025-06-19 14:39:01,493 - __main__ - INFO - Noise ratio: 0.8
2025-06-19 14:39:01,497 - __main__ - INFO - Namespace(dataset='xmedia', seed=8, alpha=0.6, lamda=1, margin=0.9, lambd=5, barycenter_number=1, top_k=10, warm_up_epoch=0, MAX_EPOCH=100, batch_size=256, output_dim=512, lr=0.0001, noisy_ratio=0.8, noise_mode='sym', GPU=1, hard_weight=True, noisy_train=True, logging='xmedia_findMAP')
2025-06-19 14:46:40,716 - __main__ - INFO - ...Image to Text MAP = 0.9113441884833755
2025-06-19 14:46:40,824 - __main__ - INFO - ...Text to Image MAP = 0.9193904257518691
2025-06-19 14:46:40,825 - __main__ - INFO - ...Average MAP = 0.9153673071176223
2025-06-19 14:46:49,516 - __main__ - INFO - Noise ratio: 0.2
2025-06-19 14:46:49,518 - __main__ - INFO - Namespace(dataset='xmedia', seed=8, alpha=0.7, lamda=1, margin=0.9, lambd=5, barycenter_number=1, top_k=10, warm_up_epoch=0, MAX_EPOCH=100, batch_size=256, output_dim=512, lr=0.0001, noisy_ratio=0.2, noise_mode='sym', GPU=1, hard_weight=True, noisy_train=True, logging='xmedia_findMAP')
2025-06-19 14:55:48,652 - __main__ - INFO - ...Image to Text MAP = 0.9252613198062816
2025-06-19 14:55:48,758 - __main__ - INFO - ...Text to Image MAP = 0.9211144167013677
2025-06-19 14:55:48,759 - __main__ - INFO - ...Average MAP = 0.9231878682538246
2025-06-19 14:55:58,498 - __main__ - INFO - Noise ratio: 0.4
2025-06-19 14:55:58,500 - __main__ - INFO - Namespace(dataset='xmedia', seed=8, alpha=0.7, lamda=1, margin=0.9, lambd=5, barycenter_number=1, top_k=10, warm_up_epoch=0, MAX_EPOCH=100, batch_size=256, output_dim=512, lr=0.0001, noisy_ratio=0.4, noise_mode='sym', GPU=1, hard_weight=True, noisy_train=True, logging='xmedia_findMAP')
2025-06-19 15:03:25,887 - __main__ - INFO - ...Image to Text MAP = 0.9168540842441307
2025-06-19 15:03:26,092 - __main__ - INFO - ...Text to Image MAP = 0.907312655750654
2025-06-19 15:03:26,098 - __main__ - INFO - ...Average MAP = 0.9120833699973924
2025-06-19 15:03:36,403 - __main__ - INFO - Noise ratio: 0.6
2025-06-19 15:03:36,406 - __main__ - INFO - Namespace(dataset='xmedia', seed=8, alpha=0.7, lamda=1, margin=0.9, lambd=5, barycenter_number=1, top_k=10, warm_up_epoch=0, MAX_EPOCH=100, batch_size=256, output_dim=512, lr=0.0001, noisy_ratio=0.6, noise_mode='sym', GPU=1, hard_weight=True, noisy_train=True, logging='xmedia_findMAP')
2025-06-19 15:10:19,565 - __main__ - INFO - ...Image to Text MAP = 0.9077332816854182
2025-06-19 15:10:19,709 - __main__ - INFO - ...Text to Image MAP = 0.9115291840884482
2025-06-19 15:10:19,727 - __main__ - INFO - ...Average MAP = 0.9096312328869331
2025-06-19 15:19:31,595 - __main__ - INFO - Noise ratio: 0.8
2025-06-19 15:19:31,618 - __main__ - INFO - Namespace(dataset='xmedia', seed=8, alpha=0.7, lamda=1, margin=0.9, lambd=5, barycenter_number=1, top_k=10, warm_up_epoch=0, MAX_EPOCH=100, batch_size=256, output_dim=512, lr=0.0001, noisy_ratio=0.8, noise_mode='sym', GPU=1, hard_weight=True, noisy_train=True, logging='xmedia_findMAP')
2025-06-19 15:25:07,561 - __main__ - INFO - ...Image to Text MAP = 0.9111688099087469
2025-06-19 15:25:07,861 - __main__ - INFO - ...Text to Image MAP = 0.9164221664623707
2025-06-19 15:25:07,885 - __main__ - INFO - ...Average MAP = 0.9137954881855588
2025-06-19 15:28:30,927 - __main__ - INFO - Noise ratio: 0.2
2025-06-19 15:28:30,929 - __main__ - INFO - Namespace(dataset='xmedia', seed=8, alpha=0.8, lamda=1, margin=0.9, lambd=5, barycenter_number=1, top_k=10, warm_up_epoch=0, MAX_EPOCH=100, batch_size=256, output_dim=512, lr=0.0001, noisy_ratio=0.2, noise_mode='sym', GPU=1, hard_weight=True, noisy_train=True, logging='xmedia_findMAP')
2025-06-19 15:33:48,659 - __main__ - INFO - ...Image to Text MAP = 0.9147223445853836
2025-06-19 15:33:48,825 - __main__ - INFO - ...Text to Image MAP = 0.9195471249802272
2025-06-19 15:33:48,908 - __main__ - INFO - ...Average MAP = 0.9171347347828054
2025-06-19 15:36:53,820 - __main__ - INFO - Noise ratio: 0.4
2025-06-19 15:36:53,822 - __main__ - INFO - Namespace(dataset='xmedia', seed=8, alpha=0.8, lamda=1, margin=0.9, lambd=5, barycenter_number=1, top_k=10, warm_up_epoch=0, MAX_EPOCH=100, batch_size=256, output_dim=512, lr=0.0001, noisy_ratio=0.4, noise_mode='sym', GPU=1, hard_weight=True, noisy_train=True, logging='xmedia_findMAP')
2025-06-19 15:43:13,307 - __main__ - INFO - ...Image to Text MAP = 0.9215937363698047
2025-06-19 15:43:13,423 - __main__ - INFO - ...Text to Image MAP = 0.9176666471913977
2025-06-19 15:43:13,423 - __main__ - INFO - ...Average MAP = 0.9196301917806011
2025-06-19 15:43:22,921 - __main__ - INFO - Noise ratio: 0.6
2025-06-19 15:43:22,923 - __main__ - INFO - Namespace(dataset='xmedia', seed=8, alpha=0.8, lamda=1, margin=0.9, lambd=5, barycenter_number=1, top_k=10, warm_up_epoch=0, MAX_EPOCH=100, batch_size=256, output_dim=512, lr=0.0001, noisy_ratio=0.6, noise_mode='sym', GPU=1, hard_weight=True, noisy_train=True, logging='xmedia_findMAP')
2025-06-19 15:50:21,677 - __main__ - INFO - ...Image to Text MAP = 0.908361541391972
2025-06-19 15:50:21,813 - __main__ - INFO - ...Text to Image MAP = 0.9192720065960618
2025-06-19 15:50:21,869 - __main__ - INFO - ...Average MAP = 0.9138167739940168
2025-06-19 15:52:44,508 - __main__ - INFO - Noise ratio: 0.8
2025-06-19 15:52:44,511 - __main__ - INFO - Namespace(dataset='xmedia', seed=8, alpha=0.8, lamda=1, margin=0.9, lambd=5, barycenter_number=1, top_k=10, warm_up_epoch=0, MAX_EPOCH=100, batch_size=256, output_dim=512, lr=0.0001, noisy_ratio=0.8, noise_mode='sym', GPU=1, hard_weight=True, noisy_train=True, logging='xmedia_findMAP')
2025-06-19 15:59:30,629 - __main__ - INFO - ...Image to Text MAP = 0.9141909641950229
2025-06-19 15:59:30,828 - __main__ - INFO - ...Text to Image MAP = 0.9192876739272399
2025-06-19 15:59:30,906 - __main__ - INFO - ...Average MAP = 0.9167393190611314
2025-06-19 16:07:29,553 - __main__ - INFO - Noise ratio: 0.2
2025-06-19 16:07:29,596 - __main__ - INFO - Namespace(dataset='xmedia', seed=8, alpha=0.9, lamda=1, margin=0.9, lambd=5, barycenter_number=1, top_k=10, warm_up_epoch=0, MAX_EPOCH=100, batch_size=256, output_dim=512, lr=0.0001, noisy_ratio=0.2, noise_mode='sym', GPU=1, hard_weight=True, noisy_train=True, logging='xmedia_findMAP')
2025-06-19 16:11:51,150 - __main__ - INFO - ...Image to Text MAP = 0.9230183282442915
2025-06-19 16:11:51,356 - __main__ - INFO - ...Text to Image MAP = 0.9201616401405005
2025-06-19 16:11:51,398 - __main__ - INFO - ...Average MAP = 0.921589984192396
2025-06-19 16:14:39,358 - __main__ - INFO - Noise ratio: 0.4
2025-06-19 16:14:39,361 - __main__ - INFO - Namespace(dataset='xmedia', seed=8, alpha=0.9, lamda=1, margin=0.9, lambd=5, barycenter_number=1, top_k=10, warm_up_epoch=0, MAX_EPOCH=100, batch_size=256, output_dim=512, lr=0.0001, noisy_ratio=0.4, noise_mode='sym', GPU=1, hard_weight=True, noisy_train=True, logging='xmedia_findMAP')
2025-06-19 16:21:21,662 - __main__ - INFO - ...Image to Text MAP = 0.9233487493720945
2025-06-19 16:21:21,819 - __main__ - INFO - ...Text to Image MAP = 0.9123202233327858
2025-06-19 16:21:21,847 - __main__ - INFO - ...Average MAP = 0.9178344863524401
2025-06-19 16:21:44,331 - __main__ - INFO - Noise ratio: 0.6
2025-06-19 16:21:44,334 - __main__ - INFO - Namespace(dataset='xmedia', seed=8, alpha=0.9, lamda=1, margin=0.9, lambd=5, barycenter_number=1, top_k=10, warm_up_epoch=0, MAX_EPOCH=100, batch_size=256, output_dim=512, lr=0.0001, noisy_ratio=0.6, noise_mode='sym', GPU=1, hard_weight=True, noisy_train=True, logging='xmedia_findMAP')
2025-06-19 16:29:33,952 - __main__ - INFO - ...Image to Text MAP = 0.9106205478225456
2025-06-19 16:29:34,069 - __main__ - INFO - ...Text to Image MAP = 0.9158325299478111
2025-06-19 16:29:34,070 - __main__ - INFO - ...Average MAP = 0.9132265388851784
2025-06-19 16:29:52,640 - __main__ - INFO - Noise ratio: 0.8
2025-06-19 16:29:52,666 - __main__ - INFO - Namespace(dataset='xmedia', seed=8, alpha=0.9, lamda=1, margin=0.9, lambd=5, barycenter_number=1, top_k=10, warm_up_epoch=0, MAX_EPOCH=100, batch_size=256, output_dim=512, lr=0.0001, noisy_ratio=0.8, noise_mode='sym', GPU=1, hard_weight=True, noisy_train=True, logging='xmedia_findMAP')
2025-06-19 16:37:37,895 - __main__ - INFO - ...Image to Text MAP = 0.902455657504365
2025-06-19 16:37:38,050 - __main__ - INFO - ...Text to Image MAP = 0.9039382321929026
2025-06-19 16:37:38,110 - __main__ - INFO - ...Average MAP = 0.9031969448486338
2025-06-19 16:38:27,078 - __main__ - INFO - Noise ratio: 0.2
2025-06-19 16:38:27,079 - __main__ - INFO - Namespace(dataset='xmedia', seed=8, alpha=1.0, lamda=1, margin=0.9, lambd=5, barycenter_number=1, top_k=10, warm_up_epoch=0, MAX_EPOCH=100, batch_size=256, output_dim=512, lr=0.0001, noisy_ratio=0.2, noise_mode='sym', GPU=1, hard_weight=True, noisy_train=True, logging='xmedia_findMAP')
2025-06-19 16:45:18,113 - __main__ - INFO - ...Image to Text MAP = 0.9190452417345215
2025-06-19 16:45:18,267 - __main__ - INFO - ...Text to Image MAP = 0.9143993015710562
2025-06-19 16:45:18,267 - __main__ - INFO - ...Average MAP = 0.9167222716527889
2025-06-19 16:45:24,698 - __main__ - INFO - Noise ratio: 0.4
2025-06-19 16:45:24,701 - __main__ - INFO - Namespace(dataset='xmedia', seed=8, alpha=1.0, lamda=1, margin=0.9, lambd=5, barycenter_number=1, top_k=10, warm_up_epoch=0, MAX_EPOCH=100, batch_size=256, output_dim=512, lr=0.0001, noisy_ratio=0.4, noise_mode='sym', GPU=1, hard_weight=True, noisy_train=True, logging='xmedia_findMAP')
2025-06-19 16:51:12,249 - __main__ - INFO - ...Image to Text MAP = 0.9166999987282659
2025-06-19 16:51:12,392 - __main__ - INFO - ...Text to Image MAP = 0.9159452518600827
2025-06-19 16:51:12,393 - __main__ - INFO - ...Average MAP = 0.9163226252941743
2025-06-19 16:51:25,433 - __main__ - INFO - Noise ratio: 0.6
2025-06-19 16:51:25,435 - __main__ - INFO - Namespace(dataset='xmedia', seed=8, alpha=1.0, lamda=1, margin=0.9, lambd=5, barycenter_number=1, top_k=10, warm_up_epoch=0, MAX_EPOCH=100, batch_size=256, output_dim=512, lr=0.0001, noisy_ratio=0.6, noise_mode='sym', GPU=1, hard_weight=True, noisy_train=True, logging='xmedia_findMAP')
2025-06-19 16:57:55,403 - __main__ - INFO - ...Image to Text MAP = 0.9049038816054106
2025-06-19 16:57:55,522 - __main__ - INFO - ...Text to Image MAP = 0.9174072171293021
2025-06-19 16:57:55,522 - __main__ - INFO - ...Average MAP = 0.9111555493673563
2025-06-19 16:58:04,516 - __main__ - INFO - Noise ratio: 0.8
2025-06-19 16:58:04,518 - __main__ - INFO - Namespace(dataset='xmedia', seed=8, alpha=1.0, lamda=1, margin=0.9, lambd=5, barycenter_number=1, top_k=10, warm_up_epoch=0, MAX_EPOCH=100, batch_size=256, output_dim=512, lr=0.0001, noisy_ratio=0.8, noise_mode='sym', GPU=1, hard_weight=True, noisy_train=True, logging='xmedia_findMAP')
2025-06-19 17:05:27,736 - __main__ - INFO - ...Image to Text MAP = 0.9117259910617934
2025-06-19 17:05:27,851 - __main__ - INFO - ...Text to Image MAP = 0.9171635779593383
2025-06-19 17:05:27,863 - __main__ - INFO - ...Average MAP = 0.9144447845105659
2025-06-19 17:05:35,407 - __main__ - INFO - Noise ratio: 0.2
2025-06-19 17:05:35,408 - __main__ - INFO - Namespace(dataset='xmedia', seed=9, alpha=0.1, lamda=1, margin=0.9, lambd=5, barycenter_number=1, top_k=10, warm_up_epoch=0, MAX_EPOCH=100, batch_size=256, output_dim=512, lr=0.0001, noisy_ratio=0.2, noise_mode='sym', GPU=1, hard_weight=True, noisy_train=True, logging='xmedia_findMAP')
2025-06-19 17:11:18,707 - __main__ - INFO - ...Image to Text MAP = 0.9182343693212339
2025-06-19 17:11:18,859 - __main__ - INFO - ...Text to Image MAP = 0.9171443953607242
2025-06-19 17:11:18,861 - __main__ - INFO - ...Average MAP = 0.9176893823409791
2025-06-19 17:11:26,586 - __main__ - INFO - Noise ratio: 0.4
2025-06-19 17:11:26,587 - __main__ - INFO - Namespace(dataset='xmedia', seed=9, alpha=0.1, lamda=1, margin=0.9, lambd=5, barycenter_number=1, top_k=10, warm_up_epoch=0, MAX_EPOCH=100, batch_size=256, output_dim=512, lr=0.0001, noisy_ratio=0.4, noise_mode='sym', GPU=1, hard_weight=True, noisy_train=True, logging='xmedia_findMAP')
2025-06-19 17:16:59,077 - __main__ - INFO - ...Image to Text MAP = 0.9055426220709956
2025-06-19 17:16:59,187 - __main__ - INFO - ...Text to Image MAP = 0.8927059711960785
2025-06-19 17:16:59,187 - __main__ - INFO - ...Average MAP = 0.8991242966335371
2025-06-19 17:17:05,060 - __main__ - INFO - Noise ratio: 0.6
2025-06-19 17:17:05,064 - __main__ - INFO - Namespace(dataset='xmedia', seed=9, alpha=0.1, lamda=1, margin=0.9, lambd=5, barycenter_number=1, top_k=10, warm_up_epoch=0, MAX_EPOCH=100, batch_size=256, output_dim=512, lr=0.0001, noisy_ratio=0.6, noise_mode='sym', GPU=1, hard_weight=True, noisy_train=True, logging='xmedia_findMAP')
2025-06-19 17:22:48,493 - __main__ - INFO - ...Image to Text MAP = 0.8652328044002879
2025-06-19 17:22:48,611 - __main__ - INFO - ...Text to Image MAP = 0.8476630459966888
2025-06-19 17:22:48,611 - __main__ - INFO - ...Average MAP = 0.8564479251984884
2025-06-19 17:22:55,259 - __main__ - INFO - Noise ratio: 0.8
2025-06-19 17:22:55,260 - __main__ - INFO - Namespace(dataset='xmedia', seed=9, alpha=0.1, lamda=1, margin=0.9, lambd=5, barycenter_number=1, top_k=10, warm_up_epoch=0, MAX_EPOCH=100, batch_size=256, output_dim=512, lr=0.0001, noisy_ratio=0.8, noise_mode='sym', GPU=1, hard_weight=True, noisy_train=True, logging='xmedia_findMAP')
2025-06-19 17:28:21,470 - __main__ - INFO - ...Image to Text MAP = 0.7140684098095328
2025-06-19 17:28:21,596 - __main__ - INFO - ...Text to Image MAP = 0.7537150425545238
2025-06-19 17:28:21,597 - __main__ - INFO - ...Average MAP = 0.7338917261820284
2025-06-19 17:28:29,262 - __main__ - INFO - Noise ratio: 0.2
2025-06-19 17:28:29,263 - __main__ - INFO - Namespace(dataset='xmedia', seed=9, alpha=0.2, lamda=1, margin=0.9, lambd=5, barycenter_number=1, top_k=10, warm_up_epoch=0, MAX_EPOCH=100, batch_size=256, output_dim=512, lr=0.0001, noisy_ratio=0.2, noise_mode='sym', GPU=1, hard_weight=True, noisy_train=True, logging='xmedia_findMAP')
2025-06-19 17:33:59,993 - __main__ - INFO - ...Image to Text MAP = 0.91795362306585
2025-06-19 17:34:00,117 - __main__ - INFO - ...Text to Image MAP = 0.9172398317968189
2025-06-19 17:34:00,117 - __main__ - INFO - ...Average MAP = 0.9175967274313345
2025-06-19 17:34:07,203 - __main__ - INFO - Noise ratio: 0.4
2025-06-19 17:34:07,205 - __main__ - INFO - Namespace(dataset='xmedia', seed=9, alpha=0.2, lamda=1, margin=0.9, lambd=5, barycenter_number=1, top_k=10, warm_up_epoch=0, MAX_EPOCH=100, batch_size=256, output_dim=512, lr=0.0001, noisy_ratio=0.4, noise_mode='sym', GPU=1, hard_weight=True, noisy_train=True, logging='xmedia_findMAP')
2025-06-19 17:40:12,820 - __main__ - INFO - ...Image to Text MAP = 0.9168136436067185
2025-06-19 17:40:12,938 - __main__ - INFO - ...Text to Image MAP = 0.9096193003721202
2025-06-19 17:40:12,939 - __main__ - INFO - ...Average MAP = 0.9132164719894194
2025-06-19 17:40:21,002 - __main__ - INFO - Noise ratio: 0.6
2025-06-19 17:40:21,004 - __main__ - INFO - Namespace(dataset='xmedia', seed=9, alpha=0.2, lamda=1, margin=0.9, lambd=5, barycenter_number=1, top_k=10, warm_up_epoch=0, MAX_EPOCH=100, batch_size=256, output_dim=512, lr=0.0001, noisy_ratio=0.6, noise_mode='sym', GPU=1, hard_weight=True, noisy_train=True, logging='xmedia_findMAP')
2025-06-19 17:46:33,693 - __main__ - INFO - ...Image to Text MAP = 0.889798238393927
2025-06-19 17:46:33,968 - __main__ - INFO - ...Text to Image MAP = 0.8988367098423627
2025-06-19 17:46:33,969 - __main__ - INFO - ...Average MAP = 0.8943174741181449
2025-06-19 17:46:43,525 - __main__ - INFO - Noise ratio: 0.8
2025-06-19 17:46:43,528 - __main__ - INFO - Namespace(dataset='xmedia', seed=9, alpha=0.2, lamda=1, margin=0.9, lambd=5, barycenter_number=1, top_k=10, warm_up_epoch=0, MAX_EPOCH=100, batch_size=256, output_dim=512, lr=0.0001, noisy_ratio=0.8, noise_mode='sym', GPU=1, hard_weight=True, noisy_train=True, logging='xmedia_findMAP')
2025-06-19 17:52:46,465 - __main__ - INFO - ...Image to Text MAP = 0.8844038866623021
2025-06-19 17:52:46,598 - __main__ - INFO - ...Text to Image MAP = 0.8911459761390822
2025-06-19 17:52:46,598 - __main__ - INFO - ...Average MAP = 0.8877749314006922
2025-06-19 17:52:54,086 - __main__ - INFO - Noise ratio: 0.2
2025-06-19 17:52:54,087 - __main__ - INFO - Namespace(dataset='xmedia', seed=9, alpha=0.3, lamda=1, margin=0.9, lambd=5, barycenter_number=1, top_k=10, warm_up_epoch=0, MAX_EPOCH=100, batch_size=256, output_dim=512, lr=0.0001, noisy_ratio=0.2, noise_mode='sym', GPU=1, hard_weight=True, noisy_train=True, logging='xmedia_findMAP')
2025-06-19 17:58:26,664 - __main__ - INFO - ...Image to Text MAP = 0.9220321406201868
2025-06-19 17:58:26,782 - __main__ - INFO - ...Text to Image MAP = 0.9201599174077417
2025-06-19 17:58:26,783 - __main__ - INFO - ...Average MAP = 0.9210960290139643
2025-06-19 17:58:34,683 - __main__ - INFO - Noise ratio: 0.4
2025-06-19 17:58:34,685 - __main__ - INFO - Namespace(dataset='xmedia', seed=9, alpha=0.3, lamda=1, margin=0.9, lambd=5, barycenter_number=1, top_k=10, warm_up_epoch=0, MAX_EPOCH=100, batch_size=256, output_dim=512, lr=0.0001, noisy_ratio=0.4, noise_mode='sym', GPU=1, hard_weight=True, noisy_train=True, logging='xmedia_findMAP')
2025-06-19 18:04:49,777 - __main__ - INFO - ...Image to Text MAP = 0.9129619000147222
2025-06-19 18:04:49,937 - __main__ - INFO - ...Text to Image MAP = 0.9093607148343092
2025-06-19 18:04:49,950 - __main__ - INFO - ...Average MAP = 0.9111613074245157
2025-06-19 18:04:58,066 - __main__ - INFO - Noise ratio: 0.6
2025-06-19 18:04:58,067 - __main__ - INFO - Namespace(dataset='xmedia', seed=9, alpha=0.3, lamda=1, margin=0.9, lambd=5, barycenter_number=1, top_k=10, warm_up_epoch=0, MAX_EPOCH=100, batch_size=256, output_dim=512, lr=0.0001, noisy_ratio=0.6, noise_mode='sym', GPU=1, hard_weight=True, noisy_train=True, logging='xmedia_findMAP')
2025-06-19 18:11:09,162 - __main__ - INFO - ...Image to Text MAP = 0.9105447396538443
2025-06-19 18:11:09,322 - __main__ - INFO - ...Text to Image MAP = 0.9157892023623899
2025-06-19 18:11:09,324 - __main__ - INFO - ...Average MAP = 0.9131669710081172
2025-06-19 18:11:16,062 - __main__ - INFO - Noise ratio: 0.8
2025-06-19 18:11:16,063 - __main__ - INFO - Namespace(dataset='xmedia', seed=9, alpha=0.3, lamda=1, margin=0.9, lambd=5, barycenter_number=1, top_k=10, warm_up_epoch=0, MAX_EPOCH=100, batch_size=256, output_dim=512, lr=0.0001, noisy_ratio=0.8, noise_mode='sym', GPU=1, hard_weight=True, noisy_train=True, logging='xmedia_findMAP')
2025-06-19 18:18:15,587 - __main__ - INFO - ...Image to Text MAP = 0.9140295974938165
2025-06-19 18:18:15,707 - __main__ - INFO - ...Text to Image MAP = 0.916532735408762
2025-06-19 18:18:15,708 - __main__ - INFO - ...Average MAP = 0.9152811664512892
2025-06-19 18:18:22,836 - __main__ - INFO - Noise ratio: 0.2
2025-06-19 18:18:22,837 - __main__ - INFO - Namespace(dataset='xmedia', seed=9, alpha=0.4, lamda=1, margin=0.9, lambd=5, barycenter_number=1, top_k=10, warm_up_epoch=0, MAX_EPOCH=100, batch_size=256, output_dim=512, lr=0.0001, noisy_ratio=0.2, noise_mode='sym', GPU=1, hard_weight=True, noisy_train=True, logging='xmedia_findMAP')
2025-06-19 18:24:46,999 - __main__ - INFO - ...Image to Text MAP = 0.9183168839697324
2025-06-19 18:24:47,119 - __main__ - INFO - ...Text to Image MAP = 0.9182463525547414
2025-06-19 18:24:47,119 - __main__ - INFO - ...Average MAP = 0.9182816182622369
2025-06-19 18:24:54,415 - __main__ - INFO - Noise ratio: 0.4
2025-06-19 18:24:54,417 - __main__ - INFO - Namespace(dataset='xmedia', seed=9, alpha=0.4, lamda=1, margin=0.9, lambd=5, barycenter_number=1, top_k=10, warm_up_epoch=0, MAX_EPOCH=100, batch_size=256, output_dim=512, lr=0.0001, noisy_ratio=0.4, noise_mode='sym', GPU=1, hard_weight=True, noisy_train=True, logging='xmedia_findMAP')
2025-06-19 18:31:42,685 - __main__ - INFO - ...Image to Text MAP = 0.9146030405199421
2025-06-19 18:31:42,851 - __main__ - INFO - ...Text to Image MAP = 0.9137708355231
2025-06-19 18:31:42,882 - __main__ - INFO - ...Average MAP = 0.9141869380215211
2025-06-19 18:32:02,451 - __main__ - INFO - Noise ratio: 0.6
2025-06-19 18:32:02,454 - __main__ - INFO - Namespace(dataset='xmedia', seed=9, alpha=0.4, lamda=1, margin=0.9, lambd=5, barycenter_number=1, top_k=10, warm_up_epoch=0, MAX_EPOCH=100, batch_size=256, output_dim=512, lr=0.0001, noisy_ratio=0.6, noise_mode='sym', GPU=1, hard_weight=True, noisy_train=True, logging='xmedia_findMAP')
2025-06-19 18:40:25,842 - __main__ - INFO - ...Image to Text MAP = 0.9097839929398633
2025-06-19 18:40:25,965 - __main__ - INFO - ...Text to Image MAP = 0.9152637605503728
2025-06-19 18:40:25,966 - __main__ - INFO - ...Average MAP = 0.912523876745118
2025-06-19 18:40:40,991 - __main__ - INFO - Noise ratio: 0.8
2025-06-19 18:40:40,994 - __main__ - INFO - Namespace(dataset='xmedia', seed=9, alpha=0.4, lamda=1, margin=0.9, lambd=5, barycenter_number=1, top_k=10, warm_up_epoch=0, MAX_EPOCH=100, batch_size=256, output_dim=512, lr=0.0001, noisy_ratio=0.8, noise_mode='sym', GPU=1, hard_weight=True, noisy_train=True, logging='xmedia_findMAP')
2025-06-19 18:49:59,362 - __main__ - INFO - ...Image to Text MAP = 0.9141274780841923
2025-06-19 18:49:59,502 - __main__ - INFO - ...Text to Image MAP = 0.9212106412967627
2025-06-19 18:49:59,508 - __main__ - INFO - ...Average MAP = 0.9176690596904775
2025-06-19 18:50:11,116 - __main__ - INFO - Noise ratio: 0.2
2025-06-19 18:50:11,118 - __main__ - INFO - Namespace(dataset='xmedia', seed=9, alpha=0.5, lamda=1, margin=0.9, lambd=5, barycenter_number=1, top_k=10, warm_up_epoch=0, MAX_EPOCH=100, batch_size=256, output_dim=512, lr=0.0001, noisy_ratio=0.2, noise_mode='sym', GPU=1, hard_weight=True, noisy_train=True, logging='xmedia_findMAP')
2025-06-19 19:00:20,013 - __main__ - INFO - ...Image to Text MAP = 0.917511883826103
2025-06-19 19:00:20,154 - __main__ - INFO - ...Text to Image MAP = 0.9180895168746239
2025-06-19 19:00:20,154 - __main__ - INFO - ...Average MAP = 0.9178007003503634
2025-06-19 19:00:31,813 - __main__ - INFO - Noise ratio: 0.4
2025-06-19 19:00:31,814 - __main__ - INFO - Namespace(dataset='xmedia', seed=9, alpha=0.5, lamda=1, margin=0.9, lambd=5, barycenter_number=1, top_k=10, warm_up_epoch=0, MAX_EPOCH=100, batch_size=256, output_dim=512, lr=0.0001, noisy_ratio=0.4, noise_mode='sym', GPU=1, hard_weight=True, noisy_train=True, logging='xmedia_findMAP')
2025-06-19 19:10:16,315 - __main__ - INFO - ...Image to Text MAP = 0.9190501782614966
2025-06-19 19:10:16,480 - __main__ - INFO - ...Text to Image MAP = 0.9128590432095209
2025-06-19 19:10:16,488 - __main__ - INFO - ...Average MAP = 0.9159546107355088
2025-06-19 19:10:28,382 - __main__ - INFO - Noise ratio: 0.6
2025-06-19 19:10:28,383 - __main__ - INFO - Namespace(dataset='xmedia', seed=9, alpha=0.5, lamda=1, margin=0.9, lambd=5, barycenter_number=1, top_k=10, warm_up_epoch=0, MAX_EPOCH=100, batch_size=256, output_dim=512, lr=0.0001, noisy_ratio=0.6, noise_mode='sym', GPU=1, hard_weight=True, noisy_train=True, logging='xmedia_findMAP')
2025-06-19 19:20:07,488 - __main__ - INFO - ...Image to Text MAP = 0.9119627427089673
2025-06-19 19:20:07,596 - __main__ - INFO - ...Text to Image MAP = 0.9192206270465062
2025-06-19 19:20:07,597 - __main__ - INFO - ...Average MAP = 0.9155916848777368
2025-06-19 19:20:17,583 - __main__ - INFO - Noise ratio: 0.8
2025-06-19 19:20:17,585 - __main__ - INFO - Namespace(dataset='xmedia', seed=9, alpha=0.5, lamda=1, margin=0.9, lambd=5, barycenter_number=1, top_k=10, warm_up_epoch=0, MAX_EPOCH=100, batch_size=256, output_dim=512, lr=0.0001, noisy_ratio=0.8, noise_mode='sym', GPU=1, hard_weight=True, noisy_train=True, logging='xmedia_findMAP')
2025-06-19 19:28:27,996 - __main__ - INFO - ...Image to Text MAP = 0.9103528532374882
2025-06-19 19:28:28,098 - __main__ - INFO - ...Text to Image MAP = 0.914803983949333
2025-06-19 19:28:28,099 - __main__ - INFO - ...Average MAP = 0.9125784185934106
2025-06-19 19:28:37,999 - __main__ - INFO - Noise ratio: 0.2
2025-06-19 19:28:38,001 - __main__ - INFO - Namespace(dataset='xmedia', seed=9, alpha=0.6, lamda=1, margin=0.9, lambd=5, barycenter_number=1, top_k=10, warm_up_epoch=0, MAX_EPOCH=100, batch_size=256, output_dim=512, lr=0.0001, noisy_ratio=0.2, noise_mode='sym', GPU=1, hard_weight=True, noisy_train=True, logging='xmedia_findMAP')
2025-06-19 19:39:17,119 - __main__ - INFO - ...Image to Text MAP = 0.9234838680582615
2025-06-19 19:39:17,224 - __main__ - INFO - ...Text to Image MAP = 0.9215603404141071
2025-06-19 19:39:17,224 - __main__ - INFO - ...Average MAP = 0.9225221042361843
2025-06-19 19:39:40,033 - __main__ - INFO - Noise ratio: 0.4
2025-06-19 19:39:40,035 - __main__ - INFO - Namespace(dataset='xmedia', seed=9, alpha=0.6, lamda=1, margin=0.9, lambd=5, barycenter_number=1, top_k=10, warm_up_epoch=0, MAX_EPOCH=100, batch_size=256, output_dim=512, lr=0.0001, noisy_ratio=0.4, noise_mode='sym', GPU=1, hard_weight=True, noisy_train=True, logging='xmedia_findMAP')
2025-06-19 19:47:55,343 - __main__ - INFO - ...Image to Text MAP = 0.9181866769606695
2025-06-19 19:47:55,483 - __main__ - INFO - ...Text to Image MAP = 0.9086606976226845
2025-06-19 19:47:55,484 - __main__ - INFO - ...Average MAP = 0.913423687291677
2025-06-19 19:48:13,173 - __main__ - INFO - Noise ratio: 0.6
2025-06-19 19:48:13,177 - __main__ - INFO - Namespace(dataset='xmedia', seed=9, alpha=0.6, lamda=1, margin=0.9, lambd=5, barycenter_number=1, top_k=10, warm_up_epoch=0, MAX_EPOCH=100, batch_size=256, output_dim=512, lr=0.0001, noisy_ratio=0.6, noise_mode='sym', GPU=1, hard_weight=True, noisy_train=True, logging='xmedia_findMAP')
2025-06-19 19:56:08,920 - __main__ - INFO - ...Image to Text MAP = 0.9104099620408758
2025-06-19 19:56:09,018 - __main__ - INFO - ...Text to Image MAP = 0.9213058645845102
2025-06-19 19:56:09,021 - __main__ - INFO - ...Average MAP = 0.915857913312693
2025-06-19 19:56:24,540 - __main__ - INFO - Noise ratio: 0.8
2025-06-19 19:56:24,542 - __main__ - INFO - Namespace(dataset='xmedia', seed=9, alpha=0.6, lamda=1, margin=0.9, lambd=5, barycenter_number=1, top_k=10, warm_up_epoch=0, MAX_EPOCH=100, batch_size=256, output_dim=512, lr=0.0001, noisy_ratio=0.8, noise_mode='sym', GPU=1, hard_weight=True, noisy_train=True, logging='xmedia_findMAP')
2025-06-19 20:04:18,283 - __main__ - INFO - ...Image to Text MAP = 0.9078943356620539
2025-06-19 20:04:18,398 - __main__ - INFO - ...Text to Image MAP = 0.9174132136558708
2025-06-19 20:04:18,399 - __main__ - INFO - ...Average MAP = 0.9126537746589624
2025-06-19 20:04:40,676 - __main__ - INFO - Noise ratio: 0.2
2025-06-19 20:04:40,679 - __main__ - INFO - Namespace(dataset='xmedia', seed=9, alpha=0.7, lamda=1, margin=0.9, lambd=5, barycenter_number=1, top_k=10, warm_up_epoch=0, MAX_EPOCH=100, batch_size=256, output_dim=512, lr=0.0001, noisy_ratio=0.2, noise_mode='sym', GPU=1, hard_weight=True, noisy_train=True, logging='xmedia_findMAP')
2025-06-19 20:14:58,828 - __main__ - INFO - ...Image to Text MAP = 0.9207049831691092
2025-06-19 20:14:59,006 - __main__ - INFO - ...Text to Image MAP = 0.9232945339341149
2025-06-19 20:14:59,007 - __main__ - INFO - ...Average MAP = 0.921999758551612
2025-06-19 20:15:10,300 - __main__ - INFO - Noise ratio: 0.4
2025-06-19 20:15:10,304 - __main__ - INFO - Namespace(dataset='xmedia', seed=9, alpha=0.7, lamda=1, margin=0.9, lambd=5, barycenter_number=1, top_k=10, warm_up_epoch=0, MAX_EPOCH=100, batch_size=256, output_dim=512, lr=0.0001, noisy_ratio=0.4, noise_mode='sym', GPU=1, hard_weight=True, noisy_train=True, logging='xmedia_findMAP')
2025-06-19 20:23:50,280 - __main__ - INFO - ...Image to Text MAP = 0.9182464189173822
2025-06-19 20:23:50,417 - __main__ - INFO - ...Text to Image MAP = 0.9136094717586056
2025-06-19 20:23:50,417 - __main__ - INFO - ...Average MAP = 0.9159279453379939
2025-06-19 20:24:00,275 - __main__ - INFO - Noise ratio: 0.6
2025-06-19 20:24:00,277 - __main__ - INFO - Namespace(dataset='xmedia', seed=9, alpha=0.7, lamda=1, margin=0.9, lambd=5, barycenter_number=1, top_k=10, warm_up_epoch=0, MAX_EPOCH=100, batch_size=256, output_dim=512, lr=0.0001, noisy_ratio=0.6, noise_mode='sym', GPU=1, hard_weight=True, noisy_train=True, logging='xmedia_findMAP')
2025-06-19 20:31:30,246 - __main__ - INFO - ...Image to Text MAP = 0.9141179382562185
2025-06-19 20:31:30,414 - __main__ - INFO - ...Text to Image MAP = 0.9175347296937615
2025-06-19 20:31:30,486 - __main__ - INFO - ...Average MAP = 0.9158263339749899
2025-06-19 20:31:57,981 - __main__ - INFO - Noise ratio: 0.8
2025-06-19 20:31:57,983 - __main__ - INFO - Namespace(dataset='xmedia', seed=9, alpha=0.7, lamda=1, margin=0.9, lambd=5, barycenter_number=1, top_k=10, warm_up_epoch=0, MAX_EPOCH=100, batch_size=256, output_dim=512, lr=0.0001, noisy_ratio=0.8, noise_mode='sym', GPU=1, hard_weight=True, noisy_train=True, logging='xmedia_findMAP')
2025-06-19 20:38:28,532 - __main__ - INFO - ...Image to Text MAP = 0.9089979103384063
2025-06-19 20:38:28,754 - __main__ - INFO - ...Text to Image MAP = 0.9110527494709016
2025-06-19 20:38:28,799 - __main__ - INFO - ...Average MAP = 0.9100253299046539
2025-06-19 20:41:11,047 - __main__ - INFO - Noise ratio: 0.2
2025-06-19 20:41:11,053 - __main__ - INFO - Namespace(dataset='xmedia', seed=9, alpha=0.8, lamda=1, margin=0.9, lambd=5, barycenter_number=1, top_k=10, warm_up_epoch=0, MAX_EPOCH=100, batch_size=256, output_dim=512, lr=0.0001, noisy_ratio=0.2, noise_mode='sym', GPU=1, hard_weight=True, noisy_train=True, logging='xmedia_findMAP')
2025-06-19 20:48:55,539 - __main__ - INFO - ...Image to Text MAP = 0.9233887702073252
2025-06-19 20:48:55,659 - __main__ - INFO - ...Text to Image MAP = 0.9255405704545725
2025-06-19 20:48:55,680 - __main__ - INFO - ...Average MAP = 0.9244646703309489
2025-06-19 20:49:09,454 - __main__ - INFO - Noise ratio: 0.4
2025-06-19 20:49:09,456 - __main__ - INFO - Namespace(dataset='xmedia', seed=9, alpha=0.8, lamda=1, margin=0.9, lambd=5, barycenter_number=1, top_k=10, warm_up_epoch=0, MAX_EPOCH=100, batch_size=256, output_dim=512, lr=0.0001, noisy_ratio=0.4, noise_mode='sym', GPU=1, hard_weight=True, noisy_train=True, logging='xmedia_findMAP')
2025-06-19 20:57:23,141 - __main__ - INFO - ...Image to Text MAP = 0.9127470380883228
2025-06-19 20:57:23,261 - __main__ - INFO - ...Text to Image MAP = 0.9090125982428214
2025-06-19 20:57:23,262 - __main__ - INFO - ...Average MAP = 0.9108798181655722
2025-06-19 20:57:33,713 - __main__ - INFO - Noise ratio: 0.6
2025-06-19 20:57:33,716 - __main__ - INFO - Namespace(dataset='xmedia', seed=9, alpha=0.8, lamda=1, margin=0.9, lambd=5, barycenter_number=1, top_k=10, warm_up_epoch=0, MAX_EPOCH=100, batch_size=256, output_dim=512, lr=0.0001, noisy_ratio=0.6, noise_mode='sym', GPU=1, hard_weight=True, noisy_train=True, logging='xmedia_findMAP')
2025-06-19 21:05:45,854 - __main__ - INFO - ...Image to Text MAP = 0.9074255336578112
2025-06-19 21:05:46,122 - __main__ - INFO - ...Text to Image MAP = 0.9143969196603111
2025-06-19 21:05:46,122 - __main__ - INFO - ...Average MAP = 0.9109112266590611
2025-06-19 21:05:55,835 - __main__ - INFO - Noise ratio: 0.8
2025-06-19 21:05:55,837 - __main__ - INFO - Namespace(dataset='xmedia', seed=9, alpha=0.8, lamda=1, margin=0.9, lambd=5, barycenter_number=1, top_k=10, warm_up_epoch=0, MAX_EPOCH=100, batch_size=256, output_dim=512, lr=0.0001, noisy_ratio=0.8, noise_mode='sym', GPU=1, hard_weight=True, noisy_train=True, logging='xmedia_findMAP')
2025-06-19 21:15:21,431 - __main__ - INFO - ...Image to Text MAP = 0.9126664324050917
2025-06-19 21:15:21,537 - __main__ - INFO - ...Text to Image MAP = 0.9211190906206719
2025-06-19 21:15:21,537 - __main__ - INFO - ...Average MAP = 0.9168927615128818
2025-06-19 21:15:31,733 - __main__ - INFO - Noise ratio: 0.2
2025-06-19 21:15:31,738 - __main__ - INFO - Namespace(dataset='xmedia', seed=9, alpha=0.9, lamda=1, margin=0.9, lambd=5, barycenter_number=1, top_k=10, warm_up_epoch=0, MAX_EPOCH=100, batch_size=256, output_dim=512, lr=0.0001, noisy_ratio=0.2, noise_mode='sym', GPU=1, hard_weight=True, noisy_train=True, logging='xmedia_findMAP')
2025-06-19 21:15:52,529 - __main__ - INFO - Noise ratio: 0.4
2025-06-19 21:15:52,532 - __main__ - INFO - Namespace(dataset='xmedia', seed=9, alpha=0.9, lamda=1, margin=0.9, lambd=5, barycenter_number=1, top_k=10, warm_up_epoch=0, MAX_EPOCH=100, batch_size=256, output_dim=512, lr=0.0001, noisy_ratio=0.4, noise_mode='sym', GPU=1, hard_weight=True, noisy_train=True, logging='xmedia_findMAP')
2025-06-19 21:24:46,968 - __main__ - INFO - ...Image to Text MAP = 0.9120890685031343
2025-06-19 21:24:47,070 - __main__ - INFO - ...Text to Image MAP = 0.9122839929599392
2025-06-19 21:24:47,070 - __main__ - INFO - ...Average MAP = 0.9121865307315368
2025-06-19 21:24:57,295 - __main__ - INFO - Noise ratio: 0.6
2025-06-19 21:24:57,300 - __main__ - INFO - Namespace(dataset='xmedia', seed=9, alpha=0.9, lamda=1, margin=0.9, lambd=5, barycenter_number=1, top_k=10, warm_up_epoch=0, MAX_EPOCH=100, batch_size=256, output_dim=512, lr=0.0001, noisy_ratio=0.6, noise_mode='sym', GPU=1, hard_weight=True, noisy_train=True, logging='xmedia_findMAP')
2025-06-19 21:33:53,824 - __main__ - INFO - ...Image to Text MAP = 0.9137956963681959
2025-06-19 21:33:53,967 - __main__ - INFO - ...Text to Image MAP = 0.9215346953514738
2025-06-19 21:33:53,968 - __main__ - INFO - ...Average MAP = 0.9176651958598349
2025-06-19 21:34:04,580 - __main__ - INFO - Noise ratio: 0.8
2025-06-19 21:34:04,583 - __main__ - INFO - Namespace(dataset='xmedia', seed=9, alpha=0.9, lamda=1, margin=0.9, lambd=5, barycenter_number=1, top_k=10, warm_up_epoch=0, MAX_EPOCH=100, batch_size=256, output_dim=512, lr=0.0001, noisy_ratio=0.8, noise_mode='sym', GPU=1, hard_weight=True, noisy_train=True, logging='xmedia_findMAP')
