2025-06-17 16:38:57,218 - __main__ - INFO - Noise ratio: 0.2
2025-06-17 16:38:57,219 - __main__ - INFO - Namespace(dataset='xmedia', seed=0, alpha=0.5, lamda=1, margin=0.9, lambd=5, barycenter_number=1, top_k=10, warm_up_epoch=0, MAX_EPOCH=100, batch_size=256, output_dim=512, lr=0.0001, noisy_ratio=0.2, noise_mode='sym', GPU=1, hard_weight=True, noisy_train=True, logging='xmedia_ablation')
2025-06-17 16:46:35,906 - __main__ - INFO - ...Image to Text MAP = 0.913819953879796
2025-06-17 16:46:36,026 - __main__ - INFO - ...Text to Image MAP = 0.9164698932846871
2025-06-17 16:46:36,027 - __main__ - INFO - ...Average MAP = 0.9151449235822415
2025-06-17 16:46:45,031 - __main__ - INFO - Noise ratio: 0.2
2025-06-17 16:46:45,033 - __main__ - INFO - Namespace(dataset='xmedia', seed=0, alpha=0.0, lamda=1, margin=0.9, lambd=5, barycenter_number=1, top_k=10, warm_up_epoch=0, MAX_EPOCH=100, batch_size=256, output_dim=512, lr=0.0001, noisy_ratio=0.2, noise_mode='sym', GPU=1, hard_weight=True, noisy_train=True, logging='xmedia_ablation')
2025-06-17 16:54:12,477 - __main__ - INFO - ...Image to Text MAP = 0.9092903505892691
2025-06-17 16:54:12,613 - __main__ - INFO - ...Text to Image MAP = 0.9052745003750521
2025-06-17 16:54:12,614 - __main__ - INFO - ...Average MAP = 0.9072824254821605
2025-06-17 16:54:21,800 - __main__ - INFO - Noise ratio: 0.2
2025-06-17 16:54:21,801 - __main__ - INFO - Namespace(dataset='xmedia', seed=0, alpha=0.5, lamda=1, margin=0.9, lambd=5, barycenter_number=1, top_k=10, warm_up_epoch=0, MAX_EPOCH=100, batch_size=256, output_dim=512, lr=0.0001, noisy_ratio=0.2, noise_mode='sym', GPU=1, hard_weight=True, noisy_train=False, logging='xmedia_ablation')
2025-06-17 17:01:39,281 - __main__ - INFO - ...Image to Text MAP = 0.9108183434430092
2025-06-17 17:01:39,445 - __main__ - INFO - ...Text to Image MAP = 0.9062457964471178
2025-06-17 17:01:39,446 - __main__ - INFO - ...Average MAP = 0.9085320699450634
2025-06-17 17:01:48,191 - __main__ - INFO - Noise ratio: 0.2
2025-06-17 17:01:48,191 - __main__ - INFO - Namespace(dataset='xmedia', seed=0, alpha=0.5, lamda=0.0, margin=0.9, lambd=5, barycenter_number=1, top_k=10, warm_up_epoch=0, MAX_EPOCH=100, batch_size=256, output_dim=512, lr=0.0001, noisy_ratio=0.2, noise_mode='sym', GPU=1, hard_weight=True, noisy_train=True, logging='xmedia_ablation')
2025-06-17 17:09:38,868 - __main__ - INFO - ...Image to Text MAP = 0.9066281335300199
2025-06-17 17:09:38,964 - __main__ - INFO - ...Text to Image MAP = 0.9144479868191667
2025-06-17 17:09:38,965 - __main__ - INFO - ...Average MAP = 0.9105380601745934
2025-06-17 17:09:52,001 - __main__ - INFO - Noise ratio: 0.2
2025-06-17 17:09:52,005 - __main__ - INFO - Namespace(dataset='xmedia', seed=0, alpha=0.5, lamda=1, margin=0.9, lambd=5, barycenter_number=1, top_k=10, warm_up_epoch=0, MAX_EPOCH=100, batch_size=256, output_dim=512, lr=0.0001, noisy_ratio=0.2, noise_mode='sym', GPU=1, hard_weight=False, noisy_train=True, logging='xmedia_ablation')
2025-06-17 17:19:40,404 - __main__ - INFO - ...Image to Text MAP = 0.9194497544261817
2025-06-17 17:19:40,638 - __main__ - INFO - ...Text to Image MAP = 0.9115344221484497
2025-06-17 17:19:40,678 - __main__ - INFO - ...Average MAP = 0.9154920882873157
2025-06-17 17:21:24,251 - __main__ - INFO - Noise ratio: 0.4
2025-06-17 17:21:24,253 - __main__ - INFO - Namespace(dataset='xmedia', seed=0, alpha=0.5, lamda=1, margin=0.9, lambd=5, barycenter_number=1, top_k=10, warm_up_epoch=0, MAX_EPOCH=100, batch_size=256, output_dim=512, lr=0.0001, noisy_ratio=0.4, noise_mode='sym', GPU=1, hard_weight=True, noisy_train=True, logging='xmedia_ablation')
2025-06-17 17:27:32,010 - __main__ - INFO - ...Image to Text MAP = 0.9215899445983254
2025-06-17 17:27:32,183 - __main__ - INFO - ...Text to Image MAP = 0.9078596835947906
2025-06-17 17:27:32,218 - __main__ - INFO - ...Average MAP = 0.914724814096558
2025-06-17 17:35:41,863 - __main__ - INFO - Noise ratio: 0.4
2025-06-17 17:35:41,865 - __main__ - INFO - Namespace(dataset='xmedia', seed=0, alpha=0.0, lamda=1, margin=0.9, lambd=5, barycenter_number=1, top_k=10, warm_up_epoch=0, MAX_EPOCH=100, batch_size=256, output_dim=512, lr=0.0001, noisy_ratio=0.4, noise_mode='sym', GPU=1, hard_weight=True, noisy_train=True, logging='xmedia_ablation')
2025-06-17 17:43:46,808 - __main__ - INFO - ...Image to Text MAP = 0.8801442373165019
2025-06-17 17:43:46,936 - __main__ - INFO - ...Text to Image MAP = 0.8610275484192166
2025-06-17 17:43:46,937 - __main__ - INFO - ...Average MAP = 0.8705858928678593
2025-06-17 17:44:58,426 - __main__ - INFO - Noise ratio: 0.4
2025-06-17 17:44:58,433 - __main__ - INFO - Namespace(dataset='xmedia', seed=0, alpha=0.5, lamda=1, margin=0.9, lambd=5, barycenter_number=1, top_k=10, warm_up_epoch=0, MAX_EPOCH=100, batch_size=256, output_dim=512, lr=0.0001, noisy_ratio=0.4, noise_mode='sym', GPU=1, hard_weight=True, noisy_train=False, logging='xmedia_ablation')
2025-06-17 17:51:47,221 - __main__ - INFO - ...Image to Text MAP = 0.9030199745297864
2025-06-17 17:51:47,328 - __main__ - INFO - ...Text to Image MAP = 0.8880144765018543
2025-06-17 17:51:47,341 - __main__ - INFO - ...Average MAP = 0.8955172255158204
2025-06-17 17:58:14,819 - __main__ - INFO - Noise ratio: 0.4
2025-06-17 17:58:14,820 - __main__ - INFO - Namespace(dataset='xmedia', seed=0, alpha=0.5, lamda=0.0, margin=0.9, lambd=5, barycenter_number=1, top_k=10, warm_up_epoch=0, MAX_EPOCH=100, batch_size=256, output_dim=512, lr=0.0001, noisy_ratio=0.4, noise_mode='sym', GPU=1, hard_weight=True, noisy_train=True, logging='xmedia_ablation')
2025-06-17 18:07:06,526 - __main__ - INFO - ...Image to Text MAP = 0.9068907370602717
2025-06-17 18:07:06,956 - __main__ - INFO - ...Text to Image MAP = 0.9160018729861853
2025-06-17 18:07:06,956 - __main__ - INFO - ...Average MAP = 0.9114463050232284
2025-06-17 18:07:16,003 - __main__ - INFO - Noise ratio: 0.4
2025-06-17 18:07:16,004 - __main__ - INFO - Namespace(dataset='xmedia', seed=0, alpha=0.5, lamda=1, margin=0.9, lambd=5, barycenter_number=1, top_k=10, warm_up_epoch=0, MAX_EPOCH=100, batch_size=256, output_dim=512, lr=0.0001, noisy_ratio=0.4, noise_mode='sym', GPU=1, hard_weight=False, noisy_train=True, logging='xmedia_ablation')
2025-06-17 18:16:50,693 - __main__ - INFO - ...Image to Text MAP = 0.9111598847553041
2025-06-17 18:16:50,824 - __main__ - INFO - ...Text to Image MAP = 0.8956543835315818
2025-06-17 18:16:50,824 - __main__ - INFO - ...Average MAP = 0.9034071341434429
2025-06-17 18:17:00,168 - __main__ - INFO - Noise ratio: 0.6
2025-06-17 18:17:00,170 - __main__ - INFO - Namespace(dataset='xmedia', seed=0, alpha=0.5, lamda=1, margin=0.9, lambd=5, barycenter_number=1, top_k=10, warm_up_epoch=0, MAX_EPOCH=100, batch_size=256, output_dim=512, lr=0.0001, noisy_ratio=0.6, noise_mode='sym', GPU=1, hard_weight=True, noisy_train=True, logging='xmedia_ablation')
2025-06-17 18:26:38,704 - __main__ - INFO - ...Image to Text MAP = 0.9151577383518724
2025-06-17 18:26:38,858 - __main__ - INFO - ...Text to Image MAP = 0.9180361796227133
2025-06-17 18:26:38,858 - __main__ - INFO - ...Average MAP = 0.9165969589872929
2025-06-17 18:26:49,509 - __main__ - INFO - Noise ratio: 0.6
2025-06-17 18:26:49,511 - __main__ - INFO - Namespace(dataset='xmedia', seed=0, alpha=0.0, lamda=1, margin=0.9, lambd=5, barycenter_number=1, top_k=10, warm_up_epoch=0, MAX_EPOCH=100, batch_size=256, output_dim=512, lr=0.0001, noisy_ratio=0.6, noise_mode='sym', GPU=1, hard_weight=True, noisy_train=True, logging='xmedia_ablation')
2025-06-17 18:37:00,409 - __main__ - INFO - ...Image to Text MAP = 0.4027065208133694
2025-06-17 18:37:00,548 - __main__ - INFO - ...Text to Image MAP = 0.3823235933227543
2025-06-17 18:37:00,549 - __main__ - INFO - ...Average MAP = 0.39251505706806183
2025-06-17 18:37:12,507 - __main__ - INFO - Noise ratio: 0.6
2025-06-17 18:37:12,513 - __main__ - INFO - Namespace(dataset='xmedia', seed=0, alpha=0.5, lamda=1, margin=0.9, lambd=5, barycenter_number=1, top_k=10, warm_up_epoch=0, MAX_EPOCH=100, batch_size=256, output_dim=512, lr=0.0001, noisy_ratio=0.6, noise_mode='sym', GPU=1, hard_weight=True, noisy_train=False, logging='xmedia_ablation')
2025-06-17 18:44:45,966 - __main__ - INFO - ...Image to Text MAP = 0.8838323622897983
2025-06-17 18:44:46,143 - __main__ - INFO - ...Text to Image MAP = 0.8822791301493734
2025-06-17 18:44:46,144 - __main__ - INFO - ...Average MAP = 0.8830557462195858
2025-06-17 18:44:55,925 - __main__ - INFO - Noise ratio: 0.6
2025-06-17 18:44:55,926 - __main__ - INFO - Namespace(dataset='xmedia', seed=0, alpha=0.5, lamda=0.0, margin=0.9, lambd=5, barycenter_number=1, top_k=10, warm_up_epoch=0, MAX_EPOCH=100, batch_size=256, output_dim=512, lr=0.0001, noisy_ratio=0.6, noise_mode='sym', GPU=1, hard_weight=True, noisy_train=True, logging='xmedia_ablation')
2025-06-17 18:54:20,015 - __main__ - INFO - ...Image to Text MAP = 0.9077449439730348
2025-06-17 18:54:20,140 - __main__ - INFO - ...Text to Image MAP = 0.918198753710576
2025-06-17 18:54:20,141 - __main__ - INFO - ...Average MAP = 0.9129718488418055
2025-06-17 18:54:30,503 - __main__ - INFO - Noise ratio: 0.6
2025-06-17 18:54:30,504 - __main__ - INFO - Namespace(dataset='xmedia', seed=0, alpha=0.5, lamda=1, margin=0.9, lambd=5, barycenter_number=1, top_k=10, warm_up_epoch=0, MAX_EPOCH=100, batch_size=256, output_dim=512, lr=0.0001, noisy_ratio=0.6, noise_mode='sym', GPU=1, hard_weight=False, noisy_train=True, logging='xmedia_ablation')
2025-06-17 19:04:30,952 - __main__ - INFO - ...Image to Text MAP = 0.9002792374180233
2025-06-17 19:04:31,314 - __main__ - INFO - ...Text to Image MAP = 0.9117138521220104
2025-06-17 19:04:31,315 - __main__ - INFO - ...Average MAP = 0.9059965447700169
2025-06-17 19:04:42,665 - __main__ - INFO - Noise ratio: 0.8
2025-06-17 19:04:42,669 - __main__ - INFO - Namespace(dataset='xmedia', seed=0, alpha=0.5, lamda=1, margin=0.9, lambd=5, barycenter_number=1, top_k=10, warm_up_epoch=0, MAX_EPOCH=100, batch_size=256, output_dim=512, lr=0.0001, noisy_ratio=0.8, noise_mode='sym', GPU=1, hard_weight=True, noisy_train=True, logging='xmedia_ablation')
2025-06-17 19:14:31,442 - __main__ - INFO - ...Image to Text MAP = 0.9114740211225233
2025-06-17 19:14:31,569 - __main__ - INFO - ...Text to Image MAP = 0.9199865501660354
2025-06-17 19:14:31,574 - __main__ - INFO - ...Average MAP = 0.9157302856442793
2025-06-17 19:14:42,443 - __main__ - INFO - Noise ratio: 0.8
2025-06-17 19:14:42,445 - __main__ - INFO - Namespace(dataset='xmedia', seed=0, alpha=0.0, lamda=1, margin=0.9, lambd=5, barycenter_number=1, top_k=10, warm_up_epoch=0, MAX_EPOCH=100, batch_size=256, output_dim=512, lr=0.0001, noisy_ratio=0.8, noise_mode='sym', GPU=1, hard_weight=True, noisy_train=True, logging='xmedia_ablation')
2025-06-17 19:24:41,514 - __main__ - INFO - ...Image to Text MAP = 0.19850647888145642
2025-06-17 19:24:41,646 - __main__ - INFO - ...Text to Image MAP = 0.22397156979869043
2025-06-17 19:24:41,649 - __main__ - INFO - ...Average MAP = 0.2112390243400734
2025-06-17 19:24:53,110 - __main__ - INFO - Noise ratio: 0.8
2025-06-17 19:24:53,110 - __main__ - INFO - Namespace(dataset='xmedia', seed=0, alpha=0.5, lamda=1, margin=0.9, lambd=5, barycenter_number=1, top_k=10, warm_up_epoch=0, MAX_EPOCH=100, batch_size=256, output_dim=512, lr=0.0001, noisy_ratio=0.8, noise_mode='sym', GPU=1, hard_weight=True, noisy_train=False, logging='xmedia_ablation')
2025-06-17 19:33:21,137 - __main__ - INFO - ...Image to Text MAP = 0.8731112302636763
2025-06-17 19:33:21,263 - __main__ - INFO - ...Text to Image MAP = 0.8627861698132531
2025-06-17 19:33:21,263 - __main__ - INFO - ...Average MAP = 0.8679487000384647
2025-06-17 19:33:34,450 - __main__ - INFO - Noise ratio: 0.8
2025-06-17 19:33:34,452 - __main__ - INFO - Namespace(dataset='xmedia', seed=0, alpha=0.5, lamda=0.0, margin=0.9, lambd=5, barycenter_number=1, top_k=10, warm_up_epoch=0, MAX_EPOCH=100, batch_size=256, output_dim=512, lr=0.0001, noisy_ratio=0.8, noise_mode='sym', GPU=1, hard_weight=True, noisy_train=True, logging='xmedia_ablation')
2025-06-17 19:44:09,405 - __main__ - INFO - ...Image to Text MAP = 0.9044199126494697
2025-06-17 19:44:09,768 - __main__ - INFO - ...Text to Image MAP = 0.914829076765664
2025-06-17 19:44:09,769 - __main__ - INFO - ...Average MAP = 0.9096244947075669
2025-06-17 19:44:20,672 - __main__ - INFO - Noise ratio: 0.8
2025-06-17 19:44:20,673 - __main__ - INFO - Namespace(dataset='xmedia', seed=0, alpha=0.5, lamda=1, margin=0.9, lambd=5, barycenter_number=1, top_k=10, warm_up_epoch=0, MAX_EPOCH=100, batch_size=256, output_dim=512, lr=0.0001, noisy_ratio=0.8, noise_mode='sym', GPU=1, hard_weight=False, noisy_train=True, logging='xmedia_ablation')
2025-06-17 19:54:43,364 - __main__ - INFO - ...Image to Text MAP = 0.9008447559655046
2025-06-17 19:54:43,505 - __main__ - INFO - ...Text to Image MAP = 0.9066643926599842
2025-06-17 19:54:43,506 - __main__ - INFO - ...Average MAP = 0.9037545743127444
2025-06-17 19:54:56,263 - __main__ - INFO - Noise ratio: 0.2
2025-06-17 19:54:56,265 - __main__ - INFO - Namespace(dataset='xmedia', seed=0, alpha=0.6, lamda=1, margin=0.9, lambd=5, barycenter_number=1, top_k=10, warm_up_epoch=0, MAX_EPOCH=100, batch_size=256, output_dim=512, lr=0.0001, noisy_ratio=0.2, noise_mode='sym', GPU=1, hard_weight=True, noisy_train=True, logging='xmedia_ablation')
2025-06-17 20:05:10,300 - __main__ - INFO - ...Image to Text MAP = 0.9167844313995475
2025-06-17 20:05:10,455 - __main__ - INFO - ...Text to Image MAP = 0.9207705051738412
2025-06-17 20:05:10,456 - __main__ - INFO - ...Average MAP = 0.9187774682866943
2025-06-17 20:05:20,083 - __main__ - INFO - Noise ratio: 0.2
2025-06-17 20:05:20,085 - __main__ - INFO - Namespace(dataset='xmedia', seed=0, alpha=0.0, lamda=1, margin=0.9, lambd=5, barycenter_number=1, top_k=10, warm_up_epoch=0, MAX_EPOCH=100, batch_size=256, output_dim=512, lr=0.0001, noisy_ratio=0.2, noise_mode='sym', GPU=1, hard_weight=True, noisy_train=True, logging='xmedia_ablation')
2025-06-17 20:15:36,791 - __main__ - INFO - ...Image to Text MAP = 0.9092903505892691
2025-06-17 20:15:37,152 - __main__ - INFO - ...Text to Image MAP = 0.9052745003750521
2025-06-17 20:15:37,172 - __main__ - INFO - ...Average MAP = 0.9072824254821605
2025-06-17 20:15:48,969 - __main__ - INFO - Noise ratio: 0.2
2025-06-17 20:15:48,972 - __main__ - INFO - Namespace(dataset='xmedia', seed=0, alpha=0.6, lamda=1, margin=0.9, lambd=5, barycenter_number=1, top_k=10, warm_up_epoch=0, MAX_EPOCH=100, batch_size=256, output_dim=512, lr=0.0001, noisy_ratio=0.2, noise_mode='sym', GPU=1, hard_weight=True, noisy_train=False, logging='xmedia_ablation')
2025-06-17 20:25:57,560 - __main__ - INFO - ...Image to Text MAP = 0.908389484238375
2025-06-17 20:25:57,709 - __main__ - INFO - ...Text to Image MAP = 0.9091570265116042
2025-06-17 20:25:57,709 - __main__ - INFO - ...Average MAP = 0.9087732553749897
2025-06-17 20:26:08,493 - __main__ - INFO - Noise ratio: 0.2
2025-06-17 20:26:08,494 - __main__ - INFO - Namespace(dataset='xmedia', seed=0, alpha=0.6, lamda=0.0, margin=0.9, lambd=5, barycenter_number=1, top_k=10, warm_up_epoch=0, MAX_EPOCH=100, batch_size=256, output_dim=512, lr=0.0001, noisy_ratio=0.2, noise_mode='sym', GPU=1, hard_weight=True, noisy_train=True, logging='xmedia_ablation')
2025-06-17 20:36:14,802 - __main__ - INFO - ...Image to Text MAP = 0.906510592698863
2025-06-17 20:36:14,926 - __main__ - INFO - ...Text to Image MAP = 0.9160428942684778
2025-06-17 20:36:14,926 - __main__ - INFO - ...Average MAP = 0.9112767434836704
2025-06-17 20:36:23,909 - __main__ - INFO - Noise ratio: 0.2
2025-06-17 20:36:23,910 - __main__ - INFO - Namespace(dataset='xmedia', seed=0, alpha=0.6, lamda=1, margin=0.9, lambd=5, barycenter_number=1, top_k=10, warm_up_epoch=0, MAX_EPOCH=100, batch_size=256, output_dim=512, lr=0.0001, noisy_ratio=0.2, noise_mode='sym', GPU=1, hard_weight=False, noisy_train=True, logging='xmedia_ablation')
2025-06-17 20:46:19,206 - __main__ - INFO - ...Image to Text MAP = 0.9140275351898339
2025-06-17 20:46:19,357 - __main__ - INFO - ...Text to Image MAP = 0.9177236267909243
2025-06-17 20:46:19,358 - __main__ - INFO - ...Average MAP = 0.9158755809903791
2025-06-17 20:46:28,786 - __main__ - INFO - Noise ratio: 0.4
2025-06-17 20:46:28,790 - __main__ - INFO - Namespace(dataset='xmedia', seed=0, alpha=0.6, lamda=1, margin=0.9, lambd=5, barycenter_number=1, top_k=10, warm_up_epoch=0, MAX_EPOCH=100, batch_size=256, output_dim=512, lr=0.0001, noisy_ratio=0.4, noise_mode='sym', GPU=1, hard_weight=True, noisy_train=True, logging='xmedia_ablation')
2025-06-17 20:56:38,634 - __main__ - INFO - ...Image to Text MAP = 0.9171902531214389
2025-06-17 20:56:38,889 - __main__ - INFO - ...Text to Image MAP = 0.9152560068358129
2025-06-17 20:56:38,890 - __main__ - INFO - ...Average MAP = 0.9162231299786259
2025-06-17 20:56:51,427 - __main__ - INFO - Noise ratio: 0.4
2025-06-17 20:56:51,430 - __main__ - INFO - Namespace(dataset='xmedia', seed=0, alpha=0.0, lamda=1, margin=0.9, lambd=5, barycenter_number=1, top_k=10, warm_up_epoch=0, MAX_EPOCH=100, batch_size=256, output_dim=512, lr=0.0001, noisy_ratio=0.4, noise_mode='sym', GPU=1, hard_weight=True, noisy_train=True, logging='xmedia_ablation')
2025-06-17 21:06:55,659 - __main__ - INFO - ...Image to Text MAP = 0.8801442373165019
2025-06-17 21:06:55,773 - __main__ - INFO - ...Text to Image MAP = 0.8610275484192166
2025-06-17 21:06:55,773 - __main__ - INFO - ...Average MAP = 0.8705858928678593
2025-06-17 21:07:06,656 - __main__ - INFO - Noise ratio: 0.4
2025-06-17 21:07:06,656 - __main__ - INFO - Namespace(dataset='xmedia', seed=0, alpha=0.6, lamda=1, margin=0.9, lambd=5, barycenter_number=1, top_k=10, warm_up_epoch=0, MAX_EPOCH=100, batch_size=256, output_dim=512, lr=0.0001, noisy_ratio=0.4, noise_mode='sym', GPU=1, hard_weight=True, noisy_train=False, logging='xmedia_ablation')
2025-06-17 21:16:18,300 - __main__ - INFO - ...Image to Text MAP = 0.8914920380922995
2025-06-17 21:16:18,467 - __main__ - INFO - ...Text to Image MAP = 0.8747178056481327
2025-06-17 21:16:18,468 - __main__ - INFO - ...Average MAP = 0.883104921870216
2025-06-17 21:16:29,630 - __main__ - INFO - Noise ratio: 0.4
2025-06-17 21:16:29,630 - __main__ - INFO - Namespace(dataset='xmedia', seed=0, alpha=0.6, lamda=0.0, margin=0.9, lambd=5, barycenter_number=1, top_k=10, warm_up_epoch=0, MAX_EPOCH=100, batch_size=256, output_dim=512, lr=0.0001, noisy_ratio=0.4, noise_mode='sym', GPU=1, hard_weight=True, noisy_train=True, logging='xmedia_ablation')
2025-06-17 21:27:19,888 - __main__ - INFO - ...Image to Text MAP = 0.9048667271020581
2025-06-17 21:27:20,030 - __main__ - INFO - ...Text to Image MAP = 0.914293237802741
2025-06-17 21:27:20,035 - __main__ - INFO - ...Average MAP = 0.9095799824523996
2025-06-17 21:27:32,054 - __main__ - INFO - Noise ratio: 0.4
2025-06-17 21:27:32,055 - __main__ - INFO - Namespace(dataset='xmedia', seed=0, alpha=0.6, lamda=1, margin=0.9, lambd=5, barycenter_number=1, top_k=10, warm_up_epoch=0, MAX_EPOCH=100, batch_size=256, output_dim=512, lr=0.0001, noisy_ratio=0.4, noise_mode='sym', GPU=1, hard_weight=False, noisy_train=True, logging='xmedia_ablation')
2025-06-17 21:37:24,314 - __main__ - INFO - ...Image to Text MAP = 0.9119927104955131
2025-06-17 21:37:24,499 - __main__ - INFO - ...Text to Image MAP = 0.9057155223981093
2025-06-17 21:37:24,504 - __main__ - INFO - ...Average MAP = 0.9088541164468111
2025-06-17 21:37:35,522 - __main__ - INFO - Noise ratio: 0.6
2025-06-17 21:37:35,523 - __main__ - INFO - Namespace(dataset='xmedia', seed=0, alpha=0.6, lamda=1, margin=0.9, lambd=5, barycenter_number=1, top_k=10, warm_up_epoch=0, MAX_EPOCH=100, batch_size=256, output_dim=512, lr=0.0001, noisy_ratio=0.6, noise_mode='sym', GPU=1, hard_weight=True, noisy_train=True, logging='xmedia_ablation')
2025-06-17 21:48:03,208 - __main__ - INFO - ...Image to Text MAP = 0.9126619015872488
2025-06-17 21:48:03,343 - __main__ - INFO - ...Text to Image MAP = 0.9191651810367655
2025-06-17 21:48:03,344 - __main__ - INFO - ...Average MAP = 0.9159135413120072
2025-06-17 21:48:13,767 - __main__ - INFO - Noise ratio: 0.6
2025-06-17 21:48:13,770 - __main__ - INFO - Namespace(dataset='xmedia', seed=0, alpha=0.0, lamda=1, margin=0.9, lambd=5, barycenter_number=1, top_k=10, warm_up_epoch=0, MAX_EPOCH=100, batch_size=256, output_dim=512, lr=0.0001, noisy_ratio=0.6, noise_mode='sym', GPU=1, hard_weight=True, noisy_train=True, logging='xmedia_ablation')
2025-06-17 21:58:45,233 - __main__ - INFO - ...Image to Text MAP = 0.4027065208133694
2025-06-17 21:58:45,390 - __main__ - INFO - ...Text to Image MAP = 0.3823235933227543
2025-06-17 21:58:45,391 - __main__ - INFO - ...Average MAP = 0.39251505706806183
2025-06-17 21:58:55,817 - __main__ - INFO - Noise ratio: 0.6
2025-06-17 21:58:55,820 - __main__ - INFO - Namespace(dataset='xmedia', seed=0, alpha=0.6, lamda=1, margin=0.9, lambd=5, barycenter_number=1, top_k=10, warm_up_epoch=0, MAX_EPOCH=100, batch_size=256, output_dim=512, lr=0.0001, noisy_ratio=0.6, noise_mode='sym', GPU=1, hard_weight=True, noisy_train=False, logging='xmedia_ablation')
2025-06-17 22:07:47,032 - __main__ - INFO - ...Image to Text MAP = 0.8956689128774405
2025-06-17 22:07:47,279 - __main__ - INFO - ...Text to Image MAP = 0.8883967311080502
2025-06-17 22:07:47,280 - __main__ - INFO - ...Average MAP = 0.8920328219927454
2025-06-17 22:07:57,528 - __main__ - INFO - Noise ratio: 0.6
2025-06-17 22:07:57,529 - __main__ - INFO - Namespace(dataset='xmedia', seed=0, alpha=0.6, lamda=0.0, margin=0.9, lambd=5, barycenter_number=1, top_k=10, warm_up_epoch=0, MAX_EPOCH=100, batch_size=256, output_dim=512, lr=0.0001, noisy_ratio=0.6, noise_mode='sym', GPU=1, hard_weight=True, noisy_train=True, logging='xmedia_ablation')
2025-06-17 22:19:15,476 - __main__ - INFO - ...Image to Text MAP = 0.9034161464468877
2025-06-17 22:19:15,971 - __main__ - INFO - ...Text to Image MAP = 0.9138058008620872
2025-06-17 22:19:15,972 - __main__ - INFO - ...Average MAP = 0.9086109736544874
2025-06-17 22:19:26,046 - __main__ - INFO - Noise ratio: 0.6
2025-06-17 22:19:26,047 - __main__ - INFO - Namespace(dataset='xmedia', seed=0, alpha=0.6, lamda=1, margin=0.9, lambd=5, barycenter_number=1, top_k=10, warm_up_epoch=0, MAX_EPOCH=100, batch_size=256, output_dim=512, lr=0.0001, noisy_ratio=0.6, noise_mode='sym', GPU=1, hard_weight=False, noisy_train=True, logging='xmedia_ablation')
2025-06-17 22:29:29,614 - __main__ - INFO - ...Image to Text MAP = 0.9115940487855941
2025-06-17 22:29:30,007 - __main__ - INFO - ...Text to Image MAP = 0.9169732276005602
2025-06-17 22:29:30,008 - __main__ - INFO - ...Average MAP = 0.9142836381930772
2025-06-17 22:29:40,631 - __main__ - INFO - Noise ratio: 0.8
2025-06-17 22:29:40,636 - __main__ - INFO - Namespace(dataset='xmedia', seed=0, alpha=0.6, lamda=1, margin=0.9, lambd=5, barycenter_number=1, top_k=10, warm_up_epoch=0, MAX_EPOCH=100, batch_size=256, output_dim=512, lr=0.0001, noisy_ratio=0.8, noise_mode='sym', GPU=1, hard_weight=True, noisy_train=True, logging='xmedia_ablation')
2025-06-17 22:40:27,546 - __main__ - INFO - ...Image to Text MAP = 0.9149454331185403
2025-06-17 22:40:27,675 - __main__ - INFO - ...Text to Image MAP = 0.9189764122540391
2025-06-17 22:40:27,675 - __main__ - INFO - ...Average MAP = 0.9169609226862897
2025-06-17 22:40:38,624 - __main__ - INFO - Noise ratio: 0.8
2025-06-17 22:40:38,626 - __main__ - INFO - Namespace(dataset='xmedia', seed=0, alpha=0.0, lamda=1, margin=0.9, lambd=5, barycenter_number=1, top_k=10, warm_up_epoch=0, MAX_EPOCH=100, batch_size=256, output_dim=512, lr=0.0001, noisy_ratio=0.8, noise_mode='sym', GPU=1, hard_weight=True, noisy_train=True, logging='xmedia_ablation')
2025-06-17 22:51:05,183 - __main__ - INFO - ...Image to Text MAP = 0.19850647888145642
2025-06-17 22:51:05,539 - __main__ - INFO - ...Text to Image MAP = 0.22397156979869043
2025-06-17 22:51:05,540 - __main__ - INFO - ...Average MAP = 0.2112390243400734
2025-06-17 22:51:16,251 - __main__ - INFO - Noise ratio: 0.8
2025-06-17 22:51:16,252 - __main__ - INFO - Namespace(dataset='xmedia', seed=0, alpha=0.6, lamda=1, margin=0.9, lambd=5, barycenter_number=1, top_k=10, warm_up_epoch=0, MAX_EPOCH=100, batch_size=256, output_dim=512, lr=0.0001, noisy_ratio=0.8, noise_mode='sym', GPU=1, hard_weight=True, noisy_train=False, logging='xmedia_ablation')
2025-06-17 22:59:11,045 - __main__ - INFO - ...Image to Text MAP = 0.869356277191975
2025-06-17 22:59:11,277 - __main__ - INFO - ...Text to Image MAP = 0.8615695723687262
2025-06-17 22:59:11,287 - __main__ - INFO - ...Average MAP = 0.8654629247803506
2025-06-17 22:59:21,487 - __main__ - INFO - Noise ratio: 0.8
2025-06-17 22:59:21,488 - __main__ - INFO - Namespace(dataset='xmedia', seed=0, alpha=0.6, lamda=0.0, margin=0.9, lambd=5, barycenter_number=1, top_k=10, warm_up_epoch=0, MAX_EPOCH=100, batch_size=256, output_dim=512, lr=0.0001, noisy_ratio=0.8, noise_mode='sym', GPU=1, hard_weight=True, noisy_train=True, logging='xmedia_ablation')
2025-06-17 23:09:38,370 - __main__ - INFO - ...Image to Text MAP = 0.9011042871536292
2025-06-17 23:09:38,501 - __main__ - INFO - ...Text to Image MAP = 0.912351531181977
2025-06-17 23:09:38,504 - __main__ - INFO - ...Average MAP = 0.9067279091678031
2025-06-17 23:09:47,924 - __main__ - INFO - Noise ratio: 0.8
2025-06-17 23:09:47,927 - __main__ - INFO - Namespace(dataset='xmedia', seed=0, alpha=0.6, lamda=1, margin=0.9, lambd=5, barycenter_number=1, top_k=10, warm_up_epoch=0, MAX_EPOCH=100, batch_size=256, output_dim=512, lr=0.0001, noisy_ratio=0.8, noise_mode='sym', GPU=1, hard_weight=False, noisy_train=True, logging='xmedia_ablation')
2025-06-17 23:20:02,113 - __main__ - INFO - ...Image to Text MAP = 0.9066555601918717
2025-06-17 23:20:02,618 - __main__ - INFO - ...Text to Image MAP = 0.9134064325872454
2025-06-17 23:20:02,619 - __main__ - INFO - ...Average MAP = 0.9100309963895585
2025-06-17 23:20:12,878 - __main__ - INFO - Noise ratio: 0.2
2025-06-17 23:20:12,880 - __main__ - INFO - Namespace(dataset='xmedia', seed=0, alpha=0.7, lamda=1, margin=0.9, lambd=5, barycenter_number=1, top_k=10, warm_up_epoch=0, MAX_EPOCH=100, batch_size=256, output_dim=512, lr=0.0001, noisy_ratio=0.2, noise_mode='sym', GPU=1, hard_weight=True, noisy_train=True, logging='xmedia_ablation')
2025-06-17 23:30:35,894 - __main__ - INFO - ...Image to Text MAP = 0.9188891841231823
2025-06-17 23:30:36,018 - __main__ - INFO - ...Text to Image MAP = 0.9208778036879027
2025-06-17 23:30:36,019 - __main__ - INFO - ...Average MAP = 0.9198834939055425
2025-06-17 23:30:46,809 - __main__ - INFO - Noise ratio: 0.2
2025-06-17 23:30:46,828 - __main__ - INFO - Namespace(dataset='xmedia', seed=0, alpha=0.0, lamda=1, margin=0.9, lambd=5, barycenter_number=1, top_k=10, warm_up_epoch=0, MAX_EPOCH=100, batch_size=256, output_dim=512, lr=0.0001, noisy_ratio=0.2, noise_mode='sym', GPU=1, hard_weight=True, noisy_train=True, logging='xmedia_ablation')
2025-06-17 23:40:59,143 - __main__ - INFO - ...Image to Text MAP = 0.9092903505892691
2025-06-17 23:40:59,347 - __main__ - INFO - ...Text to Image MAP = 0.9052745003750521
2025-06-17 23:40:59,349 - __main__ - INFO - ...Average MAP = 0.9072824254821605
2025-06-17 23:41:09,402 - __main__ - INFO - Noise ratio: 0.2
2025-06-17 23:41:09,403 - __main__ - INFO - Namespace(dataset='xmedia', seed=0, alpha=0.7, lamda=1, margin=0.9, lambd=5, barycenter_number=1, top_k=10, warm_up_epoch=0, MAX_EPOCH=100, batch_size=256, output_dim=512, lr=0.0001, noisy_ratio=0.2, noise_mode='sym', GPU=1, hard_weight=True, noisy_train=False, logging='xmedia_ablation')
2025-06-17 23:51:08,399 - __main__ - INFO - ...Image to Text MAP = 0.9149094987452229
2025-06-17 23:51:08,577 - __main__ - INFO - ...Text to Image MAP = 0.9105897291542747
2025-06-17 23:51:08,578 - __main__ - INFO - ...Average MAP = 0.9127496139497489
2025-06-17 23:51:18,878 - __main__ - INFO - Noise ratio: 0.2
2025-06-17 23:51:18,878 - __main__ - INFO - Namespace(dataset='xmedia', seed=0, alpha=0.7, lamda=0.0, margin=0.9, lambd=5, barycenter_number=1, top_k=10, warm_up_epoch=0, MAX_EPOCH=100, batch_size=256, output_dim=512, lr=0.0001, noisy_ratio=0.2, noise_mode='sym', GPU=1, hard_weight=True, noisy_train=True, logging='xmedia_ablation')
2025-06-18 00:01:18,532 - __main__ - INFO - ...Image to Text MAP = 0.8931916219714056
2025-06-18 00:01:18,703 - __main__ - INFO - ...Text to Image MAP = 0.9033449025832617
2025-06-18 00:01:18,704 - __main__ - INFO - ...Average MAP = 0.8982682622773337
2025-06-18 00:01:27,801 - __main__ - INFO - Noise ratio: 0.2
2025-06-18 00:01:27,801 - __main__ - INFO - Namespace(dataset='xmedia', seed=0, alpha=0.7, lamda=1, margin=0.9, lambd=5, barycenter_number=1, top_k=10, warm_up_epoch=0, MAX_EPOCH=100, batch_size=256, output_dim=512, lr=0.0001, noisy_ratio=0.2, noise_mode='sym', GPU=1, hard_weight=False, noisy_train=True, logging='xmedia_ablation')
2025-06-18 00:11:01,214 - __main__ - INFO - ...Image to Text MAP = 0.9107186617763479
2025-06-18 00:11:01,345 - __main__ - INFO - ...Text to Image MAP = 0.9085529171273934
2025-06-18 00:11:01,346 - __main__ - INFO - ...Average MAP = 0.9096357894518706
2025-06-18 00:11:09,685 - __main__ - INFO - Noise ratio: 0.4
2025-06-18 00:11:09,687 - __main__ - INFO - Namespace(dataset='xmedia', seed=0, alpha=0.7, lamda=1, margin=0.9, lambd=5, barycenter_number=1, top_k=10, warm_up_epoch=0, MAX_EPOCH=100, batch_size=256, output_dim=512, lr=0.0001, noisy_ratio=0.4, noise_mode='sym', GPU=1, hard_weight=True, noisy_train=True, logging='xmedia_ablation')
2025-06-18 00:20:10,384 - __main__ - INFO - ...Image to Text MAP = 0.9123022091362519
2025-06-18 00:20:10,555 - __main__ - INFO - ...Text to Image MAP = 0.9065882658216755
2025-06-18 00:20:10,556 - __main__ - INFO - ...Average MAP = 0.9094452374789637
2025-06-18 00:20:23,160 - __main__ - INFO - Noise ratio: 0.4
2025-06-18 00:20:23,164 - __main__ - INFO - Namespace(dataset='xmedia', seed=0, alpha=0.0, lamda=1, margin=0.9, lambd=5, barycenter_number=1, top_k=10, warm_up_epoch=0, MAX_EPOCH=100, batch_size=256, output_dim=512, lr=0.0001, noisy_ratio=0.4, noise_mode='sym', GPU=1, hard_weight=True, noisy_train=True, logging='xmedia_ablation')
2025-06-18 00:29:36,290 - __main__ - INFO - ...Image to Text MAP = 0.8801442373165019
2025-06-18 00:29:36,434 - __main__ - INFO - ...Text to Image MAP = 0.8610275484192166
2025-06-18 00:29:36,435 - __main__ - INFO - ...Average MAP = 0.8705858928678593
2025-06-18 00:29:46,179 - __main__ - INFO - Noise ratio: 0.4
2025-06-18 00:29:46,179 - __main__ - INFO - Namespace(dataset='xmedia', seed=0, alpha=0.7, lamda=1, margin=0.9, lambd=5, barycenter_number=1, top_k=10, warm_up_epoch=0, MAX_EPOCH=100, batch_size=256, output_dim=512, lr=0.0001, noisy_ratio=0.4, noise_mode='sym', GPU=1, hard_weight=True, noisy_train=False, logging='xmedia_ablation')
2025-06-18 00:37:54,748 - __main__ - INFO - ...Image to Text MAP = 0.8956707777293984
2025-06-18 00:37:54,878 - __main__ - INFO - ...Text to Image MAP = 0.8881928881053336
2025-06-18 00:37:54,879 - __main__ - INFO - ...Average MAP = 0.891931832917366
2025-06-18 00:38:06,845 - __main__ - INFO - Noise ratio: 0.4
2025-06-18 00:38:06,846 - __main__ - INFO - Namespace(dataset='xmedia', seed=0, alpha=0.7, lamda=0.0, margin=0.9, lambd=5, barycenter_number=1, top_k=10, warm_up_epoch=0, MAX_EPOCH=100, batch_size=256, output_dim=512, lr=0.0001, noisy_ratio=0.4, noise_mode='sym', GPU=1, hard_weight=True, noisy_train=True, logging='xmedia_ablation')
2025-06-18 00:47:48,027 - __main__ - INFO - ...Image to Text MAP = 0.9056981949283824
2025-06-18 00:47:48,138 - __main__ - INFO - ...Text to Image MAP = 0.9056060596385752
2025-06-18 00:47:48,138 - __main__ - INFO - ...Average MAP = 0.9056521272834788
2025-06-18 00:47:59,001 - __main__ - INFO - Noise ratio: 0.4
2025-06-18 00:47:59,001 - __main__ - INFO - Namespace(dataset='xmedia', seed=0, alpha=0.7, lamda=1, margin=0.9, lambd=5, barycenter_number=1, top_k=10, warm_up_epoch=0, MAX_EPOCH=100, batch_size=256, output_dim=512, lr=0.0001, noisy_ratio=0.4, noise_mode='sym', GPU=1, hard_weight=False, noisy_train=True, logging='xmedia_ablation')
2025-06-18 00:57:49,897 - __main__ - INFO - ...Image to Text MAP = 0.9103959936472503
2025-06-18 00:57:50,039 - __main__ - INFO - ...Text to Image MAP = 0.9133086279809911
2025-06-18 00:57:50,040 - __main__ - INFO - ...Average MAP = 0.9118523108141208
2025-06-18 00:57:59,741 - __main__ - INFO - Noise ratio: 0.6
2025-06-18 00:57:59,743 - __main__ - INFO - Namespace(dataset='xmedia', seed=0, alpha=0.7, lamda=1, margin=0.9, lambd=5, barycenter_number=1, top_k=10, warm_up_epoch=0, MAX_EPOCH=100, batch_size=256, output_dim=512, lr=0.0001, noisy_ratio=0.6, noise_mode='sym', GPU=1, hard_weight=True, noisy_train=True, logging='xmedia_ablation')
2025-06-18 01:07:26,053 - __main__ - INFO - ...Image to Text MAP = 0.9147384899522543
2025-06-18 01:07:26,196 - __main__ - INFO - ...Text to Image MAP = 0.9206011122982074
2025-06-18 01:07:26,197 - __main__ - INFO - ...Average MAP = 0.9176698011252309
2025-06-18 01:07:34,974 - __main__ - INFO - Noise ratio: 0.6
2025-06-18 01:07:34,975 - __main__ - INFO - Namespace(dataset='xmedia', seed=0, alpha=0.0, lamda=1, margin=0.9, lambd=5, barycenter_number=1, top_k=10, warm_up_epoch=0, MAX_EPOCH=100, batch_size=256, output_dim=512, lr=0.0001, noisy_ratio=0.6, noise_mode='sym', GPU=1, hard_weight=True, noisy_train=True, logging='xmedia_ablation')
2025-06-18 01:15:41,477 - __main__ - INFO - ...Image to Text MAP = 0.4027065208133694
2025-06-18 01:15:41,613 - __main__ - INFO - ...Text to Image MAP = 0.3823235933227543
2025-06-18 01:15:41,614 - __main__ - INFO - ...Average MAP = 0.39251505706806183
2025-06-18 01:15:51,750 - __main__ - INFO - Noise ratio: 0.6
2025-06-18 01:15:51,751 - __main__ - INFO - Namespace(dataset='xmedia', seed=0, alpha=0.7, lamda=1, margin=0.9, lambd=5, barycenter_number=1, top_k=10, warm_up_epoch=0, MAX_EPOCH=100, batch_size=256, output_dim=512, lr=0.0001, noisy_ratio=0.6, noise_mode='sym', GPU=1, hard_weight=True, noisy_train=False, logging='xmedia_ablation')
2025-06-18 01:24:07,257 - __main__ - INFO - ...Image to Text MAP = 0.8906293735693713
2025-06-18 01:24:07,596 - __main__ - INFO - ...Text to Image MAP = 0.891919048614223
2025-06-18 01:24:07,597 - __main__ - INFO - ...Average MAP = 0.8912742110917972
2025-06-18 01:24:17,857 - __main__ - INFO - Noise ratio: 0.6
2025-06-18 01:24:17,857 - __main__ - INFO - Namespace(dataset='xmedia', seed=0, alpha=0.7, lamda=0.0, margin=0.9, lambd=5, barycenter_number=1, top_k=10, warm_up_epoch=0, MAX_EPOCH=100, batch_size=256, output_dim=512, lr=0.0001, noisy_ratio=0.6, noise_mode='sym', GPU=1, hard_weight=True, noisy_train=True, logging='xmedia_ablation')
2025-06-18 01:33:19,742 - __main__ - INFO - ...Image to Text MAP = 0.9050421405605015
2025-06-18 01:33:20,085 - __main__ - INFO - ...Text to Image MAP = 0.9171248463749887
2025-06-18 01:33:20,086 - __main__ - INFO - ...Average MAP = 0.9110834934677451
2025-06-18 01:33:29,444 - __main__ - INFO - Noise ratio: 0.6
2025-06-18 01:33:29,446 - __main__ - INFO - Namespace(dataset='xmedia', seed=0, alpha=0.7, lamda=1, margin=0.9, lambd=5, barycenter_number=1, top_k=10, warm_up_epoch=0, MAX_EPOCH=100, batch_size=256, output_dim=512, lr=0.0001, noisy_ratio=0.6, noise_mode='sym', GPU=1, hard_weight=False, noisy_train=True, logging='xmedia_ablation')
2025-06-18 01:42:56,317 - __main__ - INFO - ...Image to Text MAP = 0.908069061988585
2025-06-18 01:42:56,506 - __main__ - INFO - ...Text to Image MAP = 0.9146798501830967
2025-06-18 01:42:56,507 - __main__ - INFO - ...Average MAP = 0.9113744560858408
2025-06-18 01:43:06,749 - __main__ - INFO - Noise ratio: 0.8
2025-06-18 01:43:06,753 - __main__ - INFO - Namespace(dataset='xmedia', seed=0, alpha=0.7, lamda=1, margin=0.9, lambd=5, barycenter_number=1, top_k=10, warm_up_epoch=0, MAX_EPOCH=100, batch_size=256, output_dim=512, lr=0.0001, noisy_ratio=0.8, noise_mode='sym', GPU=1, hard_weight=True, noisy_train=True, logging='xmedia_ablation')
2025-06-18 01:52:34,434 - __main__ - INFO - ...Image to Text MAP = 0.9060215199741976
2025-06-18 01:52:34,548 - __main__ - INFO - ...Text to Image MAP = 0.9176327727275793
2025-06-18 01:52:34,548 - __main__ - INFO - ...Average MAP = 0.9118271463508885
2025-06-18 01:52:44,353 - __main__ - INFO - Noise ratio: 0.8
2025-06-18 01:52:44,354 - __main__ - INFO - Namespace(dataset='xmedia', seed=0, alpha=0.0, lamda=1, margin=0.9, lambd=5, barycenter_number=1, top_k=10, warm_up_epoch=0, MAX_EPOCH=100, batch_size=256, output_dim=512, lr=0.0001, noisy_ratio=0.8, noise_mode='sym', GPU=1, hard_weight=True, noisy_train=True, logging='xmedia_ablation')
2025-06-18 02:02:08,582 - __main__ - INFO - ...Image to Text MAP = 0.19850647888145642
2025-06-18 02:02:08,732 - __main__ - INFO - ...Text to Image MAP = 0.22397156979869043
2025-06-18 02:02:08,733 - __main__ - INFO - ...Average MAP = 0.2112390243400734
2025-06-18 02:02:17,806 - __main__ - INFO - Noise ratio: 0.8
2025-06-18 02:02:17,807 - __main__ - INFO - Namespace(dataset='xmedia', seed=0, alpha=0.7, lamda=1, margin=0.9, lambd=5, barycenter_number=1, top_k=10, warm_up_epoch=0, MAX_EPOCH=100, batch_size=256, output_dim=512, lr=0.0001, noisy_ratio=0.8, noise_mode='sym', GPU=1, hard_weight=True, noisy_train=False, logging='xmedia_ablation')
2025-06-18 02:08:59,789 - __main__ - INFO - ...Image to Text MAP = 0.8775570541922391
2025-06-18 02:08:59,908 - __main__ - INFO - ...Text to Image MAP = 0.8738116619248344
2025-06-18 02:08:59,909 - __main__ - INFO - ...Average MAP = 0.8756843580585367
2025-06-18 02:09:10,220 - __main__ - INFO - Noise ratio: 0.8
2025-06-18 02:09:10,220 - __main__ - INFO - Namespace(dataset='xmedia', seed=0, alpha=0.7, lamda=0.0, margin=0.9, lambd=5, barycenter_number=1, top_k=10, warm_up_epoch=0, MAX_EPOCH=100, batch_size=256, output_dim=512, lr=0.0001, noisy_ratio=0.8, noise_mode='sym', GPU=1, hard_weight=True, noisy_train=True, logging='xmedia_ablation')
2025-06-18 02:17:55,883 - __main__ - INFO - ...Image to Text MAP = 0.906353057042455
2025-06-18 02:17:56,097 - __main__ - INFO - ...Text to Image MAP = 0.9175408189429106
2025-06-18 02:17:56,098 - __main__ - INFO - ...Average MAP = 0.9119469379926828
2025-06-18 02:18:06,205 - __main__ - INFO - Noise ratio: 0.8
2025-06-18 02:18:06,207 - __main__ - INFO - Namespace(dataset='xmedia', seed=0, alpha=0.7, lamda=1, margin=0.9, lambd=5, barycenter_number=1, top_k=10, warm_up_epoch=0, MAX_EPOCH=100, batch_size=256, output_dim=512, lr=0.0001, noisy_ratio=0.8, noise_mode='sym', GPU=1, hard_weight=False, noisy_train=True, logging='xmedia_ablation')
2025-06-18 02:27:45,452 - __main__ - INFO - ...Image to Text MAP = 0.9086407995719649
2025-06-18 02:27:45,721 - __main__ - INFO - ...Text to Image MAP = 0.9152135954321048
2025-06-18 02:27:45,722 - __main__ - INFO - ...Average MAP = 0.9119271975020349
2025-06-18 02:27:55,428 - __main__ - INFO - Noise ratio: 0.2
2025-06-18 02:27:55,431 - __main__ - INFO - Namespace(dataset='xmedia', seed=0, alpha=0.8, lamda=1, margin=0.9, lambd=5, barycenter_number=1, top_k=10, warm_up_epoch=0, MAX_EPOCH=100, batch_size=256, output_dim=512, lr=0.0001, noisy_ratio=0.2, noise_mode='sym', GPU=1, hard_weight=True, noisy_train=True, logging='xmedia_ablation')
2025-06-18 02:37:18,718 - __main__ - INFO - ...Image to Text MAP = 0.9157862658958988
2025-06-18 02:37:18,956 - __main__ - INFO - ...Text to Image MAP = 0.9208277878463602
2025-06-18 02:37:18,957 - __main__ - INFO - ...Average MAP = 0.9183070268711295
2025-06-18 02:37:28,314 - __main__ - INFO - Noise ratio: 0.2
2025-06-18 02:37:28,316 - __main__ - INFO - Namespace(dataset='xmedia', seed=0, alpha=0.0, lamda=1, margin=0.9, lambd=5, barycenter_number=1, top_k=10, warm_up_epoch=0, MAX_EPOCH=100, batch_size=256, output_dim=512, lr=0.0001, noisy_ratio=0.2, noise_mode='sym', GPU=1, hard_weight=True, noisy_train=True, logging='xmedia_ablation')
2025-06-18 02:46:27,296 - __main__ - INFO - ...Image to Text MAP = 0.9092903505892691
2025-06-18 02:46:27,547 - __main__ - INFO - ...Text to Image MAP = 0.9052745003750521
2025-06-18 02:46:27,551 - __main__ - INFO - ...Average MAP = 0.9072824254821605
2025-06-18 02:46:38,903 - __main__ - INFO - Noise ratio: 0.2
2025-06-18 02:46:38,912 - __main__ - INFO - Namespace(dataset='xmedia', seed=0, alpha=0.8, lamda=1, margin=0.9, lambd=5, barycenter_number=1, top_k=10, warm_up_epoch=0, MAX_EPOCH=100, batch_size=256, output_dim=512, lr=0.0001, noisy_ratio=0.2, noise_mode='sym', GPU=1, hard_weight=True, noisy_train=False, logging='xmedia_ablation')
2025-06-18 02:55:21,153 - __main__ - INFO - ...Image to Text MAP = 0.9086168771402334
2025-06-18 02:55:21,481 - __main__ - INFO - ...Text to Image MAP = 0.9022248208987849
2025-06-18 02:55:21,482 - __main__ - INFO - ...Average MAP = 0.9054208490195091
2025-06-18 02:55:30,892 - __main__ - INFO - Noise ratio: 0.2
2025-06-18 02:55:30,895 - __main__ - INFO - Namespace(dataset='xmedia', seed=0, alpha=0.8, lamda=0.0, margin=0.9, lambd=5, barycenter_number=1, top_k=10, warm_up_epoch=0, MAX_EPOCH=100, batch_size=256, output_dim=512, lr=0.0001, noisy_ratio=0.2, noise_mode='sym', GPU=1, hard_weight=True, noisy_train=True, logging='xmedia_ablation')
2025-06-18 03:04:53,544 - __main__ - INFO - ...Image to Text MAP = 0.9035071523904844
2025-06-18 03:04:53,792 - __main__ - INFO - ...Text to Image MAP = 0.9131463084213078
2025-06-18 03:04:53,793 - __main__ - INFO - ...Average MAP = 0.9083267304058962
2025-06-18 03:05:04,191 - __main__ - INFO - Noise ratio: 0.2
2025-06-18 03:05:04,192 - __main__ - INFO - Namespace(dataset='xmedia', seed=0, alpha=0.8, lamda=1, margin=0.9, lambd=5, barycenter_number=1, top_k=10, warm_up_epoch=0, MAX_EPOCH=100, batch_size=256, output_dim=512, lr=0.0001, noisy_ratio=0.2, noise_mode='sym', GPU=1, hard_weight=False, noisy_train=True, logging='xmedia_ablation')
2025-06-18 03:14:08,877 - __main__ - INFO - ...Image to Text MAP = 0.9190552586175534
2025-06-18 03:14:09,053 - __main__ - INFO - ...Text to Image MAP = 0.9188287838520186
2025-06-18 03:14:09,054 - __main__ - INFO - ...Average MAP = 0.9189420212347861
2025-06-18 03:14:19,652 - __main__ - INFO - Noise ratio: 0.4
2025-06-18 03:14:19,653 - __main__ - INFO - Namespace(dataset='xmedia', seed=0, alpha=0.8, lamda=1, margin=0.9, lambd=5, barycenter_number=1, top_k=10, warm_up_epoch=0, MAX_EPOCH=100, batch_size=256, output_dim=512, lr=0.0001, noisy_ratio=0.4, noise_mode='sym', GPU=1, hard_weight=True, noisy_train=True, logging='xmedia_ablation')
2025-06-18 03:23:48,749 - __main__ - INFO - ...Image to Text MAP = 0.9131693493108746
2025-06-18 03:23:48,930 - __main__ - INFO - ...Text to Image MAP = 0.9103146795226998
2025-06-18 03:23:48,931 - __main__ - INFO - ...Average MAP = 0.9117420144167871
2025-06-18 03:23:58,387 - __main__ - INFO - Noise ratio: 0.4
2025-06-18 03:23:58,389 - __main__ - INFO - Namespace(dataset='xmedia', seed=0, alpha=0.0, lamda=1, margin=0.9, lambd=5, barycenter_number=1, top_k=10, warm_up_epoch=0, MAX_EPOCH=100, batch_size=256, output_dim=512, lr=0.0001, noisy_ratio=0.4, noise_mode='sym', GPU=1, hard_weight=True, noisy_train=True, logging='xmedia_ablation')
2025-06-18 03:33:38,431 - __main__ - INFO - ...Image to Text MAP = 0.8801442373165019
2025-06-18 03:33:38,568 - __main__ - INFO - ...Text to Image MAP = 0.8610275484192166
2025-06-18 03:33:38,568 - __main__ - INFO - ...Average MAP = 0.8705858928678593
2025-06-18 03:33:50,574 - __main__ - INFO - Noise ratio: 0.4
2025-06-18 03:33:50,575 - __main__ - INFO - Namespace(dataset='xmedia', seed=0, alpha=0.8, lamda=1, margin=0.9, lambd=5, barycenter_number=1, top_k=10, warm_up_epoch=0, MAX_EPOCH=100, batch_size=256, output_dim=512, lr=0.0001, noisy_ratio=0.4, noise_mode='sym', GPU=1, hard_weight=True, noisy_train=False, logging='xmedia_ablation')
2025-06-18 03:42:21,930 - __main__ - INFO - ...Image to Text MAP = 0.9032867346098433
2025-06-18 03:42:22,284 - __main__ - INFO - ...Text to Image MAP = 0.8919683137551192
2025-06-18 03:42:22,285 - __main__ - INFO - ...Average MAP = 0.8976275241824813
2025-06-18 03:42:32,687 - __main__ - INFO - Noise ratio: 0.4
2025-06-18 03:42:32,688 - __main__ - INFO - Namespace(dataset='xmedia', seed=0, alpha=0.8, lamda=0.0, margin=0.9, lambd=5, barycenter_number=1, top_k=10, warm_up_epoch=0, MAX_EPOCH=100, batch_size=256, output_dim=512, lr=0.0001, noisy_ratio=0.4, noise_mode='sym', GPU=1, hard_weight=True, noisy_train=True, logging='xmedia_ablation')
2025-06-18 03:51:16,804 - __main__ - INFO - ...Image to Text MAP = 0.9016939085828592
2025-06-18 03:51:16,914 - __main__ - INFO - ...Text to Image MAP = 0.9090107560821037
2025-06-18 03:51:16,915 - __main__ - INFO - ...Average MAP = 0.9053523323324815
2025-06-18 03:51:25,705 - __main__ - INFO - Noise ratio: 0.4
2025-06-18 03:51:25,706 - __main__ - INFO - Namespace(dataset='xmedia', seed=0, alpha=0.8, lamda=1, margin=0.9, lambd=5, barycenter_number=1, top_k=10, warm_up_epoch=0, MAX_EPOCH=100, batch_size=256, output_dim=512, lr=0.0001, noisy_ratio=0.4, noise_mode='sym', GPU=1, hard_weight=False, noisy_train=True, logging='xmedia_ablation')
2025-06-18 04:01:09,420 - __main__ - INFO - ...Image to Text MAP = 0.9104979501117093
2025-06-18 04:01:09,771 - __main__ - INFO - ...Text to Image MAP = 0.906952306513583
2025-06-18 04:01:09,772 - __main__ - INFO - ...Average MAP = 0.9087251283126462
2025-06-18 04:01:19,231 - __main__ - INFO - Noise ratio: 0.6
2025-06-18 04:01:19,235 - __main__ - INFO - Namespace(dataset='xmedia', seed=0, alpha=0.8, lamda=1, margin=0.9, lambd=5, barycenter_number=1, top_k=10, warm_up_epoch=0, MAX_EPOCH=100, batch_size=256, output_dim=512, lr=0.0001, noisy_ratio=0.6, noise_mode='sym', GPU=1, hard_weight=True, noisy_train=True, logging='xmedia_ablation')
2025-06-18 04:10:56,542 - __main__ - INFO - ...Image to Text MAP = 0.9178245715945252
2025-06-18 04:10:56,720 - __main__ - INFO - ...Text to Image MAP = 0.9193449275381629
2025-06-18 04:10:56,720 - __main__ - INFO - ...Average MAP = 0.9185847495663441
2025-06-18 04:11:08,616 - __main__ - INFO - Noise ratio: 0.6
2025-06-18 04:11:08,619 - __main__ - INFO - Namespace(dataset='xmedia', seed=0, alpha=0.0, lamda=1, margin=0.9, lambd=5, barycenter_number=1, top_k=10, warm_up_epoch=0, MAX_EPOCH=100, batch_size=256, output_dim=512, lr=0.0001, noisy_ratio=0.6, noise_mode='sym', GPU=1, hard_weight=True, noisy_train=True, logging='xmedia_ablation')
2025-06-18 04:20:55,800 - __main__ - INFO - ...Image to Text MAP = 0.4027065208133694
2025-06-18 04:20:55,922 - __main__ - INFO - ...Text to Image MAP = 0.3823235933227543
2025-06-18 04:20:55,923 - __main__ - INFO - ...Average MAP = 0.39251505706806183
2025-06-18 04:21:05,322 - __main__ - INFO - Noise ratio: 0.6
2025-06-18 04:21:05,322 - __main__ - INFO - Namespace(dataset='xmedia', seed=0, alpha=0.8, lamda=1, margin=0.9, lambd=5, barycenter_number=1, top_k=10, warm_up_epoch=0, MAX_EPOCH=100, batch_size=256, output_dim=512, lr=0.0001, noisy_ratio=0.6, noise_mode='sym', GPU=1, hard_weight=True, noisy_train=False, logging='xmedia_ablation')
2025-06-18 04:29:32,705 - __main__ - INFO - ...Image to Text MAP = 0.8987521743495895
2025-06-18 04:29:32,875 - __main__ - INFO - ...Text to Image MAP = 0.893219057743544
2025-06-18 04:29:32,876 - __main__ - INFO - ...Average MAP = 0.8959856160465668
2025-06-18 04:29:42,959 - __main__ - INFO - Noise ratio: 0.6
2025-06-18 04:29:42,963 - __main__ - INFO - Namespace(dataset='xmedia', seed=0, alpha=0.8, lamda=0.0, margin=0.9, lambd=5, barycenter_number=1, top_k=10, warm_up_epoch=0, MAX_EPOCH=100, batch_size=256, output_dim=512, lr=0.0001, noisy_ratio=0.6, noise_mode='sym', GPU=1, hard_weight=True, noisy_train=True, logging='xmedia_ablation')
2025-06-18 04:39:09,259 - __main__ - INFO - ...Image to Text MAP = 0.8958364313983683
2025-06-18 04:39:09,368 - __main__ - INFO - ...Text to Image MAP = 0.9122680040547329
2025-06-18 04:39:09,368 - __main__ - INFO - ...Average MAP = 0.9040522177265506
2025-06-18 04:39:18,509 - __main__ - INFO - Noise ratio: 0.6
2025-06-18 04:39:18,510 - __main__ - INFO - Namespace(dataset='xmedia', seed=0, alpha=0.8, lamda=1, margin=0.9, lambd=5, barycenter_number=1, top_k=10, warm_up_epoch=0, MAX_EPOCH=100, batch_size=256, output_dim=512, lr=0.0001, noisy_ratio=0.6, noise_mode='sym', GPU=1, hard_weight=False, noisy_train=True, logging='xmedia_ablation')
2025-06-18 04:49:18,904 - __main__ - INFO - ...Image to Text MAP = 0.9078298827110003
2025-06-18 04:49:19,069 - __main__ - INFO - ...Text to Image MAP = 0.9119416311216508
2025-06-18 04:49:19,069 - __main__ - INFO - ...Average MAP = 0.9098857569163256
2025-06-18 04:49:28,538 - __main__ - INFO - Noise ratio: 0.8
2025-06-18 04:49:28,540 - __main__ - INFO - Namespace(dataset='xmedia', seed=0, alpha=0.8, lamda=1, margin=0.9, lambd=5, barycenter_number=1, top_k=10, warm_up_epoch=0, MAX_EPOCH=100, batch_size=256, output_dim=512, lr=0.0001, noisy_ratio=0.8, noise_mode='sym', GPU=1, hard_weight=True, noisy_train=True, logging='xmedia_ablation')
2025-06-18 04:59:20,949 - __main__ - INFO - ...Image to Text MAP = 0.9099197699179554
2025-06-18 04:59:21,194 - __main__ - INFO - ...Text to Image MAP = 0.9170792346015674
2025-06-18 04:59:21,194 - __main__ - INFO - ...Average MAP = 0.9134995022597614
2025-06-18 04:59:31,730 - __main__ - INFO - Noise ratio: 0.8
2025-06-18 04:59:31,732 - __main__ - INFO - Namespace(dataset='xmedia', seed=0, alpha=0.0, lamda=1, margin=0.9, lambd=5, barycenter_number=1, top_k=10, warm_up_epoch=0, MAX_EPOCH=100, batch_size=256, output_dim=512, lr=0.0001, noisy_ratio=0.8, noise_mode='sym', GPU=1, hard_weight=True, noisy_train=True, logging='xmedia_ablation')
2025-06-18 05:09:21,823 - __main__ - INFO - ...Image to Text MAP = 0.19850647888145642
2025-06-18 05:09:22,038 - __main__ - INFO - ...Text to Image MAP = 0.22397156979869043
2025-06-18 05:09:22,039 - __main__ - INFO - ...Average MAP = 0.2112390243400734
2025-06-18 05:09:32,928 - __main__ - INFO - Noise ratio: 0.8
2025-06-18 05:09:32,929 - __main__ - INFO - Namespace(dataset='xmedia', seed=0, alpha=0.8, lamda=1, margin=0.9, lambd=5, barycenter_number=1, top_k=10, warm_up_epoch=0, MAX_EPOCH=100, batch_size=256, output_dim=512, lr=0.0001, noisy_ratio=0.8, noise_mode='sym', GPU=1, hard_weight=True, noisy_train=False, logging='xmedia_ablation')
2025-06-18 05:17:28,006 - __main__ - INFO - ...Image to Text MAP = 0.8838778795395226
2025-06-18 05:17:28,138 - __main__ - INFO - ...Text to Image MAP = 0.8741838483760435
2025-06-18 05:17:28,139 - __main__ - INFO - ...Average MAP = 0.8790308639577831
2025-06-18 05:17:37,104 - __main__ - INFO - Noise ratio: 0.8
2025-06-18 05:17:37,106 - __main__ - INFO - Namespace(dataset='xmedia', seed=0, alpha=0.8, lamda=0.0, margin=0.9, lambd=5, barycenter_number=1, top_k=10, warm_up_epoch=0, MAX_EPOCH=100, batch_size=256, output_dim=512, lr=0.0001, noisy_ratio=0.8, noise_mode='sym', GPU=1, hard_weight=True, noisy_train=True, logging='xmedia_ablation')
2025-06-18 05:27:22,503 - __main__ - INFO - ...Image to Text MAP = 0.9038025322993717
2025-06-18 05:27:22,636 - __main__ - INFO - ...Text to Image MAP = 0.9123093804941209
2025-06-18 05:27:22,636 - __main__ - INFO - ...Average MAP = 0.9080559563967463
2025-06-18 05:27:32,926 - __main__ - INFO - Noise ratio: 0.8
2025-06-18 05:27:32,927 - __main__ - INFO - Namespace(dataset='xmedia', seed=0, alpha=0.8, lamda=1, margin=0.9, lambd=5, barycenter_number=1, top_k=10, warm_up_epoch=0, MAX_EPOCH=100, batch_size=256, output_dim=512, lr=0.0001, noisy_ratio=0.8, noise_mode='sym', GPU=1, hard_weight=False, noisy_train=True, logging='xmedia_ablation')
2025-06-18 05:37:21,470 - __main__ - INFO - ...Image to Text MAP = 0.9066963272974344
2025-06-18 05:37:21,575 - __main__ - INFO - ...Text to Image MAP = 0.9198361454762465
2025-06-18 05:37:21,575 - __main__ - INFO - ...Average MAP = 0.9132662363868405
2025-06-18 05:37:33,291 - __main__ - INFO - Noise ratio: 0.2
2025-06-18 05:37:33,299 - __main__ - INFO - Namespace(dataset='xmedia', seed=0, alpha=0.9, lamda=1, margin=0.9, lambd=5, barycenter_number=1, top_k=10, warm_up_epoch=0, MAX_EPOCH=100, batch_size=256, output_dim=512, lr=0.0001, noisy_ratio=0.2, noise_mode='sym', GPU=1, hard_weight=True, noisy_train=True, logging='xmedia_ablation')
2025-06-18 05:46:49,023 - __main__ - INFO - ...Image to Text MAP = 0.9141647334395339
2025-06-18 05:46:49,140 - __main__ - INFO - ...Text to Image MAP = 0.9191099858016059
2025-06-18 05:46:49,155 - __main__ - INFO - ...Average MAP = 0.9166373596205699
2025-06-18 05:47:00,102 - __main__ - INFO - Noise ratio: 0.2
2025-06-18 05:47:00,105 - __main__ - INFO - Namespace(dataset='xmedia', seed=0, alpha=0.0, lamda=1, margin=0.9, lambd=5, barycenter_number=1, top_k=10, warm_up_epoch=0, MAX_EPOCH=100, batch_size=256, output_dim=512, lr=0.0001, noisy_ratio=0.2, noise_mode='sym', GPU=1, hard_weight=True, noisy_train=True, logging='xmedia_ablation')
2025-06-18 05:56:10,689 - __main__ - INFO - ...Image to Text MAP = 0.9092903505892691
2025-06-18 05:56:10,911 - __main__ - INFO - ...Text to Image MAP = 0.9052745003750521
2025-06-18 05:56:10,912 - __main__ - INFO - ...Average MAP = 0.9072824254821605
2025-06-18 05:56:21,743 - __main__ - INFO - Noise ratio: 0.2
2025-06-18 05:56:21,746 - __main__ - INFO - Namespace(dataset='xmedia', seed=0, alpha=0.9, lamda=1, margin=0.9, lambd=5, barycenter_number=1, top_k=10, warm_up_epoch=0, MAX_EPOCH=100, batch_size=256, output_dim=512, lr=0.0001, noisy_ratio=0.2, noise_mode='sym', GPU=1, hard_weight=True, noisy_train=False, logging='xmedia_ablation')
2025-06-18 06:05:06,025 - __main__ - INFO - ...Image to Text MAP = 0.9108605053276552
2025-06-18 06:05:06,125 - __main__ - INFO - ...Text to Image MAP = 0.9103648719499103
2025-06-18 06:05:06,125 - __main__ - INFO - ...Average MAP = 0.9106126886387828
2025-06-18 06:05:16,313 - __main__ - INFO - Noise ratio: 0.2
2025-06-18 06:05:16,314 - __main__ - INFO - Namespace(dataset='xmedia', seed=0, alpha=0.9, lamda=0.0, margin=0.9, lambd=5, barycenter_number=1, top_k=10, warm_up_epoch=0, MAX_EPOCH=100, batch_size=256, output_dim=512, lr=0.0001, noisy_ratio=0.2, noise_mode='sym', GPU=1, hard_weight=True, noisy_train=True, logging='xmedia_ablation')
2025-06-18 06:15:05,542 - __main__ - INFO - ...Image to Text MAP = 0.9113167112554683
2025-06-18 06:15:05,870 - __main__ - INFO - ...Text to Image MAP = 0.9119114173311207
2025-06-18 06:15:05,871 - __main__ - INFO - ...Average MAP = 0.9116140642932945
2025-06-18 06:15:14,557 - __main__ - INFO - Noise ratio: 0.2
2025-06-18 06:15:14,557 - __main__ - INFO - Namespace(dataset='xmedia', seed=0, alpha=0.9, lamda=1, margin=0.9, lambd=5, barycenter_number=1, top_k=10, warm_up_epoch=0, MAX_EPOCH=100, batch_size=256, output_dim=512, lr=0.0001, noisy_ratio=0.2, noise_mode='sym', GPU=1, hard_weight=False, noisy_train=True, logging='xmedia_ablation')
2025-06-18 06:24:15,670 - __main__ - INFO - ...Image to Text MAP = 0.9132614048076002
2025-06-18 06:24:15,849 - __main__ - INFO - ...Text to Image MAP = 0.9201032588543434
2025-06-18 06:24:15,850 - __main__ - INFO - ...Average MAP = 0.9166823318309718
2025-06-18 06:24:25,629 - __main__ - INFO - Noise ratio: 0.4
2025-06-18 06:24:25,630 - __main__ - INFO - Namespace(dataset='xmedia', seed=0, alpha=0.9, lamda=1, margin=0.9, lambd=5, barycenter_number=1, top_k=10, warm_up_epoch=0, MAX_EPOCH=100, batch_size=256, output_dim=512, lr=0.0001, noisy_ratio=0.4, noise_mode='sym', GPU=1, hard_weight=True, noisy_train=True, logging='xmedia_ablation')
2025-06-18 06:34:01,197 - __main__ - INFO - ...Image to Text MAP = 0.9097367847806566
2025-06-18 06:34:01,328 - __main__ - INFO - ...Text to Image MAP = 0.9039698284333888
2025-06-18 06:34:01,329 - __main__ - INFO - ...Average MAP = 0.9068533066070227
2025-06-18 06:34:12,504 - __main__ - INFO - Noise ratio: 0.4
2025-06-18 06:34:12,507 - __main__ - INFO - Namespace(dataset='xmedia', seed=0, alpha=0.0, lamda=1, margin=0.9, lambd=5, barycenter_number=1, top_k=10, warm_up_epoch=0, MAX_EPOCH=100, batch_size=256, output_dim=512, lr=0.0001, noisy_ratio=0.4, noise_mode='sym', GPU=1, hard_weight=True, noisy_train=True, logging='xmedia_ablation')
2025-06-18 06:44:06,577 - __main__ - INFO - ...Image to Text MAP = 0.8801442373165019
2025-06-18 06:44:06,707 - __main__ - INFO - ...Text to Image MAP = 0.8610275484192166
2025-06-18 06:44:06,707 - __main__ - INFO - ...Average MAP = 0.8705858928678593
2025-06-18 06:44:17,441 - __main__ - INFO - Noise ratio: 0.4
2025-06-18 06:44:17,441 - __main__ - INFO - Namespace(dataset='xmedia', seed=0, alpha=0.9, lamda=1, margin=0.9, lambd=5, barycenter_number=1, top_k=10, warm_up_epoch=0, MAX_EPOCH=100, batch_size=256, output_dim=512, lr=0.0001, noisy_ratio=0.4, noise_mode='sym', GPU=1, hard_weight=True, noisy_train=False, logging='xmedia_ablation')
2025-06-18 06:53:18,636 - __main__ - INFO - ...Image to Text MAP = 0.8996735613317534
2025-06-18 06:53:19,017 - __main__ - INFO - ...Text to Image MAP = 0.8936336298818199
2025-06-18 06:53:19,018 - __main__ - INFO - ...Average MAP = 0.8966535956067867
2025-06-18 06:53:28,818 - __main__ - INFO - Noise ratio: 0.4
2025-06-18 06:53:28,818 - __main__ - INFO - Namespace(dataset='xmedia', seed=0, alpha=0.9, lamda=0.0, margin=0.9, lambd=5, barycenter_number=1, top_k=10, warm_up_epoch=0, MAX_EPOCH=100, batch_size=256, output_dim=512, lr=0.0001, noisy_ratio=0.4, noise_mode='sym', GPU=1, hard_weight=True, noisy_train=True, logging='xmedia_ablation')
2025-06-18 07:03:15,265 - __main__ - INFO - ...Image to Text MAP = 0.9034558569461635
2025-06-18 07:03:15,414 - __main__ - INFO - ...Text to Image MAP = 0.915104237766397
2025-06-18 07:03:15,417 - __main__ - INFO - ...Average MAP = 0.9092800473562803
2025-06-18 07:03:24,523 - __main__ - INFO - Noise ratio: 0.4
2025-06-18 07:03:24,524 - __main__ - INFO - Namespace(dataset='xmedia', seed=0, alpha=0.9, lamda=1, margin=0.9, lambd=5, barycenter_number=1, top_k=10, warm_up_epoch=0, MAX_EPOCH=100, batch_size=256, output_dim=512, lr=0.0001, noisy_ratio=0.4, noise_mode='sym', GPU=1, hard_weight=False, noisy_train=True, logging='xmedia_ablation')
2025-06-18 07:12:34,746 - __main__ - INFO - ...Image to Text MAP = 0.9130662659573858
2025-06-18 07:12:34,853 - __main__ - INFO - ...Text to Image MAP = 0.9068521001467238
2025-06-18 07:12:34,853 - __main__ - INFO - ...Average MAP = 0.9099591830520548
2025-06-18 07:12:44,441 - __main__ - INFO - Noise ratio: 0.6
2025-06-18 07:12:44,447 - __main__ - INFO - Namespace(dataset='xmedia', seed=0, alpha=0.9, lamda=1, margin=0.9, lambd=5, barycenter_number=1, top_k=10, warm_up_epoch=0, MAX_EPOCH=100, batch_size=256, output_dim=512, lr=0.0001, noisy_ratio=0.6, noise_mode='sym', GPU=1, hard_weight=True, noisy_train=True, logging='xmedia_ablation')
2025-06-18 07:22:26,328 - __main__ - INFO - ...Image to Text MAP = 0.9163688159730575
2025-06-18 07:22:26,584 - __main__ - INFO - ...Text to Image MAP = 0.913970653181519
2025-06-18 07:22:26,590 - __main__ - INFO - ...Average MAP = 0.9151697345772882
2025-06-18 07:22:36,227 - __main__ - INFO - Noise ratio: 0.6
2025-06-18 07:22:36,229 - __main__ - INFO - Namespace(dataset='xmedia', seed=0, alpha=0.0, lamda=1, margin=0.9, lambd=5, barycenter_number=1, top_k=10, warm_up_epoch=0, MAX_EPOCH=100, batch_size=256, output_dim=512, lr=0.0001, noisy_ratio=0.6, noise_mode='sym', GPU=1, hard_weight=True, noisy_train=True, logging='xmedia_ablation')
2025-06-18 07:32:34,052 - __main__ - INFO - ...Image to Text MAP = 0.4027065208133694
2025-06-18 07:32:34,176 - __main__ - INFO - ...Text to Image MAP = 0.3823235933227543
2025-06-18 07:32:34,176 - __main__ - INFO - ...Average MAP = 0.39251505706806183
2025-06-18 07:32:44,334 - __main__ - INFO - Noise ratio: 0.6
2025-06-18 07:32:44,334 - __main__ - INFO - Namespace(dataset='xmedia', seed=0, alpha=0.9, lamda=1, margin=0.9, lambd=5, barycenter_number=1, top_k=10, warm_up_epoch=0, MAX_EPOCH=100, batch_size=256, output_dim=512, lr=0.0001, noisy_ratio=0.6, noise_mode='sym', GPU=1, hard_weight=True, noisy_train=False, logging='xmedia_ablation')
2025-06-18 07:40:41,876 - __main__ - INFO - ...Image to Text MAP = 0.8889799536079613
2025-06-18 07:40:42,013 - __main__ - INFO - ...Text to Image MAP = 0.8964539896374626
2025-06-18 07:40:42,027 - __main__ - INFO - ...Average MAP = 0.8927169716227119
2025-06-18 07:43:27,334 - __main__ - INFO - Noise ratio: 0.6
2025-06-18 07:43:27,349 - __main__ - INFO - Namespace(dataset='xmedia', seed=0, alpha=0.9, lamda=0.0, margin=0.9, lambd=5, barycenter_number=1, top_k=10, warm_up_epoch=0, MAX_EPOCH=100, batch_size=256, output_dim=512, lr=0.0001, noisy_ratio=0.6, noise_mode='sym', GPU=1, hard_weight=True, noisy_train=True, logging='xmedia_ablation')
2025-06-18 07:51:19,253 - __main__ - INFO - ...Image to Text MAP = 0.8973713862154163
2025-06-18 07:51:19,364 - __main__ - INFO - ...Text to Image MAP = 0.9150758626794724
2025-06-18 07:51:19,384 - __main__ - INFO - ...Average MAP = 0.9062236244474444
2025-06-18 07:53:37,613 - __main__ - INFO - Noise ratio: 0.6
2025-06-18 07:53:37,613 - __main__ - INFO - Namespace(dataset='xmedia', seed=0, alpha=0.9, lamda=1, margin=0.9, lambd=5, barycenter_number=1, top_k=10, warm_up_epoch=0, MAX_EPOCH=100, batch_size=256, output_dim=512, lr=0.0001, noisy_ratio=0.6, noise_mode='sym', GPU=1, hard_weight=False, noisy_train=True, logging='xmedia_ablation')
2025-06-18 07:59:00,412 - __main__ - INFO - ...Image to Text MAP = 0.9106193306988744
2025-06-18 07:59:00,547 - __main__ - INFO - ...Text to Image MAP = 0.9189287576120225
2025-06-18 07:59:00,556 - __main__ - INFO - ...Average MAP = 0.9147740441554484
2025-06-18 08:01:07,227 - __main__ - INFO - Noise ratio: 0.8
2025-06-18 08:01:07,233 - __main__ - INFO - Namespace(dataset='xmedia', seed=0, alpha=0.9, lamda=1, margin=0.9, lambd=5, barycenter_number=1, top_k=10, warm_up_epoch=0, MAX_EPOCH=100, batch_size=256, output_dim=512, lr=0.0001, noisy_ratio=0.8, noise_mode='sym', GPU=1, hard_weight=True, noisy_train=True, logging='xmedia_ablation')
2025-06-18 08:09:44,305 - __main__ - INFO - ...Image to Text MAP = 0.9086851394055069
2025-06-18 08:09:44,458 - __main__ - INFO - ...Text to Image MAP = 0.9186687795986466
2025-06-18 08:09:44,503 - __main__ - INFO - ...Average MAP = 0.9136769595020767
2025-06-18 08:12:13,233 - __main__ - INFO - Noise ratio: 0.8
2025-06-18 08:12:13,241 - __main__ - INFO - Namespace(dataset='xmedia', seed=0, alpha=0.0, lamda=1, margin=0.9, lambd=5, barycenter_number=1, top_k=10, warm_up_epoch=0, MAX_EPOCH=100, batch_size=256, output_dim=512, lr=0.0001, noisy_ratio=0.8, noise_mode='sym', GPU=1, hard_weight=True, noisy_train=True, logging='xmedia_ablation')
2025-06-18 08:19:00,087 - __main__ - INFO - ...Image to Text MAP = 0.19850647888145642
2025-06-18 08:19:00,199 - __main__ - INFO - ...Text to Image MAP = 0.22397156979869043
2025-06-18 08:19:00,199 - __main__ - INFO - ...Average MAP = 0.2112390243400734
2025-06-18 08:21:48,522 - __main__ - INFO - Noise ratio: 0.8
2025-06-18 08:21:48,524 - __main__ - INFO - Namespace(dataset='xmedia', seed=0, alpha=0.9, lamda=1, margin=0.9, lambd=5, barycenter_number=1, top_k=10, warm_up_epoch=0, MAX_EPOCH=100, batch_size=256, output_dim=512, lr=0.0001, noisy_ratio=0.8, noise_mode='sym', GPU=1, hard_weight=True, noisy_train=False, logging='xmedia_ablation')
2025-06-18 08:28:38,943 - __main__ - INFO - ...Image to Text MAP = 0.8754232967334137
2025-06-18 08:28:39,115 - __main__ - INFO - ...Text to Image MAP = 0.8651610404142789
2025-06-18 08:28:39,119 - __main__ - INFO - ...Average MAP = 0.8702921685738463
2025-06-18 08:30:45,586 - __main__ - INFO - Noise ratio: 0.8
2025-06-18 08:30:45,590 - __main__ - INFO - Namespace(dataset='xmedia', seed=0, alpha=0.9, lamda=0.0, margin=0.9, lambd=5, barycenter_number=1, top_k=10, warm_up_epoch=0, MAX_EPOCH=100, batch_size=256, output_dim=512, lr=0.0001, noisy_ratio=0.8, noise_mode='sym', GPU=1, hard_weight=True, noisy_train=True, logging='xmedia_ablation')
2025-06-18 08:37:51,776 - __main__ - INFO - ...Image to Text MAP = 0.8985092039705884
2025-06-18 08:37:51,913 - __main__ - INFO - ...Text to Image MAP = 0.900178738353426
2025-06-18 08:37:51,914 - __main__ - INFO - ...Average MAP = 0.8993439711620073
2025-06-18 08:38:38,649 - __main__ - INFO - Noise ratio: 0.8
2025-06-18 08:38:38,654 - __main__ - INFO - Namespace(dataset='xmedia', seed=0, alpha=0.9, lamda=1, margin=0.9, lambd=5, barycenter_number=1, top_k=10, warm_up_epoch=0, MAX_EPOCH=100, batch_size=256, output_dim=512, lr=0.0001, noisy_ratio=0.8, noise_mode='sym', GPU=1, hard_weight=False, noisy_train=True, logging='xmedia_ablation')
2025-06-18 08:47:42,833 - __main__ - INFO - ...Image to Text MAP = 0.9119422507247866
2025-06-18 08:47:43,084 - __main__ - INFO - ...Text to Image MAP = 0.9202643047239626
2025-06-18 08:47:43,085 - __main__ - INFO - ...Average MAP = 0.9161032777243746
2025-06-18 08:48:31,572 - __main__ - INFO - Noise ratio: 0.2
2025-06-18 08:48:31,574 - __main__ - INFO - Namespace(dataset='xmedia', seed=0, alpha=1.0, lamda=1, margin=0.9, lambd=5, barycenter_number=1, top_k=10, warm_up_epoch=0, MAX_EPOCH=100, batch_size=256, output_dim=512, lr=0.0001, noisy_ratio=0.2, noise_mode='sym', GPU=1, hard_weight=True, noisy_train=True, logging='xmedia_ablation')
2025-06-18 08:56:55,266 - __main__ - INFO - ...Image to Text MAP = 0.9146363274589239
2025-06-18 08:56:55,376 - __main__ - INFO - ...Text to Image MAP = 0.9151706038302395
2025-06-18 08:56:55,383 - __main__ - INFO - ...Average MAP = 0.9149034656445817
2025-06-18 08:58:18,006 - __main__ - INFO - Noise ratio: 0.2
2025-06-18 08:58:18,015 - __main__ - INFO - Namespace(dataset='xmedia', seed=0, alpha=0.0, lamda=1, margin=0.9, lambd=5, barycenter_number=1, top_k=10, warm_up_epoch=0, MAX_EPOCH=100, batch_size=256, output_dim=512, lr=0.0001, noisy_ratio=0.2, noise_mode='sym', GPU=1, hard_weight=True, noisy_train=True, logging='xmedia_ablation')
2025-06-18 09:05:49,936 - __main__ - INFO - ...Image to Text MAP = 0.9092903505892691
2025-06-18 09:05:50,131 - __main__ - INFO - ...Text to Image MAP = 0.9052745003750521
2025-06-18 09:05:50,142 - __main__ - INFO - ...Average MAP = 0.9072824254821605
2025-06-18 09:08:20,288 - __main__ - INFO - Noise ratio: 0.2
2025-06-18 09:08:20,295 - __main__ - INFO - Namespace(dataset='xmedia', seed=0, alpha=1.0, lamda=1, margin=0.9, lambd=5, barycenter_number=1, top_k=10, warm_up_epoch=0, MAX_EPOCH=100, batch_size=256, output_dim=512, lr=0.0001, noisy_ratio=0.2, noise_mode='sym', GPU=1, hard_weight=True, noisy_train=False, logging='xmedia_ablation')
2025-06-18 09:14:20,474 - __main__ - INFO - ...Image to Text MAP = 0.9109191041324805
2025-06-18 09:14:20,583 - __main__ - INFO - ...Text to Image MAP = 0.9140844834486008
2025-06-18 09:14:20,601 - __main__ - INFO - ...Average MAP = 0.9125017937905406
2025-06-18 09:17:08,057 - __main__ - INFO - Noise ratio: 0.2
2025-06-18 09:17:08,058 - __main__ - INFO - Namespace(dataset='xmedia', seed=0, alpha=1.0, lamda=0.0, margin=0.9, lambd=5, barycenter_number=1, top_k=10, warm_up_epoch=0, MAX_EPOCH=100, batch_size=256, output_dim=512, lr=0.0001, noisy_ratio=0.2, noise_mode='sym', GPU=1, hard_weight=True, noisy_train=True, logging='xmedia_ablation')
2025-06-18 09:24:09,619 - __main__ - INFO - ...Image to Text MAP = 0.901770444101872
2025-06-18 09:24:09,749 - __main__ - INFO - ...Text to Image MAP = 0.9071093397187604
2025-06-18 09:24:09,772 - __main__ - INFO - ...Average MAP = 0.9044398919103163
2025-06-18 09:27:18,097 - __main__ - INFO - Noise ratio: 0.2
2025-06-18 09:27:18,117 - __main__ - INFO - Namespace(dataset='xmedia', seed=0, alpha=1.0, lamda=1, margin=0.9, lambd=5, barycenter_number=1, top_k=10, warm_up_epoch=0, MAX_EPOCH=100, batch_size=256, output_dim=512, lr=0.0001, noisy_ratio=0.2, noise_mode='sym', GPU=1, hard_weight=False, noisy_train=True, logging='xmedia_ablation')
2025-06-18 09:34:39,191 - __main__ - INFO - ...Image to Text MAP = 0.9168564212233933
2025-06-18 09:34:39,323 - __main__ - INFO - ...Text to Image MAP = 0.9131186806663447
2025-06-18 09:34:39,333 - __main__ - INFO - ...Average MAP = 0.914987550944869
2025-06-18 09:35:19,991 - __main__ - INFO - Noise ratio: 0.4
2025-06-18 09:35:19,993 - __main__ - INFO - Namespace(dataset='xmedia', seed=0, alpha=1.0, lamda=1, margin=0.9, lambd=5, barycenter_number=1, top_k=10, warm_up_epoch=0, MAX_EPOCH=100, batch_size=256, output_dim=512, lr=0.0001, noisy_ratio=0.4, noise_mode='sym', GPU=1, hard_weight=True, noisy_train=True, logging='xmedia_ablation')
2025-06-18 09:44:40,862 - __main__ - INFO - ...Image to Text MAP = 0.9124014934415885
2025-06-18 09:44:40,991 - __main__ - INFO - ...Text to Image MAP = 0.9092380007425204
2025-06-18 09:44:40,992 - __main__ - INFO - ...Average MAP = 0.9108197470920545
2025-06-18 09:44:53,327 - __main__ - INFO - Noise ratio: 0.4
2025-06-18 09:44:53,338 - __main__ - INFO - Namespace(dataset='xmedia', seed=0, alpha=0.0, lamda=1, margin=0.9, lambd=5, barycenter_number=1, top_k=10, warm_up_epoch=0, MAX_EPOCH=100, batch_size=256, output_dim=512, lr=0.0001, noisy_ratio=0.4, noise_mode='sym', GPU=1, hard_weight=True, noisy_train=True, logging='xmedia_ablation')
2025-06-18 09:54:41,644 - __main__ - INFO - ...Image to Text MAP = 0.8801442373165019
2025-06-18 09:54:41,897 - __main__ - INFO - ...Text to Image MAP = 0.8610275484192166
2025-06-18 09:54:41,897 - __main__ - INFO - ...Average MAP = 0.8705858928678593
2025-06-18 09:54:52,234 - __main__ - INFO - Noise ratio: 0.4
2025-06-18 09:54:52,235 - __main__ - INFO - Namespace(dataset='xmedia', seed=0, alpha=1.0, lamda=1, margin=0.9, lambd=5, barycenter_number=1, top_k=10, warm_up_epoch=0, MAX_EPOCH=100, batch_size=256, output_dim=512, lr=0.0001, noisy_ratio=0.4, noise_mode='sym', GPU=1, hard_weight=True, noisy_train=False, logging='xmedia_ablation')
2025-06-18 10:03:09,887 - __main__ - INFO - ...Image to Text MAP = 0.8977516055676745
2025-06-18 10:03:09,995 - __main__ - INFO - ...Text to Image MAP = 0.8865633974844316
2025-06-18 10:03:09,996 - __main__ - INFO - ...Average MAP = 0.892157501526053
2025-06-18 10:03:18,823 - __main__ - INFO - Noise ratio: 0.4
2025-06-18 10:03:18,823 - __main__ - INFO - Namespace(dataset='xmedia', seed=0, alpha=1.0, lamda=0.0, margin=0.9, lambd=5, barycenter_number=1, top_k=10, warm_up_epoch=0, MAX_EPOCH=100, batch_size=256, output_dim=512, lr=0.0001, noisy_ratio=0.4, noise_mode='sym', GPU=1, hard_weight=True, noisy_train=True, logging='xmedia_ablation')
2025-06-18 10:11:55,690 - __main__ - INFO - ...Image to Text MAP = 0.9050767508930658
2025-06-18 10:11:56,054 - __main__ - INFO - ...Text to Image MAP = 0.9117446111261772
2025-06-18 10:11:56,061 - __main__ - INFO - ...Average MAP = 0.9084106810096215
2025-06-18 10:12:20,648 - __main__ - INFO - Noise ratio: 0.4
2025-06-18 10:12:20,649 - __main__ - INFO - Namespace(dataset='xmedia', seed=0, alpha=1.0, lamda=1, margin=0.9, lambd=5, barycenter_number=1, top_k=10, warm_up_epoch=0, MAX_EPOCH=100, batch_size=256, output_dim=512, lr=0.0001, noisy_ratio=0.4, noise_mode='sym', GPU=1, hard_weight=False, noisy_train=True, logging='xmedia_ablation')
2025-06-18 10:21:01,173 - __main__ - INFO - ...Image to Text MAP = 0.9068223198249339
2025-06-18 10:21:01,303 - __main__ - INFO - ...Text to Image MAP = 0.9046684472333516
2025-06-18 10:21:01,304 - __main__ - INFO - ...Average MAP = 0.9057453835291427
2025-06-18 10:21:11,871 - __main__ - INFO - Noise ratio: 0.6
2025-06-18 10:21:11,872 - __main__ - INFO - Namespace(dataset='xmedia', seed=0, alpha=1.0, lamda=1, margin=0.9, lambd=5, barycenter_number=1, top_k=10, warm_up_epoch=0, MAX_EPOCH=100, batch_size=256, output_dim=512, lr=0.0001, noisy_ratio=0.6, noise_mode='sym', GPU=1, hard_weight=True, noisy_train=True, logging='xmedia_ablation')
2025-06-18 10:29:50,973 - __main__ - INFO - ...Image to Text MAP = 0.9086826934317868
2025-06-18 10:29:51,115 - __main__ - INFO - ...Text to Image MAP = 0.9132086276646155
2025-06-18 10:29:51,116 - __main__ - INFO - ...Average MAP = 0.9109456605482011
2025-06-18 10:30:03,306 - __main__ - INFO - Noise ratio: 0.6
2025-06-18 10:30:03,308 - __main__ - INFO - Namespace(dataset='xmedia', seed=0, alpha=0.0, lamda=1, margin=0.9, lambd=5, barycenter_number=1, top_k=10, warm_up_epoch=0, MAX_EPOCH=100, batch_size=256, output_dim=512, lr=0.0001, noisy_ratio=0.6, noise_mode='sym', GPU=1, hard_weight=True, noisy_train=True, logging='xmedia_ablation')
2025-06-18 10:38:38,027 - __main__ - INFO - ...Image to Text MAP = 0.4027065208133694
2025-06-18 10:38:38,165 - __main__ - INFO - ...Text to Image MAP = 0.3823235933227543
2025-06-18 10:38:38,165 - __main__ - INFO - ...Average MAP = 0.39251505706806183
2025-06-18 10:38:47,377 - __main__ - INFO - Noise ratio: 0.6
2025-06-18 10:38:47,380 - __main__ - INFO - Namespace(dataset='xmedia', seed=0, alpha=1.0, lamda=1, margin=0.9, lambd=5, barycenter_number=1, top_k=10, warm_up_epoch=0, MAX_EPOCH=100, batch_size=256, output_dim=512, lr=0.0001, noisy_ratio=0.6, noise_mode='sym', GPU=1, hard_weight=True, noisy_train=False, logging='xmedia_ablation')
2025-06-18 10:46:36,466 - __main__ - INFO - ...Image to Text MAP = 0.8971309057901958
2025-06-18 10:46:36,601 - __main__ - INFO - ...Text to Image MAP = 0.8910304290440736
2025-06-18 10:46:36,602 - __main__ - INFO - ...Average MAP = 0.8940806674171347
2025-06-18 10:46:46,045 - __main__ - INFO - Noise ratio: 0.6
2025-06-18 10:46:46,045 - __main__ - INFO - Namespace(dataset='xmedia', seed=0, alpha=1.0, lamda=0.0, margin=0.9, lambd=5, barycenter_number=1, top_k=10, warm_up_epoch=0, MAX_EPOCH=100, batch_size=256, output_dim=512, lr=0.0001, noisy_ratio=0.6, noise_mode='sym', GPU=1, hard_weight=True, noisy_train=True, logging='xmedia_ablation')
2025-06-18 10:56:32,544 - __main__ - INFO - ...Image to Text MAP = 0.9035834990038022
2025-06-18 10:56:32,711 - __main__ - INFO - ...Text to Image MAP = 0.9183839250777801
2025-06-18 10:56:32,711 - __main__ - INFO - ...Average MAP = 0.9109837120407911
2025-06-18 10:56:42,242 - __main__ - INFO - Noise ratio: 0.6
2025-06-18 10:56:42,247 - __main__ - INFO - Namespace(dataset='xmedia', seed=0, alpha=1.0, lamda=1, margin=0.9, lambd=5, barycenter_number=1, top_k=10, warm_up_epoch=0, MAX_EPOCH=100, batch_size=256, output_dim=512, lr=0.0001, noisy_ratio=0.6, noise_mode='sym', GPU=1, hard_weight=False, noisy_train=True, logging='xmedia_ablation')
2025-06-18 11:05:59,297 - __main__ - INFO - ...Image to Text MAP = 0.9125685631531557
2025-06-18 11:05:59,431 - __main__ - INFO - ...Text to Image MAP = 0.9203000197931445
2025-06-18 11:05:59,431 - __main__ - INFO - ...Average MAP = 0.91643429147315
2025-06-18 11:06:09,745 - __main__ - INFO - Noise ratio: 0.8
2025-06-18 11:06:09,747 - __main__ - INFO - Namespace(dataset='xmedia', seed=0, alpha=1.0, lamda=1, margin=0.9, lambd=5, barycenter_number=1, top_k=10, warm_up_epoch=0, MAX_EPOCH=100, batch_size=256, output_dim=512, lr=0.0001, noisy_ratio=0.8, noise_mode='sym', GPU=1, hard_weight=True, noisy_train=True, logging='xmedia_ablation')
2025-06-18 11:15:29,439 - __main__ - INFO - ...Image to Text MAP = 0.9086344935011476
2025-06-18 11:15:29,600 - __main__ - INFO - ...Text to Image MAP = 0.9221363824975977
2025-06-18 11:15:29,601 - __main__ - INFO - ...Average MAP = 0.9153854379993727
2025-06-18 11:15:40,188 - __main__ - INFO - Noise ratio: 0.8
2025-06-18 11:15:40,190 - __main__ - INFO - Namespace(dataset='xmedia', seed=0, alpha=0.0, lamda=1, margin=0.9, lambd=5, barycenter_number=1, top_k=10, warm_up_epoch=0, MAX_EPOCH=100, batch_size=256, output_dim=512, lr=0.0001, noisy_ratio=0.8, noise_mode='sym', GPU=1, hard_weight=True, noisy_train=True, logging='xmedia_ablation')
2025-06-18 11:24:05,332 - __main__ - INFO - ...Image to Text MAP = 0.19850647888145642
2025-06-18 11:24:05,455 - __main__ - INFO - ...Text to Image MAP = 0.22397156979869043
2025-06-18 11:24:05,456 - __main__ - INFO - ...Average MAP = 0.2112390243400734
2025-06-18 11:24:15,865 - __main__ - INFO - Noise ratio: 0.8
2025-06-18 11:24:15,866 - __main__ - INFO - Namespace(dataset='xmedia', seed=0, alpha=1.0, lamda=1, margin=0.9, lambd=5, barycenter_number=1, top_k=10, warm_up_epoch=0, MAX_EPOCH=100, batch_size=256, output_dim=512, lr=0.0001, noisy_ratio=0.8, noise_mode='sym', GPU=1, hard_weight=True, noisy_train=False, logging='xmedia_ablation')
2025-06-18 11:31:24,608 - __main__ - INFO - ...Image to Text MAP = 0.8772232450904561
2025-06-18 11:31:24,731 - __main__ - INFO - ...Text to Image MAP = 0.8737802642321125
2025-06-18 11:31:24,732 - __main__ - INFO - ...Average MAP = 0.8755017546612843
2025-06-18 11:31:35,894 - __main__ - INFO - Noise ratio: 0.8
2025-06-18 11:31:35,895 - __main__ - INFO - Namespace(dataset='xmedia', seed=0, alpha=1.0, lamda=0.0, margin=0.9, lambd=5, barycenter_number=1, top_k=10, warm_up_epoch=0, MAX_EPOCH=100, batch_size=256, output_dim=512, lr=0.0001, noisy_ratio=0.8, noise_mode='sym', GPU=1, hard_weight=True, noisy_train=True, logging='xmedia_ablation')
2025-06-18 11:41:16,729 - __main__ - INFO - ...Image to Text MAP = 0.9022343050981724
2025-06-18 11:41:16,865 - __main__ - INFO - ...Text to Image MAP = 0.9109843995131454
2025-06-18 11:41:16,866 - __main__ - INFO - ...Average MAP = 0.9066093523056589
2025-06-18 11:41:26,766 - __main__ - INFO - Noise ratio: 0.8
2025-06-18 11:41:26,770 - __main__ - INFO - Namespace(dataset='xmedia', seed=0, alpha=1.0, lamda=1, margin=0.9, lambd=5, barycenter_number=1, top_k=10, warm_up_epoch=0, MAX_EPOCH=100, batch_size=256, output_dim=512, lr=0.0001, noisy_ratio=0.8, noise_mode='sym', GPU=1, hard_weight=False, noisy_train=True, logging='xmedia_ablation')
2025-06-18 11:51:10,598 - __main__ - INFO - ...Image to Text MAP = 0.9039688917208775
2025-06-18 11:51:10,810 - __main__ - INFO - ...Text to Image MAP = 0.9144383180924126
2025-06-18 11:51:10,811 - __main__ - INFO - ...Average MAP = 0.909203604906645
2025-06-18 11:51:21,642 - __main__ - INFO - Noise ratio: 0.2
2025-06-18 11:51:21,646 - __main__ - INFO - Namespace(dataset='xmedia', seed=0, alpha=2.0, lamda=1, margin=0.9, lambd=5, barycenter_number=1, top_k=10, warm_up_epoch=0, MAX_EPOCH=100, batch_size=256, output_dim=512, lr=0.0001, noisy_ratio=0.2, noise_mode='sym', GPU=1, hard_weight=True, noisy_train=True, logging='xmedia_ablation')
2025-06-18 12:00:48,043 - __main__ - INFO - ...Image to Text MAP = 0.9124652981329149
2025-06-18 12:00:48,412 - __main__ - INFO - ...Text to Image MAP = 0.9159480913414321
2025-06-18 12:00:48,413 - __main__ - INFO - ...Average MAP = 0.9142066947371734
2025-06-18 12:00:56,869 - __main__ - INFO - Noise ratio: 0.2
2025-06-18 12:00:56,876 - __main__ - INFO - Namespace(dataset='xmedia', seed=0, alpha=0.0, lamda=1, margin=0.9, lambd=5, barycenter_number=1, top_k=10, warm_up_epoch=0, MAX_EPOCH=100, batch_size=256, output_dim=512, lr=0.0001, noisy_ratio=0.2, noise_mode='sym', GPU=1, hard_weight=True, noisy_train=True, logging='xmedia_ablation')
2025-06-18 12:09:58,793 - __main__ - INFO - ...Image to Text MAP = 0.9092903505892691
2025-06-18 12:09:59,130 - __main__ - INFO - ...Text to Image MAP = 0.9052745003750521
2025-06-18 12:09:59,131 - __main__ - INFO - ...Average MAP = 0.9072824254821605
2025-06-18 12:10:08,218 - __main__ - INFO - Noise ratio: 0.2
2025-06-18 12:10:08,219 - __main__ - INFO - Namespace(dataset='xmedia', seed=0, alpha=2.0, lamda=1, margin=0.9, lambd=5, barycenter_number=1, top_k=10, warm_up_epoch=0, MAX_EPOCH=100, batch_size=256, output_dim=512, lr=0.0001, noisy_ratio=0.2, noise_mode='sym', GPU=1, hard_weight=True, noisy_train=False, logging='xmedia_ablation')
2025-06-18 12:18:37,844 - __main__ - INFO - ...Image to Text MAP = 0.9195541459704138
2025-06-18 12:18:38,054 - __main__ - INFO - ...Text to Image MAP = 0.9209606084703906
2025-06-18 12:18:38,055 - __main__ - INFO - ...Average MAP = 0.9202573772204022
2025-06-18 12:18:49,430 - __main__ - INFO - Noise ratio: 0.2
2025-06-18 12:18:49,432 - __main__ - INFO - Namespace(dataset='xmedia', seed=0, alpha=2.0, lamda=0.0, margin=0.9, lambd=5, barycenter_number=1, top_k=10, warm_up_epoch=0, MAX_EPOCH=100, batch_size=256, output_dim=512, lr=0.0001, noisy_ratio=0.2, noise_mode='sym', GPU=1, hard_weight=True, noisy_train=True, logging='xmedia_ablation')
2025-06-18 12:28:04,375 - __main__ - INFO - ...Image to Text MAP = 0.9161030032685148
2025-06-18 12:28:04,544 - __main__ - INFO - ...Text to Image MAP = 0.9170407694886408
2025-06-18 12:28:04,545 - __main__ - INFO - ...Average MAP = 0.9165718863785778
2025-06-18 12:28:13,981 - __main__ - INFO - Noise ratio: 0.2
2025-06-18 12:28:13,982 - __main__ - INFO - Namespace(dataset='xmedia', seed=0, alpha=2.0, lamda=1, margin=0.9, lambd=5, barycenter_number=1, top_k=10, warm_up_epoch=0, MAX_EPOCH=100, batch_size=256, output_dim=512, lr=0.0001, noisy_ratio=0.2, noise_mode='sym', GPU=1, hard_weight=False, noisy_train=True, logging='xmedia_ablation')
2025-06-18 12:37:30,449 - __main__ - INFO - ...Image to Text MAP = 0.9182597423646266
2025-06-18 12:37:30,646 - __main__ - INFO - ...Text to Image MAP = 0.9160961897672739
2025-06-18 12:37:30,647 - __main__ - INFO - ...Average MAP = 0.9171779660659503
2025-06-18 12:37:39,444 - __main__ - INFO - Noise ratio: 0.4
2025-06-18 12:37:39,447 - __main__ - INFO - Namespace(dataset='xmedia', seed=0, alpha=2.0, lamda=1, margin=0.9, lambd=5, barycenter_number=1, top_k=10, warm_up_epoch=0, MAX_EPOCH=100, batch_size=256, output_dim=512, lr=0.0001, noisy_ratio=0.4, noise_mode='sym', GPU=1, hard_weight=True, noisy_train=True, logging='xmedia_ablation')
2025-06-18 12:47:16,945 - __main__ - INFO - ...Image to Text MAP = 0.9120757537409536
2025-06-18 12:47:17,247 - __main__ - INFO - ...Text to Image MAP = 0.9116810344425578
2025-06-18 12:47:17,257 - __main__ - INFO - ...Average MAP = 0.9118783940917556
2025-06-18 12:47:26,651 - __main__ - INFO - Noise ratio: 0.4
2025-06-18 12:47:26,653 - __main__ - INFO - Namespace(dataset='xmedia', seed=0, alpha=0.0, lamda=1, margin=0.9, lambd=5, barycenter_number=1, top_k=10, warm_up_epoch=0, MAX_EPOCH=100, batch_size=256, output_dim=512, lr=0.0001, noisy_ratio=0.4, noise_mode='sym', GPU=1, hard_weight=True, noisy_train=True, logging='xmedia_ablation')
2025-06-18 12:57:18,610 - __main__ - INFO - ...Image to Text MAP = 0.8801442373165019
2025-06-18 12:57:18,707 - __main__ - INFO - ...Text to Image MAP = 0.8610275484192166
2025-06-18 12:57:18,708 - __main__ - INFO - ...Average MAP = 0.8705858928678593
2025-06-18 12:57:27,808 - __main__ - INFO - Noise ratio: 0.4
2025-06-18 12:57:27,809 - __main__ - INFO - Namespace(dataset='xmedia', seed=0, alpha=2.0, lamda=1, margin=0.9, lambd=5, barycenter_number=1, top_k=10, warm_up_epoch=0, MAX_EPOCH=100, batch_size=256, output_dim=512, lr=0.0001, noisy_ratio=0.4, noise_mode='sym', GPU=1, hard_weight=True, noisy_train=False, logging='xmedia_ablation')
2025-06-18 13:05:35,051 - __main__ - INFO - ...Image to Text MAP = 0.9002365621593349
2025-06-18 13:05:35,150 - __main__ - INFO - ...Text to Image MAP = 0.9039083938782568
2025-06-18 13:05:35,151 - __main__ - INFO - ...Average MAP = 0.9020724780187959
2025-06-18 13:05:45,695 - __main__ - INFO - Noise ratio: 0.4
2025-06-18 13:05:45,695 - __main__ - INFO - Namespace(dataset='xmedia', seed=0, alpha=2.0, lamda=0.0, margin=0.9, lambd=5, barycenter_number=1, top_k=10, warm_up_epoch=0, MAX_EPOCH=100, batch_size=256, output_dim=512, lr=0.0001, noisy_ratio=0.4, noise_mode='sym', GPU=1, hard_weight=True, noisy_train=True, logging='xmedia_ablation')
2025-06-18 13:15:10,197 - __main__ - INFO - ...Image to Text MAP = 0.906504924008625
2025-06-18 13:15:10,450 - __main__ - INFO - ...Text to Image MAP = 0.9122328835178685
2025-06-18 13:15:10,451 - __main__ - INFO - ...Average MAP = 0.9093689037632467
2025-06-18 13:15:21,613 - __main__ - INFO - Noise ratio: 0.4
2025-06-18 13:15:21,618 - __main__ - INFO - Namespace(dataset='xmedia', seed=0, alpha=2.0, lamda=1, margin=0.9, lambd=5, barycenter_number=1, top_k=10, warm_up_epoch=0, MAX_EPOCH=100, batch_size=256, output_dim=512, lr=0.0001, noisy_ratio=0.4, noise_mode='sym', GPU=1, hard_weight=False, noisy_train=True, logging='xmedia_ablation')
2025-06-18 13:25:11,415 - __main__ - INFO - ...Image to Text MAP = 0.9142640268057305
2025-06-18 13:25:11,565 - __main__ - INFO - ...Text to Image MAP = 0.9177340021090888
2025-06-18 13:25:11,566 - __main__ - INFO - ...Average MAP = 0.9159990144574097
2025-06-18 13:25:21,563 - __main__ - INFO - Noise ratio: 0.6
2025-06-18 13:25:21,565 - __main__ - INFO - Namespace(dataset='xmedia', seed=0, alpha=2.0, lamda=1, margin=0.9, lambd=5, barycenter_number=1, top_k=10, warm_up_epoch=0, MAX_EPOCH=100, batch_size=256, output_dim=512, lr=0.0001, noisy_ratio=0.6, noise_mode='sym', GPU=1, hard_weight=True, noisy_train=True, logging='xmedia_ablation')
2025-06-18 13:35:01,275 - __main__ - INFO - ...Image to Text MAP = 0.9123360463809486
2025-06-18 13:35:01,395 - __main__ - INFO - ...Text to Image MAP = 0.9209022237053801
2025-06-18 13:35:01,396 - __main__ - INFO - ...Average MAP = 0.9166191350431643
2025-06-18 13:35:11,860 - __main__ - INFO - Noise ratio: 0.6
2025-06-18 13:35:11,862 - __main__ - INFO - Namespace(dataset='xmedia', seed=0, alpha=0.0, lamda=1, margin=0.9, lambd=5, barycenter_number=1, top_k=10, warm_up_epoch=0, MAX_EPOCH=100, batch_size=256, output_dim=512, lr=0.0001, noisy_ratio=0.6, noise_mode='sym', GPU=1, hard_weight=True, noisy_train=True, logging='xmedia_ablation')
2025-06-18 13:44:09,649 - __main__ - INFO - ...Image to Text MAP = 0.4027065208133694
2025-06-18 13:44:09,772 - __main__ - INFO - ...Text to Image MAP = 0.3823235933227543
2025-06-18 13:44:09,773 - __main__ - INFO - ...Average MAP = 0.39251505706806183
2025-06-18 13:44:18,314 - __main__ - INFO - Noise ratio: 0.6
2025-06-18 13:44:18,315 - __main__ - INFO - Namespace(dataset='xmedia', seed=0, alpha=2.0, lamda=1, margin=0.9, lambd=5, barycenter_number=1, top_k=10, warm_up_epoch=0, MAX_EPOCH=100, batch_size=256, output_dim=512, lr=0.0001, noisy_ratio=0.6, noise_mode='sym', GPU=1, hard_weight=True, noisy_train=False, logging='xmedia_ablation')
2025-06-18 13:52:04,404 - __main__ - INFO - ...Image to Text MAP = 0.8914148657406854
2025-06-18 13:52:04,588 - __main__ - INFO - ...Text to Image MAP = 0.8949667770627352
2025-06-18 13:52:04,591 - __main__ - INFO - ...Average MAP = 0.8931908214017104
2025-06-18 13:52:14,551 - __main__ - INFO - Noise ratio: 0.6
2025-06-18 13:52:14,557 - __main__ - INFO - Namespace(dataset='xmedia', seed=0, alpha=2.0, lamda=0.0, margin=0.9, lambd=5, barycenter_number=1, top_k=10, warm_up_epoch=0, MAX_EPOCH=100, batch_size=256, output_dim=512, lr=0.0001, noisy_ratio=0.6, noise_mode='sym', GPU=1, hard_weight=True, noisy_train=True, logging='xmedia_ablation')
2025-06-18 14:01:38,923 - __main__ - INFO - ...Image to Text MAP = 0.9032025759598268
2025-06-18 14:01:39,047 - __main__ - INFO - ...Text to Image MAP = 0.9163427511966593
2025-06-18 14:01:39,048 - __main__ - INFO - ...Average MAP = 0.909772663578243
2025-06-18 14:01:49,571 - __main__ - INFO - Noise ratio: 0.6
2025-06-18 14:01:49,572 - __main__ - INFO - Namespace(dataset='xmedia', seed=0, alpha=2.0, lamda=1, margin=0.9, lambd=5, barycenter_number=1, top_k=10, warm_up_epoch=0, MAX_EPOCH=100, batch_size=256, output_dim=512, lr=0.0001, noisy_ratio=0.6, noise_mode='sym', GPU=1, hard_weight=False, noisy_train=True, logging='xmedia_ablation')
2025-06-18 14:11:25,847 - __main__ - INFO - ...Image to Text MAP = 0.9081267063489731
2025-06-18 14:11:25,975 - __main__ - INFO - ...Text to Image MAP = 0.9198034150781305
2025-06-18 14:11:25,975 - __main__ - INFO - ...Average MAP = 0.9139650607135518
2025-06-18 14:11:35,829 - __main__ - INFO - Noise ratio: 0.8
2025-06-18 14:11:35,831 - __main__ - INFO - Namespace(dataset='xmedia', seed=0, alpha=2.0, lamda=1, margin=0.9, lambd=5, barycenter_number=1, top_k=10, warm_up_epoch=0, MAX_EPOCH=100, batch_size=256, output_dim=512, lr=0.0001, noisy_ratio=0.8, noise_mode='sym', GPU=1, hard_weight=True, noisy_train=True, logging='xmedia_ablation')
2025-06-18 14:21:01,080 - __main__ - INFO - ...Image to Text MAP = 0.9011898557503976
2025-06-18 14:21:01,206 - __main__ - INFO - ...Text to Image MAP = 0.9151361543155103
2025-06-18 14:21:01,207 - __main__ - INFO - ...Average MAP = 0.9081630050329539
2025-06-18 14:21:11,051 - __main__ - INFO - Noise ratio: 0.8
2025-06-18 14:21:11,053 - __main__ - INFO - Namespace(dataset='xmedia', seed=0, alpha=0.0, lamda=1, margin=0.9, lambd=5, barycenter_number=1, top_k=10, warm_up_epoch=0, MAX_EPOCH=100, batch_size=256, output_dim=512, lr=0.0001, noisy_ratio=0.8, noise_mode='sym', GPU=1, hard_weight=True, noisy_train=True, logging='xmedia_ablation')
2025-06-18 14:31:18,236 - __main__ - INFO - ...Image to Text MAP = 0.19850647888145642
2025-06-18 14:31:18,400 - __main__ - INFO - ...Text to Image MAP = 0.22397156979869043
2025-06-18 14:31:18,401 - __main__ - INFO - ...Average MAP = 0.2112390243400734
2025-06-18 14:31:27,685 - __main__ - INFO - Noise ratio: 0.8
2025-06-18 14:31:27,685 - __main__ - INFO - Namespace(dataset='xmedia', seed=0, alpha=2.0, lamda=1, margin=0.9, lambd=5, barycenter_number=1, top_k=10, warm_up_epoch=0, MAX_EPOCH=100, batch_size=256, output_dim=512, lr=0.0001, noisy_ratio=0.8, noise_mode='sym', GPU=1, hard_weight=True, noisy_train=False, logging='xmedia_ablation')
2025-06-18 14:39:06,551 - __main__ - INFO - ...Image to Text MAP = 0.8858154535034674
2025-06-18 14:39:06,654 - __main__ - INFO - ...Text to Image MAP = 0.8893174677740285
2025-06-18 14:39:06,654 - __main__ - INFO - ...Average MAP = 0.8875664606387479
2025-06-18 14:39:16,700 - __main__ - INFO - Noise ratio: 0.8
2025-06-18 14:39:16,703 - __main__ - INFO - Namespace(dataset='xmedia', seed=0, alpha=2.0, lamda=0.0, margin=0.9, lambd=5, barycenter_number=1, top_k=10, warm_up_epoch=0, MAX_EPOCH=100, batch_size=256, output_dim=512, lr=0.0001, noisy_ratio=0.8, noise_mode='sym', GPU=1, hard_weight=True, noisy_train=True, logging='xmedia_ablation')
2025-06-18 14:49:13,697 - __main__ - INFO - ...Image to Text MAP = 0.8974192960782064
2025-06-18 14:49:13,801 - __main__ - INFO - ...Text to Image MAP = 0.9065316922703521
2025-06-18 14:49:13,801 - __main__ - INFO - ...Average MAP = 0.9019754941742792
2025-06-18 14:49:23,973 - __main__ - INFO - Noise ratio: 0.8
2025-06-18 14:49:23,974 - __main__ - INFO - Namespace(dataset='xmedia', seed=0, alpha=2.0, lamda=1, margin=0.9, lambd=5, barycenter_number=1, top_k=10, warm_up_epoch=0, MAX_EPOCH=100, batch_size=256, output_dim=512, lr=0.0001, noisy_ratio=0.8, noise_mode='sym', GPU=1, hard_weight=False, noisy_train=True, logging='xmedia_ablation')
2025-06-18 14:59:30,268 - __main__ - INFO - ...Image to Text MAP = 0.9035381326688631
2025-06-18 14:59:30,555 - __main__ - INFO - ...Text to Image MAP = 0.9070727065700405
2025-06-18 14:59:30,556 - __main__ - INFO - ...Average MAP = 0.9053054196194518
2025-06-18 14:59:41,232 - __main__ - INFO - Noise ratio: 0.2
2025-06-18 14:59:41,235 - __main__ - INFO - Namespace(dataset='xmedia', seed=0, alpha=3.0, lamda=1, margin=0.9, lambd=5, barycenter_number=1, top_k=10, warm_up_epoch=0, MAX_EPOCH=100, batch_size=256, output_dim=512, lr=0.0001, noisy_ratio=0.2, noise_mode='sym', GPU=1, hard_weight=True, noisy_train=True, logging='xmedia_ablation')
2025-06-18 15:09:41,654 - __main__ - INFO - ...Image to Text MAP = 0.9166626803652029
2025-06-18 15:09:41,947 - __main__ - INFO - ...Text to Image MAP = 0.9168643002913638
2025-06-18 15:09:41,953 - __main__ - INFO - ...Average MAP = 0.9167634903282833
2025-06-18 15:09:52,536 - __main__ - INFO - Noise ratio: 0.2
2025-06-18 15:09:52,538 - __main__ - INFO - Namespace(dataset='xmedia', seed=0, alpha=0.0, lamda=1, margin=0.9, lambd=5, barycenter_number=1, top_k=10, warm_up_epoch=0, MAX_EPOCH=100, batch_size=256, output_dim=512, lr=0.0001, noisy_ratio=0.2, noise_mode='sym', GPU=1, hard_weight=True, noisy_train=True, logging='xmedia_ablation')
2025-06-18 15:19:25,365 - __main__ - INFO - ...Image to Text MAP = 0.9092903505892691
2025-06-18 15:19:25,577 - __main__ - INFO - ...Text to Image MAP = 0.9052745003750521
2025-06-18 15:19:25,577 - __main__ - INFO - ...Average MAP = 0.9072824254821605
2025-06-18 15:19:35,927 - __main__ - INFO - Noise ratio: 0.2
2025-06-18 15:19:35,929 - __main__ - INFO - Namespace(dataset='xmedia', seed=0, alpha=3.0, lamda=1, margin=0.9, lambd=5, barycenter_number=1, top_k=10, warm_up_epoch=0, MAX_EPOCH=100, batch_size=256, output_dim=512, lr=0.0001, noisy_ratio=0.2, noise_mode='sym', GPU=1, hard_weight=True, noisy_train=False, logging='xmedia_ablation')
2025-06-18 15:27:54,104 - __main__ - INFO - ...Image to Text MAP = 0.9116771334747382
2025-06-18 15:27:54,303 - __main__ - INFO - ...Text to Image MAP = 0.9134417111401022
2025-06-18 15:27:54,304 - __main__ - INFO - ...Average MAP = 0.9125594223074203
2025-06-18 15:28:04,393 - __main__ - INFO - Noise ratio: 0.2
2025-06-18 15:28:04,396 - __main__ - INFO - Namespace(dataset='xmedia', seed=0, alpha=3.0, lamda=0.0, margin=0.9, lambd=5, barycenter_number=1, top_k=10, warm_up_epoch=0, MAX_EPOCH=100, batch_size=256, output_dim=512, lr=0.0001, noisy_ratio=0.2, noise_mode='sym', GPU=1, hard_weight=True, noisy_train=True, logging='xmedia_ablation')
2025-06-18 15:37:44,665 - __main__ - INFO - ...Image to Text MAP = 0.9100561283088007
2025-06-18 15:37:44,787 - __main__ - INFO - ...Text to Image MAP = 0.9128725877844651
2025-06-18 15:37:44,788 - __main__ - INFO - ...Average MAP = 0.9114643580466328
2025-06-18 15:37:56,217 - __main__ - INFO - Noise ratio: 0.2
2025-06-18 15:37:56,218 - __main__ - INFO - Namespace(dataset='xmedia', seed=0, alpha=3.0, lamda=1, margin=0.9, lambd=5, barycenter_number=1, top_k=10, warm_up_epoch=0, MAX_EPOCH=100, batch_size=256, output_dim=512, lr=0.0001, noisy_ratio=0.2, noise_mode='sym', GPU=1, hard_weight=False, noisy_train=True, logging='xmedia_ablation')
2025-06-18 15:47:25,932 - __main__ - INFO - ...Image to Text MAP = 0.9224374796577559
2025-06-18 15:47:26,243 - __main__ - INFO - ...Text to Image MAP = 0.9156864735785327
2025-06-18 15:47:26,244 - __main__ - INFO - ...Average MAP = 0.9190619766181443
2025-06-18 15:47:35,485 - __main__ - INFO - Noise ratio: 0.4
2025-06-18 15:47:35,488 - __main__ - INFO - Namespace(dataset='xmedia', seed=0, alpha=3.0, lamda=1, margin=0.9, lambd=5, barycenter_number=1, top_k=10, warm_up_epoch=0, MAX_EPOCH=100, batch_size=256, output_dim=512, lr=0.0001, noisy_ratio=0.4, noise_mode='sym', GPU=1, hard_weight=True, noisy_train=True, logging='xmedia_ablation')
2025-06-18 15:56:33,664 - __main__ - INFO - ...Image to Text MAP = 0.9165562971666755
2025-06-18 15:56:33,986 - __main__ - INFO - ...Text to Image MAP = 0.9162660465749132
2025-06-18 15:56:33,987 - __main__ - INFO - ...Average MAP = 0.9164111718707943
2025-06-18 15:56:42,735 - __main__ - INFO - Noise ratio: 0.4
2025-06-18 15:56:42,737 - __main__ - INFO - Namespace(dataset='xmedia', seed=0, alpha=0.0, lamda=1, margin=0.9, lambd=5, barycenter_number=1, top_k=10, warm_up_epoch=0, MAX_EPOCH=100, batch_size=256, output_dim=512, lr=0.0001, noisy_ratio=0.4, noise_mode='sym', GPU=1, hard_weight=True, noisy_train=True, logging='xmedia_ablation')
2025-06-18 16:06:24,628 - __main__ - INFO - ...Image to Text MAP = 0.8801442373165019
2025-06-18 16:06:24,756 - __main__ - INFO - ...Text to Image MAP = 0.8610275484192166
2025-06-18 16:06:24,757 - __main__ - INFO - ...Average MAP = 0.8705858928678593
2025-06-18 16:06:35,461 - __main__ - INFO - Noise ratio: 0.4
2025-06-18 16:06:35,462 - __main__ - INFO - Namespace(dataset='xmedia', seed=0, alpha=3.0, lamda=1, margin=0.9, lambd=5, barycenter_number=1, top_k=10, warm_up_epoch=0, MAX_EPOCH=100, batch_size=256, output_dim=512, lr=0.0001, noisy_ratio=0.4, noise_mode='sym', GPU=1, hard_weight=True, noisy_train=False, logging='xmedia_ablation')
2025-06-18 16:13:49,557 - __main__ - INFO - ...Image to Text MAP = 0.9024549115854249
2025-06-18 16:13:49,766 - __main__ - INFO - ...Text to Image MAP = 0.8981473405547437
2025-06-18 16:13:49,767 - __main__ - INFO - ...Average MAP = 0.9003011260700843
2025-06-18 16:13:59,774 - __main__ - INFO - Noise ratio: 0.4
2025-06-18 16:13:59,774 - __main__ - INFO - Namespace(dataset='xmedia', seed=0, alpha=3.0, lamda=0.0, margin=0.9, lambd=5, barycenter_number=1, top_k=10, warm_up_epoch=0, MAX_EPOCH=100, batch_size=256, output_dim=512, lr=0.0001, noisy_ratio=0.4, noise_mode='sym', GPU=1, hard_weight=True, noisy_train=True, logging='xmedia_ablation')
2025-06-18 16:21:40,319 - __main__ - INFO - ...Image to Text MAP = 0.898874397195367
2025-06-18 16:21:40,443 - __main__ - INFO - ...Text to Image MAP = 0.9096783783469599
2025-06-18 16:21:40,443 - __main__ - INFO - ...Average MAP = 0.9042763877711635
2025-06-18 16:21:50,239 - __main__ - INFO - Noise ratio: 0.4
2025-06-18 16:21:50,240 - __main__ - INFO - Namespace(dataset='xmedia', seed=0, alpha=3.0, lamda=1, margin=0.9, lambd=5, barycenter_number=1, top_k=10, warm_up_epoch=0, MAX_EPOCH=100, batch_size=256, output_dim=512, lr=0.0001, noisy_ratio=0.4, noise_mode='sym', GPU=1, hard_weight=False, noisy_train=True, logging='xmedia_ablation')
2025-06-18 16:29:34,666 - __main__ - INFO - ...Image to Text MAP = 0.9187290260935311
2025-06-18 16:29:34,762 - __main__ - INFO - ...Text to Image MAP = 0.9123757418579684
2025-06-18 16:29:34,763 - __main__ - INFO - ...Average MAP = 0.9155523839757498
2025-06-18 16:29:42,104 - __main__ - INFO - Noise ratio: 0.6
2025-06-18 16:29:42,105 - __main__ - INFO - Namespace(dataset='xmedia', seed=0, alpha=3.0, lamda=1, margin=0.9, lambd=5, barycenter_number=1, top_k=10, warm_up_epoch=0, MAX_EPOCH=100, batch_size=256, output_dim=512, lr=0.0001, noisy_ratio=0.6, noise_mode='sym', GPU=1, hard_weight=True, noisy_train=True, logging='xmedia_ablation')
2025-06-18 16:38:00,737 - __main__ - INFO - ...Image to Text MAP = 0.9061063373792223
2025-06-18 16:38:00,959 - __main__ - INFO - ...Text to Image MAP = 0.9183833559771593
2025-06-18 16:38:00,959 - __main__ - INFO - ...Average MAP = 0.9122448466781907
2025-06-18 16:38:10,940 - __main__ - INFO - Noise ratio: 0.6
2025-06-18 16:38:10,942 - __main__ - INFO - Namespace(dataset='xmedia', seed=0, alpha=0.0, lamda=1, margin=0.9, lambd=5, barycenter_number=1, top_k=10, warm_up_epoch=0, MAX_EPOCH=100, batch_size=256, output_dim=512, lr=0.0001, noisy_ratio=0.6, noise_mode='sym', GPU=1, hard_weight=True, noisy_train=True, logging='xmedia_ablation')
2025-06-18 16:46:49,190 - __main__ - INFO - ...Image to Text MAP = 0.4027065208133694
2025-06-18 16:46:49,317 - __main__ - INFO - ...Text to Image MAP = 0.3823235933227543
2025-06-18 16:46:49,319 - __main__ - INFO - ...Average MAP = 0.39251505706806183
2025-06-18 16:46:57,966 - __main__ - INFO - Noise ratio: 0.6
2025-06-18 16:46:57,967 - __main__ - INFO - Namespace(dataset='xmedia', seed=0, alpha=3.0, lamda=1, margin=0.9, lambd=5, barycenter_number=1, top_k=10, warm_up_epoch=0, MAX_EPOCH=100, batch_size=256, output_dim=512, lr=0.0001, noisy_ratio=0.6, noise_mode='sym', GPU=1, hard_weight=True, noisy_train=False, logging='xmedia_ablation')
2025-06-18 16:54:23,713 - __main__ - INFO - ...Image to Text MAP = 0.8920640952508283
2025-06-18 16:54:23,842 - __main__ - INFO - ...Text to Image MAP = 0.8980631636190977
2025-06-18 16:54:23,842 - __main__ - INFO - ...Average MAP = 0.895063629434963
2025-06-18 16:54:32,297 - __main__ - INFO - Noise ratio: 0.6
2025-06-18 16:54:32,298 - __main__ - INFO - Namespace(dataset='xmedia', seed=0, alpha=3.0, lamda=0.0, margin=0.9, lambd=5, barycenter_number=1, top_k=10, warm_up_epoch=0, MAX_EPOCH=100, batch_size=256, output_dim=512, lr=0.0001, noisy_ratio=0.6, noise_mode='sym', GPU=1, hard_weight=True, noisy_train=True, logging='xmedia_ablation')
2025-06-18 17:01:53,216 - __main__ - INFO - ...Image to Text MAP = 0.9037515167682888
2025-06-18 17:01:53,341 - __main__ - INFO - ...Text to Image MAP = 0.9159334351766253
2025-06-18 17:01:53,342 - __main__ - INFO - ...Average MAP = 0.909842475972457
2025-06-18 17:02:01,283 - __main__ - INFO - Noise ratio: 0.6
2025-06-18 17:02:01,283 - __main__ - INFO - Namespace(dataset='xmedia', seed=0, alpha=3.0, lamda=1, margin=0.9, lambd=5, barycenter_number=1, top_k=10, warm_up_epoch=0, MAX_EPOCH=100, batch_size=256, output_dim=512, lr=0.0001, noisy_ratio=0.6, noise_mode='sym', GPU=1, hard_weight=False, noisy_train=True, logging='xmedia_ablation')
2025-06-18 17:09:03,262 - __main__ - INFO - ...Image to Text MAP = 0.9062461321202032
2025-06-18 17:09:03,376 - __main__ - INFO - ...Text to Image MAP = 0.9150096400402754
2025-06-18 17:09:03,377 - __main__ - INFO - ...Average MAP = 0.9106278860802393
2025-06-18 17:09:45,371 - __main__ - INFO - Noise ratio: 0.8
2025-06-18 17:09:45,373 - __main__ - INFO - Namespace(dataset='xmedia', seed=0, alpha=3.0, lamda=1, margin=0.9, lambd=5, barycenter_number=1, top_k=10, warm_up_epoch=0, MAX_EPOCH=100, batch_size=256, output_dim=512, lr=0.0001, noisy_ratio=0.8, noise_mode='sym', GPU=1, hard_weight=True, noisy_train=True, logging='xmedia_ablation')
2025-06-18 17:17:19,280 - __main__ - INFO - ...Image to Text MAP = 0.9015304667332897
2025-06-18 17:17:19,565 - __main__ - INFO - ...Text to Image MAP = 0.9096706404800794
2025-06-18 17:17:19,619 - __main__ - INFO - ...Average MAP = 0.9056005536066846
2025-06-18 17:20:22,909 - __main__ - INFO - Noise ratio: 0.8
2025-06-18 17:20:22,910 - __main__ - INFO - Namespace(dataset='xmedia', seed=0, alpha=0.0, lamda=1, margin=0.9, lambd=5, barycenter_number=1, top_k=10, warm_up_epoch=0, MAX_EPOCH=100, batch_size=256, output_dim=512, lr=0.0001, noisy_ratio=0.8, noise_mode='sym', GPU=1, hard_weight=True, noisy_train=True, logging='xmedia_ablation')
2025-06-18 17:27:47,997 - __main__ - INFO - ...Image to Text MAP = 0.19850647888145642
2025-06-18 17:27:48,133 - __main__ - INFO - ...Text to Image MAP = 0.22397156979869043
2025-06-18 17:27:48,133 - __main__ - INFO - ...Average MAP = 0.2112390243400734
2025-06-18 17:27:57,779 - __main__ - INFO - Noise ratio: 0.8
2025-06-18 17:27:57,779 - __main__ - INFO - Namespace(dataset='xmedia', seed=0, alpha=3.0, lamda=1, margin=0.9, lambd=5, barycenter_number=1, top_k=10, warm_up_epoch=0, MAX_EPOCH=100, batch_size=256, output_dim=512, lr=0.0001, noisy_ratio=0.8, noise_mode='sym', GPU=1, hard_weight=True, noisy_train=False, logging='xmedia_ablation')
2025-06-18 17:33:53,157 - __main__ - INFO - ...Image to Text MAP = 0.873339693114641
2025-06-18 17:33:53,384 - __main__ - INFO - ...Text to Image MAP = 0.8733408324959501
2025-06-18 17:33:53,385 - __main__ - INFO - ...Average MAP = 0.8733402628052955
2025-06-18 17:34:03,054 - __main__ - INFO - Noise ratio: 0.8
2025-06-18 17:34:03,054 - __main__ - INFO - Namespace(dataset='xmedia', seed=0, alpha=3.0, lamda=0.0, margin=0.9, lambd=5, barycenter_number=1, top_k=10, warm_up_epoch=0, MAX_EPOCH=100, batch_size=256, output_dim=512, lr=0.0001, noisy_ratio=0.8, noise_mode='sym', GPU=1, hard_weight=True, noisy_train=True, logging='xmedia_ablation')
2025-06-18 17:41:46,835 - __main__ - INFO - ...Image to Text MAP = 0.9047231501029239
2025-06-18 17:41:46,993 - __main__ - INFO - ...Text to Image MAP = 0.9162225572156817
2025-06-18 17:41:46,993 - __main__ - INFO - ...Average MAP = 0.9104728536593027
2025-06-18 17:41:56,029 - __main__ - INFO - Noise ratio: 0.8
2025-06-18 17:41:56,030 - __main__ - INFO - Namespace(dataset='xmedia', seed=0, alpha=3.0, lamda=1, margin=0.9, lambd=5, barycenter_number=1, top_k=10, warm_up_epoch=0, MAX_EPOCH=100, batch_size=256, output_dim=512, lr=0.0001, noisy_ratio=0.8, noise_mode='sym', GPU=1, hard_weight=False, noisy_train=True, logging='xmedia_ablation')
2025-06-18 17:49:10,489 - __main__ - INFO - ...Image to Text MAP = 0.8998336080388604
2025-06-18 17:49:10,738 - __main__ - INFO - ...Text to Image MAP = 0.9092401465239844
2025-06-18 17:49:10,738 - __main__ - INFO - ...Average MAP = 0.9045368772814224
2025-06-18 17:49:20,123 - __main__ - INFO - Noise ratio: 0.2
2025-06-18 17:49:20,125 - __main__ - INFO - Namespace(dataset='xmedia', seed=0, alpha=4.0, lamda=1, margin=0.9, lambd=5, barycenter_number=1, top_k=10, warm_up_epoch=0, MAX_EPOCH=100, batch_size=256, output_dim=512, lr=0.0001, noisy_ratio=0.2, noise_mode='sym', GPU=1, hard_weight=True, noisy_train=True, logging='xmedia_ablation')
2025-06-18 17:56:44,223 - __main__ - INFO - ...Image to Text MAP = 0.9150400158814973
2025-06-18 17:56:44,348 - __main__ - INFO - ...Text to Image MAP = 0.919988638831842
2025-06-18 17:56:44,349 - __main__ - INFO - ...Average MAP = 0.9175143273566697
2025-06-18 17:56:52,622 - __main__ - INFO - Noise ratio: 0.2
2025-06-18 17:56:52,623 - __main__ - INFO - Namespace(dataset='xmedia', seed=0, alpha=0.0, lamda=1, margin=0.9, lambd=5, barycenter_number=1, top_k=10, warm_up_epoch=0, MAX_EPOCH=100, batch_size=256, output_dim=512, lr=0.0001, noisy_ratio=0.2, noise_mode='sym', GPU=1, hard_weight=True, noisy_train=True, logging='xmedia_ablation')
2025-06-18 18:03:12,811 - __main__ - INFO - ...Image to Text MAP = 0.9092903505892691
2025-06-18 18:03:12,911 - __main__ - INFO - ...Text to Image MAP = 0.9052745003750521
2025-06-18 18:03:12,911 - __main__ - INFO - ...Average MAP = 0.9072824254821605
2025-06-18 18:03:21,122 - __main__ - INFO - Noise ratio: 0.2
2025-06-18 18:03:21,123 - __main__ - INFO - Namespace(dataset='xmedia', seed=0, alpha=4.0, lamda=1, margin=0.9, lambd=5, barycenter_number=1, top_k=10, warm_up_epoch=0, MAX_EPOCH=100, batch_size=256, output_dim=512, lr=0.0001, noisy_ratio=0.2, noise_mode='sym', GPU=1, hard_weight=True, noisy_train=False, logging='xmedia_ablation')
2025-06-18 18:08:45,712 - __main__ - INFO - ...Image to Text MAP = 0.9028276183606591
2025-06-18 18:08:45,823 - __main__ - INFO - ...Text to Image MAP = 0.9021113542312426
2025-06-18 18:08:45,823 - __main__ - INFO - ...Average MAP = 0.9024694862959508
2025-06-18 18:08:53,186 - __main__ - INFO - Noise ratio: 0.2
2025-06-18 18:08:53,188 - __main__ - INFO - Namespace(dataset='xmedia', seed=0, alpha=4.0, lamda=0.0, margin=0.9, lambd=5, barycenter_number=1, top_k=10, warm_up_epoch=0, MAX_EPOCH=100, batch_size=256, output_dim=512, lr=0.0001, noisy_ratio=0.2, noise_mode='sym', GPU=1, hard_weight=True, noisy_train=True, logging='xmedia_ablation')
2025-06-18 18:15:16,110 - __main__ - INFO - ...Image to Text MAP = 0.9040910739999317
2025-06-18 18:15:16,230 - __main__ - INFO - ...Text to Image MAP = 0.909302038932929
2025-06-18 18:15:16,230 - __main__ - INFO - ...Average MAP = 0.9066965564664304
2025-06-18 18:15:23,941 - __main__ - INFO - Noise ratio: 0.2
2025-06-18 18:15:23,942 - __main__ - INFO - Namespace(dataset='xmedia', seed=0, alpha=4.0, lamda=1, margin=0.9, lambd=5, barycenter_number=1, top_k=10, warm_up_epoch=0, MAX_EPOCH=100, batch_size=256, output_dim=512, lr=0.0001, noisy_ratio=0.2, noise_mode='sym', GPU=1, hard_weight=False, noisy_train=True, logging='xmedia_ablation')
2025-06-18 18:21:13,168 - __main__ - INFO - ...Image to Text MAP = 0.9140399084987993
2025-06-18 18:21:13,305 - __main__ - INFO - ...Text to Image MAP = 0.9167363712611865
2025-06-18 18:21:13,306 - __main__ - INFO - ...Average MAP = 0.9153881398799929
2025-06-18 18:21:21,400 - __main__ - INFO - Noise ratio: 0.4
2025-06-18 18:21:21,402 - __main__ - INFO - Namespace(dataset='xmedia', seed=0, alpha=4.0, lamda=1, margin=0.9, lambd=5, barycenter_number=1, top_k=10, warm_up_epoch=0, MAX_EPOCH=100, batch_size=256, output_dim=512, lr=0.0001, noisy_ratio=0.4, noise_mode='sym', GPU=1, hard_weight=True, noisy_train=True, logging='xmedia_ablation')
2025-06-18 18:27:34,435 - __main__ - INFO - ...Image to Text MAP = 0.908652812018366
2025-06-18 18:27:34,641 - __main__ - INFO - ...Text to Image MAP = 0.9044095730360173
2025-06-18 18:27:34,641 - __main__ - INFO - ...Average MAP = 0.9065311925271917
2025-06-18 18:27:41,988 - __main__ - INFO - Noise ratio: 0.4
2025-06-18 18:27:41,989 - __main__ - INFO - Namespace(dataset='xmedia', seed=0, alpha=0.0, lamda=1, margin=0.9, lambd=5, barycenter_number=1, top_k=10, warm_up_epoch=0, MAX_EPOCH=100, batch_size=256, output_dim=512, lr=0.0001, noisy_ratio=0.4, noise_mode='sym', GPU=1, hard_weight=True, noisy_train=True, logging='xmedia_ablation')
2025-06-18 18:33:57,924 - __main__ - INFO - ...Image to Text MAP = 0.8801442373165019
2025-06-18 18:33:58,091 - __main__ - INFO - ...Text to Image MAP = 0.8610275484192166
2025-06-18 18:33:58,092 - __main__ - INFO - ...Average MAP = 0.8705858928678593
2025-06-18 18:34:06,681 - __main__ - INFO - Noise ratio: 0.4
2025-06-18 18:34:06,681 - __main__ - INFO - Namespace(dataset='xmedia', seed=0, alpha=4.0, lamda=1, margin=0.9, lambd=5, barycenter_number=1, top_k=10, warm_up_epoch=0, MAX_EPOCH=100, batch_size=256, output_dim=512, lr=0.0001, noisy_ratio=0.4, noise_mode='sym', GPU=1, hard_weight=True, noisy_train=False, logging='xmedia_ablation')
2025-06-18 18:39:34,086 - __main__ - INFO - ...Image to Text MAP = 0.9114033816858803
2025-06-18 18:39:34,243 - __main__ - INFO - ...Text to Image MAP = 0.9044525568277837
2025-06-18 18:39:34,244 - __main__ - INFO - ...Average MAP = 0.9079279692568321
2025-06-18 18:39:41,553 - __main__ - INFO - Noise ratio: 0.4
2025-06-18 18:39:41,553 - __main__ - INFO - Namespace(dataset='xmedia', seed=0, alpha=4.0, lamda=0.0, margin=0.9, lambd=5, barycenter_number=1, top_k=10, warm_up_epoch=0, MAX_EPOCH=100, batch_size=256, output_dim=512, lr=0.0001, noisy_ratio=0.4, noise_mode='sym', GPU=1, hard_weight=True, noisy_train=True, logging='xmedia_ablation')
2025-06-18 18:46:00,425 - __main__ - INFO - ...Image to Text MAP = 0.9100594802467503
2025-06-18 18:46:00,534 - __main__ - INFO - ...Text to Image MAP = 0.9144769935833016
2025-06-18 18:46:00,535 - __main__ - INFO - ...Average MAP = 0.9122682369150259
2025-06-18 18:46:08,324 - __main__ - INFO - Noise ratio: 0.4
2025-06-18 18:46:08,324 - __main__ - INFO - Namespace(dataset='xmedia', seed=0, alpha=4.0, lamda=1, margin=0.9, lambd=5, barycenter_number=1, top_k=10, warm_up_epoch=0, MAX_EPOCH=100, batch_size=256, output_dim=512, lr=0.0001, noisy_ratio=0.4, noise_mode='sym', GPU=1, hard_weight=False, noisy_train=True, logging='xmedia_ablation')
2025-06-18 18:52:29,294 - __main__ - INFO - ...Image to Text MAP = 0.9140539212853596
2025-06-18 18:52:29,433 - __main__ - INFO - ...Text to Image MAP = 0.9105314328009101
2025-06-18 18:52:29,433 - __main__ - INFO - ...Average MAP = 0.9122926770431348
2025-06-18 18:52:36,308 - __main__ - INFO - Noise ratio: 0.6
2025-06-18 18:52:36,310 - __main__ - INFO - Namespace(dataset='xmedia', seed=0, alpha=4.0, lamda=1, margin=0.9, lambd=5, barycenter_number=1, top_k=10, warm_up_epoch=0, MAX_EPOCH=100, batch_size=256, output_dim=512, lr=0.0001, noisy_ratio=0.6, noise_mode='sym', GPU=1, hard_weight=True, noisy_train=True, logging='xmedia_ablation')
2025-06-18 18:58:45,704 - __main__ - INFO - ...Image to Text MAP = 0.9050626527427386
2025-06-18 18:58:45,808 - __main__ - INFO - ...Text to Image MAP = 0.9147852273162632
2025-06-18 18:58:45,808 - __main__ - INFO - ...Average MAP = 0.9099239400295009
2025-06-18 18:58:53,477 - __main__ - INFO - Noise ratio: 0.6
2025-06-18 18:58:53,480 - __main__ - INFO - Namespace(dataset='xmedia', seed=0, alpha=0.0, lamda=1, margin=0.9, lambd=5, barycenter_number=1, top_k=10, warm_up_epoch=0, MAX_EPOCH=100, batch_size=256, output_dim=512, lr=0.0001, noisy_ratio=0.6, noise_mode='sym', GPU=1, hard_weight=True, noisy_train=True, logging='xmedia_ablation')
2025-06-18 19:05:17,513 - __main__ - INFO - ...Image to Text MAP = 0.4027065208133694
2025-06-18 19:05:17,635 - __main__ - INFO - ...Text to Image MAP = 0.3823235933227543
2025-06-18 19:05:17,635 - __main__ - INFO - ...Average MAP = 0.39251505706806183
2025-06-18 19:05:24,920 - __main__ - INFO - Noise ratio: 0.6
2025-06-18 19:05:24,920 - __main__ - INFO - Namespace(dataset='xmedia', seed=0, alpha=4.0, lamda=1, margin=0.9, lambd=5, barycenter_number=1, top_k=10, warm_up_epoch=0, MAX_EPOCH=100, batch_size=256, output_dim=512, lr=0.0001, noisy_ratio=0.6, noise_mode='sym', GPU=1, hard_weight=True, noisy_train=False, logging='xmedia_ablation')
2025-06-18 19:10:34,132 - __main__ - INFO - ...Image to Text MAP = 0.8812369608678454
2025-06-18 19:10:34,279 - __main__ - INFO - ...Text to Image MAP = 0.8858941683415598
2025-06-18 19:10:34,280 - __main__ - INFO - ...Average MAP = 0.8835655646047026
2025-06-18 19:10:42,273 - __main__ - INFO - Noise ratio: 0.6
2025-06-18 19:10:42,274 - __main__ - INFO - Namespace(dataset='xmedia', seed=0, alpha=4.0, lamda=0.0, margin=0.9, lambd=5, barycenter_number=1, top_k=10, warm_up_epoch=0, MAX_EPOCH=100, batch_size=256, output_dim=512, lr=0.0001, noisy_ratio=0.6, noise_mode='sym', GPU=1, hard_weight=True, noisy_train=True, logging='xmedia_ablation')
2025-06-18 19:16:30,027 - __main__ - INFO - ...Image to Text MAP = 0.8961588844924911
2025-06-18 19:16:30,269 - __main__ - INFO - ...Text to Image MAP = 0.9063141638073244
2025-06-18 19:16:30,270 - __main__ - INFO - ...Average MAP = 0.9012365241499078
2025-06-18 19:16:37,739 - __main__ - INFO - Noise ratio: 0.6
2025-06-18 19:16:37,739 - __main__ - INFO - Namespace(dataset='xmedia', seed=0, alpha=4.0, lamda=1, margin=0.9, lambd=5, barycenter_number=1, top_k=10, warm_up_epoch=0, MAX_EPOCH=100, batch_size=256, output_dim=512, lr=0.0001, noisy_ratio=0.6, noise_mode='sym', GPU=1, hard_weight=False, noisy_train=True, logging='xmedia_ablation')
2025-06-18 19:22:43,335 - __main__ - INFO - ...Image to Text MAP = 0.9062614738372785
2025-06-18 19:22:43,575 - __main__ - INFO - ...Text to Image MAP = 0.9180375732799803
2025-06-18 19:22:43,578 - __main__ - INFO - ...Average MAP = 0.9121495235586294
2025-06-18 19:22:50,425 - __main__ - INFO - Noise ratio: 0.8
2025-06-18 19:22:50,426 - __main__ - INFO - Namespace(dataset='xmedia', seed=0, alpha=4.0, lamda=1, margin=0.9, lambd=5, barycenter_number=1, top_k=10, warm_up_epoch=0, MAX_EPOCH=100, batch_size=256, output_dim=512, lr=0.0001, noisy_ratio=0.8, noise_mode='sym', GPU=1, hard_weight=True, noisy_train=True, logging='xmedia_ablation')
2025-06-18 19:29:08,861 - __main__ - INFO - ...Image to Text MAP = 0.9078762346775905
2025-06-18 19:29:09,025 - __main__ - INFO - ...Text to Image MAP = 0.9122022712579577
2025-06-18 19:29:09,025 - __main__ - INFO - ...Average MAP = 0.9100392529677741
2025-06-18 19:29:16,701 - __main__ - INFO - Noise ratio: 0.8
2025-06-18 19:29:16,703 - __main__ - INFO - Namespace(dataset='xmedia', seed=0, alpha=0.0, lamda=1, margin=0.9, lambd=5, barycenter_number=1, top_k=10, warm_up_epoch=0, MAX_EPOCH=100, batch_size=256, output_dim=512, lr=0.0001, noisy_ratio=0.8, noise_mode='sym', GPU=1, hard_weight=True, noisy_train=True, logging='xmedia_ablation')
2025-06-18 19:35:29,717 - __main__ - INFO - ...Image to Text MAP = 0.19850647888145642
2025-06-18 19:35:29,810 - __main__ - INFO - ...Text to Image MAP = 0.22397156979869043
2025-06-18 19:35:29,811 - __main__ - INFO - ...Average MAP = 0.2112390243400734
2025-06-18 19:35:38,016 - __main__ - INFO - Noise ratio: 0.8
2025-06-18 19:35:38,016 - __main__ - INFO - Namespace(dataset='xmedia', seed=0, alpha=4.0, lamda=1, margin=0.9, lambd=5, barycenter_number=1, top_k=10, warm_up_epoch=0, MAX_EPOCH=100, batch_size=256, output_dim=512, lr=0.0001, noisy_ratio=0.8, noise_mode='sym', GPU=1, hard_weight=True, noisy_train=False, logging='xmedia_ablation')
2025-06-18 19:40:27,257 - __main__ - INFO - ...Image to Text MAP = 0.8685838004605633
2025-06-18 19:40:27,374 - __main__ - INFO - ...Text to Image MAP = 0.8760037981664741
2025-06-18 19:40:27,374 - __main__ - INFO - ...Average MAP = 0.8722937993135187
2025-06-18 19:40:35,297 - __main__ - INFO - Noise ratio: 0.8
2025-06-18 19:40:35,298 - __main__ - INFO - Namespace(dataset='xmedia', seed=0, alpha=4.0, lamda=0.0, margin=0.9, lambd=5, barycenter_number=1, top_k=10, warm_up_epoch=0, MAX_EPOCH=100, batch_size=256, output_dim=512, lr=0.0001, noisy_ratio=0.8, noise_mode='sym', GPU=1, hard_weight=True, noisy_train=True, logging='xmedia_ablation')
2025-06-18 19:47:02,335 - __main__ - INFO - ...Image to Text MAP = 0.9019895574183345
2025-06-18 19:47:02,465 - __main__ - INFO - ...Text to Image MAP = 0.9112109451264623
2025-06-18 19:47:02,466 - __main__ - INFO - ...Average MAP = 0.9066002512723984
2025-06-18 19:47:09,152 - __main__ - INFO - Noise ratio: 0.8
2025-06-18 19:47:09,152 - __main__ - INFO - Namespace(dataset='xmedia', seed=0, alpha=4.0, lamda=1, margin=0.9, lambd=5, barycenter_number=1, top_k=10, warm_up_epoch=0, MAX_EPOCH=100, batch_size=256, output_dim=512, lr=0.0001, noisy_ratio=0.8, noise_mode='sym', GPU=1, hard_weight=False, noisy_train=True, logging='xmedia_ablation')
2025-06-18 19:53:14,623 - __main__ - INFO - ...Image to Text MAP = 0.9037498069948822
2025-06-18 19:53:14,752 - __main__ - INFO - ...Text to Image MAP = 0.9161313979017353
2025-06-18 19:53:14,753 - __main__ - INFO - ...Average MAP = 0.9099406024483088
2025-06-18 19:53:21,525 - __main__ - INFO - Noise ratio: 0.2
2025-06-18 19:53:21,527 - __main__ - INFO - Namespace(dataset='xmedia', seed=0, alpha=5.0, lamda=1, margin=0.9, lambd=5, barycenter_number=1, top_k=10, warm_up_epoch=0, MAX_EPOCH=100, batch_size=256, output_dim=512, lr=0.0001, noisy_ratio=0.2, noise_mode='sym', GPU=1, hard_weight=True, noisy_train=True, logging='xmedia_ablation')
2025-06-18 19:59:41,167 - __main__ - INFO - ...Image to Text MAP = 0.912482651333372
2025-06-18 19:59:41,290 - __main__ - INFO - ...Text to Image MAP = 0.9136057469539666
2025-06-18 19:59:41,290 - __main__ - INFO - ...Average MAP = 0.9130441991436693
2025-06-18 19:59:48,410 - __main__ - INFO - Noise ratio: 0.2
2025-06-18 19:59:48,412 - __main__ - INFO - Namespace(dataset='xmedia', seed=0, alpha=0.0, lamda=1, margin=0.9, lambd=5, barycenter_number=1, top_k=10, warm_up_epoch=0, MAX_EPOCH=100, batch_size=256, output_dim=512, lr=0.0001, noisy_ratio=0.2, noise_mode='sym', GPU=1, hard_weight=True, noisy_train=True, logging='xmedia_ablation')
2025-06-18 20:06:07,757 - __main__ - INFO - ...Image to Text MAP = 0.9092903505892691
2025-06-18 20:06:07,900 - __main__ - INFO - ...Text to Image MAP = 0.9052745003750521
2025-06-18 20:06:07,901 - __main__ - INFO - ...Average MAP = 0.9072824254821605
2025-06-18 20:06:15,395 - __main__ - INFO - Noise ratio: 0.2
2025-06-18 20:06:15,395 - __main__ - INFO - Namespace(dataset='xmedia', seed=0, alpha=5.0, lamda=1, margin=0.9, lambd=5, barycenter_number=1, top_k=10, warm_up_epoch=0, MAX_EPOCH=100, batch_size=256, output_dim=512, lr=0.0001, noisy_ratio=0.2, noise_mode='sym', GPU=1, hard_weight=True, noisy_train=False, logging='xmedia_ablation')
2025-06-18 20:12:00,852 - __main__ - INFO - ...Image to Text MAP = 0.9081757215190519
2025-06-18 20:12:01,078 - __main__ - INFO - ...Text to Image MAP = 0.9042106686809358
2025-06-18 20:12:01,082 - __main__ - INFO - ...Average MAP = 0.9061931950999939
2025-06-18 20:12:10,207 - __main__ - INFO - Noise ratio: 0.2
2025-06-18 20:12:10,208 - __main__ - INFO - Namespace(dataset='xmedia', seed=0, alpha=5.0, lamda=0.0, margin=0.9, lambd=5, barycenter_number=1, top_k=10, warm_up_epoch=0, MAX_EPOCH=100, batch_size=256, output_dim=512, lr=0.0001, noisy_ratio=0.2, noise_mode='sym', GPU=1, hard_weight=True, noisy_train=True, logging='xmedia_ablation')
2025-06-18 20:17:55,997 - __main__ - INFO - ...Image to Text MAP = 0.9086516095003376
2025-06-18 20:17:56,256 - __main__ - INFO - ...Text to Image MAP = 0.9151554635984219
2025-06-18 20:17:56,256 - __main__ - INFO - ...Average MAP = 0.9119035365493797
2025-06-18 20:18:03,524 - __main__ - INFO - Noise ratio: 0.2
2025-06-18 20:18:03,525 - __main__ - INFO - Namespace(dataset='xmedia', seed=0, alpha=5.0, lamda=1, margin=0.9, lambd=5, barycenter_number=1, top_k=10, warm_up_epoch=0, MAX_EPOCH=100, batch_size=256, output_dim=512, lr=0.0001, noisy_ratio=0.2, noise_mode='sym', GPU=1, hard_weight=False, noisy_train=True, logging='xmedia_ablation')
2025-06-18 20:23:57,168 - __main__ - INFO - ...Image to Text MAP = 0.915338933992424
2025-06-18 20:23:57,343 - __main__ - INFO - ...Text to Image MAP = 0.91680502142334
2025-06-18 20:23:57,344 - __main__ - INFO - ...Average MAP = 0.9160719777078821
2025-06-18 20:24:04,152 - __main__ - INFO - Noise ratio: 0.4
2025-06-18 20:24:04,154 - __main__ - INFO - Namespace(dataset='xmedia', seed=0, alpha=5.0, lamda=1, margin=0.9, lambd=5, barycenter_number=1, top_k=10, warm_up_epoch=0, MAX_EPOCH=100, batch_size=256, output_dim=512, lr=0.0001, noisy_ratio=0.4, noise_mode='sym', GPU=1, hard_weight=True, noisy_train=True, logging='xmedia_ablation')
2025-06-18 20:30:19,833 - __main__ - INFO - ...Image to Text MAP = 0.9135167208015236
2025-06-18 20:30:19,990 - __main__ - INFO - ...Text to Image MAP = 0.9087601151427898
2025-06-18 20:30:19,991 - __main__ - INFO - ...Average MAP = 0.9111384179721567
2025-06-18 20:30:27,759 - __main__ - INFO - Noise ratio: 0.4
2025-06-18 20:30:27,761 - __main__ - INFO - Namespace(dataset='xmedia', seed=0, alpha=0.0, lamda=1, margin=0.9, lambd=5, barycenter_number=1, top_k=10, warm_up_epoch=0, MAX_EPOCH=100, batch_size=256, output_dim=512, lr=0.0001, noisy_ratio=0.4, noise_mode='sym', GPU=1, hard_weight=True, noisy_train=True, logging='xmedia_ablation')
2025-06-18 20:36:35,888 - __main__ - INFO - ...Image to Text MAP = 0.8801442373165019
2025-06-18 20:36:35,995 - __main__ - INFO - ...Text to Image MAP = 0.8610275484192166
2025-06-18 20:36:35,995 - __main__ - INFO - ...Average MAP = 0.8705858928678593
2025-06-18 20:36:43,138 - __main__ - INFO - Noise ratio: 0.4
2025-06-18 20:36:43,139 - __main__ - INFO - Namespace(dataset='xmedia', seed=0, alpha=5.0, lamda=1, margin=0.9, lambd=5, barycenter_number=1, top_k=10, warm_up_epoch=0, MAX_EPOCH=100, batch_size=256, output_dim=512, lr=0.0001, noisy_ratio=0.4, noise_mode='sym', GPU=1, hard_weight=True, noisy_train=False, logging='xmedia_ablation')
2025-06-18 20:42:26,421 - __main__ - INFO - ...Image to Text MAP = 0.8957009948259901
2025-06-18 20:42:26,563 - __main__ - INFO - ...Text to Image MAP = 0.9010032419229476
2025-06-18 20:42:26,564 - __main__ - INFO - ...Average MAP = 0.8983521183744688
2025-06-18 20:42:34,765 - __main__ - INFO - Noise ratio: 0.4
2025-06-18 20:42:34,767 - __main__ - INFO - Namespace(dataset='xmedia', seed=0, alpha=5.0, lamda=0.0, margin=0.9, lambd=5, barycenter_number=1, top_k=10, warm_up_epoch=0, MAX_EPOCH=100, batch_size=256, output_dim=512, lr=0.0001, noisy_ratio=0.4, noise_mode='sym', GPU=1, hard_weight=True, noisy_train=True, logging='xmedia_ablation')
2025-06-18 20:48:30,981 - __main__ - INFO - ...Image to Text MAP = 0.9102000004350079
2025-06-18 20:48:31,253 - __main__ - INFO - ...Text to Image MAP = 0.9152066966021709
2025-06-18 20:48:31,254 - __main__ - INFO - ...Average MAP = 0.9127033485185894
2025-06-18 20:48:38,158 - __main__ - INFO - Noise ratio: 0.4
2025-06-18 20:48:38,158 - __main__ - INFO - Namespace(dataset='xmedia', seed=0, alpha=5.0, lamda=1, margin=0.9, lambd=5, barycenter_number=1, top_k=10, warm_up_epoch=0, MAX_EPOCH=100, batch_size=256, output_dim=512, lr=0.0001, noisy_ratio=0.4, noise_mode='sym', GPU=1, hard_weight=False, noisy_train=True, logging='xmedia_ablation')
2025-06-18 20:55:14,979 - __main__ - INFO - ...Image to Text MAP = 0.90608177241025
2025-06-18 20:55:15,107 - __main__ - INFO - ...Text to Image MAP = 0.9005182072978706
2025-06-18 20:55:15,108 - __main__ - INFO - ...Average MAP = 0.9032999898540603
2025-06-18 20:55:22,301 - __main__ - INFO - Noise ratio: 0.6
2025-06-18 20:55:22,303 - __main__ - INFO - Namespace(dataset='xmedia', seed=0, alpha=5.0, lamda=1, margin=0.9, lambd=5, barycenter_number=1, top_k=10, warm_up_epoch=0, MAX_EPOCH=100, batch_size=256, output_dim=512, lr=0.0001, noisy_ratio=0.6, noise_mode='sym', GPU=1, hard_weight=True, noisy_train=True, logging='xmedia_ablation')
2025-06-18 21:01:13,932 - __main__ - INFO - ...Image to Text MAP = 0.9050607583620631
2025-06-18 21:01:14,161 - __main__ - INFO - ...Text to Image MAP = 0.9192738962637034
2025-06-18 21:01:14,162 - __main__ - INFO - ...Average MAP = 0.9121673273128832
2025-06-18 21:01:21,744 - __main__ - INFO - Noise ratio: 0.6
2025-06-18 21:01:21,747 - __main__ - INFO - Namespace(dataset='xmedia', seed=0, alpha=0.0, lamda=1, margin=0.9, lambd=5, barycenter_number=1, top_k=10, warm_up_epoch=0, MAX_EPOCH=100, batch_size=256, output_dim=512, lr=0.0001, noisy_ratio=0.6, noise_mode='sym', GPU=1, hard_weight=True, noisy_train=True, logging='xmedia_ablation')
2025-06-18 21:07:26,009 - __main__ - INFO - ...Image to Text MAP = 0.4027065208133694
2025-06-18 21:07:26,132 - __main__ - INFO - ...Text to Image MAP = 0.3823235933227543
2025-06-18 21:07:26,132 - __main__ - INFO - ...Average MAP = 0.39251505706806183
2025-06-18 21:07:34,595 - __main__ - INFO - Noise ratio: 0.6
2025-06-18 21:07:34,596 - __main__ - INFO - Namespace(dataset='xmedia', seed=0, alpha=5.0, lamda=1, margin=0.9, lambd=5, barycenter_number=1, top_k=10, warm_up_epoch=0, MAX_EPOCH=100, batch_size=256, output_dim=512, lr=0.0001, noisy_ratio=0.6, noise_mode='sym', GPU=1, hard_weight=True, noisy_train=False, logging='xmedia_ablation')
2025-06-18 21:12:36,220 - __main__ - INFO - ...Image to Text MAP = 0.8800407638070763
2025-06-18 21:12:36,472 - __main__ - INFO - ...Text to Image MAP = 0.8829686684646688
2025-06-18 21:12:36,473 - __main__ - INFO - ...Average MAP = 0.8815047161358726
2025-06-18 21:12:44,354 - __main__ - INFO - Noise ratio: 0.6
2025-06-18 21:12:44,354 - __main__ - INFO - Namespace(dataset='xmedia', seed=0, alpha=5.0, lamda=0.0, margin=0.9, lambd=5, barycenter_number=1, top_k=10, warm_up_epoch=0, MAX_EPOCH=100, batch_size=256, output_dim=512, lr=0.0001, noisy_ratio=0.6, noise_mode='sym', GPU=1, hard_weight=True, noisy_train=True, logging='xmedia_ablation')
2025-06-18 21:18:54,198 - __main__ - INFO - ...Image to Text MAP = 0.8994116006183523
2025-06-18 21:18:54,334 - __main__ - INFO - ...Text to Image MAP = 0.9136448903759576
2025-06-18 21:18:54,334 - __main__ - INFO - ...Average MAP = 0.906528245497155
2025-06-18 21:19:02,875 - __main__ - INFO - Noise ratio: 0.6
2025-06-18 21:19:02,879 - __main__ - INFO - Namespace(dataset='xmedia', seed=0, alpha=5.0, lamda=1, margin=0.9, lambd=5, barycenter_number=1, top_k=10, warm_up_epoch=0, MAX_EPOCH=100, batch_size=256, output_dim=512, lr=0.0001, noisy_ratio=0.6, noise_mode='sym', GPU=1, hard_weight=False, noisy_train=True, logging='xmedia_ablation')
2025-06-18 21:25:08,313 - __main__ - INFO - ...Image to Text MAP = 0.9003483526729975
2025-06-18 21:25:08,437 - __main__ - INFO - ...Text to Image MAP = 0.9171057572428724
2025-06-18 21:25:08,438 - __main__ - INFO - ...Average MAP = 0.9087270549579349
2025-06-18 21:25:16,091 - __main__ - INFO - Noise ratio: 0.8
2025-06-18 21:25:16,093 - __main__ - INFO - Namespace(dataset='xmedia', seed=0, alpha=5.0, lamda=1, margin=0.9, lambd=5, barycenter_number=1, top_k=10, warm_up_epoch=0, MAX_EPOCH=100, batch_size=256, output_dim=512, lr=0.0001, noisy_ratio=0.8, noise_mode='sym', GPU=1, hard_weight=True, noisy_train=True, logging='xmedia_ablation')
2025-06-18 21:31:24,360 - __main__ - INFO - ...Image to Text MAP = 0.9131598464296475
2025-06-18 21:31:24,484 - __main__ - INFO - ...Text to Image MAP = 0.916641345190316
2025-06-18 21:31:24,485 - __main__ - INFO - ...Average MAP = 0.9149005958099818
2025-06-18 21:31:32,023 - __main__ - INFO - Noise ratio: 0.8
2025-06-18 21:31:32,025 - __main__ - INFO - Namespace(dataset='xmedia', seed=0, alpha=0.0, lamda=1, margin=0.9, lambd=5, barycenter_number=1, top_k=10, warm_up_epoch=0, MAX_EPOCH=100, batch_size=256, output_dim=512, lr=0.0001, noisy_ratio=0.8, noise_mode='sym', GPU=1, hard_weight=True, noisy_train=True, logging='xmedia_ablation')
2025-06-18 21:37:17,944 - __main__ - INFO - ...Image to Text MAP = 0.19850647888145642
2025-06-18 21:37:18,083 - __main__ - INFO - ...Text to Image MAP = 0.22397156979869043
2025-06-18 21:37:18,084 - __main__ - INFO - ...Average MAP = 0.2112390243400734
2025-06-18 21:37:25,608 - __main__ - INFO - Noise ratio: 0.8
2025-06-18 21:37:25,609 - __main__ - INFO - Namespace(dataset='xmedia', seed=0, alpha=5.0, lamda=1, margin=0.9, lambd=5, barycenter_number=1, top_k=10, warm_up_epoch=0, MAX_EPOCH=100, batch_size=256, output_dim=512, lr=0.0001, noisy_ratio=0.8, noise_mode='sym', GPU=1, hard_weight=True, noisy_train=False, logging='xmedia_ablation')
2025-06-18 21:42:11,081 - __main__ - INFO - ...Image to Text MAP = 0.868778215526581
2025-06-18 21:42:11,337 - __main__ - INFO - ...Text to Image MAP = 0.8705531182333888
2025-06-18 21:42:11,338 - __main__ - INFO - ...Average MAP = 0.8696656668799849
2025-06-18 21:42:19,211 - __main__ - INFO - Noise ratio: 0.8
2025-06-18 21:42:19,211 - __main__ - INFO - Namespace(dataset='xmedia', seed=0, alpha=5.0, lamda=0.0, margin=0.9, lambd=5, barycenter_number=1, top_k=10, warm_up_epoch=0, MAX_EPOCH=100, batch_size=256, output_dim=512, lr=0.0001, noisy_ratio=0.8, noise_mode='sym', GPU=1, hard_weight=True, noisy_train=True, logging='xmedia_ablation')
2025-06-18 21:48:42,027 - __main__ - INFO - ...Image to Text MAP = 0.9078983612489927
2025-06-18 21:48:42,129 - __main__ - INFO - ...Text to Image MAP = 0.9169767957659611
2025-06-18 21:48:42,129 - __main__ - INFO - ...Average MAP = 0.912437578507477
2025-06-18 21:48:50,006 - __main__ - INFO - Noise ratio: 0.8
2025-06-18 21:48:50,007 - __main__ - INFO - Namespace(dataset='xmedia', seed=0, alpha=5.0, lamda=1, margin=0.9, lambd=5, barycenter_number=1, top_k=10, warm_up_epoch=0, MAX_EPOCH=100, batch_size=256, output_dim=512, lr=0.0001, noisy_ratio=0.8, noise_mode='sym', GPU=1, hard_weight=False, noisy_train=True, logging='xmedia_ablation')
2025-06-18 21:54:43,479 - __main__ - INFO - ...Image to Text MAP = 0.9091482467416351
2025-06-18 21:54:43,606 - __main__ - INFO - ...Text to Image MAP = 0.9176966933337458
2025-06-18 21:54:43,607 - __main__ - INFO - ...Average MAP = 0.9134224700376905
2025-06-18 21:54:51,608 - __main__ - INFO - Noise ratio: 0.2
2025-06-18 21:54:51,611 - __main__ - INFO - Namespace(dataset='xmedia', seed=0, alpha=6.0, lamda=1, margin=0.9, lambd=5, barycenter_number=1, top_k=10, warm_up_epoch=0, MAX_EPOCH=100, batch_size=256, output_dim=512, lr=0.0001, noisy_ratio=0.2, noise_mode='sym', GPU=1, hard_weight=True, noisy_train=True, logging='xmedia_ablation')
2025-06-18 22:01:09,556 - __main__ - INFO - ...Image to Text MAP = 0.9165471481418929
2025-06-18 22:01:09,705 - __main__ - INFO - ...Text to Image MAP = 0.9175032891632297
2025-06-18 22:01:09,706 - __main__ - INFO - ...Average MAP = 0.9170252186525613
2025-06-18 22:01:18,114 - __main__ - INFO - Noise ratio: 0.2
2025-06-18 22:01:18,115 - __main__ - INFO - Namespace(dataset='xmedia', seed=0, alpha=0.0, lamda=1, margin=0.9, lambd=5, barycenter_number=1, top_k=10, warm_up_epoch=0, MAX_EPOCH=100, batch_size=256, output_dim=512, lr=0.0001, noisy_ratio=0.2, noise_mode='sym', GPU=1, hard_weight=True, noisy_train=True, logging='xmedia_ablation')
2025-06-18 22:07:26,838 - __main__ - INFO - ...Image to Text MAP = 0.9092903505892691
2025-06-18 22:07:26,931 - __main__ - INFO - ...Text to Image MAP = 0.9052745003750521
2025-06-18 22:07:26,931 - __main__ - INFO - ...Average MAP = 0.9072824254821605
2025-06-18 22:07:34,328 - __main__ - INFO - Noise ratio: 0.2
2025-06-18 22:07:34,329 - __main__ - INFO - Namespace(dataset='xmedia', seed=0, alpha=6.0, lamda=1, margin=0.9, lambd=5, barycenter_number=1, top_k=10, warm_up_epoch=0, MAX_EPOCH=100, batch_size=256, output_dim=512, lr=0.0001, noisy_ratio=0.2, noise_mode='sym', GPU=1, hard_weight=True, noisy_train=False, logging='xmedia_ablation')
2025-06-18 22:13:33,353 - __main__ - INFO - ...Image to Text MAP = 0.9082139174333551
2025-06-18 22:13:33,622 - __main__ - INFO - ...Text to Image MAP = 0.9077919426217206
2025-06-18 22:13:33,631 - __main__ - INFO - ...Average MAP = 0.9080029300275378
2025-06-18 22:13:41,403 - __main__ - INFO - Noise ratio: 0.2
2025-06-18 22:13:41,404 - __main__ - INFO - Namespace(dataset='xmedia', seed=0, alpha=6.0, lamda=0.0, margin=0.9, lambd=5, barycenter_number=1, top_k=10, warm_up_epoch=0, MAX_EPOCH=100, batch_size=256, output_dim=512, lr=0.0001, noisy_ratio=0.2, noise_mode='sym', GPU=1, hard_weight=True, noisy_train=True, logging='xmedia_ablation')
2025-06-18 22:19:45,923 - __main__ - INFO - ...Image to Text MAP = 0.9126466992003165
2025-06-18 22:19:46,043 - __main__ - INFO - ...Text to Image MAP = 0.9158338830096142
2025-06-18 22:19:46,043 - __main__ - INFO - ...Average MAP = 0.9142402911049654
2025-06-18 22:19:53,663 - __main__ - INFO - Noise ratio: 0.2
2025-06-18 22:19:53,664 - __main__ - INFO - Namespace(dataset='xmedia', seed=0, alpha=6.0, lamda=1, margin=0.9, lambd=5, barycenter_number=1, top_k=10, warm_up_epoch=0, MAX_EPOCH=100, batch_size=256, output_dim=512, lr=0.0001, noisy_ratio=0.2, noise_mode='sym', GPU=1, hard_weight=False, noisy_train=True, logging='xmedia_ablation')
2025-06-18 22:26:20,822 - __main__ - INFO - ...Image to Text MAP = 0.9114494053939326
2025-06-18 22:26:20,976 - __main__ - INFO - ...Text to Image MAP = 0.9144401072970063
2025-06-18 22:26:20,976 - __main__ - INFO - ...Average MAP = 0.9129447563454695
2025-06-18 22:26:28,433 - __main__ - INFO - Noise ratio: 0.4
2025-06-18 22:26:28,434 - __main__ - INFO - Namespace(dataset='xmedia', seed=0, alpha=6.0, lamda=1, margin=0.9, lambd=5, barycenter_number=1, top_k=10, warm_up_epoch=0, MAX_EPOCH=100, batch_size=256, output_dim=512, lr=0.0001, noisy_ratio=0.4, noise_mode='sym', GPU=1, hard_weight=True, noisy_train=True, logging='xmedia_ablation')
2025-06-18 22:33:06,841 - __main__ - INFO - ...Image to Text MAP = 0.9085884713088258
2025-06-18 22:33:06,943 - __main__ - INFO - ...Text to Image MAP = 0.9121907770055233
2025-06-18 22:33:06,943 - __main__ - INFO - ...Average MAP = 0.9103896241571745
2025-06-18 22:33:15,398 - __main__ - INFO - Noise ratio: 0.4
2025-06-18 22:33:15,402 - __main__ - INFO - Namespace(dataset='xmedia', seed=0, alpha=0.0, lamda=1, margin=0.9, lambd=5, barycenter_number=1, top_k=10, warm_up_epoch=0, MAX_EPOCH=100, batch_size=256, output_dim=512, lr=0.0001, noisy_ratio=0.4, noise_mode='sym', GPU=1, hard_weight=True, noisy_train=True, logging='xmedia_ablation')
2025-06-18 22:39:49,320 - __main__ - INFO - ...Image to Text MAP = 0.8801442373165019
2025-06-18 22:39:49,560 - __main__ - INFO - ...Text to Image MAP = 0.8610275484192166
2025-06-18 22:39:49,563 - __main__ - INFO - ...Average MAP = 0.8705858928678593
2025-06-18 22:39:57,334 - __main__ - INFO - Noise ratio: 0.4
2025-06-18 22:39:57,335 - __main__ - INFO - Namespace(dataset='xmedia', seed=0, alpha=6.0, lamda=1, margin=0.9, lambd=5, barycenter_number=1, top_k=10, warm_up_epoch=0, MAX_EPOCH=100, batch_size=256, output_dim=512, lr=0.0001, noisy_ratio=0.4, noise_mode='sym', GPU=1, hard_weight=True, noisy_train=False, logging='xmedia_ablation')
2025-06-18 22:45:41,061 - __main__ - INFO - ...Image to Text MAP = 0.9001814875360197
2025-06-18 22:45:41,178 - __main__ - INFO - ...Text to Image MAP = 0.9027719429297674
2025-06-18 22:45:41,178 - __main__ - INFO - ...Average MAP = 0.9014767152328935
2025-06-18 22:45:49,408 - __main__ - INFO - Noise ratio: 0.4
2025-06-18 22:45:49,409 - __main__ - INFO - Namespace(dataset='xmedia', seed=0, alpha=6.0, lamda=0.0, margin=0.9, lambd=5, barycenter_number=1, top_k=10, warm_up_epoch=0, MAX_EPOCH=100, batch_size=256, output_dim=512, lr=0.0001, noisy_ratio=0.4, noise_mode='sym', GPU=1, hard_weight=True, noisy_train=True, logging='xmedia_ablation')
2025-06-18 22:52:08,458 - __main__ - INFO - ...Image to Text MAP = 0.8928751641028089
2025-06-18 22:52:08,629 - __main__ - INFO - ...Text to Image MAP = 0.9011647672734077
2025-06-18 22:52:08,630 - __main__ - INFO - ...Average MAP = 0.8970199656881083
2025-06-18 22:52:16,276 - __main__ - INFO - Noise ratio: 0.4
2025-06-18 22:52:16,277 - __main__ - INFO - Namespace(dataset='xmedia', seed=0, alpha=6.0, lamda=1, margin=0.9, lambd=5, barycenter_number=1, top_k=10, warm_up_epoch=0, MAX_EPOCH=100, batch_size=256, output_dim=512, lr=0.0001, noisy_ratio=0.4, noise_mode='sym', GPU=1, hard_weight=False, noisy_train=True, logging='xmedia_ablation')
2025-06-18 22:59:02,868 - __main__ - INFO - ...Image to Text MAP = 0.9114535896728642
2025-06-18 22:59:02,995 - __main__ - INFO - ...Text to Image MAP = 0.9184769641223208
2025-06-18 22:59:02,995 - __main__ - INFO - ...Average MAP = 0.9149652768975924
2025-06-18 22:59:10,035 - __main__ - INFO - Noise ratio: 0.6
2025-06-18 22:59:10,037 - __main__ - INFO - Namespace(dataset='xmedia', seed=0, alpha=6.0, lamda=1, margin=0.9, lambd=5, barycenter_number=1, top_k=10, warm_up_epoch=0, MAX_EPOCH=100, batch_size=256, output_dim=512, lr=0.0001, noisy_ratio=0.6, noise_mode='sym', GPU=1, hard_weight=True, noisy_train=True, logging='xmedia_ablation')
2025-06-18 23:05:45,919 - __main__ - INFO - ...Image to Text MAP = 0.8989795102513093
2025-06-18 23:05:46,088 - __main__ - INFO - ...Text to Image MAP = 0.9145277859842041
2025-06-18 23:05:46,089 - __main__ - INFO - ...Average MAP = 0.9067536481177567
2025-06-18 23:05:54,692 - __main__ - INFO - Noise ratio: 0.6
2025-06-18 23:05:54,694 - __main__ - INFO - Namespace(dataset='xmedia', seed=0, alpha=0.0, lamda=1, margin=0.9, lambd=5, barycenter_number=1, top_k=10, warm_up_epoch=0, MAX_EPOCH=100, batch_size=256, output_dim=512, lr=0.0001, noisy_ratio=0.6, noise_mode='sym', GPU=1, hard_weight=True, noisy_train=True, logging='xmedia_ablation')
2025-06-18 23:12:27,087 - __main__ - INFO - ...Image to Text MAP = 0.4027065208133694
2025-06-18 23:12:27,211 - __main__ - INFO - ...Text to Image MAP = 0.3823235933227543
2025-06-18 23:12:27,212 - __main__ - INFO - ...Average MAP = 0.39251505706806183
2025-06-18 23:12:35,708 - __main__ - INFO - Noise ratio: 0.6
2025-06-18 23:12:35,708 - __main__ - INFO - Namespace(dataset='xmedia', seed=0, alpha=6.0, lamda=1, margin=0.9, lambd=5, barycenter_number=1, top_k=10, warm_up_epoch=0, MAX_EPOCH=100, batch_size=256, output_dim=512, lr=0.0001, noisy_ratio=0.6, noise_mode='sym', GPU=1, hard_weight=True, noisy_train=False, logging='xmedia_ablation')
2025-06-18 23:17:59,206 - __main__ - INFO - ...Image to Text MAP = 0.8810225426249088
2025-06-18 23:17:59,333 - __main__ - INFO - ...Text to Image MAP = 0.886860966916726
2025-06-18 23:17:59,333 - __main__ - INFO - ...Average MAP = 0.8839417547708174
2025-06-18 23:18:07,305 - __main__ - INFO - Noise ratio: 0.6
2025-06-18 23:18:07,306 - __main__ - INFO - Namespace(dataset='xmedia', seed=0, alpha=6.0, lamda=0.0, margin=0.9, lambd=5, barycenter_number=1, top_k=10, warm_up_epoch=0, MAX_EPOCH=100, batch_size=256, output_dim=512, lr=0.0001, noisy_ratio=0.6, noise_mode='sym', GPU=1, hard_weight=True, noisy_train=True, logging='xmedia_ablation')
2025-06-18 23:24:20,407 - __main__ - INFO - ...Image to Text MAP = 0.9033024026289524
2025-06-18 23:24:20,542 - __main__ - INFO - ...Text to Image MAP = 0.918064061010416
2025-06-18 23:24:20,542 - __main__ - INFO - ...Average MAP = 0.9106832318196842
2025-06-18 23:24:28,132 - __main__ - INFO - Noise ratio: 0.6
2025-06-18 23:24:28,134 - __main__ - INFO - Namespace(dataset='xmedia', seed=0, alpha=6.0, lamda=1, margin=0.9, lambd=5, barycenter_number=1, top_k=10, warm_up_epoch=0, MAX_EPOCH=100, batch_size=256, output_dim=512, lr=0.0001, noisy_ratio=0.6, noise_mode='sym', GPU=1, hard_weight=False, noisy_train=True, logging='xmedia_ablation')
2025-06-18 23:30:48,500 - __main__ - INFO - ...Image to Text MAP = 0.9039533701083472
2025-06-18 23:30:48,646 - __main__ - INFO - ...Text to Image MAP = 0.9160115783930525
2025-06-18 23:30:48,647 - __main__ - INFO - ...Average MAP = 0.9099824742506999
2025-06-18 23:30:56,438 - __main__ - INFO - Noise ratio: 0.8
2025-06-18 23:30:56,440 - __main__ - INFO - Namespace(dataset='xmedia', seed=0, alpha=6.0, lamda=1, margin=0.9, lambd=5, barycenter_number=1, top_k=10, warm_up_epoch=0, MAX_EPOCH=100, batch_size=256, output_dim=512, lr=0.0001, noisy_ratio=0.8, noise_mode='sym', GPU=1, hard_weight=True, noisy_train=True, logging='xmedia_ablation')
2025-06-18 23:37:23,814 - __main__ - INFO - ...Image to Text MAP = 0.905515969155244
2025-06-18 23:37:23,913 - __main__ - INFO - ...Text to Image MAP = 0.9149932030380228
2025-06-18 23:37:23,913 - __main__ - INFO - ...Average MAP = 0.9102545860966333
2025-06-18 23:37:31,460 - __main__ - INFO - Noise ratio: 0.8
2025-06-18 23:37:31,462 - __main__ - INFO - Namespace(dataset='xmedia', seed=0, alpha=0.0, lamda=1, margin=0.9, lambd=5, barycenter_number=1, top_k=10, warm_up_epoch=0, MAX_EPOCH=100, batch_size=256, output_dim=512, lr=0.0001, noisy_ratio=0.8, noise_mode='sym', GPU=1, hard_weight=True, noisy_train=True, logging='xmedia_ablation')
2025-06-18 23:43:45,445 - __main__ - INFO - ...Image to Text MAP = 0.19850647888145642
2025-06-18 23:43:45,679 - __main__ - INFO - ...Text to Image MAP = 0.22397156979869043
2025-06-18 23:43:45,684 - __main__ - INFO - ...Average MAP = 0.2112390243400734
2025-06-18 23:43:53,352 - __main__ - INFO - Noise ratio: 0.8
2025-06-18 23:43:53,354 - __main__ - INFO - Namespace(dataset='xmedia', seed=0, alpha=6.0, lamda=1, margin=0.9, lambd=5, barycenter_number=1, top_k=10, warm_up_epoch=0, MAX_EPOCH=100, batch_size=256, output_dim=512, lr=0.0001, noisy_ratio=0.8, noise_mode='sym', GPU=1, hard_weight=True, noisy_train=False, logging='xmedia_ablation')
2025-06-18 23:48:56,199 - __main__ - INFO - ...Image to Text MAP = 0.8486631370406313
2025-06-18 23:48:56,368 - __main__ - INFO - ...Text to Image MAP = 0.8510077226902691
2025-06-18 23:48:56,369 - __main__ - INFO - ...Average MAP = 0.8498354298654502
2025-06-18 23:49:04,302 - __main__ - INFO - Noise ratio: 0.8
2025-06-18 23:49:04,302 - __main__ - INFO - Namespace(dataset='xmedia', seed=0, alpha=6.0, lamda=0.0, margin=0.9, lambd=5, barycenter_number=1, top_k=10, warm_up_epoch=0, MAX_EPOCH=100, batch_size=256, output_dim=512, lr=0.0001, noisy_ratio=0.8, noise_mode='sym', GPU=1, hard_weight=True, noisy_train=True, logging='xmedia_ablation')
2025-06-18 23:55:29,722 - __main__ - INFO - ...Image to Text MAP = 0.9014643857412875
2025-06-18 23:55:29,846 - __main__ - INFO - ...Text to Image MAP = 0.9155744424260103
2025-06-18 23:55:29,846 - __main__ - INFO - ...Average MAP = 0.9085194140836489
2025-06-18 23:55:36,405 - __main__ - INFO - Noise ratio: 0.8
2025-06-18 23:55:36,412 - __main__ - INFO - Namespace(dataset='xmedia', seed=0, alpha=6.0, lamda=1, margin=0.9, lambd=5, barycenter_number=1, top_k=10, warm_up_epoch=0, MAX_EPOCH=100, batch_size=256, output_dim=512, lr=0.0001, noisy_ratio=0.8, noise_mode='sym', GPU=1, hard_weight=False, noisy_train=True, logging='xmedia_ablation')
2025-06-19 00:02:24,921 - __main__ - INFO - ...Image to Text MAP = 0.8994653050272745
2025-06-19 00:02:25,070 - __main__ - INFO - ...Text to Image MAP = 0.9122443880073989
2025-06-19 00:02:25,070 - __main__ - INFO - ...Average MAP = 0.9058548465173367
2025-06-19 00:02:31,567 - __main__ - INFO - Noise ratio: 0.2
2025-06-19 00:02:31,568 - __main__ - INFO - Namespace(dataset='xmedia', seed=0, alpha=7.0, lamda=1, margin=0.9, lambd=5, barycenter_number=1, top_k=10, warm_up_epoch=0, MAX_EPOCH=100, batch_size=256, output_dim=512, lr=0.0001, noisy_ratio=0.2, noise_mode='sym', GPU=1, hard_weight=True, noisy_train=True, logging='xmedia_ablation')
2025-06-19 00:08:40,040 - __main__ - INFO - ...Image to Text MAP = 0.910042728800282
2025-06-19 00:08:40,198 - __main__ - INFO - ...Text to Image MAP = 0.9079191372594269
2025-06-19 00:08:40,198 - __main__ - INFO - ...Average MAP = 0.9089809330298544
2025-06-19 00:08:51,759 - __main__ - INFO - Noise ratio: 0.2
2025-06-19 00:08:51,761 - __main__ - INFO - Namespace(dataset='xmedia', seed=0, alpha=0.0, lamda=1, margin=0.9, lambd=5, barycenter_number=1, top_k=10, warm_up_epoch=0, MAX_EPOCH=100, batch_size=256, output_dim=512, lr=0.0001, noisy_ratio=0.2, noise_mode='sym', GPU=1, hard_weight=True, noisy_train=True, logging='xmedia_ablation')
2025-06-19 00:15:06,853 - __main__ - INFO - ...Image to Text MAP = 0.9092903505892691
2025-06-19 00:15:06,973 - __main__ - INFO - ...Text to Image MAP = 0.9052745003750521
2025-06-19 00:15:06,973 - __main__ - INFO - ...Average MAP = 0.9072824254821605
2025-06-19 00:15:15,826 - __main__ - INFO - Noise ratio: 0.2
2025-06-19 00:15:15,826 - __main__ - INFO - Namespace(dataset='xmedia', seed=0, alpha=7.0, lamda=1, margin=0.9, lambd=5, barycenter_number=1, top_k=10, warm_up_epoch=0, MAX_EPOCH=100, batch_size=256, output_dim=512, lr=0.0001, noisy_ratio=0.2, noise_mode='sym', GPU=1, hard_weight=True, noisy_train=False, logging='xmedia_ablation')
2025-06-19 00:21:16,728 - __main__ - INFO - ...Image to Text MAP = 0.9108344982301876
2025-06-19 00:21:16,913 - __main__ - INFO - ...Text to Image MAP = 0.9125962961174523
2025-06-19 00:21:16,913 - __main__ - INFO - ...Average MAP = 0.9117153971738199
2025-06-19 00:21:24,279 - __main__ - INFO - Noise ratio: 0.2
2025-06-19 00:21:24,280 - __main__ - INFO - Namespace(dataset='xmedia', seed=0, alpha=7.0, lamda=0.0, margin=0.9, lambd=5, barycenter_number=1, top_k=10, warm_up_epoch=0, MAX_EPOCH=100, batch_size=256, output_dim=512, lr=0.0001, noisy_ratio=0.2, noise_mode='sym', GPU=1, hard_weight=True, noisy_train=True, logging='xmedia_ablation')
2025-06-19 00:27:37,421 - __main__ - INFO - ...Image to Text MAP = 0.9089460712021629
2025-06-19 00:27:37,572 - __main__ - INFO - ...Text to Image MAP = 0.9153051685046427
2025-06-19 00:27:37,573 - __main__ - INFO - ...Average MAP = 0.9121256198534028
2025-06-19 00:27:45,751 - __main__ - INFO - Noise ratio: 0.2
2025-06-19 00:27:45,751 - __main__ - INFO - Namespace(dataset='xmedia', seed=0, alpha=7.0, lamda=1, margin=0.9, lambd=5, barycenter_number=1, top_k=10, warm_up_epoch=0, MAX_EPOCH=100, batch_size=256, output_dim=512, lr=0.0001, noisy_ratio=0.2, noise_mode='sym', GPU=1, hard_weight=False, noisy_train=True, logging='xmedia_ablation')
2025-06-19 00:34:22,809 - __main__ - INFO - ...Image to Text MAP = 0.9146738750206725
2025-06-19 00:34:22,957 - __main__ - INFO - ...Text to Image MAP = 0.9144023818122136
2025-06-19 00:34:22,957 - __main__ - INFO - ...Average MAP = 0.9145381284164431
2025-06-19 00:34:30,834 - __main__ - INFO - Noise ratio: 0.4
2025-06-19 00:34:30,836 - __main__ - INFO - Namespace(dataset='xmedia', seed=0, alpha=7.0, lamda=1, margin=0.9, lambd=5, barycenter_number=1, top_k=10, warm_up_epoch=0, MAX_EPOCH=100, batch_size=256, output_dim=512, lr=0.0001, noisy_ratio=0.4, noise_mode='sym', GPU=1, hard_weight=True, noisy_train=True, logging='xmedia_ablation')
2025-06-19 00:40:44,787 - __main__ - INFO - ...Image to Text MAP = 0.9065019114711533
2025-06-19 00:40:44,900 - __main__ - INFO - ...Text to Image MAP = 0.912034011023274
2025-06-19 00:40:44,901 - __main__ - INFO - ...Average MAP = 0.9092679612472137
2025-06-19 00:40:52,042 - __main__ - INFO - Noise ratio: 0.4
2025-06-19 00:40:52,046 - __main__ - INFO - Namespace(dataset='xmedia', seed=0, alpha=0.0, lamda=1, margin=0.9, lambd=5, barycenter_number=1, top_k=10, warm_up_epoch=0, MAX_EPOCH=100, batch_size=256, output_dim=512, lr=0.0001, noisy_ratio=0.4, noise_mode='sym', GPU=1, hard_weight=True, noisy_train=True, logging='xmedia_ablation')
2025-06-19 00:47:05,918 - __main__ - INFO - ...Image to Text MAP = 0.8801442373165019
2025-06-19 00:47:06,042 - __main__ - INFO - ...Text to Image MAP = 0.8610275484192166
2025-06-19 00:47:06,042 - __main__ - INFO - ...Average MAP = 0.8705858928678593
2025-06-19 00:47:14,596 - __main__ - INFO - Noise ratio: 0.4
2025-06-19 00:47:14,598 - __main__ - INFO - Namespace(dataset='xmedia', seed=0, alpha=7.0, lamda=1, margin=0.9, lambd=5, barycenter_number=1, top_k=10, warm_up_epoch=0, MAX_EPOCH=100, batch_size=256, output_dim=512, lr=0.0001, noisy_ratio=0.4, noise_mode='sym', GPU=1, hard_weight=True, noisy_train=False, logging='xmedia_ablation')
2025-06-19 00:52:34,396 - __main__ - INFO - ...Image to Text MAP = 0.9011073818940246
2025-06-19 00:52:34,520 - __main__ - INFO - ...Text to Image MAP = 0.9005143520024808
2025-06-19 00:52:34,520 - __main__ - INFO - ...Average MAP = 0.9008108669482526
2025-06-19 00:52:42,902 - __main__ - INFO - Noise ratio: 0.4
2025-06-19 00:52:42,902 - __main__ - INFO - Namespace(dataset='xmedia', seed=0, alpha=7.0, lamda=0.0, margin=0.9, lambd=5, barycenter_number=1, top_k=10, warm_up_epoch=0, MAX_EPOCH=100, batch_size=256, output_dim=512, lr=0.0001, noisy_ratio=0.4, noise_mode='sym', GPU=1, hard_weight=True, noisy_train=True, logging='xmedia_ablation')
2025-06-19 00:58:57,005 - __main__ - INFO - ...Image to Text MAP = 0.9047120173203645
2025-06-19 00:58:57,151 - __main__ - INFO - ...Text to Image MAP = 0.9105719675951369
2025-06-19 00:58:57,152 - __main__ - INFO - ...Average MAP = 0.9076419924577508
2025-06-19 00:59:04,945 - __main__ - INFO - Noise ratio: 0.4
2025-06-19 00:59:04,946 - __main__ - INFO - Namespace(dataset='xmedia', seed=0, alpha=7.0, lamda=1, margin=0.9, lambd=5, barycenter_number=1, top_k=10, warm_up_epoch=0, MAX_EPOCH=100, batch_size=256, output_dim=512, lr=0.0001, noisy_ratio=0.4, noise_mode='sym', GPU=1, hard_weight=False, noisy_train=True, logging='xmedia_ablation')
2025-06-19 01:04:56,616 - __main__ - INFO - ...Image to Text MAP = 0.9081074025739949
2025-06-19 01:04:56,754 - __main__ - INFO - ...Text to Image MAP = 0.9113117069810509
2025-06-19 01:04:56,755 - __main__ - INFO - ...Average MAP = 0.9097095547775229
2025-06-19 01:05:03,466 - __main__ - INFO - Noise ratio: 0.6
2025-06-19 01:05:03,467 - __main__ - INFO - Namespace(dataset='xmedia', seed=0, alpha=7.0, lamda=1, margin=0.9, lambd=5, barycenter_number=1, top_k=10, warm_up_epoch=0, MAX_EPOCH=100, batch_size=256, output_dim=512, lr=0.0001, noisy_ratio=0.6, noise_mode='sym', GPU=1, hard_weight=True, noisy_train=True, logging='xmedia_ablation')
2025-06-19 01:11:30,212 - __main__ - INFO - ...Image to Text MAP = 0.9087158456393865
2025-06-19 01:11:30,325 - __main__ - INFO - ...Text to Image MAP = 0.9194458508623398
2025-06-19 01:11:30,326 - __main__ - INFO - ...Average MAP = 0.9140808482508631
2025-06-19 01:11:37,920 - __main__ - INFO - Noise ratio: 0.6
2025-06-19 01:11:37,922 - __main__ - INFO - Namespace(dataset='xmedia', seed=0, alpha=0.0, lamda=1, margin=0.9, lambd=5, barycenter_number=1, top_k=10, warm_up_epoch=0, MAX_EPOCH=100, batch_size=256, output_dim=512, lr=0.0001, noisy_ratio=0.6, noise_mode='sym', GPU=1, hard_weight=True, noisy_train=True, logging='xmedia_ablation')
2025-06-19 01:17:49,272 - __main__ - INFO - ...Image to Text MAP = 0.4027065208133694
2025-06-19 01:17:49,409 - __main__ - INFO - ...Text to Image MAP = 0.3823235933227543
2025-06-19 01:17:49,410 - __main__ - INFO - ...Average MAP = 0.39251505706806183
2025-06-19 01:17:57,477 - __main__ - INFO - Noise ratio: 0.6
2025-06-19 01:17:57,480 - __main__ - INFO - Namespace(dataset='xmedia', seed=0, alpha=7.0, lamda=1, margin=0.9, lambd=5, barycenter_number=1, top_k=10, warm_up_epoch=0, MAX_EPOCH=100, batch_size=256, output_dim=512, lr=0.0001, noisy_ratio=0.6, noise_mode='sym', GPU=1, hard_weight=True, noisy_train=False, logging='xmedia_ablation')
2025-06-19 01:23:01,944 - __main__ - INFO - ...Image to Text MAP = 0.8732217405457103
2025-06-19 01:23:02,042 - __main__ - INFO - ...Text to Image MAP = 0.8866474794622236
2025-06-19 01:23:02,043 - __main__ - INFO - ...Average MAP = 0.8799346100039669
2025-06-19 01:23:09,320 - __main__ - INFO - Noise ratio: 0.6
2025-06-19 01:23:09,322 - __main__ - INFO - Namespace(dataset='xmedia', seed=0, alpha=7.0, lamda=0.0, margin=0.9, lambd=5, barycenter_number=1, top_k=10, warm_up_epoch=0, MAX_EPOCH=100, batch_size=256, output_dim=512, lr=0.0001, noisy_ratio=0.6, noise_mode='sym', GPU=1, hard_weight=True, noisy_train=True, logging='xmedia_ablation')
2025-06-19 01:29:07,232 - __main__ - INFO - ...Image to Text MAP = 0.9030912484349597
2025-06-19 01:29:07,384 - __main__ - INFO - ...Text to Image MAP = 0.9177974140756153
2025-06-19 01:29:07,384 - __main__ - INFO - ...Average MAP = 0.9104443312552875
2025-06-19 01:29:14,251 - __main__ - INFO - Noise ratio: 0.6
2025-06-19 01:29:14,252 - __main__ - INFO - Namespace(dataset='xmedia', seed=0, alpha=7.0, lamda=1, margin=0.9, lambd=5, barycenter_number=1, top_k=10, warm_up_epoch=0, MAX_EPOCH=100, batch_size=256, output_dim=512, lr=0.0001, noisy_ratio=0.6, noise_mode='sym', GPU=1, hard_weight=False, noisy_train=True, logging='xmedia_ablation')
2025-06-19 01:36:04,132 - __main__ - INFO - ...Image to Text MAP = 0.9027651406259818
2025-06-19 01:36:04,249 - __main__ - INFO - ...Text to Image MAP = 0.9181550224953232
2025-06-19 01:36:04,250 - __main__ - INFO - ...Average MAP = 0.9104600815606525
2025-06-19 01:36:13,624 - __main__ - INFO - Noise ratio: 0.8
2025-06-19 01:36:13,626 - __main__ - INFO - Namespace(dataset='xmedia', seed=0, alpha=7.0, lamda=1, margin=0.9, lambd=5, barycenter_number=1, top_k=10, warm_up_epoch=0, MAX_EPOCH=100, batch_size=256, output_dim=512, lr=0.0001, noisy_ratio=0.8, noise_mode='sym', GPU=1, hard_weight=True, noisy_train=True, logging='xmedia_ablation')
2025-06-19 01:43:18,829 - __main__ - INFO - ...Image to Text MAP = 0.9058102971221436
2025-06-19 01:43:18,975 - __main__ - INFO - ...Text to Image MAP = 0.9175199779382252
2025-06-19 01:43:18,975 - __main__ - INFO - ...Average MAP = 0.9116651375301843
2025-06-19 01:43:26,544 - __main__ - INFO - Noise ratio: 0.8
2025-06-19 01:43:26,546 - __main__ - INFO - Namespace(dataset='xmedia', seed=0, alpha=0.0, lamda=1, margin=0.9, lambd=5, barycenter_number=1, top_k=10, warm_up_epoch=0, MAX_EPOCH=100, batch_size=256, output_dim=512, lr=0.0001, noisy_ratio=0.8, noise_mode='sym', GPU=1, hard_weight=True, noisy_train=True, logging='xmedia_ablation')
2025-06-19 01:50:05,346 - __main__ - INFO - ...Image to Text MAP = 0.19850647888145642
2025-06-19 01:50:05,473 - __main__ - INFO - ...Text to Image MAP = 0.22397156979869043
2025-06-19 01:50:05,474 - __main__ - INFO - ...Average MAP = 0.2112390243400734
2025-06-19 01:50:11,839 - __main__ - INFO - Noise ratio: 0.8
2025-06-19 01:50:11,839 - __main__ - INFO - Namespace(dataset='xmedia', seed=0, alpha=7.0, lamda=1, margin=0.9, lambd=5, barycenter_number=1, top_k=10, warm_up_epoch=0, MAX_EPOCH=100, batch_size=256, output_dim=512, lr=0.0001, noisy_ratio=0.8, noise_mode='sym', GPU=1, hard_weight=True, noisy_train=False, logging='xmedia_ablation')
2025-06-19 01:55:04,201 - __main__ - INFO - ...Image to Text MAP = 0.85280817376337
2025-06-19 01:55:04,329 - __main__ - INFO - ...Text to Image MAP = 0.8676812146993771
2025-06-19 01:55:04,330 - __main__ - INFO - ...Average MAP = 0.8602446942313735
2025-06-19 01:55:12,321 - __main__ - INFO - Noise ratio: 0.8
2025-06-19 01:55:12,322 - __main__ - INFO - Namespace(dataset='xmedia', seed=0, alpha=7.0, lamda=0.0, margin=0.9, lambd=5, barycenter_number=1, top_k=10, warm_up_epoch=0, MAX_EPOCH=100, batch_size=256, output_dim=512, lr=0.0001, noisy_ratio=0.8, noise_mode='sym', GPU=1, hard_weight=True, noisy_train=True, logging='xmedia_ablation')
2025-06-19 02:02:02,937 - __main__ - INFO - ...Image to Text MAP = 0.9056805144629607
2025-06-19 02:02:03,059 - __main__ - INFO - ...Text to Image MAP = 0.9143054086423037
2025-06-19 02:02:03,059 - __main__ - INFO - ...Average MAP = 0.9099929615526322
2025-06-19 02:02:09,752 - __main__ - INFO - Noise ratio: 0.8
2025-06-19 02:02:09,752 - __main__ - INFO - Namespace(dataset='xmedia', seed=0, alpha=7.0, lamda=1, margin=0.9, lambd=5, barycenter_number=1, top_k=10, warm_up_epoch=0, MAX_EPOCH=100, batch_size=256, output_dim=512, lr=0.0001, noisy_ratio=0.8, noise_mode='sym', GPU=1, hard_weight=False, noisy_train=True, logging='xmedia_ablation')
2025-06-19 02:08:50,822 - __main__ - INFO - ...Image to Text MAP = 0.9108482378583924
2025-06-19 02:08:50,944 - __main__ - INFO - ...Text to Image MAP = 0.9164413604048347
2025-06-19 02:08:50,945 - __main__ - INFO - ...Average MAP = 0.9136447991316136
2025-06-19 02:08:58,671 - __main__ - INFO - Noise ratio: 0.2
2025-06-19 02:08:58,673 - __main__ - INFO - Namespace(dataset='xmedia', seed=0, alpha=8.0, lamda=1, margin=0.9, lambd=5, barycenter_number=1, top_k=10, warm_up_epoch=0, MAX_EPOCH=100, batch_size=256, output_dim=512, lr=0.0001, noisy_ratio=0.2, noise_mode='sym', GPU=1, hard_weight=True, noisy_train=True, logging='xmedia_ablation')
2025-06-19 02:15:42,076 - __main__ - INFO - ...Image to Text MAP = 0.9159151459291706
2025-06-19 02:15:42,203 - __main__ - INFO - ...Text to Image MAP = 0.918904083882054
2025-06-19 02:15:42,203 - __main__ - INFO - ...Average MAP = 0.9174096149056123
2025-06-19 02:15:49,725 - __main__ - INFO - Noise ratio: 0.2
2025-06-19 02:15:49,726 - __main__ - INFO - Namespace(dataset='xmedia', seed=0, alpha=0.0, lamda=1, margin=0.9, lambd=5, barycenter_number=1, top_k=10, warm_up_epoch=0, MAX_EPOCH=100, batch_size=256, output_dim=512, lr=0.0001, noisy_ratio=0.2, noise_mode='sym', GPU=1, hard_weight=True, noisy_train=True, logging='xmedia_ablation')
2025-06-19 02:21:47,624 - __main__ - INFO - ...Image to Text MAP = 0.9092903505892691
2025-06-19 02:21:47,748 - __main__ - INFO - ...Text to Image MAP = 0.9052745003750521
2025-06-19 02:21:47,748 - __main__ - INFO - ...Average MAP = 0.9072824254821605
2025-06-19 02:21:54,937 - __main__ - INFO - Noise ratio: 0.2
2025-06-19 02:21:54,938 - __main__ - INFO - Namespace(dataset='xmedia', seed=0, alpha=8.0, lamda=1, margin=0.9, lambd=5, barycenter_number=1, top_k=10, warm_up_epoch=0, MAX_EPOCH=100, batch_size=256, output_dim=512, lr=0.0001, noisy_ratio=0.2, noise_mode='sym', GPU=1, hard_weight=True, noisy_train=False, logging='xmedia_ablation')
2025-06-19 02:27:49,994 - __main__ - INFO - ...Image to Text MAP = 0.909034347385808
2025-06-19 02:27:50,096 - __main__ - INFO - ...Text to Image MAP = 0.9032939896674211
2025-06-19 02:27:50,096 - __main__ - INFO - ...Average MAP = 0.9061641685266146
2025-06-19 02:27:57,370 - __main__ - INFO - Noise ratio: 0.2
2025-06-19 02:27:57,372 - __main__ - INFO - Namespace(dataset='xmedia', seed=0, alpha=8.0, lamda=0.0, margin=0.9, lambd=5, barycenter_number=1, top_k=10, warm_up_epoch=0, MAX_EPOCH=100, batch_size=256, output_dim=512, lr=0.0001, noisy_ratio=0.2, noise_mode='sym', GPU=1, hard_weight=True, noisy_train=True, logging='xmedia_ablation')
2025-06-19 02:34:06,233 - __main__ - INFO - ...Image to Text MAP = 0.8998930389443518
2025-06-19 02:34:06,357 - __main__ - INFO - ...Text to Image MAP = 0.9134486637366404
2025-06-19 02:34:06,357 - __main__ - INFO - ...Average MAP = 0.9066708513404961
2025-06-19 02:34:13,721 - __main__ - INFO - Noise ratio: 0.2
2025-06-19 02:34:13,721 - __main__ - INFO - Namespace(dataset='xmedia', seed=0, alpha=8.0, lamda=1, margin=0.9, lambd=5, barycenter_number=1, top_k=10, warm_up_epoch=0, MAX_EPOCH=100, batch_size=256, output_dim=512, lr=0.0001, noisy_ratio=0.2, noise_mode='sym', GPU=1, hard_weight=False, noisy_train=True, logging='xmedia_ablation')
2025-06-19 02:40:17,724 - __main__ - INFO - ...Image to Text MAP = 0.9142009070327215
2025-06-19 02:40:18,019 - __main__ - INFO - ...Text to Image MAP = 0.9140845750123108
2025-06-19 02:40:18,020 - __main__ - INFO - ...Average MAP = 0.9141427410225161
2025-06-19 02:40:25,601 - __main__ - INFO - Noise ratio: 0.4
2025-06-19 02:40:25,603 - __main__ - INFO - Namespace(dataset='xmedia', seed=0, alpha=8.0, lamda=1, margin=0.9, lambd=5, barycenter_number=1, top_k=10, warm_up_epoch=0, MAX_EPOCH=100, batch_size=256, output_dim=512, lr=0.0001, noisy_ratio=0.4, noise_mode='sym', GPU=1, hard_weight=True, noisy_train=True, logging='xmedia_ablation')
2025-06-19 02:46:29,965 - __main__ - INFO - ...Image to Text MAP = 0.9120419681534286
2025-06-19 02:46:30,147 - __main__ - INFO - ...Text to Image MAP = 0.9174158939520461
2025-06-19 02:46:30,148 - __main__ - INFO - ...Average MAP = 0.9147289310527373
2025-06-19 02:46:38,656 - __main__ - INFO - Noise ratio: 0.4
2025-06-19 02:46:38,659 - __main__ - INFO - Namespace(dataset='xmedia', seed=0, alpha=0.0, lamda=1, margin=0.9, lambd=5, barycenter_number=1, top_k=10, warm_up_epoch=0, MAX_EPOCH=100, batch_size=256, output_dim=512, lr=0.0001, noisy_ratio=0.4, noise_mode='sym', GPU=1, hard_weight=True, noisy_train=True, logging='xmedia_ablation')
2025-06-19 02:52:45,873 - __main__ - INFO - ...Image to Text MAP = 0.8801442373165019
2025-06-19 02:52:46,031 - __main__ - INFO - ...Text to Image MAP = 0.8610275484192166
2025-06-19 02:52:46,032 - __main__ - INFO - ...Average MAP = 0.8705858928678593
2025-06-19 02:52:53,830 - __main__ - INFO - Noise ratio: 0.4
2025-06-19 02:52:53,831 - __main__ - INFO - Namespace(dataset='xmedia', seed=0, alpha=8.0, lamda=1, margin=0.9, lambd=5, barycenter_number=1, top_k=10, warm_up_epoch=0, MAX_EPOCH=100, batch_size=256, output_dim=512, lr=0.0001, noisy_ratio=0.4, noise_mode='sym', GPU=1, hard_weight=True, noisy_train=False, logging='xmedia_ablation')
2025-06-19 02:58:28,634 - __main__ - INFO - ...Image to Text MAP = 0.8990443462145994
2025-06-19 02:58:28,899 - __main__ - INFO - ...Text to Image MAP = 0.895917968527694
2025-06-19 02:58:28,900 - __main__ - INFO - ...Average MAP = 0.8974811573711468
2025-06-19 02:58:36,303 - __main__ - INFO - Noise ratio: 0.4
2025-06-19 02:58:36,304 - __main__ - INFO - Namespace(dataset='xmedia', seed=0, alpha=8.0, lamda=0.0, margin=0.9, lambd=5, barycenter_number=1, top_k=10, warm_up_epoch=0, MAX_EPOCH=100, batch_size=256, output_dim=512, lr=0.0001, noisy_ratio=0.4, noise_mode='sym', GPU=1, hard_weight=True, noisy_train=True, logging='xmedia_ablation')
2025-06-19 03:04:39,948 - __main__ - INFO - ...Image to Text MAP = 0.8968760223875533
2025-06-19 03:04:40,050 - __main__ - INFO - ...Text to Image MAP = 0.9020650109076778
2025-06-19 03:04:40,050 - __main__ - INFO - ...Average MAP = 0.8994705166476156
2025-06-19 03:04:47,042 - __main__ - INFO - Noise ratio: 0.4
2025-06-19 03:04:47,042 - __main__ - INFO - Namespace(dataset='xmedia', seed=0, alpha=8.0, lamda=1, margin=0.9, lambd=5, barycenter_number=1, top_k=10, warm_up_epoch=0, MAX_EPOCH=100, batch_size=256, output_dim=512, lr=0.0001, noisy_ratio=0.4, noise_mode='sym', GPU=1, hard_weight=False, noisy_train=True, logging='xmedia_ablation')
2025-06-19 03:10:51,144 - __main__ - INFO - ...Image to Text MAP = 0.9114419259614597
2025-06-19 03:10:51,308 - __main__ - INFO - ...Text to Image MAP = 0.9162481779162956
2025-06-19 03:10:51,308 - __main__ - INFO - ...Average MAP = 0.9138450519388777
2025-06-19 03:10:57,143 - __main__ - INFO - Noise ratio: 0.6
2025-06-19 03:10:57,144 - __main__ - INFO - Namespace(dataset='xmedia', seed=0, alpha=8.0, lamda=1, margin=0.9, lambd=5, barycenter_number=1, top_k=10, warm_up_epoch=0, MAX_EPOCH=100, batch_size=256, output_dim=512, lr=0.0001, noisy_ratio=0.6, noise_mode='sym', GPU=1, hard_weight=True, noisy_train=True, logging='xmedia_ablation')
2025-06-19 03:17:45,206 - __main__ - INFO - ...Image to Text MAP = 0.9027481871815796
2025-06-19 03:17:45,385 - __main__ - INFO - ...Text to Image MAP = 0.9168935229810465
2025-06-19 03:17:45,386 - __main__ - INFO - ...Average MAP = 0.909820855081313
2025-06-19 03:17:52,968 - __main__ - INFO - Noise ratio: 0.6
2025-06-19 03:17:52,973 - __main__ - INFO - Namespace(dataset='xmedia', seed=0, alpha=0.0, lamda=1, margin=0.9, lambd=5, barycenter_number=1, top_k=10, warm_up_epoch=0, MAX_EPOCH=100, batch_size=256, output_dim=512, lr=0.0001, noisy_ratio=0.6, noise_mode='sym', GPU=1, hard_weight=True, noisy_train=True, logging='xmedia_ablation')
2025-06-19 03:24:04,607 - __main__ - INFO - ...Image to Text MAP = 0.4027065208133694
2025-06-19 03:24:04,738 - __main__ - INFO - ...Text to Image MAP = 0.3823235933227543
2025-06-19 03:24:04,739 - __main__ - INFO - ...Average MAP = 0.39251505706806183
2025-06-19 03:24:14,303 - __main__ - INFO - Noise ratio: 0.6
2025-06-19 03:24:14,303 - __main__ - INFO - Namespace(dataset='xmedia', seed=0, alpha=8.0, lamda=1, margin=0.9, lambd=5, barycenter_number=1, top_k=10, warm_up_epoch=0, MAX_EPOCH=100, batch_size=256, output_dim=512, lr=0.0001, noisy_ratio=0.6, noise_mode='sym', GPU=1, hard_weight=True, noisy_train=False, logging='xmedia_ablation')
2025-06-19 03:29:06,903 - __main__ - INFO - ...Image to Text MAP = 0.8807857339872517
2025-06-19 03:29:07,025 - __main__ - INFO - ...Text to Image MAP = 0.8851188273194953
2025-06-19 03:29:07,026 - __main__ - INFO - ...Average MAP = 0.8829522806533735
2025-06-19 03:29:13,071 - __main__ - INFO - Noise ratio: 0.6
2025-06-19 03:29:13,071 - __main__ - INFO - Namespace(dataset='xmedia', seed=0, alpha=8.0, lamda=0.0, margin=0.9, lambd=5, barycenter_number=1, top_k=10, warm_up_epoch=0, MAX_EPOCH=100, batch_size=256, output_dim=512, lr=0.0001, noisy_ratio=0.6, noise_mode='sym', GPU=1, hard_weight=True, noisy_train=True, logging='xmedia_ablation')
2025-06-19 03:35:00,174 - __main__ - INFO - ...Image to Text MAP = 0.9030617250715584
2025-06-19 03:35:00,328 - __main__ - INFO - ...Text to Image MAP = 0.9094179978162006
2025-06-19 03:35:00,328 - __main__ - INFO - ...Average MAP = 0.9062398614438795
2025-06-19 03:35:07,137 - __main__ - INFO - Noise ratio: 0.6
2025-06-19 03:35:07,137 - __main__ - INFO - Namespace(dataset='xmedia', seed=0, alpha=8.0, lamda=1, margin=0.9, lambd=5, barycenter_number=1, top_k=10, warm_up_epoch=0, MAX_EPOCH=100, batch_size=256, output_dim=512, lr=0.0001, noisy_ratio=0.6, noise_mode='sym', GPU=1, hard_weight=False, noisy_train=True, logging='xmedia_ablation')
2025-06-19 03:40:55,101 - __main__ - INFO - ...Image to Text MAP = 0.9027132470932836
2025-06-19 03:40:55,216 - __main__ - INFO - ...Text to Image MAP = 0.9194366067367757
2025-06-19 03:40:55,217 - __main__ - INFO - ...Average MAP = 0.9110749269150297
2025-06-19 03:41:02,582 - __main__ - INFO - Noise ratio: 0.8
2025-06-19 03:41:02,584 - __main__ - INFO - Namespace(dataset='xmedia', seed=0, alpha=8.0, lamda=1, margin=0.9, lambd=5, barycenter_number=1, top_k=10, warm_up_epoch=0, MAX_EPOCH=100, batch_size=256, output_dim=512, lr=0.0001, noisy_ratio=0.8, noise_mode='sym', GPU=1, hard_weight=True, noisy_train=True, logging='xmedia_ablation')
2025-06-19 03:47:34,411 - __main__ - INFO - ...Image to Text MAP = 0.9077402837559142
2025-06-19 03:47:34,596 - __main__ - INFO - ...Text to Image MAP = 0.9137259234330315
2025-06-19 03:47:34,597 - __main__ - INFO - ...Average MAP = 0.9107331035944728
2025-06-19 03:47:42,048 - __main__ - INFO - Noise ratio: 0.8
2025-06-19 03:47:42,051 - __main__ - INFO - Namespace(dataset='xmedia', seed=0, alpha=0.0, lamda=1, margin=0.9, lambd=5, barycenter_number=1, top_k=10, warm_up_epoch=0, MAX_EPOCH=100, batch_size=256, output_dim=512, lr=0.0001, noisy_ratio=0.8, noise_mode='sym', GPU=1, hard_weight=True, noisy_train=True, logging='xmedia_ablation')
2025-06-19 03:54:36,821 - __main__ - INFO - ...Image to Text MAP = 0.19850647888145642
2025-06-19 03:54:36,946 - __main__ - INFO - ...Text to Image MAP = 0.22397156979869043
2025-06-19 03:54:36,947 - __main__ - INFO - ...Average MAP = 0.2112390243400734
2025-06-19 03:54:45,082 - __main__ - INFO - Noise ratio: 0.8
2025-06-19 03:54:45,082 - __main__ - INFO - Namespace(dataset='xmedia', seed=0, alpha=8.0, lamda=1, margin=0.9, lambd=5, barycenter_number=1, top_k=10, warm_up_epoch=0, MAX_EPOCH=100, batch_size=256, output_dim=512, lr=0.0001, noisy_ratio=0.8, noise_mode='sym', GPU=1, hard_weight=True, noisy_train=False, logging='xmedia_ablation')
2025-06-19 03:59:54,047 - __main__ - INFO - ...Image to Text MAP = 0.8497618304629786
2025-06-19 03:59:54,170 - __main__ - INFO - ...Text to Image MAP = 0.8625204167804259
2025-06-19 03:59:54,171 - __main__ - INFO - ...Average MAP = 0.8561411236217022
2025-06-19 04:00:00,913 - __main__ - INFO - Noise ratio: 0.8
2025-06-19 04:00:00,913 - __main__ - INFO - Namespace(dataset='xmedia', seed=0, alpha=8.0, lamda=0.0, margin=0.9, lambd=5, barycenter_number=1, top_k=10, warm_up_epoch=0, MAX_EPOCH=100, batch_size=256, output_dim=512, lr=0.0001, noisy_ratio=0.8, noise_mode='sym', GPU=1, hard_weight=True, noisy_train=True, logging='xmedia_ablation')
2025-06-19 04:06:33,588 - __main__ - INFO - ...Image to Text MAP = 0.9071010230229168
2025-06-19 04:06:33,850 - __main__ - INFO - ...Text to Image MAP = 0.9208878988604704
2025-06-19 04:06:33,851 - __main__ - INFO - ...Average MAP = 0.9139944609416937
2025-06-19 04:06:42,191 - __main__ - INFO - Noise ratio: 0.8
2025-06-19 04:06:42,199 - __main__ - INFO - Namespace(dataset='xmedia', seed=0, alpha=8.0, lamda=1, margin=0.9, lambd=5, barycenter_number=1, top_k=10, warm_up_epoch=0, MAX_EPOCH=100, batch_size=256, output_dim=512, lr=0.0001, noisy_ratio=0.8, noise_mode='sym', GPU=1, hard_weight=False, noisy_train=True, logging='xmedia_ablation')
2025-06-19 04:13:30,995 - __main__ - INFO - ...Image to Text MAP = 0.9090700583647078
2025-06-19 04:13:31,096 - __main__ - INFO - ...Text to Image MAP = 0.9151286785337488
2025-06-19 04:13:31,096 - __main__ - INFO - ...Average MAP = 0.9120993684492282
2025-06-19 04:13:38,222 - __main__ - INFO - Noise ratio: 0.2
2025-06-19 04:13:38,225 - __main__ - INFO - Namespace(dataset='xmedia', seed=0, alpha=9.0, lamda=1, margin=0.9, lambd=5, barycenter_number=1, top_k=10, warm_up_epoch=0, MAX_EPOCH=100, batch_size=256, output_dim=512, lr=0.0001, noisy_ratio=0.2, noise_mode='sym', GPU=1, hard_weight=True, noisy_train=True, logging='xmedia_ablation')
2025-06-19 04:19:55,674 - __main__ - INFO - ...Image to Text MAP = 0.9091229999487914
2025-06-19 04:19:55,791 - __main__ - INFO - ...Text to Image MAP = 0.908841358410075
2025-06-19 04:19:55,791 - __main__ - INFO - ...Average MAP = 0.9089821791794332
2025-06-19 04:20:04,021 - __main__ - INFO - Noise ratio: 0.2
2025-06-19 04:20:04,023 - __main__ - INFO - Namespace(dataset='xmedia', seed=0, alpha=0.0, lamda=1, margin=0.9, lambd=5, barycenter_number=1, top_k=10, warm_up_epoch=0, MAX_EPOCH=100, batch_size=256, output_dim=512, lr=0.0001, noisy_ratio=0.2, noise_mode='sym', GPU=1, hard_weight=True, noisy_train=True, logging='xmedia_ablation')
2025-06-19 04:26:36,309 - __main__ - INFO - ...Image to Text MAP = 0.9092903505892691
2025-06-19 04:26:36,473 - __main__ - INFO - ...Text to Image MAP = 0.9052745003750521
2025-06-19 04:26:36,474 - __main__ - INFO - ...Average MAP = 0.9072824254821605
2025-06-19 04:26:44,508 - __main__ - INFO - Noise ratio: 0.2
2025-06-19 04:26:44,508 - __main__ - INFO - Namespace(dataset='xmedia', seed=0, alpha=9.0, lamda=1, margin=0.9, lambd=5, barycenter_number=1, top_k=10, warm_up_epoch=0, MAX_EPOCH=100, batch_size=256, output_dim=512, lr=0.0001, noisy_ratio=0.2, noise_mode='sym', GPU=1, hard_weight=True, noisy_train=False, logging='xmedia_ablation')
2025-06-19 04:32:44,940 - __main__ - INFO - ...Image to Text MAP = 0.9188215214312072
2025-06-19 04:32:45,188 - __main__ - INFO - ...Text to Image MAP = 0.9137826240085554
2025-06-19 04:32:45,189 - __main__ - INFO - ...Average MAP = 0.9163020727198813
2025-06-19 04:32:53,645 - __main__ - INFO - Noise ratio: 0.2
2025-06-19 04:32:53,646 - __main__ - INFO - Namespace(dataset='xmedia', seed=0, alpha=9.0, lamda=0.0, margin=0.9, lambd=5, barycenter_number=1, top_k=10, warm_up_epoch=0, MAX_EPOCH=100, batch_size=256, output_dim=512, lr=0.0001, noisy_ratio=0.2, noise_mode='sym', GPU=1, hard_weight=True, noisy_train=True, logging='xmedia_ablation')
2025-06-19 04:39:28,880 - __main__ - INFO - ...Image to Text MAP = 0.9029244209384683
2025-06-19 04:39:29,006 - __main__ - INFO - ...Text to Image MAP = 0.9095259595400476
2025-06-19 04:39:29,006 - __main__ - INFO - ...Average MAP = 0.906225190239258
2025-06-19 04:39:35,794 - __main__ - INFO - Noise ratio: 0.2
2025-06-19 04:39:35,794 - __main__ - INFO - Namespace(dataset='xmedia', seed=0, alpha=9.0, lamda=1, margin=0.9, lambd=5, barycenter_number=1, top_k=10, warm_up_epoch=0, MAX_EPOCH=100, batch_size=256, output_dim=512, lr=0.0001, noisy_ratio=0.2, noise_mode='sym', GPU=1, hard_weight=False, noisy_train=True, logging='xmedia_ablation')
2025-06-19 04:45:50,468 - __main__ - INFO - ...Image to Text MAP = 0.9043095956748709
2025-06-19 04:45:50,623 - __main__ - INFO - ...Text to Image MAP = 0.917148535472904
2025-06-19 04:45:50,623 - __main__ - INFO - ...Average MAP = 0.9107290655738874
2025-06-19 04:45:57,642 - __main__ - INFO - Noise ratio: 0.4
2025-06-19 04:45:57,644 - __main__ - INFO - Namespace(dataset='xmedia', seed=0, alpha=9.0, lamda=1, margin=0.9, lambd=5, barycenter_number=1, top_k=10, warm_up_epoch=0, MAX_EPOCH=100, batch_size=256, output_dim=512, lr=0.0001, noisy_ratio=0.4, noise_mode='sym', GPU=1, hard_weight=True, noisy_train=True, logging='xmedia_ablation')
2025-06-19 04:52:20,767 - __main__ - INFO - ...Image to Text MAP = 0.9089139540372919
2025-06-19 04:52:20,868 - __main__ - INFO - ...Text to Image MAP = 0.9065825400855619
2025-06-19 04:52:20,868 - __main__ - INFO - ...Average MAP = 0.9077482470614269
2025-06-19 04:52:28,224 - __main__ - INFO - Noise ratio: 0.4
2025-06-19 04:52:28,225 - __main__ - INFO - Namespace(dataset='xmedia', seed=0, alpha=0.0, lamda=1, margin=0.9, lambd=5, barycenter_number=1, top_k=10, warm_up_epoch=0, MAX_EPOCH=100, batch_size=256, output_dim=512, lr=0.0001, noisy_ratio=0.4, noise_mode='sym', GPU=1, hard_weight=True, noisy_train=True, logging='xmedia_ablation')
2025-06-19 04:58:49,199 - __main__ - INFO - ...Image to Text MAP = 0.8801442373165019
2025-06-19 04:58:49,314 - __main__ - INFO - ...Text to Image MAP = 0.8610275484192166
2025-06-19 04:58:49,314 - __main__ - INFO - ...Average MAP = 0.8705858928678593
2025-06-19 04:58:56,428 - __main__ - INFO - Noise ratio: 0.4
2025-06-19 04:58:56,429 - __main__ - INFO - Namespace(dataset='xmedia', seed=0, alpha=9.0, lamda=1, margin=0.9, lambd=5, barycenter_number=1, top_k=10, warm_up_epoch=0, MAX_EPOCH=100, batch_size=256, output_dim=512, lr=0.0001, noisy_ratio=0.4, noise_mode='sym', GPU=1, hard_weight=True, noisy_train=False, logging='xmedia_ablation')
2025-06-19 05:04:29,488 - __main__ - INFO - ...Image to Text MAP = 0.8947248504036661
2025-06-19 05:04:29,594 - __main__ - INFO - ...Text to Image MAP = 0.896498293520969
2025-06-19 05:04:29,594 - __main__ - INFO - ...Average MAP = 0.8956115719623176
2025-06-19 05:04:35,791 - __main__ - INFO - Noise ratio: 0.4
2025-06-19 05:04:35,791 - __main__ - INFO - Namespace(dataset='xmedia', seed=0, alpha=9.0, lamda=0.0, margin=0.9, lambd=5, barycenter_number=1, top_k=10, warm_up_epoch=0, MAX_EPOCH=100, batch_size=256, output_dim=512, lr=0.0001, noisy_ratio=0.4, noise_mode='sym', GPU=1, hard_weight=True, noisy_train=True, logging='xmedia_ablation')
2025-06-19 05:11:00,817 - __main__ - INFO - ...Image to Text MAP = 0.9000740812843613
2025-06-19 05:11:00,916 - __main__ - INFO - ...Text to Image MAP = 0.9099026603580822
2025-06-19 05:11:00,916 - __main__ - INFO - ...Average MAP = 0.9049883708212217
2025-06-19 05:11:07,529 - __main__ - INFO - Noise ratio: 0.4
2025-06-19 05:11:07,529 - __main__ - INFO - Namespace(dataset='xmedia', seed=0, alpha=9.0, lamda=1, margin=0.9, lambd=5, barycenter_number=1, top_k=10, warm_up_epoch=0, MAX_EPOCH=100, batch_size=256, output_dim=512, lr=0.0001, noisy_ratio=0.4, noise_mode='sym', GPU=1, hard_weight=False, noisy_train=True, logging='xmedia_ablation')
2025-06-19 05:17:44,504 - __main__ - INFO - ...Image to Text MAP = 0.9174429948809364
2025-06-19 05:17:44,685 - __main__ - INFO - ...Text to Image MAP = 0.9166514047973476
2025-06-19 05:17:44,686 - __main__ - INFO - ...Average MAP = 0.9170471998391421
2025-06-19 05:17:52,202 - __main__ - INFO - Noise ratio: 0.6
2025-06-19 05:17:52,206 - __main__ - INFO - Namespace(dataset='xmedia', seed=0, alpha=9.0, lamda=1, margin=0.9, lambd=5, barycenter_number=1, top_k=10, warm_up_epoch=0, MAX_EPOCH=100, batch_size=256, output_dim=512, lr=0.0001, noisy_ratio=0.6, noise_mode='sym', GPU=1, hard_weight=True, noisy_train=True, logging='xmedia_ablation')
2025-06-19 05:23:56,070 - __main__ - INFO - ...Image to Text MAP = 0.8974676566760071
2025-06-19 05:23:56,188 - __main__ - INFO - ...Text to Image MAP = 0.9131176907777753
2025-06-19 05:23:56,188 - __main__ - INFO - ...Average MAP = 0.9052926737268912
2025-06-19 05:24:04,129 - __main__ - INFO - Noise ratio: 0.6
2025-06-19 05:24:04,131 - __main__ - INFO - Namespace(dataset='xmedia', seed=0, alpha=0.0, lamda=1, margin=0.9, lambd=5, barycenter_number=1, top_k=10, warm_up_epoch=0, MAX_EPOCH=100, batch_size=256, output_dim=512, lr=0.0001, noisy_ratio=0.6, noise_mode='sym', GPU=1, hard_weight=True, noisy_train=True, logging='xmedia_ablation')
2025-06-19 05:30:17,207 - __main__ - INFO - ...Image to Text MAP = 0.4027065208133694
2025-06-19 05:30:17,334 - __main__ - INFO - ...Text to Image MAP = 0.3823235933227543
2025-06-19 05:30:17,335 - __main__ - INFO - ...Average MAP = 0.39251505706806183
2025-06-19 05:30:24,772 - __main__ - INFO - Noise ratio: 0.6
2025-06-19 05:30:24,772 - __main__ - INFO - Namespace(dataset='xmedia', seed=0, alpha=9.0, lamda=1, margin=0.9, lambd=5, barycenter_number=1, top_k=10, warm_up_epoch=0, MAX_EPOCH=100, batch_size=256, output_dim=512, lr=0.0001, noisy_ratio=0.6, noise_mode='sym', GPU=1, hard_weight=True, noisy_train=False, logging='xmedia_ablation')
2025-06-19 05:35:44,389 - __main__ - INFO - ...Image to Text MAP = 0.8745845288848018
2025-06-19 05:35:44,630 - __main__ - INFO - ...Text to Image MAP = 0.88095855165754
2025-06-19 05:35:44,631 - __main__ - INFO - ...Average MAP = 0.8777715402711709
2025-06-19 05:35:51,692 - __main__ - INFO - Noise ratio: 0.6
2025-06-19 05:35:51,693 - __main__ - INFO - Namespace(dataset='xmedia', seed=0, alpha=9.0, lamda=0.0, margin=0.9, lambd=5, barycenter_number=1, top_k=10, warm_up_epoch=0, MAX_EPOCH=100, batch_size=256, output_dim=512, lr=0.0001, noisy_ratio=0.6, noise_mode='sym', GPU=1, hard_weight=True, noisy_train=True, logging='xmedia_ablation')
2025-06-19 05:42:14,992 - __main__ - INFO - ...Image to Text MAP = 0.8978845088526949
2025-06-19 05:42:15,089 - __main__ - INFO - ...Text to Image MAP = 0.912474762371178
2025-06-19 05:42:15,089 - __main__ - INFO - ...Average MAP = 0.9051796356119364
2025-06-19 05:42:22,879 - __main__ - INFO - Noise ratio: 0.6
2025-06-19 05:42:22,880 - __main__ - INFO - Namespace(dataset='xmedia', seed=0, alpha=9.0, lamda=1, margin=0.9, lambd=5, barycenter_number=1, top_k=10, warm_up_epoch=0, MAX_EPOCH=100, batch_size=256, output_dim=512, lr=0.0001, noisy_ratio=0.6, noise_mode='sym', GPU=1, hard_weight=False, noisy_train=True, logging='xmedia_ablation')
2025-06-19 05:49:01,013 - __main__ - INFO - ...Image to Text MAP = 0.9099949356062664
2025-06-19 05:49:01,145 - __main__ - INFO - ...Text to Image MAP = 0.9179306876072574
2025-06-19 05:49:01,146 - __main__ - INFO - ...Average MAP = 0.913962811606762
2025-06-19 05:49:08,705 - __main__ - INFO - Noise ratio: 0.8
2025-06-19 05:49:08,708 - __main__ - INFO - Namespace(dataset='xmedia', seed=0, alpha=9.0, lamda=1, margin=0.9, lambd=5, barycenter_number=1, top_k=10, warm_up_epoch=0, MAX_EPOCH=100, batch_size=256, output_dim=512, lr=0.0001, noisy_ratio=0.8, noise_mode='sym', GPU=1, hard_weight=True, noisy_train=True, logging='xmedia_ablation')
2025-06-19 05:55:15,655 - __main__ - INFO - ...Image to Text MAP = 0.9046874932099018
2025-06-19 05:55:15,779 - __main__ - INFO - ...Text to Image MAP = 0.9117666055188971
2025-06-19 05:55:15,779 - __main__ - INFO - ...Average MAP = 0.9082270493643995
2025-06-19 05:55:23,053 - __main__ - INFO - Noise ratio: 0.8
2025-06-19 05:55:23,055 - __main__ - INFO - Namespace(dataset='xmedia', seed=0, alpha=0.0, lamda=1, margin=0.9, lambd=5, barycenter_number=1, top_k=10, warm_up_epoch=0, MAX_EPOCH=100, batch_size=256, output_dim=512, lr=0.0001, noisy_ratio=0.8, noise_mode='sym', GPU=1, hard_weight=True, noisy_train=True, logging='xmedia_ablation')
2025-06-19 06:02:27,629 - __main__ - INFO - ...Image to Text MAP = 0.19850647888145642
2025-06-19 06:02:27,771 - __main__ - INFO - ...Text to Image MAP = 0.22397156979869043
2025-06-19 06:02:27,772 - __main__ - INFO - ...Average MAP = 0.2112390243400734
2025-06-19 06:02:35,218 - __main__ - INFO - Noise ratio: 0.8
2025-06-19 06:02:35,219 - __main__ - INFO - Namespace(dataset='xmedia', seed=0, alpha=9.0, lamda=1, margin=0.9, lambd=5, barycenter_number=1, top_k=10, warm_up_epoch=0, MAX_EPOCH=100, batch_size=256, output_dim=512, lr=0.0001, noisy_ratio=0.8, noise_mode='sym', GPU=1, hard_weight=True, noisy_train=False, logging='xmedia_ablation')
2025-06-19 06:07:10,810 - __main__ - INFO - ...Image to Text MAP = 0.8629611799428981
2025-06-19 06:07:10,933 - __main__ - INFO - ...Text to Image MAP = 0.8708634028508184
2025-06-19 06:07:10,934 - __main__ - INFO - ...Average MAP = 0.8669122913968583
2025-06-19 06:07:18,420 - __main__ - INFO - Noise ratio: 0.8
2025-06-19 06:07:18,420 - __main__ - INFO - Namespace(dataset='xmedia', seed=0, alpha=9.0, lamda=0.0, margin=0.9, lambd=5, barycenter_number=1, top_k=10, warm_up_epoch=0, MAX_EPOCH=100, batch_size=256, output_dim=512, lr=0.0001, noisy_ratio=0.8, noise_mode='sym', GPU=1, hard_weight=True, noisy_train=True, logging='xmedia_ablation')
2025-06-19 06:13:34,592 - __main__ - INFO - ...Image to Text MAP = 0.9026028010943105
2025-06-19 06:13:34,848 - __main__ - INFO - ...Text to Image MAP = 0.9103433767943621
2025-06-19 06:13:34,849 - __main__ - INFO - ...Average MAP = 0.9064730889443362
2025-06-19 06:13:43,344 - __main__ - INFO - Noise ratio: 0.8
2025-06-19 06:13:43,345 - __main__ - INFO - Namespace(dataset='xmedia', seed=0, alpha=9.0, lamda=1, margin=0.9, lambd=5, barycenter_number=1, top_k=10, warm_up_epoch=0, MAX_EPOCH=100, batch_size=256, output_dim=512, lr=0.0001, noisy_ratio=0.8, noise_mode='sym', GPU=1, hard_weight=False, noisy_train=True, logging='xmedia_ablation')
2025-06-19 06:20:42,901 - __main__ - INFO - ...Image to Text MAP = 0.9016950996166647
2025-06-19 06:20:43,134 - __main__ - INFO - ...Text to Image MAP = 0.9150477018787992
2025-06-19 06:20:43,150 - __main__ - INFO - ...Average MAP = 0.9083714007477319
2025-06-19 06:20:51,282 - __main__ - INFO - Noise ratio: 0.2
2025-06-19 06:20:51,283 - __main__ - INFO - Namespace(dataset='xmedia', seed=0, alpha=10.0, lamda=1, margin=0.9, lambd=5, barycenter_number=1, top_k=10, warm_up_epoch=0, MAX_EPOCH=100, batch_size=256, output_dim=512, lr=0.0001, noisy_ratio=0.2, noise_mode='sym', GPU=1, hard_weight=True, noisy_train=True, logging='xmedia_ablation')
2025-06-19 06:27:34,052 - __main__ - INFO - ...Image to Text MAP = 0.9057752499802321
2025-06-19 06:27:34,219 - __main__ - INFO - ...Text to Image MAP = 0.9125784366183409
2025-06-19 06:27:34,220 - __main__ - INFO - ...Average MAP = 0.9091768432992865
2025-06-19 06:27:42,217 - __main__ - INFO - Noise ratio: 0.2
2025-06-19 06:27:42,218 - __main__ - INFO - Namespace(dataset='xmedia', seed=0, alpha=0.0, lamda=1, margin=0.9, lambd=5, barycenter_number=1, top_k=10, warm_up_epoch=0, MAX_EPOCH=100, batch_size=256, output_dim=512, lr=0.0001, noisy_ratio=0.2, noise_mode='sym', GPU=1, hard_weight=True, noisy_train=True, logging='xmedia_ablation')
2025-06-19 06:33:56,395 - __main__ - INFO - ...Image to Text MAP = 0.9092903505892691
2025-06-19 06:33:56,519 - __main__ - INFO - ...Text to Image MAP = 0.9052745003750521
2025-06-19 06:33:56,519 - __main__ - INFO - ...Average MAP = 0.9072824254821605
2025-06-19 06:34:03,713 - __main__ - INFO - Noise ratio: 0.2
2025-06-19 06:34:03,713 - __main__ - INFO - Namespace(dataset='xmedia', seed=0, alpha=10.0, lamda=1, margin=0.9, lambd=5, barycenter_number=1, top_k=10, warm_up_epoch=0, MAX_EPOCH=100, batch_size=256, output_dim=512, lr=0.0001, noisy_ratio=0.2, noise_mode='sym', GPU=1, hard_weight=True, noisy_train=False, logging='xmedia_ablation')
2025-06-19 06:39:54,383 - __main__ - INFO - ...Image to Text MAP = 0.9057785433929835
2025-06-19 06:39:54,519 - __main__ - INFO - ...Text to Image MAP = 0.9118902061692999
2025-06-19 06:39:54,520 - __main__ - INFO - ...Average MAP = 0.9088343747811417
2025-06-19 06:40:01,601 - __main__ - INFO - Noise ratio: 0.2
2025-06-19 06:40:01,601 - __main__ - INFO - Namespace(dataset='xmedia', seed=0, alpha=10.0, lamda=0.0, margin=0.9, lambd=5, barycenter_number=1, top_k=10, warm_up_epoch=0, MAX_EPOCH=100, batch_size=256, output_dim=512, lr=0.0001, noisy_ratio=0.2, noise_mode='sym', GPU=1, hard_weight=True, noisy_train=True, logging='xmedia_ablation')
2025-06-19 06:46:12,131 - __main__ - INFO - ...Image to Text MAP = 0.9090340282397835
2025-06-19 06:46:12,264 - __main__ - INFO - ...Text to Image MAP = 0.9160603628047256
2025-06-19 06:46:12,265 - __main__ - INFO - ...Average MAP = 0.9125471955222546
2025-06-19 06:46:21,053 - __main__ - INFO - Noise ratio: 0.2
2025-06-19 06:46:21,053 - __main__ - INFO - Namespace(dataset='xmedia', seed=0, alpha=10.0, lamda=1, margin=0.9, lambd=5, barycenter_number=1, top_k=10, warm_up_epoch=0, MAX_EPOCH=100, batch_size=256, output_dim=512, lr=0.0001, noisy_ratio=0.2, noise_mode='sym', GPU=1, hard_weight=False, noisy_train=True, logging='xmedia_ablation')
2025-06-19 06:53:04,350 - __main__ - INFO - ...Image to Text MAP = 0.909567192205554
2025-06-19 06:53:04,499 - __main__ - INFO - ...Text to Image MAP = 0.9123919342471637
2025-06-19 06:53:04,499 - __main__ - INFO - ...Average MAP = 0.9109795632263589
2025-06-19 06:53:11,635 - __main__ - INFO - Noise ratio: 0.4
2025-06-19 06:53:11,637 - __main__ - INFO - Namespace(dataset='xmedia', seed=0, alpha=10.0, lamda=1, margin=0.9, lambd=5, barycenter_number=1, top_k=10, warm_up_epoch=0, MAX_EPOCH=100, batch_size=256, output_dim=512, lr=0.0001, noisy_ratio=0.4, noise_mode='sym', GPU=1, hard_weight=True, noisy_train=True, logging='xmedia_ablation')
2025-06-19 06:59:34,258 - __main__ - INFO - ...Image to Text MAP = 0.9085226671134813
2025-06-19 06:59:34,380 - __main__ - INFO - ...Text to Image MAP = 0.9160465169915892
2025-06-19 06:59:34,380 - __main__ - INFO - ...Average MAP = 0.9122845920525353
2025-06-19 06:59:42,452 - __main__ - INFO - Noise ratio: 0.4
2025-06-19 06:59:42,455 - __main__ - INFO - Namespace(dataset='xmedia', seed=0, alpha=0.0, lamda=1, margin=0.9, lambd=5, barycenter_number=1, top_k=10, warm_up_epoch=0, MAX_EPOCH=100, batch_size=256, output_dim=512, lr=0.0001, noisy_ratio=0.4, noise_mode='sym', GPU=1, hard_weight=True, noisy_train=True, logging='xmedia_ablation')
2025-06-19 07:06:01,187 - __main__ - INFO - ...Image to Text MAP = 0.8801442373165019
2025-06-19 07:06:01,303 - __main__ - INFO - ...Text to Image MAP = 0.8610275484192166
2025-06-19 07:06:01,303 - __main__ - INFO - ...Average MAP = 0.8705858928678593
2025-06-19 07:06:09,811 - __main__ - INFO - Noise ratio: 0.4
2025-06-19 07:06:09,813 - __main__ - INFO - Namespace(dataset='xmedia', seed=0, alpha=10.0, lamda=1, margin=0.9, lambd=5, barycenter_number=1, top_k=10, warm_up_epoch=0, MAX_EPOCH=100, batch_size=256, output_dim=512, lr=0.0001, noisy_ratio=0.4, noise_mode='sym', GPU=1, hard_weight=True, noisy_train=False, logging='xmedia_ablation')
2025-06-19 07:11:57,923 - __main__ - INFO - ...Image to Text MAP = 0.8922395885690227
2025-06-19 07:11:58,086 - __main__ - INFO - ...Text to Image MAP = 0.8991147882413991
2025-06-19 07:11:58,086 - __main__ - INFO - ...Average MAP = 0.8956771884052109
2025-06-19 07:12:05,904 - __main__ - INFO - Noise ratio: 0.4
2025-06-19 07:12:05,904 - __main__ - INFO - Namespace(dataset='xmedia', seed=0, alpha=10.0, lamda=0.0, margin=0.9, lambd=5, barycenter_number=1, top_k=10, warm_up_epoch=0, MAX_EPOCH=100, batch_size=256, output_dim=512, lr=0.0001, noisy_ratio=0.4, noise_mode='sym', GPU=1, hard_weight=True, noisy_train=True, logging='xmedia_ablation')
2025-06-19 07:18:36,964 - __main__ - INFO - ...Image to Text MAP = 0.8965067943801104
2025-06-19 07:18:37,072 - __main__ - INFO - ...Text to Image MAP = 0.90485164205357
2025-06-19 07:18:37,073 - __main__ - INFO - ...Average MAP = 0.9006792182168402
2025-06-19 07:18:44,017 - __main__ - INFO - Noise ratio: 0.4
2025-06-19 07:18:44,017 - __main__ - INFO - Namespace(dataset='xmedia', seed=0, alpha=10.0, lamda=1, margin=0.9, lambd=5, barycenter_number=1, top_k=10, warm_up_epoch=0, MAX_EPOCH=100, batch_size=256, output_dim=512, lr=0.0001, noisy_ratio=0.4, noise_mode='sym', GPU=1, hard_weight=False, noisy_train=True, logging='xmedia_ablation')
2025-06-19 07:24:59,767 - __main__ - INFO - ...Image to Text MAP = 0.9126048097475798
2025-06-19 07:24:59,869 - __main__ - INFO - ...Text to Image MAP = 0.9198662108529888
2025-06-19 07:24:59,869 - __main__ - INFO - ...Average MAP = 0.9162355103002844
2025-06-19 07:25:07,233 - __main__ - INFO - Noise ratio: 0.6
2025-06-19 07:25:07,234 - __main__ - INFO - Namespace(dataset='xmedia', seed=0, alpha=10.0, lamda=1, margin=0.9, lambd=5, barycenter_number=1, top_k=10, warm_up_epoch=0, MAX_EPOCH=100, batch_size=256, output_dim=512, lr=0.0001, noisy_ratio=0.6, noise_mode='sym', GPU=1, hard_weight=True, noisy_train=True, logging='xmedia_ablation')
2025-06-19 07:31:27,562 - __main__ - INFO - ...Image to Text MAP = 0.9024199185171647
2025-06-19 07:31:27,721 - __main__ - INFO - ...Text to Image MAP = 0.9148627445864783
2025-06-19 07:31:27,722 - __main__ - INFO - ...Average MAP = 0.9086413315518216
2025-06-19 07:31:34,925 - __main__ - INFO - Noise ratio: 0.6
2025-06-19 07:31:34,926 - __main__ - INFO - Namespace(dataset='xmedia', seed=0, alpha=0.0, lamda=1, margin=0.9, lambd=5, barycenter_number=1, top_k=10, warm_up_epoch=0, MAX_EPOCH=100, batch_size=256, output_dim=512, lr=0.0001, noisy_ratio=0.6, noise_mode='sym', GPU=1, hard_weight=True, noisy_train=True, logging='xmedia_ablation')
2025-06-19 07:37:13,136 - __main__ - INFO - ...Image to Text MAP = 0.4027065208133694
2025-06-19 07:37:13,235 - __main__ - INFO - ...Text to Image MAP = 0.3823235933227543
2025-06-19 07:37:13,237 - __main__ - INFO - ...Average MAP = 0.39251505706806183
2025-06-19 07:40:54,111 - __main__ - INFO - Noise ratio: 0.6
2025-06-19 07:40:54,117 - __main__ - INFO - Namespace(dataset='xmedia', seed=0, alpha=10.0, lamda=1, margin=0.9, lambd=5, barycenter_number=1, top_k=10, warm_up_epoch=0, MAX_EPOCH=100, batch_size=256, output_dim=512, lr=0.0001, noisy_ratio=0.6, noise_mode='sym', GPU=1, hard_weight=True, noisy_train=False, logging='xmedia_ablation')
2025-06-19 07:44:59,266 - __main__ - INFO - ...Image to Text MAP = 0.8807444328968181
2025-06-19 07:44:59,371 - __main__ - INFO - ...Text to Image MAP = 0.8846281901603763
2025-06-19 07:44:59,376 - __main__ - INFO - ...Average MAP = 0.8826863115285972
2025-06-19 07:46:52,584 - __main__ - INFO - Noise ratio: 0.6
2025-06-19 07:46:52,587 - __main__ - INFO - Namespace(dataset='xmedia', seed=0, alpha=10.0, lamda=0.0, margin=0.9, lambd=5, barycenter_number=1, top_k=10, warm_up_epoch=0, MAX_EPOCH=100, batch_size=256, output_dim=512, lr=0.0001, noisy_ratio=0.6, noise_mode='sym', GPU=1, hard_weight=True, noisy_train=True, logging='xmedia_ablation')
2025-06-19 07:51:48,779 - __main__ - INFO - ...Image to Text MAP = 0.903641659492015
2025-06-19 07:51:48,904 - __main__ - INFO - ...Text to Image MAP = 0.916043541049808
2025-06-19 07:51:48,922 - __main__ - INFO - ...Average MAP = 0.9098426002709115
2025-06-19 07:54:04,363 - __main__ - INFO - Noise ratio: 0.6
2025-06-19 07:54:04,368 - __main__ - INFO - Namespace(dataset='xmedia', seed=0, alpha=10.0, lamda=1, margin=0.9, lambd=5, barycenter_number=1, top_k=10, warm_up_epoch=0, MAX_EPOCH=100, batch_size=256, output_dim=512, lr=0.0001, noisy_ratio=0.6, noise_mode='sym', GPU=1, hard_weight=False, noisy_train=True, logging='xmedia_ablation')
2025-06-19 07:59:37,517 - __main__ - INFO - ...Image to Text MAP = 0.9023950687593503
2025-06-19 07:59:37,618 - __main__ - INFO - ...Text to Image MAP = 0.916390828279461
2025-06-19 07:59:37,625 - __main__ - INFO - ...Average MAP = 0.9093929485194057
2025-06-19 08:01:50,152 - __main__ - INFO - Noise ratio: 0.8
2025-06-19 08:01:50,157 - __main__ - INFO - Namespace(dataset='xmedia', seed=0, alpha=10.0, lamda=1, margin=0.9, lambd=5, barycenter_number=1, top_k=10, warm_up_epoch=0, MAX_EPOCH=100, batch_size=256, output_dim=512, lr=0.0001, noisy_ratio=0.8, noise_mode='sym', GPU=1, hard_weight=True, noisy_train=True, logging='xmedia_ablation')
2025-06-19 08:07:19,944 - __main__ - INFO - ...Image to Text MAP = 0.900172930849054
2025-06-19 08:07:20,081 - __main__ - INFO - ...Text to Image MAP = 0.9084285478187489
2025-06-19 08:07:20,094 - __main__ - INFO - ...Average MAP = 0.9043007393339015
2025-06-19 08:10:38,541 - __main__ - INFO - Noise ratio: 0.8
2025-06-19 08:10:38,544 - __main__ - INFO - Namespace(dataset='xmedia', seed=0, alpha=0.0, lamda=1, margin=0.9, lambd=5, barycenter_number=1, top_k=10, warm_up_epoch=0, MAX_EPOCH=100, batch_size=256, output_dim=512, lr=0.0001, noisy_ratio=0.8, noise_mode='sym', GPU=1, hard_weight=True, noisy_train=True, logging='xmedia_ablation')
2025-06-19 08:15:38,383 - __main__ - INFO - ...Image to Text MAP = 0.19850647888145642
2025-06-19 08:15:38,598 - __main__ - INFO - ...Text to Image MAP = 0.22397156979869043
2025-06-19 08:15:38,607 - __main__ - INFO - ...Average MAP = 0.2112390243400734
2025-06-19 08:17:43,614 - __main__ - INFO - Noise ratio: 0.8
2025-06-19 08:17:43,621 - __main__ - INFO - Namespace(dataset='xmedia', seed=0, alpha=10.0, lamda=1, margin=0.9, lambd=5, barycenter_number=1, top_k=10, warm_up_epoch=0, MAX_EPOCH=100, batch_size=256, output_dim=512, lr=0.0001, noisy_ratio=0.8, noise_mode='sym', GPU=1, hard_weight=True, noisy_train=False, logging='xmedia_ablation')
2025-06-19 08:22:01,759 - __main__ - INFO - ...Image to Text MAP = 0.8481615245339134
2025-06-19 08:22:01,876 - __main__ - INFO - ...Text to Image MAP = 0.8501378833377098
2025-06-19 08:22:01,889 - __main__ - INFO - ...Average MAP = 0.8491497039358116
2025-06-19 08:23:58,925 - __main__ - INFO - Noise ratio: 0.8
2025-06-19 08:23:58,933 - __main__ - INFO - Namespace(dataset='xmedia', seed=0, alpha=10.0, lamda=0.0, margin=0.9, lambd=5, barycenter_number=1, top_k=10, warm_up_epoch=0, MAX_EPOCH=100, batch_size=256, output_dim=512, lr=0.0001, noisy_ratio=0.8, noise_mode='sym', GPU=1, hard_weight=True, noisy_train=True, logging='xmedia_ablation')
2025-06-19 08:29:59,561 - __main__ - INFO - ...Image to Text MAP = 0.9032100511223424
2025-06-19 08:29:59,664 - __main__ - INFO - ...Text to Image MAP = 0.9083377086281155
2025-06-19 08:29:59,673 - __main__ - INFO - ...Average MAP = 0.905773879875229
2025-06-19 08:31:41,332 - __main__ - INFO - Noise ratio: 0.8
2025-06-19 08:31:41,332 - __main__ - INFO - Namespace(dataset='xmedia', seed=0, alpha=10.0, lamda=1, margin=0.9, lambd=5, barycenter_number=1, top_k=10, warm_up_epoch=0, MAX_EPOCH=100, batch_size=256, output_dim=512, lr=0.0001, noisy_ratio=0.8, noise_mode='sym', GPU=1, hard_weight=False, noisy_train=True, logging='xmedia_ablation')
2025-06-19 08:38:18,582 - __main__ - INFO - ...Image to Text MAP = 0.9085649781664874
2025-06-19 08:38:18,714 - __main__ - INFO - ...Text to Image MAP = 0.9180743535299389
2025-06-19 08:38:18,719 - __main__ - INFO - ...Average MAP = 0.9133196658482132
2025-06-20 10:05:47,579 - __main__ - INFO - Noise ratio: 0.2
2025-06-20 10:05:47,581 - __main__ - INFO - Namespace(dataset='xmedia', seed=1, alpha=0.1, lamda=1, margin=0.9, lambd=5, barycenter_number=1, top_k=10, warm_up_epoch=0, MAX_EPOCH=100, batch_size=256, output_dim=512, lr=0.0001, noisy_ratio=0.2, noise_mode='sym', GPU=1, hard_weight=True, noisy_train=True, logging='xmedia_ablation')
2025-06-20 10:08:42,492 - __main__ - INFO - Noise ratio: 0.2
2025-06-20 10:08:42,504 - __main__ - INFO - Namespace(dataset='xmedia', seed=1, alpha=0.3, lamda=1, margin=0.9, lambd=5, barycenter_number=1, top_k=10, warm_up_epoch=0, MAX_EPOCH=100, batch_size=256, output_dim=512, lr=0.0001, noisy_ratio=0.2, noise_mode='sym', GPU=1, hard_weight=True, noisy_train=True, logging='xmedia_ablation')
2025-06-20 10:13:54,430 - __main__ - INFO - ...Image to Text MAP = 0.9234540021511688
2025-06-20 10:13:54,529 - __main__ - INFO - ...Text to Image MAP = 0.9178000919195474
2025-06-20 10:13:54,530 - __main__ - INFO - ...Average MAP = 0.9206270470353581
2025-06-20 10:14:05,576 - __main__ - INFO - Noise ratio: 0.2
2025-06-20 10:14:05,578 - __main__ - INFO - Namespace(dataset='xmedia', seed=1, alpha=0.0, lamda=1, margin=0.9, lambd=5, barycenter_number=1, top_k=10, warm_up_epoch=0, MAX_EPOCH=100, batch_size=256, output_dim=512, lr=0.0001, noisy_ratio=0.2, noise_mode='sym', GPU=1, hard_weight=True, noisy_train=True, logging='xmedia_ablation')
2025-06-20 10:18:58,841 - __main__ - INFO - ...Image to Text MAP = 0.9089395719699515
2025-06-20 10:18:59,000 - __main__ - INFO - ...Text to Image MAP = 0.9081032846667997
2025-06-20 10:18:59,000 - __main__ - INFO - ...Average MAP = 0.9085214283183756
2025-06-20 10:19:07,363 - __main__ - INFO - Noise ratio: 0.2
2025-06-20 10:19:07,363 - __main__ - INFO - Namespace(dataset='xmedia', seed=1, alpha=0.3, lamda=1, margin=0.9, lambd=5, barycenter_number=1, top_k=10, warm_up_epoch=0, MAX_EPOCH=100, batch_size=256, output_dim=512, lr=0.0001, noisy_ratio=0.2, noise_mode='sym', GPU=1, hard_weight=True, noisy_train=False, logging='xmedia_ablation')
2025-06-20 10:23:57,149 - __main__ - INFO - ...Image to Text MAP = 0.9108404861395242
2025-06-20 10:23:57,280 - __main__ - INFO - ...Text to Image MAP = 0.9080395899673337
2025-06-20 10:23:57,280 - __main__ - INFO - ...Average MAP = 0.9094400380534289
2025-06-20 10:24:14,963 - __main__ - INFO - Noise ratio: 0.2
2025-06-20 10:24:14,964 - __main__ - INFO - Namespace(dataset='xmedia', seed=1, alpha=0.3, lamda=0.0, margin=0.9, lambd=5, barycenter_number=1, top_k=10, warm_up_epoch=0, MAX_EPOCH=100, batch_size=256, output_dim=512, lr=0.0001, noisy_ratio=0.2, noise_mode='sym', GPU=1, hard_weight=True, noisy_train=True, logging='xmedia_ablation')
2025-06-20 10:29:18,232 - __main__ - INFO - ...Image to Text MAP = 0.9186913317729393
2025-06-20 10:29:18,337 - __main__ - INFO - ...Text to Image MAP = 0.9218085209645801
2025-06-20 10:29:18,337 - __main__ - INFO - ...Average MAP = 0.9202499263687597
2025-06-20 10:29:29,564 - __main__ - INFO - Noise ratio: 0.2
2025-06-20 10:29:29,564 - __main__ - INFO - Namespace(dataset='xmedia', seed=1, alpha=0.3, lamda=1, margin=0.9, lambd=5, barycenter_number=1, top_k=10, warm_up_epoch=0, MAX_EPOCH=100, batch_size=256, output_dim=512, lr=0.0001, noisy_ratio=0.2, noise_mode='sym', GPU=1, hard_weight=False, noisy_train=True, logging='xmedia_ablation')
2025-06-20 10:34:15,969 - __main__ - INFO - ...Image to Text MAP = 0.9149230759482156
2025-06-20 10:34:16,081 - __main__ - INFO - ...Text to Image MAP = 0.9100083772631663
2025-06-20 10:34:16,081 - __main__ - INFO - ...Average MAP = 0.912465726605691
2025-06-20 10:34:25,872 - __main__ - INFO - Noise ratio: 0.4
2025-06-20 10:34:25,873 - __main__ - INFO - Namespace(dataset='xmedia', seed=1, alpha=0.3, lamda=1, margin=0.9, lambd=5, barycenter_number=1, top_k=10, warm_up_epoch=0, MAX_EPOCH=100, batch_size=256, output_dim=512, lr=0.0001, noisy_ratio=0.4, noise_mode='sym', GPU=1, hard_weight=True, noisy_train=True, logging='xmedia_ablation')
2025-06-20 10:40:10,141 - __main__ - INFO - ...Image to Text MAP = 0.915726779226796
2025-06-20 10:40:10,252 - __main__ - INFO - ...Text to Image MAP = 0.9085317127513766
2025-06-20 10:40:10,253 - __main__ - INFO - ...Average MAP = 0.9121292459890863
2025-06-20 10:40:18,069 - __main__ - INFO - Noise ratio: 0.4
2025-06-20 10:40:18,071 - __main__ - INFO - Namespace(dataset='xmedia', seed=1, alpha=0.0, lamda=1, margin=0.9, lambd=5, barycenter_number=1, top_k=10, warm_up_epoch=0, MAX_EPOCH=100, batch_size=256, output_dim=512, lr=0.0001, noisy_ratio=0.4, noise_mode='sym', GPU=1, hard_weight=True, noisy_train=True, logging='xmedia_ablation')
2025-06-20 10:47:04,444 - __main__ - INFO - ...Image to Text MAP = 0.8655892355258156
2025-06-20 10:47:04,616 - __main__ - INFO - ...Text to Image MAP = 0.8567518951449034
2025-06-20 10:47:04,617 - __main__ - INFO - ...Average MAP = 0.8611705653353594
2025-06-20 10:47:14,197 - __main__ - INFO - Noise ratio: 0.4
2025-06-20 10:47:14,198 - __main__ - INFO - Namespace(dataset='xmedia', seed=1, alpha=0.3, lamda=1, margin=0.9, lambd=5, barycenter_number=1, top_k=10, warm_up_epoch=0, MAX_EPOCH=100, batch_size=256, output_dim=512, lr=0.0001, noisy_ratio=0.4, noise_mode='sym', GPU=1, hard_weight=True, noisy_train=False, logging='xmedia_ablation')
2025-06-20 10:53:53,661 - __main__ - INFO - ...Image to Text MAP = 0.8973066771165433
2025-06-20 10:53:53,797 - __main__ - INFO - ...Text to Image MAP = 0.8884232102488918
2025-06-20 10:53:53,798 - __main__ - INFO - ...Average MAP = 0.8928649436827176
2025-06-20 10:54:03,233 - __main__ - INFO - Noise ratio: 0.4
2025-06-20 10:54:03,233 - __main__ - INFO - Namespace(dataset='xmedia', seed=1, alpha=0.3, lamda=0.0, margin=0.9, lambd=5, barycenter_number=1, top_k=10, warm_up_epoch=0, MAX_EPOCH=100, batch_size=256, output_dim=512, lr=0.0001, noisy_ratio=0.4, noise_mode='sym', GPU=1, hard_weight=True, noisy_train=True, logging='xmedia_ablation')
2025-06-20 11:02:16,009 - __main__ - INFO - ...Image to Text MAP = 0.901938022307263
2025-06-20 11:02:16,261 - __main__ - INFO - ...Text to Image MAP = 0.906959702902685
2025-06-20 11:02:16,261 - __main__ - INFO - ...Average MAP = 0.904448862604974
2025-06-20 11:02:24,769 - __main__ - INFO - Noise ratio: 0.4
2025-06-20 11:02:24,769 - __main__ - INFO - Namespace(dataset='xmedia', seed=1, alpha=0.3, lamda=1, margin=0.9, lambd=5, barycenter_number=1, top_k=10, warm_up_epoch=0, MAX_EPOCH=100, batch_size=256, output_dim=512, lr=0.0001, noisy_ratio=0.4, noise_mode='sym', GPU=1, hard_weight=False, noisy_train=True, logging='xmedia_ablation')
2025-06-20 11:07:06,757 - __main__ - INFO - ...Image to Text MAP = 0.9121775838569005
2025-06-20 11:07:06,869 - __main__ - INFO - ...Text to Image MAP = 0.9032384801318241
2025-06-20 11:07:06,898 - __main__ - INFO - ...Average MAP = 0.9077080319943622
2025-06-20 11:08:39,988 - __main__ - INFO - Noise ratio: 0.6
2025-06-20 11:08:39,991 - __main__ - INFO - Namespace(dataset='xmedia', seed=1, alpha=0.3, lamda=1, margin=0.9, lambd=5, barycenter_number=1, top_k=10, warm_up_epoch=0, MAX_EPOCH=100, batch_size=256, output_dim=512, lr=0.0001, noisy_ratio=0.6, noise_mode='sym', GPU=1, hard_weight=True, noisy_train=True, logging='xmedia_ablation')
2025-06-20 11:13:43,462 - __main__ - INFO - ...Image to Text MAP = 0.9087864081033199
2025-06-20 11:13:43,666 - __main__ - INFO - ...Text to Image MAP = 0.9057641331477162
2025-06-20 11:13:43,681 - __main__ - INFO - ...Average MAP = 0.907275270625518
2025-06-20 11:16:55,358 - __main__ - INFO - Noise ratio: 0.6
2025-06-20 11:16:55,360 - __main__ - INFO - Namespace(dataset='xmedia', seed=1, alpha=0.0, lamda=1, margin=0.9, lambd=5, barycenter_number=1, top_k=10, warm_up_epoch=0, MAX_EPOCH=100, batch_size=256, output_dim=512, lr=0.0001, noisy_ratio=0.6, noise_mode='sym', GPU=1, hard_weight=True, noisy_train=True, logging='xmedia_ablation')
2025-06-20 11:22:07,297 - __main__ - INFO - ...Image to Text MAP = 0.4005702825994109
2025-06-20 11:22:07,525 - __main__ - INFO - ...Text to Image MAP = 0.41555834863927893
2025-06-20 11:22:07,643 - __main__ - INFO - ...Average MAP = 0.4080643156193449
2025-06-20 11:26:17,258 - __main__ - INFO - Noise ratio: 0.6
2025-06-20 11:26:17,259 - __main__ - INFO - Namespace(dataset='xmedia', seed=1, alpha=0.3, lamda=1, margin=0.9, lambd=5, barycenter_number=1, top_k=10, warm_up_epoch=0, MAX_EPOCH=100, batch_size=256, output_dim=512, lr=0.0001, noisy_ratio=0.6, noise_mode='sym', GPU=1, hard_weight=True, noisy_train=False, logging='xmedia_ablation')
2025-06-20 11:29:45,203 - __main__ - INFO - ...Image to Text MAP = 0.8868543533377892
2025-06-20 11:29:45,297 - __main__ - INFO - ...Text to Image MAP = 0.881371791256736
2025-06-20 11:29:45,362 - __main__ - INFO - ...Average MAP = 0.8841130722972625
2025-06-20 11:34:06,044 - __main__ - INFO - Noise ratio: 0.6
2025-06-20 11:34:06,045 - __main__ - INFO - Namespace(dataset='xmedia', seed=1, alpha=0.3, lamda=0.0, margin=0.9, lambd=5, barycenter_number=1, top_k=10, warm_up_epoch=0, MAX_EPOCH=100, batch_size=256, output_dim=512, lr=0.0001, noisy_ratio=0.6, noise_mode='sym', GPU=1, hard_weight=True, noisy_train=True, logging='xmedia_ablation')
2025-06-20 11:39:40,231 - __main__ - INFO - ...Image to Text MAP = 0.9041402665612327
2025-06-20 11:39:40,392 - __main__ - INFO - ...Text to Image MAP = 0.9163778086315539
2025-06-20 11:39:40,416 - __main__ - INFO - ...Average MAP = 0.9102590375963933
2025-06-20 11:40:52,452 - __main__ - INFO - Noise ratio: 0.6
2025-06-20 11:40:52,471 - __main__ - INFO - Namespace(dataset='xmedia', seed=1, alpha=0.3, lamda=1, margin=0.9, lambd=5, barycenter_number=1, top_k=10, warm_up_epoch=0, MAX_EPOCH=100, batch_size=256, output_dim=512, lr=0.0001, noisy_ratio=0.6, noise_mode='sym', GPU=1, hard_weight=False, noisy_train=True, logging='xmedia_ablation')
2025-06-20 11:45:58,895 - __main__ - INFO - ...Image to Text MAP = 0.8777938342819191
2025-06-20 11:45:59,024 - __main__ - INFO - ...Text to Image MAP = 0.8874652410876522
2025-06-20 11:45:59,025 - __main__ - INFO - ...Average MAP = 0.8826295376847857
2025-06-20 11:48:29,968 - __main__ - INFO - Noise ratio: 0.8
2025-06-20 11:48:29,978 - __main__ - INFO - Namespace(dataset='xmedia', seed=1, alpha=0.3, lamda=1, margin=0.9, lambd=5, barycenter_number=1, top_k=10, warm_up_epoch=0, MAX_EPOCH=100, batch_size=256, output_dim=512, lr=0.0001, noisy_ratio=0.8, noise_mode='sym', GPU=1, hard_weight=True, noisy_train=True, logging='xmedia_ablation')
2025-06-20 11:55:35,238 - __main__ - INFO - ...Image to Text MAP = 0.9075111896150745
2025-06-20 11:55:35,400 - __main__ - INFO - ...Text to Image MAP = 0.9094389621610905
2025-06-20 11:55:35,475 - __main__ - INFO - ...Average MAP = 0.9084750758880825
2025-06-20 11:57:38,802 - __main__ - INFO - Noise ratio: 0.8
2025-06-20 11:57:38,805 - __main__ - INFO - Namespace(dataset='xmedia', seed=1, alpha=0.0, lamda=1, margin=0.9, lambd=5, barycenter_number=1, top_k=10, warm_up_epoch=0, MAX_EPOCH=100, batch_size=256, output_dim=512, lr=0.0001, noisy_ratio=0.8, noise_mode='sym', GPU=1, hard_weight=True, noisy_train=True, logging='xmedia_ablation')
2025-06-20 12:02:23,300 - __main__ - INFO - ...Image to Text MAP = 0.17586002312176868
2025-06-20 12:02:23,452 - __main__ - INFO - ...Text to Image MAP = 0.22398474002988433
2025-06-20 12:02:23,458 - __main__ - INFO - ...Average MAP = 0.1999223815758265
2025-06-20 12:04:13,246 - __main__ - INFO - Noise ratio: 0.6
2025-06-20 12:04:13,254 - __main__ - INFO - Namespace(dataset='xmedia', seed=1, alpha=0.1, lamda=1, margin=0.9, lambd=5, barycenter_number=1, top_k=10, warm_up_epoch=0, MAX_EPOCH=100, batch_size=256, output_dim=512, lr=0.0001, noisy_ratio=0.6, noise_mode='sym', GPU=1, hard_weight=True, noisy_train=True, logging='xmedia_ablation')
2025-06-20 12:09:29,043 - __main__ - INFO - ...Image to Text MAP = 0.8476915714640352
2025-06-20 12:09:29,182 - __main__ - INFO - ...Text to Image MAP = 0.8402165446037719
2025-06-20 12:09:29,357 - __main__ - INFO - ...Average MAP = 0.8439540580339036
2025-06-20 12:10:38,447 - __main__ - INFO - Noise ratio: 0.6
2025-06-20 12:10:38,449 - __main__ - INFO - Namespace(dataset='xmedia', seed=1, alpha=0.0, lamda=1, margin=0.9, lambd=5, barycenter_number=1, top_k=10, warm_up_epoch=0, MAX_EPOCH=100, batch_size=256, output_dim=512, lr=0.0001, noisy_ratio=0.6, noise_mode='sym', GPU=0, hard_weight=True, noisy_train=True, logging='xmedia_ablation')
2025-06-20 12:17:14,346 - __main__ - INFO - ...Image to Text MAP = 0.4005702825994109
2025-06-20 12:17:14,461 - __main__ - INFO - ...Text to Image MAP = 0.41555834863927893
2025-06-20 12:17:14,471 - __main__ - INFO - ...Average MAP = 0.4080643156193449
2025-06-20 12:17:38,687 - __main__ - INFO - Noise ratio: 0.6
2025-06-20 12:17:38,696 - __main__ - INFO - Namespace(dataset='xmedia', seed=1, alpha=0.2, lamda=1, margin=0.9, lambd=5, barycenter_number=1, top_k=10, warm_up_epoch=0, MAX_EPOCH=100, batch_size=256, output_dim=512, lr=0.0001, noisy_ratio=0.6, noise_mode='sym', GPU=0, hard_weight=True, noisy_train=True, logging='xmedia_ablation')
2025-06-20 12:25:22,459 - __main__ - INFO - ...Image to Text MAP = 0.8945687806325379
2025-06-20 12:25:22,566 - __main__ - INFO - ...Text to Image MAP = 0.8935303447280694
2025-06-20 12:25:22,568 - __main__ - INFO - ...Average MAP = 0.8940495626803036
2025-06-20 12:25:38,407 - __main__ - INFO - Noise ratio: 0.6
2025-06-20 12:25:38,408 - __main__ - INFO - Namespace(dataset='xmedia', seed=1, alpha=0.0, lamda=1, margin=0.9, lambd=5, barycenter_number=1, top_k=10, warm_up_epoch=0, MAX_EPOCH=100, batch_size=256, output_dim=512, lr=0.0001, noisy_ratio=0.6, noise_mode='sym', GPU=0, hard_weight=True, noisy_train=True, logging='xmedia_ablation')
2025-06-20 12:33:46,023 - __main__ - INFO - ...Image to Text MAP = 0.4005702825994109
2025-06-20 12:33:46,160 - __main__ - INFO - ...Text to Image MAP = 0.41555834863927893
2025-06-20 12:33:46,165 - __main__ - INFO - ...Average MAP = 0.4080643156193449
2025-06-20 12:33:59,515 - __main__ - INFO - Noise ratio: 0.6
2025-06-20 12:33:59,515 - __main__ - INFO - Namespace(dataset='xmedia', seed=1, alpha=0.2, lamda=1, margin=0.9, lambd=5, barycenter_number=1, top_k=10, warm_up_epoch=0, MAX_EPOCH=100, batch_size=256, output_dim=512, lr=0.0001, noisy_ratio=0.6, noise_mode='sym', GPU=0, hard_weight=True, noisy_train=False, logging='xmedia_ablation')
2025-06-20 12:39:43,323 - __main__ - INFO - ...Image to Text MAP = 0.874365084335287
2025-06-20 12:39:43,429 - __main__ - INFO - ...Text to Image MAP = 0.868152273870539
2025-06-20 12:39:43,455 - __main__ - INFO - ...Average MAP = 0.871258679102913
2025-06-20 12:40:04,452 - __main__ - INFO - Noise ratio: 0.6
2025-06-20 12:40:04,452 - __main__ - INFO - Namespace(dataset='xmedia', seed=1, alpha=0.2, lamda=0.0, margin=0.9, lambd=5, barycenter_number=1, top_k=10, warm_up_epoch=0, MAX_EPOCH=100, batch_size=256, output_dim=512, lr=0.0001, noisy_ratio=0.6, noise_mode='sym', GPU=0, hard_weight=True, noisy_train=True, logging='xmedia_ablation')
2025-06-20 12:47:32,270 - __main__ - INFO - ...Image to Text MAP = 0.9032018623166812
2025-06-20 12:47:32,405 - __main__ - INFO - ...Text to Image MAP = 0.9120704637379407
2025-06-20 12:47:32,406 - __main__ - INFO - ...Average MAP = 0.9076361630273109
2025-06-20 12:47:44,422 - __main__ - INFO - Noise ratio: 0.6
2025-06-20 12:47:44,423 - __main__ - INFO - Namespace(dataset='xmedia', seed=1, alpha=0.2, lamda=1, margin=0.9, lambd=5, barycenter_number=1, top_k=10, warm_up_epoch=0, MAX_EPOCH=100, batch_size=256, output_dim=512, lr=0.0001, noisy_ratio=0.6, noise_mode='sym', GPU=0, hard_weight=False, noisy_train=True, logging='xmedia_ablation')
2025-06-20 12:54:35,443 - __main__ - INFO - ...Image to Text MAP = 0.8689245843150334
2025-06-20 12:54:35,554 - __main__ - INFO - ...Text to Image MAP = 0.8716168371305573
2025-06-20 12:54:35,556 - __main__ - INFO - ...Average MAP = 0.8702707107227954
2025-06-20 12:54:45,781 - __main__ - INFO - Noise ratio: 0.6
2025-06-20 12:54:45,784 - __main__ - INFO - Namespace(dataset='xmedia', seed=1, alpha=0.3, lamda=1, margin=0.9, lambd=5, barycenter_number=1, top_k=10, warm_up_epoch=0, MAX_EPOCH=100, batch_size=256, output_dim=512, lr=0.0001, noisy_ratio=0.6, noise_mode='sym', GPU=0, hard_weight=True, noisy_train=True, logging='xmedia_ablation')
2025-06-20 13:01:45,914 - __main__ - INFO - ...Image to Text MAP = 0.9087864081033199
2025-06-20 13:01:46,034 - __main__ - INFO - ...Text to Image MAP = 0.9057641331477162
2025-06-20 13:01:46,034 - __main__ - INFO - ...Average MAP = 0.907275270625518
2025-06-20 13:01:55,428 - __main__ - INFO - Noise ratio: 0.6
2025-06-20 13:01:55,431 - __main__ - INFO - Namespace(dataset='xmedia', seed=1, alpha=0.0, lamda=1, margin=0.9, lambd=5, barycenter_number=1, top_k=10, warm_up_epoch=0, MAX_EPOCH=100, batch_size=256, output_dim=512, lr=0.0001, noisy_ratio=0.6, noise_mode='sym', GPU=0, hard_weight=True, noisy_train=True, logging='xmedia_ablation')
2025-06-20 13:09:22,393 - __main__ - INFO - ...Image to Text MAP = 0.4005702825994109
2025-06-20 13:09:22,565 - __main__ - INFO - ...Text to Image MAP = 0.41555834863927893
2025-06-20 13:09:22,565 - __main__ - INFO - ...Average MAP = 0.4080643156193449
2025-06-20 13:09:32,229 - __main__ - INFO - Noise ratio: 0.6
2025-06-20 13:09:32,229 - __main__ - INFO - Namespace(dataset='xmedia', seed=1, alpha=0.3, lamda=1, margin=0.9, lambd=5, barycenter_number=1, top_k=10, warm_up_epoch=0, MAX_EPOCH=100, batch_size=256, output_dim=512, lr=0.0001, noisy_ratio=0.6, noise_mode='sym', GPU=0, hard_weight=True, noisy_train=False, logging='xmedia_ablation')
2025-06-20 13:15:24,647 - __main__ - INFO - ...Image to Text MAP = 0.8868543533377892
2025-06-20 13:15:24,764 - __main__ - INFO - ...Text to Image MAP = 0.881371791256736
2025-06-20 13:15:24,764 - __main__ - INFO - ...Average MAP = 0.8841130722972625
2025-06-20 13:15:34,226 - __main__ - INFO - Noise ratio: 0.6
2025-06-20 13:15:34,227 - __main__ - INFO - Namespace(dataset='xmedia', seed=1, alpha=0.3, lamda=0.0, margin=0.9, lambd=5, barycenter_number=1, top_k=10, warm_up_epoch=0, MAX_EPOCH=100, batch_size=256, output_dim=512, lr=0.0001, noisy_ratio=0.6, noise_mode='sym', GPU=0, hard_weight=True, noisy_train=True, logging='xmedia_ablation')
2025-06-20 13:23:00,475 - __main__ - INFO - ...Image to Text MAP = 0.9041402665612327
2025-06-20 13:23:00,598 - __main__ - INFO - ...Text to Image MAP = 0.9163778086315539
2025-06-20 13:23:00,598 - __main__ - INFO - ...Average MAP = 0.9102590375963933
2025-06-20 13:23:10,867 - __main__ - INFO - Noise ratio: 0.6
2025-06-20 13:23:10,868 - __main__ - INFO - Namespace(dataset='xmedia', seed=1, alpha=0.3, lamda=1, margin=0.9, lambd=5, barycenter_number=1, top_k=10, warm_up_epoch=0, MAX_EPOCH=100, batch_size=256, output_dim=512, lr=0.0001, noisy_ratio=0.6, noise_mode='sym', GPU=0, hard_weight=False, noisy_train=True, logging='xmedia_ablation')
2025-06-20 13:27:58,643 - __main__ - INFO - ...Image to Text MAP = 0.8777938342819191
2025-06-20 13:27:58,779 - __main__ - INFO - ...Text to Image MAP = 0.8874652410876522
2025-06-20 13:27:58,780 - __main__ - INFO - ...Average MAP = 0.8826295376847857
2025-06-20 13:28:10,480 - __main__ - INFO - Noise ratio: 0.6
2025-06-20 13:28:10,482 - __main__ - INFO - Namespace(dataset='xmedia', seed=1, alpha=0.4, lamda=1, margin=0.9, lambd=5, barycenter_number=1, top_k=10, warm_up_epoch=0, MAX_EPOCH=100, batch_size=256, output_dim=512, lr=0.0001, noisy_ratio=0.6, noise_mode='sym', GPU=0, hard_weight=True, noisy_train=True, logging='xmedia_ablation')
2025-06-20 13:33:28,227 - __main__ - INFO - ...Image to Text MAP = 0.9103169281681147
2025-06-20 13:33:28,330 - __main__ - INFO - ...Text to Image MAP = 0.9172908535723541
2025-06-20 13:33:28,331 - __main__ - INFO - ...Average MAP = 0.9138038908702344
2025-06-20 13:33:39,180 - __main__ - INFO - Noise ratio: 0.6
2025-06-20 13:33:39,182 - __main__ - INFO - Namespace(dataset='xmedia', seed=1, alpha=0.0, lamda=1, margin=0.9, lambd=5, barycenter_number=1, top_k=10, warm_up_epoch=0, MAX_EPOCH=100, batch_size=256, output_dim=512, lr=0.0001, noisy_ratio=0.6, noise_mode='sym', GPU=0, hard_weight=True, noisy_train=True, logging='xmedia_ablation')
2025-06-20 13:38:31,833 - __main__ - INFO - ...Image to Text MAP = 0.4005702825994109
2025-06-20 13:38:31,933 - __main__ - INFO - ...Text to Image MAP = 0.41555834863927893
2025-06-20 13:38:31,933 - __main__ - INFO - ...Average MAP = 0.4080643156193449
2025-06-20 13:38:41,943 - __main__ - INFO - Noise ratio: 0.6
2025-06-20 13:38:41,944 - __main__ - INFO - Namespace(dataset='xmedia', seed=1, alpha=0.4, lamda=1, margin=0.9, lambd=5, barycenter_number=1, top_k=10, warm_up_epoch=0, MAX_EPOCH=100, batch_size=256, output_dim=512, lr=0.0001, noisy_ratio=0.6, noise_mode='sym', GPU=0, hard_weight=True, noisy_train=False, logging='xmedia_ablation')
2025-06-20 13:43:22,667 - __main__ - INFO - ...Image to Text MAP = 0.8911890075581255
2025-06-20 13:43:22,770 - __main__ - INFO - ...Text to Image MAP = 0.8840666292138735
2025-06-20 13:43:22,770 - __main__ - INFO - ...Average MAP = 0.8876278183859995
2025-06-20 13:43:32,387 - __main__ - INFO - Noise ratio: 0.6
2025-06-20 13:43:32,387 - __main__ - INFO - Namespace(dataset='xmedia', seed=1, alpha=0.4, lamda=0.0, margin=0.9, lambd=5, barycenter_number=1, top_k=10, warm_up_epoch=0, MAX_EPOCH=100, batch_size=256, output_dim=512, lr=0.0001, noisy_ratio=0.6, noise_mode='sym', GPU=0, hard_weight=True, noisy_train=True, logging='xmedia_ablation')
2025-06-20 13:48:43,872 - __main__ - INFO - ...Image to Text MAP = 0.8962239290761245
2025-06-20 13:48:43,965 - __main__ - INFO - ...Text to Image MAP = 0.9108343251344706
2025-06-20 13:48:43,965 - __main__ - INFO - ...Average MAP = 0.9035291271052975
2025-06-20 13:48:52,738 - __main__ - INFO - Noise ratio: 0.6
2025-06-20 13:48:52,739 - __main__ - INFO - Namespace(dataset='xmedia', seed=1, alpha=0.4, lamda=1, margin=0.9, lambd=5, barycenter_number=1, top_k=10, warm_up_epoch=0, MAX_EPOCH=100, batch_size=256, output_dim=512, lr=0.0001, noisy_ratio=0.6, noise_mode='sym', GPU=0, hard_weight=False, noisy_train=True, logging='xmedia_ablation')
2025-06-20 13:54:27,774 - __main__ - INFO - ...Image to Text MAP = 0.8974401079592551
2025-06-20 13:54:27,916 - __main__ - INFO - ...Text to Image MAP = 0.8904871509741972
2025-06-20 13:54:27,916 - __main__ - INFO - ...Average MAP = 0.8939636294667261
2025-06-20 13:54:37,387 - __main__ - INFO - Noise ratio: 0.6
2025-06-20 13:54:37,389 - __main__ - INFO - Namespace(dataset='xmedia', seed=1, alpha=0.5, lamda=1, margin=0.9, lambd=5, barycenter_number=1, top_k=10, warm_up_epoch=0, MAX_EPOCH=100, batch_size=256, output_dim=512, lr=0.0001, noisy_ratio=0.6, noise_mode='sym', GPU=0, hard_weight=True, noisy_train=True, logging='xmedia_ablation')
2025-06-20 13:59:28,872 - __main__ - INFO - ...Image to Text MAP = 0.9157132999209453
2025-06-20 13:59:29,041 - __main__ - INFO - ...Text to Image MAP = 0.9197644845158139
2025-06-20 13:59:29,041 - __main__ - INFO - ...Average MAP = 0.9177388922183796
2025-06-20 13:59:36,073 - __main__ - INFO - Noise ratio: 0.6
2025-06-20 13:59:36,076 - __main__ - INFO - Namespace(dataset='xmedia', seed=1, alpha=0.0, lamda=1, margin=0.9, lambd=5, barycenter_number=1, top_k=10, warm_up_epoch=0, MAX_EPOCH=100, batch_size=256, output_dim=512, lr=0.0001, noisy_ratio=0.6, noise_mode='sym', GPU=0, hard_weight=True, noisy_train=True, logging='xmedia_ablation')
2025-06-20 14:04:43,518 - __main__ - INFO - ...Image to Text MAP = 0.4005702825994109
2025-06-20 14:04:43,616 - __main__ - INFO - ...Text to Image MAP = 0.41555834863927893
2025-06-20 14:04:43,616 - __main__ - INFO - ...Average MAP = 0.4080643156193449
2025-06-20 14:04:53,929 - __main__ - INFO - Noise ratio: 0.6
2025-06-20 14:04:53,930 - __main__ - INFO - Namespace(dataset='xmedia', seed=1, alpha=0.5, lamda=1, margin=0.9, lambd=5, barycenter_number=1, top_k=10, warm_up_epoch=0, MAX_EPOCH=100, batch_size=256, output_dim=512, lr=0.0001, noisy_ratio=0.6, noise_mode='sym', GPU=0, hard_weight=True, noisy_train=False, logging='xmedia_ablation')
2025-06-20 14:09:33,608 - __main__ - INFO - ...Image to Text MAP = 0.8878899824689833
2025-06-20 14:09:33,755 - __main__ - INFO - ...Text to Image MAP = 0.8840285116401465
2025-06-20 14:09:33,756 - __main__ - INFO - ...Average MAP = 0.885959247054565
2025-06-20 14:09:44,126 - __main__ - INFO - Noise ratio: 0.6
2025-06-20 14:09:44,126 - __main__ - INFO - Namespace(dataset='xmedia', seed=1, alpha=0.5, lamda=0.0, margin=0.9, lambd=5, barycenter_number=1, top_k=10, warm_up_epoch=0, MAX_EPOCH=100, batch_size=256, output_dim=512, lr=0.0001, noisy_ratio=0.6, noise_mode='sym', GPU=0, hard_weight=True, noisy_train=True, logging='xmedia_ablation')
2025-06-20 14:14:32,793 - __main__ - INFO - ...Image to Text MAP = 0.9012916557934679
2025-06-20 14:14:32,892 - __main__ - INFO - ...Text to Image MAP = 0.9143323657342329
2025-06-20 14:14:32,892 - __main__ - INFO - ...Average MAP = 0.9078120107638504
2025-06-20 14:14:43,145 - __main__ - INFO - Noise ratio: 0.6
2025-06-20 14:14:43,146 - __main__ - INFO - Namespace(dataset='xmedia', seed=1, alpha=0.5, lamda=1, margin=0.9, lambd=5, barycenter_number=1, top_k=10, warm_up_epoch=0, MAX_EPOCH=100, batch_size=256, output_dim=512, lr=0.0001, noisy_ratio=0.6, noise_mode='sym', GPU=0, hard_weight=False, noisy_train=True, logging='xmedia_ablation')
2025-06-20 14:19:56,962 - __main__ - INFO - ...Image to Text MAP = 0.8997427781803332
2025-06-20 14:19:57,064 - __main__ - INFO - ...Text to Image MAP = 0.9055945972935819
2025-06-20 14:19:57,064 - __main__ - INFO - ...Average MAP = 0.9026686877369576
2025-06-20 14:20:06,089 - __main__ - INFO - Noise ratio: 0.6
2025-06-20 14:20:06,091 - __main__ - INFO - Namespace(dataset='xmedia', seed=1, alpha=0.6, lamda=1, margin=0.9, lambd=5, barycenter_number=1, top_k=10, warm_up_epoch=0, MAX_EPOCH=100, batch_size=256, output_dim=512, lr=0.0001, noisy_ratio=0.6, noise_mode='sym', GPU=0, hard_weight=True, noisy_train=True, logging='xmedia_ablation')
2025-06-20 14:25:00,494 - __main__ - INFO - ...Image to Text MAP = 0.9106163483676828
2025-06-20 14:25:00,593 - __main__ - INFO - ...Text to Image MAP = 0.9161663296139985
2025-06-20 14:25:00,594 - __main__ - INFO - ...Average MAP = 0.9133913389908406
2025-06-20 14:25:07,931 - __main__ - INFO - Noise ratio: 0.6
2025-06-20 14:25:07,933 - __main__ - INFO - Namespace(dataset='xmedia', seed=1, alpha=0.0, lamda=1, margin=0.9, lambd=5, barycenter_number=1, top_k=10, warm_up_epoch=0, MAX_EPOCH=100, batch_size=256, output_dim=512, lr=0.0001, noisy_ratio=0.6, noise_mode='sym', GPU=0, hard_weight=True, noisy_train=True, logging='xmedia_ablation')
2025-06-20 14:30:14,061 - __main__ - INFO - ...Image to Text MAP = 0.4005702825994109
2025-06-20 14:30:14,161 - __main__ - INFO - ...Text to Image MAP = 0.41555834863927893
2025-06-20 14:30:14,161 - __main__ - INFO - ...Average MAP = 0.4080643156193449
2025-06-20 14:30:24,490 - __main__ - INFO - Noise ratio: 0.6
2025-06-20 14:30:24,490 - __main__ - INFO - Namespace(dataset='xmedia', seed=1, alpha=0.6, lamda=1, margin=0.9, lambd=5, barycenter_number=1, top_k=10, warm_up_epoch=0, MAX_EPOCH=100, batch_size=256, output_dim=512, lr=0.0001, noisy_ratio=0.6, noise_mode='sym', GPU=0, hard_weight=True, noisy_train=False, logging='xmedia_ablation')
2025-06-20 14:34:35,514 - __main__ - INFO - ...Image to Text MAP = 0.8918639324610682
2025-06-20 14:34:35,622 - __main__ - INFO - ...Text to Image MAP = 0.8926498218978998
2025-06-20 14:34:35,623 - __main__ - INFO - ...Average MAP = 0.892256877179484
2025-06-20 14:34:45,359 - __main__ - INFO - Noise ratio: 0.6
2025-06-20 14:34:45,359 - __main__ - INFO - Namespace(dataset='xmedia', seed=1, alpha=0.6, lamda=0.0, margin=0.9, lambd=5, barycenter_number=1, top_k=10, warm_up_epoch=0, MAX_EPOCH=100, batch_size=256, output_dim=512, lr=0.0001, noisy_ratio=0.6, noise_mode='sym', GPU=0, hard_weight=True, noisy_train=True, logging='xmedia_ablation')
2025-06-20 14:39:25,289 - __main__ - INFO - ...Image to Text MAP = 0.9040919146772793
2025-06-20 14:39:25,389 - __main__ - INFO - ...Text to Image MAP = 0.9116305302195011
2025-06-20 14:39:25,390 - __main__ - INFO - ...Average MAP = 0.9078612224483902
2025-06-20 14:39:35,161 - __main__ - INFO - Noise ratio: 0.6
2025-06-20 14:39:35,162 - __main__ - INFO - Namespace(dataset='xmedia', seed=1, alpha=0.6, lamda=1, margin=0.9, lambd=5, barycenter_number=1, top_k=10, warm_up_epoch=0, MAX_EPOCH=100, batch_size=256, output_dim=512, lr=0.0001, noisy_ratio=0.6, noise_mode='sym', GPU=0, hard_weight=False, noisy_train=True, logging='xmedia_ablation')
2025-06-20 14:43:36,912 - __main__ - INFO - ...Image to Text MAP = 0.9090622286197458
2025-06-20 14:43:37,012 - __main__ - INFO - ...Text to Image MAP = 0.9134755086062218
2025-06-20 14:43:37,013 - __main__ - INFO - ...Average MAP = 0.9112688686129838
2025-06-20 14:43:45,210 - __main__ - INFO - Noise ratio: 0.6
2025-06-20 14:43:45,213 - __main__ - INFO - Namespace(dataset='xmedia', seed=1, alpha=0.7, lamda=1, margin=0.9, lambd=5, barycenter_number=1, top_k=10, warm_up_epoch=0, MAX_EPOCH=100, batch_size=256, output_dim=512, lr=0.0001, noisy_ratio=0.6, noise_mode='sym', GPU=0, hard_weight=True, noisy_train=True, logging='xmedia_ablation')
2025-06-20 14:47:35,407 - __main__ - INFO - ...Image to Text MAP = 0.9117914593215782
2025-06-20 14:47:35,505 - __main__ - INFO - ...Text to Image MAP = 0.9169697921945718
2025-06-20 14:47:35,506 - __main__ - INFO - ...Average MAP = 0.914380625758075
2025-06-20 14:47:43,892 - __main__ - INFO - Noise ratio: 0.6
2025-06-20 14:47:43,893 - __main__ - INFO - Namespace(dataset='xmedia', seed=1, alpha=0.0, lamda=1, margin=0.9, lambd=5, barycenter_number=1, top_k=10, warm_up_epoch=0, MAX_EPOCH=100, batch_size=256, output_dim=512, lr=0.0001, noisy_ratio=0.6, noise_mode='sym', GPU=0, hard_weight=True, noisy_train=True, logging='xmedia_ablation')
2025-06-20 14:51:16,641 - __main__ - INFO - ...Image to Text MAP = 0.4005702825994109
2025-06-20 14:51:16,739 - __main__ - INFO - ...Text to Image MAP = 0.41555834863927893
2025-06-20 14:51:16,740 - __main__ - INFO - ...Average MAP = 0.4080643156193449
2025-06-20 14:51:29,796 - __main__ - INFO - Noise ratio: 0.6
2025-06-20 14:51:29,796 - __main__ - INFO - Namespace(dataset='xmedia', seed=1, alpha=0.7, lamda=1, margin=0.9, lambd=5, barycenter_number=1, top_k=10, warm_up_epoch=0, MAX_EPOCH=100, batch_size=256, output_dim=512, lr=0.0001, noisy_ratio=0.6, noise_mode='sym', GPU=0, hard_weight=True, noisy_train=False, logging='xmedia_ablation')
2025-06-20 14:55:08,849 - __main__ - INFO - ...Image to Text MAP = 0.8889248251574942
2025-06-20 14:55:08,951 - __main__ - INFO - ...Text to Image MAP = 0.886532060444315
2025-06-20 14:55:08,951 - __main__ - INFO - ...Average MAP = 0.8877284428009046
2025-06-20 14:55:47,920 - __main__ - INFO - Noise ratio: 0.6
2025-06-20 14:55:47,928 - __main__ - INFO - Namespace(dataset='xmedia', seed=1, alpha=0.7, lamda=0.0, margin=0.9, lambd=5, barycenter_number=1, top_k=10, warm_up_epoch=0, MAX_EPOCH=100, batch_size=256, output_dim=512, lr=0.0001, noisy_ratio=0.6, noise_mode='sym', GPU=0, hard_weight=True, noisy_train=True, logging='xmedia_ablation')
2025-06-20 14:59:46,738 - __main__ - INFO - ...Image to Text MAP = 0.9023123165356286
2025-06-20 14:59:46,897 - __main__ - INFO - ...Text to Image MAP = 0.9125074020254954
2025-06-20 14:59:46,978 - __main__ - INFO - ...Average MAP = 0.907409859280562
2025-06-20 15:00:02,491 - __main__ - INFO - Noise ratio: 0.6
2025-06-20 15:00:02,492 - __main__ - INFO - Namespace(dataset='xmedia', seed=1, alpha=0.7, lamda=1, margin=0.9, lambd=5, barycenter_number=1, top_k=10, warm_up_epoch=0, MAX_EPOCH=100, batch_size=256, output_dim=512, lr=0.0001, noisy_ratio=0.6, noise_mode='sym', GPU=0, hard_weight=False, noisy_train=True, logging='xmedia_ablation')
2025-06-20 15:04:12,459 - __main__ - INFO - ...Image to Text MAP = 0.8985718771777914
2025-06-20 15:04:12,560 - __main__ - INFO - ...Text to Image MAP = 0.9143338332043125
2025-06-20 15:04:12,561 - __main__ - INFO - ...Average MAP = 0.906452855191052
2025-06-20 15:04:22,939 - __main__ - INFO - Noise ratio: 0.6
2025-06-20 15:04:22,942 - __main__ - INFO - Namespace(dataset='xmedia', seed=1, alpha=0.8, lamda=1, margin=0.9, lambd=5, barycenter_number=1, top_k=10, warm_up_epoch=0, MAX_EPOCH=100, batch_size=256, output_dim=512, lr=0.0001, noisy_ratio=0.6, noise_mode='sym', GPU=0, hard_weight=True, noisy_train=True, logging='xmedia_ablation')
2025-06-20 15:08:30,197 - __main__ - INFO - ...Image to Text MAP = 0.9114139885700929
2025-06-20 15:08:30,293 - __main__ - INFO - ...Text to Image MAP = 0.9103847596908581
2025-06-20 15:08:30,293 - __main__ - INFO - ...Average MAP = 0.9108993741304755
2025-06-20 15:08:39,080 - __main__ - INFO - Noise ratio: 0.6
2025-06-20 15:08:39,081 - __main__ - INFO - Namespace(dataset='xmedia', seed=1, alpha=0.0, lamda=1, margin=0.9, lambd=5, barycenter_number=1, top_k=10, warm_up_epoch=0, MAX_EPOCH=100, batch_size=256, output_dim=512, lr=0.0001, noisy_ratio=0.6, noise_mode='sym', GPU=0, hard_weight=True, noisy_train=True, logging='xmedia_ablation')
2025-06-20 15:13:19,017 - __main__ - INFO - ...Image to Text MAP = 0.4005702825994109
2025-06-20 15:13:19,124 - __main__ - INFO - ...Text to Image MAP = 0.41555834863927893
2025-06-20 15:13:19,124 - __main__ - INFO - ...Average MAP = 0.4080643156193449
2025-06-20 15:13:27,772 - __main__ - INFO - Noise ratio: 0.6
2025-06-20 15:13:27,772 - __main__ - INFO - Namespace(dataset='xmedia', seed=1, alpha=0.8, lamda=1, margin=0.9, lambd=5, barycenter_number=1, top_k=10, warm_up_epoch=0, MAX_EPOCH=100, batch_size=256, output_dim=512, lr=0.0001, noisy_ratio=0.6, noise_mode='sym', GPU=0, hard_weight=True, noisy_train=False, logging='xmedia_ablation')
2025-06-20 15:18:24,581 - __main__ - INFO - ...Image to Text MAP = 0.8902427971035887
2025-06-20 15:18:24,692 - __main__ - INFO - ...Text to Image MAP = 0.8838183578160292
2025-06-20 15:18:24,693 - __main__ - INFO - ...Average MAP = 0.887030577459809
2025-06-20 15:18:31,192 - __main__ - INFO - Noise ratio: 0.6
2025-06-20 15:18:31,193 - __main__ - INFO - Namespace(dataset='xmedia', seed=1, alpha=0.8, lamda=0.0, margin=0.9, lambd=5, barycenter_number=1, top_k=10, warm_up_epoch=0, MAX_EPOCH=100, batch_size=256, output_dim=512, lr=0.0001, noisy_ratio=0.6, noise_mode='sym', GPU=0, hard_weight=True, noisy_train=True, logging='xmedia_ablation')
2025-06-20 15:24:41,349 - __main__ - INFO - ...Image to Text MAP = 0.8994713197038803
2025-06-20 15:24:41,448 - __main__ - INFO - ...Text to Image MAP = 0.9134982328995392
2025-06-20 15:24:41,448 - __main__ - INFO - ...Average MAP = 0.9064847763017098
2025-06-20 15:24:47,851 - __main__ - INFO - Noise ratio: 0.6
2025-06-20 15:24:47,852 - __main__ - INFO - Namespace(dataset='xmedia', seed=1, alpha=0.8, lamda=1, margin=0.9, lambd=5, barycenter_number=1, top_k=10, warm_up_epoch=0, MAX_EPOCH=100, batch_size=256, output_dim=512, lr=0.0001, noisy_ratio=0.6, noise_mode='sym', GPU=0, hard_weight=False, noisy_train=True, logging='xmedia_ablation')
2025-06-20 15:31:26,773 - __main__ - INFO - ...Image to Text MAP = 0.9073492796586965
2025-06-20 15:31:26,898 - __main__ - INFO - ...Text to Image MAP = 0.9186033842691941
2025-06-20 15:31:26,898 - __main__ - INFO - ...Average MAP = 0.9129763319639452
2025-06-20 15:31:36,333 - __main__ - INFO - Noise ratio: 0.6
2025-06-20 15:31:36,336 - __main__ - INFO - Namespace(dataset='xmedia', seed=1, alpha=0.9, lamda=1, margin=0.9, lambd=5, barycenter_number=1, top_k=10, warm_up_epoch=0, MAX_EPOCH=100, batch_size=256, output_dim=512, lr=0.0001, noisy_ratio=0.6, noise_mode='sym', GPU=0, hard_weight=True, noisy_train=True, logging='xmedia_ablation')
2025-06-20 15:37:52,521 - __main__ - INFO - ...Image to Text MAP = 0.9147173319234122
2025-06-20 15:37:52,631 - __main__ - INFO - ...Text to Image MAP = 0.9113136808125415
2025-06-20 15:37:52,632 - __main__ - INFO - ...Average MAP = 0.9130155063679768
2025-06-20 15:38:01,550 - __main__ - INFO - Noise ratio: 0.6
2025-06-20 15:38:01,552 - __main__ - INFO - Namespace(dataset='xmedia', seed=1, alpha=0.0, lamda=1, margin=0.9, lambd=5, barycenter_number=1, top_k=10, warm_up_epoch=0, MAX_EPOCH=100, batch_size=256, output_dim=512, lr=0.0001, noisy_ratio=0.6, noise_mode='sym', GPU=0, hard_weight=True, noisy_train=True, logging='xmedia_ablation')
2025-06-20 15:44:19,120 - __main__ - INFO - ...Image to Text MAP = 0.4005702825994109
2025-06-20 15:44:19,227 - __main__ - INFO - ...Text to Image MAP = 0.41555834863927893
2025-06-20 15:44:19,227 - __main__ - INFO - ...Average MAP = 0.4080643156193449
2025-06-20 15:44:27,663 - __main__ - INFO - Noise ratio: 0.6
2025-06-20 15:44:27,663 - __main__ - INFO - Namespace(dataset='xmedia', seed=1, alpha=0.9, lamda=1, margin=0.9, lambd=5, barycenter_number=1, top_k=10, warm_up_epoch=0, MAX_EPOCH=100, batch_size=256, output_dim=512, lr=0.0001, noisy_ratio=0.6, noise_mode='sym', GPU=0, hard_weight=True, noisy_train=False, logging='xmedia_ablation')
2025-06-20 15:50:00,479 - __main__ - INFO - ...Image to Text MAP = 0.8936012446932352
2025-06-20 15:50:00,596 - __main__ - INFO - ...Text to Image MAP = 0.887873277007051
2025-06-20 15:50:00,597 - __main__ - INFO - ...Average MAP = 0.8907372608501432
2025-06-20 15:50:07,970 - __main__ - INFO - Noise ratio: 0.6
2025-06-20 15:50:07,971 - __main__ - INFO - Namespace(dataset='xmedia', seed=1, alpha=0.9, lamda=0.0, margin=0.9, lambd=5, barycenter_number=1, top_k=10, warm_up_epoch=0, MAX_EPOCH=100, batch_size=256, output_dim=512, lr=0.0001, noisy_ratio=0.6, noise_mode='sym', GPU=0, hard_weight=True, noisy_train=True, logging='xmedia_ablation')
2025-06-20 15:56:31,835 - __main__ - INFO - ...Image to Text MAP = 0.9031880488181375
2025-06-20 15:56:31,936 - __main__ - INFO - ...Text to Image MAP = 0.91398302007492
2025-06-20 15:56:31,937 - __main__ - INFO - ...Average MAP = 0.9085855344465288
2025-06-20 15:56:39,199 - __main__ - INFO - Noise ratio: 0.6
2025-06-20 15:56:39,199 - __main__ - INFO - Namespace(dataset='xmedia', seed=1, alpha=0.9, lamda=1, margin=0.9, lambd=5, barycenter_number=1, top_k=10, warm_up_epoch=0, MAX_EPOCH=100, batch_size=256, output_dim=512, lr=0.0001, noisy_ratio=0.6, noise_mode='sym', GPU=0, hard_weight=False, noisy_train=True, logging='xmedia_ablation')
2025-06-20 16:03:06,607 - __main__ - INFO - ...Image to Text MAP = 0.9141508495840266
2025-06-20 16:03:06,718 - __main__ - INFO - ...Text to Image MAP = 0.9216091099047826
2025-06-20 16:03:06,719 - __main__ - INFO - ...Average MAP = 0.9178799797444046
2025-06-20 16:03:17,328 - __main__ - INFO - Noise ratio: 0.6
2025-06-20 16:03:17,330 - __main__ - INFO - Namespace(dataset='xmedia', seed=1, alpha=1.0, lamda=1, margin=0.9, lambd=5, barycenter_number=1, top_k=10, warm_up_epoch=0, MAX_EPOCH=100, batch_size=256, output_dim=512, lr=0.0001, noisy_ratio=0.6, noise_mode='sym', GPU=0, hard_weight=True, noisy_train=True, logging='xmedia_ablation')
2025-06-20 16:09:27,832 - __main__ - INFO - ...Image to Text MAP = 0.9095055351345613
2025-06-20 16:09:27,939 - __main__ - INFO - ...Text to Image MAP = 0.9151447478180623
2025-06-20 16:09:27,940 - __main__ - INFO - ...Average MAP = 0.9123251414763118
2025-06-20 16:09:37,134 - __main__ - INFO - Noise ratio: 0.6
2025-06-20 16:09:37,138 - __main__ - INFO - Namespace(dataset='xmedia', seed=1, alpha=0.0, lamda=1, margin=0.9, lambd=5, barycenter_number=1, top_k=10, warm_up_epoch=0, MAX_EPOCH=100, batch_size=256, output_dim=512, lr=0.0001, noisy_ratio=0.6, noise_mode='sym', GPU=0, hard_weight=True, noisy_train=True, logging='xmedia_ablation')
2025-06-20 16:16:08,068 - __main__ - INFO - ...Image to Text MAP = 0.4005702825994109
2025-06-20 16:16:08,175 - __main__ - INFO - ...Text to Image MAP = 0.41555834863927893
2025-06-20 16:16:08,189 - __main__ - INFO - ...Average MAP = 0.4080643156193449
2025-06-20 16:16:17,330 - __main__ - INFO - Noise ratio: 0.6
2025-06-20 16:16:17,330 - __main__ - INFO - Namespace(dataset='xmedia', seed=1, alpha=1.0, lamda=1, margin=0.9, lambd=5, barycenter_number=1, top_k=10, warm_up_epoch=0, MAX_EPOCH=100, batch_size=256, output_dim=512, lr=0.0001, noisy_ratio=0.6, noise_mode='sym', GPU=0, hard_weight=True, noisy_train=False, logging='xmedia_ablation')
2025-06-20 16:20:29,632 - __main__ - INFO - ...Image to Text MAP = 0.8933928286843539
2025-06-20 16:20:29,751 - __main__ - INFO - ...Text to Image MAP = 0.8982850421236446
2025-06-20 16:20:29,751 - __main__ - INFO - ...Average MAP = 0.8958389354039993
2025-06-20 16:20:35,647 - __main__ - INFO - Noise ratio: 0.6
2025-06-20 16:20:35,648 - __main__ - INFO - Namespace(dataset='xmedia', seed=1, alpha=1.0, lamda=0.0, margin=0.9, lambd=5, barycenter_number=1, top_k=10, warm_up_epoch=0, MAX_EPOCH=100, batch_size=256, output_dim=512, lr=0.0001, noisy_ratio=0.6, noise_mode='sym', GPU=0, hard_weight=True, noisy_train=True, logging='xmedia_ablation')
2025-06-20 16:27:27,937 - __main__ - INFO - ...Image to Text MAP = 0.8988285001611869
2025-06-20 16:27:28,047 - __main__ - INFO - ...Text to Image MAP = 0.9126653202767322
2025-06-20 16:27:28,047 - __main__ - INFO - ...Average MAP = 0.9057469102189595
2025-06-20 16:27:37,479 - __main__ - INFO - Noise ratio: 0.6
2025-06-20 16:27:37,480 - __main__ - INFO - Namespace(dataset='xmedia', seed=1, alpha=1.0, lamda=1, margin=0.9, lambd=5, barycenter_number=1, top_k=10, warm_up_epoch=0, MAX_EPOCH=100, batch_size=256, output_dim=512, lr=0.0001, noisy_ratio=0.6, noise_mode='sym', GPU=0, hard_weight=False, noisy_train=True, logging='xmedia_ablation')
2025-06-20 16:34:08,873 - __main__ - INFO - ...Image to Text MAP = 0.9073769868665718
2025-06-20 16:34:08,992 - __main__ - INFO - ...Text to Image MAP = 0.919773304112384
2025-06-20 16:34:08,993 - __main__ - INFO - ...Average MAP = 0.9135751454894778
